url,accession
https://www.sec.gov/Archives/edgar/data/108516/000156459019009323/wor-ex991_20.htm,0001564590-19-009323
https://www.sec.gov/Archives/edgar/data/108516/000156459019009323/wor-ex992_8.htm,0001564590-19-009323
https://www.sec.gov/Archives/edgar/data/767405/000121390020035196/ea129404ex99-1_sbfinancial.htm,0001213900-20-035196
https://www.sec.gov/Archives/edgar/data/108516/000156459019024225/wor-ex991_42.htm,0001564590-19-024225
https://www.sec.gov/Archives/edgar/data/108516/000156459019024225/wor-ex992_30.htm,0001564590-19-024225
https://www.sec.gov/Archives/edgar/data/108516/000156459019046551/wor-ex991_9.htm,0001564590-19-046551
https://www.sec.gov/Archives/edgar/data/108516/000156459019046551/wor-ex992_260.htm,0001564590-19-046551
https://www.sec.gov/Archives/edgar/data/1451448/000149315221004163/ex99-2.htm,0001493152-21-004163
https://www.sec.gov/Archives/edgar/data/1451448/000149315221004163/ex99-1.htm,0001493152-21-004163
https://www.sec.gov/Archives/edgar/data/1000230/000143774919004802/ex_137561.htm,0001437749-19-004802
https://www.sec.gov/Archives/edgar/data/1000230/000143774919004802/ex_137560.htm,0001437749-19-004802
https://www.sec.gov/Archives/edgar/data/889348/000138713119001891/ex99-1.htm,0001387131-19-001891
https://www.sec.gov/Archives/edgar/data/108516/000156459019036030/wor-ex991_24.htm,0001564590-19-036030
https://www.sec.gov/Archives/edgar/data/108516/000156459019036030/wor-ex992_25.htm,0001564590-19-036030
https://www.sec.gov/Archives/edgar/data/767405/000121390022023654/ea159207ex99-1_sbfinancial.htm,0001213900-22-023654
https://www.sec.gov/Archives/edgar/data/767405/000121390022070026/ea168221ex99-1_sbfinancial.htm,0001213900-22-070026
https://www.sec.gov/Archives/edgar/data/1601548/000160154822000020/exhibit995-vectrusincvec.htm,0001601548-22-000020
https://www.sec.gov/Archives/edgar/data/1601548/000160154822000020/exhibit991-vecvertexempl.htm,0001601548-22-000020
https://www.sec.gov/Archives/edgar/data/1601548/000160154822000020/exhibit992-vecvertexempl.htm,0001601548-22-000020
https://www.sec.gov/Archives/edgar/data/1601548/000160154822000020/exhibit993-vecsocialmedi.htm,0001601548-22-000020
https://www.sec.gov/Archives/edgar/data/1601548/000160154822000020/exhibit994-vecvertexinfo.htm,0001601548-22-000020
https://www.sec.gov/Archives/edgar/data/1601548/000160154822000020/exhibit996-entryintoamat.htm,0001601548-22-000020
https://www.sec.gov/Archives/edgar/data/29002/000095017023022528/diod-ex99_1.htm,0000950170-23-022528
https://www.sec.gov/Archives/edgar/data/1870997/000187099722000069/lylt-20221108xex99d1.htm,0001870997-22-000069
https://www.sec.gov/Archives/edgar/data/1693256/000114420419038250/tv527039_ex99-2.htm,0001144204-19-038250
https://www.sec.gov/Archives/edgar/data/1693256/000114420419038250/tv527039_ex99-1.htm,0001144204-19-038250
https://www.sec.gov/Archives/edgar/data/767405/000121390019001473/f8k012519ex99-1_sbfin.htm,0001213900-19-001473
https://www.sec.gov/Archives/edgar/data/767405/000121390020019861/ea124906ex99-1_sbfinancial.htm,0001213900-20-019861
https://www.sec.gov/Archives/edgar/data/812128/000119312519236702/d772429dex992.htm,0001193125-19-236702
https://www.sec.gov/Archives/edgar/data/812128/000119312519236702/d772429dex991.htm,0001193125-19-236702
https://www.sec.gov/Archives/edgar/data/763744/000076374422000084/lcii-transcriptx20221101.htm,0000763744-22-000084
https://www.sec.gov/Archives/edgar/data/889900/000119312523168250/d506037dex991.htm,0001193125-23-168250
https://www.sec.gov/Archives/edgar/data/889900/000119312523168250/d506037dex992.htm,0001193125-23-168250
https://www.sec.gov/Archives/edgar/data/889900/000119312523168250/d506037dex993.htm,0001193125-23-168250
https://www.sec.gov/Archives/edgar/data/889900/000119312523168250/d506037dex994.htm,0001193125-23-168250
https://www.sec.gov/Archives/edgar/data/889900/000119312523168250/d506037dex995.htm,0001193125-23-168250
https://www.sec.gov/Archives/edgar/data/1870258/000138713122012546/ex99-1.htm,0001387131-22-012546
https://www.sec.gov/Archives/edgar/data/764478/000076447822000004/bby-20220303xex99.htm,0000764478-22-000004
https://www.sec.gov/Archives/edgar/data/60086/000119312519123824/d735919dex991.htm,0001193125-19-123824
https://www.sec.gov/Archives/edgar/data/920148/000092014819000002/exhibit991pr1219-01.htm,0000920148-19-000002
https://www.sec.gov/Archives/edgar/data/779544/000077954419000009/a8-kexhibitfiled515xtransc.htm,0000779544-19-000009
https://www.sec.gov/Archives/edgar/data/1460329/000143774919022792/ex_164593.htm,0001437749-19-022792
https://www.sec.gov/Archives/edgar/data/1460329/000143774919022792/ex_164599.htm,0001437749-19-022792
https://www.sec.gov/Archives/edgar/data/1326089/000110465920012472/tm207045d1_ex99-1.htm,0001104659-20-012472
https://www.sec.gov/Archives/edgar/data/1758021/000110465921074325/tm2117995d1_ex99-1.htm,0001104659-21-074325
https://www.sec.gov/Archives/edgar/data/1758021/000110465921074325/tm2117995d1_ex99-2.htm,0001104659-21-074325
https://www.sec.gov/Archives/edgar/data/1758021/000110465921074325/tm2117995d1_ex99-3.htm,0001104659-21-074325
https://www.sec.gov/Archives/edgar/data/60086/000119312519212584/d770358dex991.htm,0001193125-19-212584
https://www.sec.gov/Archives/edgar/data/779544/000093041319000576/c93068_ex99-1.htm,0000930413-19-000576
https://www.sec.gov/Archives/edgar/data/1720990/000119312521186842/d193296dex991.htm,0001193125-21-186842
https://www.sec.gov/Archives/edgar/data/60086/000119312519275640/d821055dex991.htm,0001193125-19-275640
https://www.sec.gov/Archives/edgar/data/823768/000110465923041897/tm2311370d1_ex99-1.htm,0001104659-23-041897
https://www.sec.gov/Archives/edgar/data/823768/000110465923041897/tm2311370d1_ex99-2.htm,0001104659-23-041897
https://www.sec.gov/Archives/edgar/data/60086/000119312519033027/d708133dex991.htm,0001193125-19-033027
https://www.sec.gov/Archives/edgar/data/60086/000119312520029183/d120812dex991.htm,0001193125-20-029183
https://www.sec.gov/Archives/edgar/data/1720116/000095017022023526/rdvt-ex99_2.htm,0000950170-22-023526
https://www.sec.gov/Archives/edgar/data/1720116/000095017022023526/rdvt-ex99_1.htm,0000950170-22-023526
https://www.sec.gov/Archives/edgar/data/1720116/000095017023040664/rdvt-ex99_2.htm,0000950170-23-040664
https://www.sec.gov/Archives/edgar/data/1720116/000095017023040664/rdvt-ex99_1.htm,0000950170-23-040664
https://www.sec.gov/Archives/edgar/data/1142750/000114275022000003/q42021pre-releasefinal.htm,0001142750-22-000003
https://www.sec.gov/Archives/edgar/data/1755237/000110465920003162/tm202191d1_ex99-1.htm,0001104659-20-003162
https://www.sec.gov/Archives/edgar/data/1755237/000110465920003162/tm202191d1_ex99-2.htm,0001104659-20-003162
https://www.sec.gov/Archives/edgar/data/1565228/000149315219004759/ex99-2.htm,0001493152-19-004759
https://www.sec.gov/Archives/edgar/data/1565228/000149315219004759/ex99-1.htm,0001493152-19-004759
https://www.sec.gov/Archives/edgar/data/1142750/000114275021000002/amn-pressreleaseforjpmorga.htm,0001142750-21-000002
https://www.sec.gov/Archives/edgar/data/832489/000143774922027003/ex_445796.htm,0001437749-22-027003
https://www.sec.gov/Archives/edgar/data/832489/000143774922027003/ex_445320.htm,0001437749-22-027003
https://www.sec.gov/Archives/edgar/data/832489/000143774922027003/ex_445321.htm,0001437749-22-027003
https://www.sec.gov/Archives/edgar/data/811641/000121390020012155/ea121843ex99-1_inmmucellcorp.htm,0001213900-20-012155
https://www.sec.gov/Archives/edgar/data/775158/000156459020002379/osk-ex991_6.htm,0001564590-20-002379
https://www.sec.gov/Archives/edgar/data/775158/000077515819000053/q22019exhibit991.htm,0000775158-19-000053
https://www.sec.gov/Archives/edgar/data/775158/000156459019027707/osk-ex991_6.htm,0001564590-19-027707
https://www.sec.gov/Archives/edgar/data/1584549/000095017022020610/vff-ex99_1.htm,0000950170-22-020610
https://www.sec.gov/Archives/edgar/data/1584549/000156459022027467/vff-ex991_6.htm,0001564590-22-027467
https://www.sec.gov/Archives/edgar/data/1573221/000119312522081172/d336944dex991.htm,0001193125-22-081172
https://www.sec.gov/Archives/edgar/data/1573221/000119312522081172/d336944dex992.htm,0001193125-22-081172
https://www.sec.gov/Archives/edgar/data/1584549/000095017023001920/vff-ex99_1.htm,0000950170-23-001920
https://www.sec.gov/Archives/edgar/data/1584549/000156459022017080/vff-ex991_6.htm,0001564590-22-017080
https://www.sec.gov/Archives/edgar/data/775158/000156459019038523/osk-ex991_9.htm,0001564590-19-038523
https://www.sec.gov/Archives/edgar/data/775158/000077515819000005/q12019exhibit991.htm,0000775158-19-000005
https://www.sec.gov/Archives/edgar/data/1584549/000095017023054041/vff-ex99_1.htm,0000950170-23-054041
https://www.sec.gov/Archives/edgar/data/1114925/000168316820000782/lantronix_8k-ex9901.htm,0001683168-20-000782
https://www.sec.gov/Archives/edgar/data/1584549/000156459022005458/vff-ex991_6.htm,0001564590-22-005458
https://www.sec.gov/Archives/edgar/data/1584549/000095017023014425/vff-ex99_1.htm,0000950170-23-014425
https://www.sec.gov/Archives/edgar/data/1584549/000095017023034079/vff-ex99_1.htm,0000950170-23-034079
https://www.sec.gov/Archives/edgar/data/876378/000143774920017090/ex_197963.htm,0001437749-20-017090
https://www.sec.gov/Archives/edgar/data/876378/000143774920017090/ex_197446.htm,0001437749-20-017090
https://www.sec.gov/Archives/edgar/data/60086/000114036120010540/ex99_1.htm,0001140361-20-010540
https://www.sec.gov/Archives/edgar/data/1799611/000121390021011940/ea136623ex99-1_collective.htm,0001213900-21-011940
https://www.sec.gov/Archives/edgar/data/775158/000156459021052440/osk-ex991_6.htm,0001564590-21-052440
https://www.sec.gov/Archives/edgar/data/775158/000095017022020254/osk-ex99_1.htm,0000950170-22-020254
https://www.sec.gov/Archives/edgar/data/1526113/000110465923087281/tm2322628d2_ex99-1.htm,0001104659-23-087281
https://www.sec.gov/Archives/edgar/data/775158/000095017023001429/osk-ex99_1.htm,0000950170-23-001429
https://www.sec.gov/Archives/edgar/data/1040130/000143774920001073/ex_170298.htm,0001437749-20-001073
https://www.sec.gov/Archives/edgar/data/35527/000119312520105837/d911701dex991.htm,0001193125-20-105837
https://www.sec.gov/Archives/edgar/data/775158/000095017022013285/osk-ex99_1.htm,0000950170-22-013285
https://www.sec.gov/Archives/edgar/data/775158/000156459022002398/osk-ex991_6.htm,0001564590-22-002398
https://www.sec.gov/Archives/edgar/data/775158/000156459020019442/osk-ex991_6.htm,0001564590-20-019442
https://www.sec.gov/Archives/edgar/data/775158/000095017023036176/osk-ex99_1.htm,0000950170-23-036176
https://www.sec.gov/Archives/edgar/data/775158/000156459022015881/osk-ex991_6.htm,0001564590-22-015881
https://www.sec.gov/Archives/edgar/data/775158/000095017023055366/osk-ex99_1.htm,0000950170-23-055366
https://www.sec.gov/Archives/edgar/data/775158/000156459020034533/osk-ex991_6.htm,0001564590-20-034533
https://www.sec.gov/Archives/edgar/data/775158/000095017023015023/osk-ex99_1.htm,0000950170-23-015023
https://www.sec.gov/Archives/edgar/data/1720116/000095017022016504/rdvt-ex99_2.htm,0000950170-22-016504
https://www.sec.gov/Archives/edgar/data/1720116/000095017022016504/rdvt-ex99_1.htm,0000950170-22-016504
https://www.sec.gov/Archives/edgar/data/104894/000010489421000064/pressrelease61521.htm,0000104894-21-000064
https://www.sec.gov/Archives/edgar/data/104894/000010489421000064/investorpresentation.htm,0000104894-21-000064
https://www.sec.gov/Archives/edgar/data/39311/000114036122015004/brhc10036472_ex99-1.htm,0001140361-22-015004
https://www.sec.gov/Archives/edgar/data/1814329/000121390021021612/ea139513ex99-1_holicity.htm,0001213900-21-021612
https://www.sec.gov/Archives/edgar/data/1814329/000121390021021612/ea139513ex99-2_holicity.htm,0001213900-21-021612
https://www.sec.gov/Archives/edgar/data/1814329/000121390021021612/ea139513ex99-3_holicity.htm,0001213900-21-021612
https://www.sec.gov/Archives/edgar/data/1235468/000123546822000044/earningscalltranscript_q1f.htm,0001235468-22-000044
https://www.sec.gov/Archives/edgar/data/775158/000156459020048540/osk-ex991_6.htm,0001564590-20-048540
https://www.sec.gov/Archives/edgar/data/775158/000156459021038837/osk-ex991_6.htm,0001564590-21-038837
https://www.sec.gov/Archives/edgar/data/1755953/000121390021047718/ea147351ex99-1_akernacorp.htm,0001213900-21-047718
https://www.sec.gov/Archives/edgar/data/1755953/000121390021047718/ea147351ex99-2_akernacorp.htm,0001213900-21-047718
https://www.sec.gov/Archives/edgar/data/775158/000156459021002468/osk-ex991_6.htm,0001564590-21-002468
https://www.sec.gov/Archives/edgar/data/1032220/000103222021000046/ex992transcript_04212021.htm,0001032220-21-000046
https://www.sec.gov/Archives/edgar/data/1032220/000103222021000046/mms-2021x04x20ex991vespres.htm,0001032220-21-000046
https://www.sec.gov/Archives/edgar/data/50471/000165495420012645/ex99-1.htm,0001654954-20-012645
https://www.sec.gov/Archives/edgar/data/50471/000165495420012645/ex99-2.htm,0001654954-20-012645
https://www.sec.gov/Archives/edgar/data/775158/000156459021021128/osk-ex991_6.htm,0001564590-21-021128
https://www.sec.gov/Archives/edgar/data/1235468/000095017023069047/lqdt-ex99_1.htm,0000950170-23-069047
https://www.sec.gov/Archives/edgar/data/1764013/000121390019020289/f8k101119ex99-1_health.htm,0001213900-19-020289
https://www.sec.gov/Archives/edgar/data/885725/000088572519000003/pressrelease2018preliminar.htm,0000885725-19-000003
https://www.sec.gov/Archives/edgar/data/1682220/000114420419018477/tv518192_ex99-1.htm,0001144204-19-018477
https://www.sec.gov/Archives/edgar/data/1451512/000147793220004653/trtc_ex992.htm,0001477932-20-004653
https://www.sec.gov/Archives/edgar/data/1451512/000147793220004653/trtc_ex991.htm,0001477932-20-004653
https://www.sec.gov/Archives/edgar/data/1476204/000147620420000086/pecoadvisorcallslidesq32.htm,0001476204-20-000086
https://www.sec.gov/Archives/edgar/data/1476204/000147620420000086/pecodistributiontender.htm,0001476204-20-000086
https://www.sec.gov/Archives/edgar/data/876378/000143774921005934/ex_233696.htm,0001437749-21-005934
https://www.sec.gov/Archives/edgar/data/876378/000143774921005934/ex_233548.htm,0001437749-21-005934
https://www.sec.gov/Archives/edgar/data/1382574/000149315221007051/ex99-2.htm,0001493152-21-007051
https://www.sec.gov/Archives/edgar/data/1382574/000149315221007051/ex99-1.htm,0001493152-21-007051
https://www.sec.gov/Archives/edgar/data/811212/000143774919023403/ex_165716.htm,0001437749-19-023403
https://www.sec.gov/Archives/edgar/data/1040130/000143774920015518/ex_194790.htm,0001437749-20-015518
https://www.sec.gov/Archives/edgar/data/1519061/000110465919002745/a19-3290_1ex99d1.htm,0001104659-19-002745
https://www.sec.gov/Archives/edgar/data/1235468/000095017023001778/lqdt-ex99_1.htm,0000950170-23-001778
https://www.sec.gov/Archives/edgar/data/1759774/000121390019022795/f8k111119ex99-2_postalrealty.htm,0001213900-19-022795
https://www.sec.gov/Archives/edgar/data/1759774/000121390019022795/f8k111119ex99-1_postalrealty.htm,0001213900-19-022795
https://www.sec.gov/Archives/edgar/data/1235468/000162828019001119/earningsscriptq120191.htm,0001628280-19-001119
https://www.sec.gov/Archives/edgar/data/1680378/000121390020036590/ea129775ex99-2_senestech.htm,0001213900-20-036590
https://www.sec.gov/Archives/edgar/data/1680378/000121390020036590/ea129775ex99-1_senestech.htm,0001213900-20-036590
https://www.sec.gov/Archives/edgar/data/1680378/000121390020036590/ea129775ex99-3_senestech.htm,0001213900-20-036590
https://www.sec.gov/Archives/edgar/data/1534708/000149315220009535/ex99-2.htm,0001493152-20-009535
https://www.sec.gov/Archives/edgar/data/1534708/000149315220009535/ex99-1.htm,0001493152-20-009535
https://www.sec.gov/Archives/edgar/data/1720116/000156459020010995/rdvt-ex992_6.htm,0001564590-20-010995
https://www.sec.gov/Archives/edgar/data/1720116/000156459020010995/rdvt-ex991_7.htm,0001564590-20-010995
https://www.sec.gov/Archives/edgar/data/1032220/000103222021000029/ex992maximus-specialxann.htm,0001032220-21-000029
https://www.sec.gov/Archives/edgar/data/1032220/000103222021000029/mms-2021x03x01xxex991ngatt.htm,0001032220-21-000029
https://www.sec.gov/Archives/edgar/data/1430306/000138713120010478/ex99-02.htm,0001387131-20-010478
https://www.sec.gov/Archives/edgar/data/1430306/000138713120010478/ex99-01.htm,0001387131-20-010478
https://www.sec.gov/Archives/edgar/data/1430306/000138713120010478/ex99-03.htm,0001387131-20-010478
https://www.sec.gov/Archives/edgar/data/1316517/000121390020014560/ea122857ex99-1_kanditechno.htm,0001213900-20-014560
https://www.sec.gov/Archives/edgar/data/97216/000009721620000166/a8k05012020exh991prprd.htm,0000097216-20-000166
https://www.sec.gov/Archives/edgar/data/1065696/000106569620000046/exhibit991.htm,0001065696-20-000046
https://www.sec.gov/Archives/edgar/data/60086/000114036120024271/brhc10016470_ex99-1.htm,0001140361-20-024271
https://www.sec.gov/Archives/edgar/data/1720116/000095017022008145/rdvt-ex99_2.htm,0000950170-22-008145
https://www.sec.gov/Archives/edgar/data/1720116/000095017022008145/rdvt-ex99_1.htm,0000950170-22-008145
https://www.sec.gov/Archives/edgar/data/49938/000119312520285627/d80996dex991.htm,0001193125-20-285627
https://www.sec.gov/Archives/edgar/data/60086/000114036121003672/brhc10019845_ex99-1.htm,0001140361-21-003672
https://www.sec.gov/Archives/edgar/data/1751008/000119312523028420/d240605dex991.htm,0001193125-23-028420
https://www.sec.gov/Archives/edgar/data/1751008/000119312523028420/d240605dex992.htm,0001193125-23-028420
https://www.sec.gov/Archives/edgar/data/1616741/000161674120000014/pati051420.htm,0001616741-20-000014
https://www.sec.gov/Archives/edgar/data/885725/000088572521000002/pressrelease-2020prelimina.htm,0000885725-21-000002
https://www.sec.gov/Archives/edgar/data/935703/000093570323000042/ex991q2-23earningscallanno.htm,0000935703-23-000042
https://www.sec.gov/Archives/edgar/data/1040130/000143774919001253/ex_133335.htm,0001437749-19-001253
https://www.sec.gov/Archives/edgar/data/60086/000114036120017251/brhc10013972_ex99-1.htm,0001140361-20-017251
https://www.sec.gov/Archives/edgar/data/1040130/000143774919014534/ex_151120.htm,0001437749-19-014534
https://www.sec.gov/Archives/edgar/data/97216/000009721621000180/a04302021exh99_1preparedre.htm,0000097216-21-000180
https://www.sec.gov/Archives/edgar/data/892482/000089248222000086/q32022ex992.htm,0000892482-22-000086
https://www.sec.gov/Archives/edgar/data/892482/000089248222000086/q32022ex991.htm,0000892482-22-000086
https://www.sec.gov/Archives/edgar/data/892482/000089248222000021/q12022ex992.htm,0000892482-22-000021
https://www.sec.gov/Archives/edgar/data/892482/000089248222000021/q12022ex991.htm,0000892482-22-000021
https://www.sec.gov/Archives/edgar/data/97216/000009721621000236/a07302021exh99_1preparedre.htm,0000097216-21-000236
https://www.sec.gov/Archives/edgar/data/862861/000156459020041232/jan-ex991_7.htm,0001564590-20-041232
https://www.sec.gov/Archives/edgar/data/1040130/000143774919020476/ex_160943.htm,0001437749-19-020476
https://www.sec.gov/Archives/edgar/data/97216/000009721619000123/q18k-05012019exh991prepare.htm,0000097216-19-000123
https://www.sec.gov/Archives/edgar/data/1720116/000156459021027234/rdvt-ex992_6.htm,0001564590-21-027234
https://www.sec.gov/Archives/edgar/data/1720116/000156459021027234/rdvt-ex991_7.htm,0001564590-21-027234
https://www.sec.gov/Archives/edgar/data/923796/000119312519290002/d821951dex992.htm,0001193125-19-290002
https://www.sec.gov/Archives/edgar/data/923796/000119312519290002/d821951dex991.htm,0001193125-19-290002
https://www.sec.gov/Archives/edgar/data/935703/000093570323000059/ex991q3-23earningscallanno.htm,0000935703-23-000059
https://www.sec.gov/Archives/edgar/data/1126975/000112697523000102/exhibit99may182023.htm,0001126975-23-000102
https://www.sec.gov/Archives/edgar/data/1751008/000119312522281229/d420405dex991.htm,0001193125-22-281229
https://www.sec.gov/Archives/edgar/data/1751008/000119312522281229/d420405dex992.htm,0001193125-22-281229
https://www.sec.gov/Archives/edgar/data/706129/000070612923000011/a2023investordaypresenta.htm,0000706129-23-000011
https://www.sec.gov/Archives/edgar/data/1751008/000175100823000047/exhibit991-pressreleasedat.htm,0001751008-23-000047
https://www.sec.gov/Archives/edgar/data/1751008/000175100823000047/exhibit992-1q23sharehold.htm,0001751008-23-000047
https://www.sec.gov/Archives/edgar/data/1751008/000175100823000061/exhibit991-pressreleasedat.htm,0001751008-23-000061
https://www.sec.gov/Archives/edgar/data/1751008/000175100823000061/exhibit992-lettertoshare.htm,0001751008-23-000061
https://www.sec.gov/Archives/edgar/data/1077771/000107777122000031/umpqex991q22022earningscal.htm,0001077771-22-000031
https://www.sec.gov/Archives/edgar/data/1751008/000119312522147577/d318835dex991.htm,0001193125-22-147577
https://www.sec.gov/Archives/edgar/data/1751008/000119312522147577/d318835dex992.htm,0001193125-22-147577
https://www.sec.gov/Archives/edgar/data/49938/000004993823000021/a2023investordayannounceme.htm,0000049938-23-000021
https://www.sec.gov/Archives/edgar/data/49938/000119312522047727/d315532dex991.htm,0001193125-22-047727
https://www.sec.gov/Archives/edgar/data/49938/000119312519282108/d815356dex991.htm,0001193125-19-282108
https://www.sec.gov/Archives/edgar/data/1077771/000107777122000014/umpqex991q12022earningscal.htm,0001077771-22-000014
https://www.sec.gov/Archives/edgar/data/1751008/000119312522217369/d363851dex991.htm,0001193125-22-217369
https://www.sec.gov/Archives/edgar/data/1751008/000119312522217369/d363851dex992.htm,0001193125-22-217369
https://www.sec.gov/Archives/edgar/data/1126975/000112697520000128/exhibit99sep32020press.htm,0001126975-20-000128
https://www.sec.gov/Archives/edgar/data/1077771/000107777121000037/umpqex991q22021earningscal.htm,0001077771-21-000037
https://www.sec.gov/Archives/edgar/data/923796/000119312519213013/d787417dex992.htm,0001193125-19-213013
https://www.sec.gov/Archives/edgar/data/923796/000119312519213013/d787417dex991.htm,0001193125-19-213013
https://www.sec.gov/Archives/edgar/data/1077771/000107777121000053/umpqex991q32021earningscal.htm,0001077771-21-000053
https://www.sec.gov/Archives/edgar/data/1077771/000107777122000002/umpqex991q42021earningscal.htm,0001077771-22-000002
https://www.sec.gov/Archives/edgar/data/1549966/000156459021022537/samg-ex991_6.htm,0001564590-21-022537
https://www.sec.gov/Archives/edgar/data/1077771/000107777122000052/umpqex991q32022earningscal.htm,0001077771-22-000052
https://www.sec.gov/Archives/edgar/data/1382574/000149315220021899/ex99-1.htm,0001493152-20-021899
https://www.sec.gov/Archives/edgar/data/1077771/000107777119000068/umpqex991q42019earning.htm,0001077771-19-000068
https://www.sec.gov/Archives/edgar/data/1549966/000095017023055975/samg-ex99_1.htm,0000950170-23-055975
https://www.sec.gov/Archives/edgar/data/1549966/000095017022012924/samg-ex99_1.htm,0000950170-22-012924
https://www.sec.gov/Archives/edgar/data/1077771/000107777119000034/umpqex991q22019earning.htm,0001077771-19-000034
https://www.sec.gov/Archives/edgar/data/1549966/000156459019037919/samg-ex991_6.htm,0001564590-19-037919
https://www.sec.gov/Archives/edgar/data/1549966/000156459020007796/samg-ex991_6.htm,0001564590-20-007796
https://www.sec.gov/Archives/edgar/data/1549966/000156459021052949/samg-ex991_6.htm,0001564590-21-052949
https://www.sec.gov/Archives/edgar/data/1549966/000095017023004377/samg-ex99_1.htm,0000950170-23-004377
https://www.sec.gov/Archives/edgar/data/1077771/000107777119000021/umpqex991q12019earningscal.htm,0001077771-19-000021
https://www.sec.gov/Archives/edgar/data/1518715/000151871523000065/q12023erannouncementex8k.htm,0001518715-23-000065
https://www.sec.gov/Archives/edgar/data/1518715/000151871523000003/q42022erannouncementex8k.htm,0001518715-23-000003
https://www.sec.gov/Archives/edgar/data/1077771/000107777120000061/umpqex991q22020earning.htm,0001077771-20-000061
https://www.sec.gov/Archives/edgar/data/1549966/000095017023015802/samg-ex99_1.htm,0000950170-23-015802
https://www.sec.gov/Archives/edgar/data/1549966/000095017022002005/samg-ex99_1.htm,0000950170-22-002005
https://www.sec.gov/Archives/edgar/data/1549966/000156459020018504/samg-ex991_6.htm,0001564590-20-018504
https://www.sec.gov/Archives/edgar/data/1518715/000151871521000117/q22021erannouncementex8k.htm,0001518715-21-000117
https://www.sec.gov/Archives/edgar/data/944745/000119312521293789/d208271dex991.htm,0001193125-21-293789
https://www.sec.gov/Archives/edgar/data/814926/000093980219000035/form8k110419ex99-1.htm,0000939802-19-000035
https://www.sec.gov/Archives/edgar/data/1518715/000151871520000127/q22020erannouncementex.htm,0001518715-20-000127
https://www.sec.gov/Archives/edgar/data/23111/000156459022015510/ctg-ex991_6.htm,0001564590-22-015510
https://www.sec.gov/Archives/edgar/data/1385613/000138561322000109/glrepressreleaseinvestorda.htm,0001385613-22-000109
https://www.sec.gov/Archives/edgar/data/1518715/000151871519000180/q32019erannounceexhibit.htm,0001518715-19-000180
https://www.sec.gov/Archives/edgar/data/1518715/000151871520000167/q32020erannouncementex.htm,0001518715-20-000167
https://www.sec.gov/Archives/edgar/data/1549966/000095017022020463/samg-ex99_1.htm,0000950170-22-020463
https://www.sec.gov/Archives/edgar/data/1549966/000156459019026362/samg-ex991_6.htm,0001564590-19-026362
https://www.sec.gov/Archives/edgar/data/23111/000156459022004705/ctg-ex991_6.htm,0001564590-22-004705
https://www.sec.gov/Archives/edgar/data/1801754/000119312521328218/d65856dex991.htm,0001193125-21-328218
https://www.sec.gov/Archives/edgar/data/1077771/000107777120000032/umpqex991q12020earning.htm,0001077771-20-000032
https://www.sec.gov/Archives/edgar/data/1549966/000156459021037740/samg-ex991_6.htm,0001564590-21-037740
https://www.sec.gov/Archives/edgar/data/1518715/000151871521000020/q42020erannouncementex8k.htm,0001518715-21-000020
https://www.sec.gov/Archives/edgar/data/23111/000095017022019946/ctg-ex99_1.htm,0000950170-22-019946
https://www.sec.gov/Archives/edgar/data/1655075/000119312520024302/d884801dex991.htm,0001193125-20-024302
https://www.sec.gov/Archives/edgar/data/1518715/000151871519000127/q22019erannouncementexhibit.htm,0001518715-19-000127
https://www.sec.gov/Archives/edgar/data/814926/000093980221000020/form8k032421ex99-1.htm,0000939802-21-000020
https://www.sec.gov/Archives/edgar/data/814926/000093980221000042/form8k050621ex99-1.htm,0000939802-21-000042
https://www.sec.gov/Archives/edgar/data/814926/000093980219000008/form8k031919ex99-1.htm,0000939802-19-000008
https://www.sec.gov/Archives/edgar/data/1518715/000151871523000127/q22023erannouncementex8k.htm,0001518715-23-000127
https://www.sec.gov/Archives/edgar/data/1549966/000156459020049308/samg-ex991_6.htm,0001564590-20-049308
https://www.sec.gov/Archives/edgar/data/1549966/000156459021009429/samg-ex991_6.htm,0001564590-21-009429
https://www.sec.gov/Archives/edgar/data/1549966/000095017022006727/samg-ex99_1.htm,0000950170-22-006727
https://www.sec.gov/Archives/edgar/data/1518715/000151871520000091/q12020erannouncementex.htm,0001518715-20-000091
https://www.sec.gov/Archives/edgar/data/1720116/000156459021044173/rdvt-ex992_7.htm,0001564590-21-044173
https://www.sec.gov/Archives/edgar/data/1720116/000156459021044173/rdvt-ex991_6.htm,0001564590-21-044173
https://www.sec.gov/Archives/edgar/data/1549966/000156459019013356/samg-ex991_6.htm,0001564590-19-013356
https://www.sec.gov/Archives/edgar/data/1577916/000119312523005203/d637065dex992.htm,0001193125-23-005203
https://www.sec.gov/Archives/edgar/data/1577916/000119312523005203/d637065dex991.htm,0001193125-23-005203
https://www.sec.gov/Archives/edgar/data/1518715/000151871522000079/q12022erannouncementex8k.htm,0001518715-22-000079
https://www.sec.gov/Archives/edgar/data/814926/000093980219000025/form8k080119ex99-1.htm,0000939802-19-000025
https://www.sec.gov/Archives/edgar/data/1518715/000151871522000147/q32022erannouncementex8k.htm,0001518715-22-000147
https://www.sec.gov/Archives/edgar/data/1077771/000107777121000014/umpqex991q12021earningscal.htm,0001077771-21-000014
https://www.sec.gov/Archives/edgar/data/944745/000119312520005421/d787953dex991.htm,0001193125-20-005421
https://www.sec.gov/Archives/edgar/data/1077771/000107777120000090/umpqex991q42020earningscal.htm,0001077771-20-000090
https://www.sec.gov/Archives/edgar/data/356130/000035613019000045/exh991q19earningsanncmnt.htm,0000356130-19-000045
https://www.sec.gov/Archives/edgar/data/1518715/000151871523000169/q32023erannouncementex8k.htm,0001518715-23-000169
https://www.sec.gov/Archives/edgar/data/720875/000165495421000937/dynt_ex991.htm,0001654954-21-000937
https://www.sec.gov/Archives/edgar/data/1518715/000151871519000214/q42019erannouncementexhibit.htm,0001518715-19-000214
https://www.sec.gov/Archives/edgar/data/1040130/000143774919009054/ex_143625.htm,0001437749-19-009054
https://www.sec.gov/Archives/edgar/data/800457/000117184323004150/exh_991.htm,0001171843-23-004150
https://www.sec.gov/Archives/edgar/data/814926/000093980219000017/form8k050219ex99-1.htm,0000939802-19-000017
https://www.sec.gov/Archives/edgar/data/1518715/000151871521000080/q12021erannouncementex8k.htm,0001518715-21-000080
https://www.sec.gov/Archives/edgar/data/1518715/000151871521000160/q32021erannouncementex8k.htm,0001518715-21-000160
https://www.sec.gov/Archives/edgar/data/944745/000119312521108275/d118204dex991.htm,0001193125-21-108275
https://www.sec.gov/Archives/edgar/data/97216/000009721621000277/a10292021exh99_1preparedre.htm,0000097216-21-000277
https://www.sec.gov/Archives/edgar/data/944745/000119312520102157/d916386dex991.htm,0001193125-20-102157
https://www.sec.gov/Archives/edgar/data/23111/000095017023014437/ctg-ex99_1.htm,0000950170-23-014437
https://www.sec.gov/Archives/edgar/data/23111/000095017023002346/ctg-ex99_1.htm,0000950170-23-002346
https://www.sec.gov/Archives/edgar/data/1518715/000151871520000145/q22020erannouncementex.htm,0001518715-20-000145
https://www.sec.gov/Archives/edgar/data/1077771/000107777120000077/umpqex991q32020earning.htm,0001077771-20-000077
https://www.sec.gov/Archives/edgar/data/944745/000119312520266052/d72966dex991.htm,0001193125-20-266052
https://www.sec.gov/Archives/edgar/data/944745/000119312522101038/d339192dex991.htm,0001193125-22-101038
https://www.sec.gov/Archives/edgar/data/1518715/000151871519000216/erexhibit.htm,0001518715-19-000216
https://www.sec.gov/Archives/edgar/data/1790665/000121390022028214/ea160254ex99-1_greenrose.htm,0001213900-22-028214
https://www.sec.gov/Archives/edgar/data/1790665/000121390022028214/ea160254ex99-2_greenrose.htm,0001213900-22-028214
https://www.sec.gov/Archives/edgar/data/1790665/000121390022028214/ea160254ex99-3_greenrose.htm,0001213900-22-028214
https://www.sec.gov/Archives/edgar/data/1077771/000107777119000052/umpqex991q32019earning.htm,0001077771-19-000052
https://www.sec.gov/Archives/edgar/data/1518715/000151871522000016/q42021erannouncementex8k.htm,0001518715-22-000016
https://www.sec.gov/Archives/edgar/data/944745/000119312521210357/d118326dex991.htm,0001193125-21-210357
https://www.sec.gov/Archives/edgar/data/1549966/000156459019005801/samg-ex991_6.htm,0001564590-19-005801
https://www.sec.gov/Archives/edgar/data/31667/000118518521001857/ex_318969.htm,0001185185-21-001857
https://www.sec.gov/Archives/edgar/data/23111/000156459022026074/ctg-ex991_6.htm,0001564590-22-026074
https://www.sec.gov/Archives/edgar/data/1549966/000156459020033885/samg-ex991_6.htm,0001564590-20-033885
https://www.sec.gov/Archives/edgar/data/800457/000117184323001942/exh_991.htm,0001171843-23-001942
https://www.sec.gov/Archives/edgar/data/892482/000089248221000052/q32021ex992.htm,0000892482-21-000052
https://www.sec.gov/Archives/edgar/data/892482/000089248221000052/q32021ex991.htm,0000892482-21-000052
https://www.sec.gov/Archives/edgar/data/944745/000119312522259261/d181439dex991.htm,0001193125-22-259261
https://www.sec.gov/Archives/edgar/data/800457/000117184323005880/exh_991.htm,0001171843-23-005880
https://www.sec.gov/Archives/edgar/data/1518715/000151871519000092/q12019erannouncementexhibit.htm,0001518715-19-000092
https://www.sec.gov/Archives/edgar/data/1549966/000095017023034058/samg-ex99_1.htm,0000950170-23-034058
https://www.sec.gov/Archives/edgar/data/892482/000089248222000076/q22022ex992.htm,0000892482-22-000076
https://www.sec.gov/Archives/edgar/data/892482/000089248222000076/q22022ex991.htm,0000892482-22-000076
https://www.sec.gov/Archives/edgar/data/944745/000119312523253465/d543847dex991.htm,0001193125-23-253465
https://www.sec.gov/Archives/edgar/data/800457/000117184322004568/exh_991.htm,0001171843-22-004568
https://www.sec.gov/Archives/edgar/data/1496454/000119312519082059/d710092dex992.htm,0001193125-19-082059
https://www.sec.gov/Archives/edgar/data/1496454/000119312519082059/d710092dex991.htm,0001193125-19-082059
https://www.sec.gov/Archives/edgar/data/1518715/000151871522000123/q22022erannouncementex8k.htm,0001518715-22-000123
https://www.sec.gov/Archives/edgar/data/944745/000119312522191024/d368621dex991.htm,0001193125-22-191024
https://www.sec.gov/Archives/edgar/data/720875/000165495421009870/exh_991.htm,0001654954-21-009870
https://www.sec.gov/Archives/edgar/data/944745/000119312519262286/d791100dex991.htm,0001193125-19-262286
https://www.sec.gov/Archives/edgar/data/23111/000095017023036773/ctg-ex99_1.htm,0000950170-23-036773
https://www.sec.gov/Archives/edgar/data/1265107/000126510719000028/ex991182019earningsannounc.htm,0001265107-19-000028
https://www.sec.gov/Archives/edgar/data/944745/000119312520189296/d932061dex991.htm,0001193125-20-189296
https://www.sec.gov/Archives/edgar/data/944745/000119312521005176/d103115dex991.htm,0001193125-21-005176
https://www.sec.gov/Archives/edgar/data/1543418/000127956923000157/ex991.htm,0001279569-23-000157
https://www.sec.gov/Archives/edgar/data/1543418/000127956923000157/ex991.pdf,0001279569-23-000157
https://www.sec.gov/Archives/edgar/data/944745/000119312519104591/d742852dex991.htm,0001193125-19-104591
https://www.sec.gov/Archives/edgar/data/720875/000165495421004817/dynt_ex991.htm,0001654954-21-004817
https://www.sec.gov/Archives/edgar/data/31667/000118518521001443/ex_289325.htm,0001185185-21-001443
https://www.sec.gov/Archives/edgar/data/807707/000156459020040820/voxx-ex991_8.htm,0001564590-20-040820
https://www.sec.gov/Archives/edgar/data/1573221/000157322122000033/real-20210223xex992shletter.htm,0001573221-22-000033
https://www.sec.gov/Archives/edgar/data/1573221/000157322122000033/real-20220223xex991pressre.htm,0001573221-22-000033
https://www.sec.gov/Archives/edgar/data/720875/000156827622000258/dynt_ex991.htm,0001568276-22-000258
https://www.sec.gov/Archives/edgar/data/1831631/000183163122000103/ex991earningsreleasedatepr.htm,0001831631-22-000103
https://www.sec.gov/Archives/edgar/data/800457/000117184322006275/exh_991.htm,0001171843-22-006275
https://www.sec.gov/Archives/edgar/data/944745/000119312522012103/d285885dex991.htm,0001193125-22-012103
https://www.sec.gov/Archives/edgar/data/944745/000119312523003539/d447531dex991.htm,0001193125-23-003539
https://www.sec.gov/Archives/edgar/data/944745/000119312523183779/d530654dex991.htm,0001193125-23-183779
https://www.sec.gov/Archives/edgar/data/1568385/000149315220011421/ex99-1.htm,0001493152-20-011421
https://www.sec.gov/Archives/edgar/data/720875/000165495422012267/dynt_ex991.htm,0001654954-22-012267
https://www.sec.gov/Archives/edgar/data/800457/000117184323000395/exh_991.htm,0001171843-23-000395
https://www.sec.gov/Archives/edgar/data/944745/000119312523094692/d484312dex991.htm,0001193125-23-094692
https://www.sec.gov/Archives/edgar/data/706129/000070612923000004/pressrelease-2022investord.htm,0000706129-23-000004
https://www.sec.gov/Archives/edgar/data/944745/000119312519013550/d693946dex991.htm,0001193125-19-013550
https://www.sec.gov/Archives/edgar/data/763744/000076374419000006/lciiform8kq418earnancex991.htm,0000763744-19-000006
https://www.sec.gov/Archives/edgar/data/720875/000165495421011424/dynt_ex991.htm,0001654954-21-011424
https://www.sec.gov/Archives/edgar/data/720875/000165495422005508/dynt_ex991.htm,0001654954-22-005508
https://www.sec.gov/Archives/edgar/data/944745/000119312519188735/d771512dex991.htm,0001193125-19-188735
https://www.sec.gov/Archives/edgar/data/784011/000078401119000086/ex991popeinvestorcalljune2.htm,0000784011-19-000086
https://www.sec.gov/Archives/edgar/data/800457/000114036122012481/brhc10035964_ex99-1.htm,0001140361-22-012481
https://www.sec.gov/Archives/edgar/data/706129/000070612921000069/pressrelease-investorday.htm,0000706129-21-000069
https://www.sec.gov/Archives/edgar/data/814926/000093980219000015/form8ka031619ex99-2.htm,0000939802-19-000015
https://www.sec.gov/Archives/edgar/data/1077771/000107777123000003/umpqex991q42022dividendand.htm,0001077771-23-000003
https://www.sec.gov/Archives/edgar/data/1289308/000128930819000043/ex991investorday.htm,0001289308-19-000043
https://www.sec.gov/Archives/edgar/data/1126975/000112697520000105/exhibit99061520pressre.htm,0001126975-20-000105
https://www.sec.gov/Archives/edgar/data/1819848/000095017021004388/joby-ex99_3.htm,0000950170-21-004388
https://www.sec.gov/Archives/edgar/data/1819848/000095017021004388/joby-ex99_1.htm,0000950170-21-004388
https://www.sec.gov/Archives/edgar/data/1819848/000095017021004388/joby-ex99_2.htm,0000950170-21-004388
https://www.sec.gov/Archives/edgar/data/1653653/000119312520139252/d892739dex991.htm,0001193125-20-139252
https://www.sec.gov/Archives/edgar/data/1720116/000156459020024856/rdvt-ex992_7.htm,0001564590-20-024856
https://www.sec.gov/Archives/edgar/data/1720116/000156459020024856/rdvt-ex991_6.htm,0001564590-20-024856
https://www.sec.gov/Archives/edgar/data/1720116/000156459021012891/rdvt-ex992_7.htm,0001564590-21-012891
https://www.sec.gov/Archives/edgar/data/1720116/000156459021012891/rdvt-ex991_6.htm,0001564590-21-012891
https://www.sec.gov/Archives/edgar/data/97216/000009721623000014/a02102023exh99_1preparedre.htm,0000097216-23-000014
https://www.sec.gov/Archives/edgar/data/1451512/000147793220006337/trtc_ex992.htm,0001477932-20-006337
https://www.sec.gov/Archives/edgar/data/1451512/000147793220006337/trtc_ex991.htm,0001477932-20-006337
https://www.sec.gov/Archives/edgar/data/882361/000117184323006444/exh_991.htm,0001171843-23-006444
https://www.sec.gov/Archives/edgar/data/97216/000009721619000179/a07302019exh991prpredr.htm,0000097216-19-000179
https://www.sec.gov/Archives/edgar/data/97216/000009721622000141/a08032022exh99_1preparedre.htm,0000097216-22-000141
https://www.sec.gov/Archives/edgar/data/76605/000007660522000056/patkq12022earningspre-an.htm,0000076605-22-000056
https://www.sec.gov/Archives/edgar/data/76605/000007660523000153/patk101223ex991.htm,0000076605-23-000153
https://www.sec.gov/Archives/edgar/data/1487712/000162828023037166/ex-991transcriptq323.htm,0001628280-23-037166
https://www.sec.gov/Archives/edgar/data/763744/000076374422000003/a991earnannounceq421.htm,0000763744-22-000003
https://www.sec.gov/Archives/edgar/data/1499717/000149315221020470/ex99-2.htm,0001493152-21-020470
https://www.sec.gov/Archives/edgar/data/1499717/000149315221020470/ex99-1.htm,0001493152-21-020470
https://www.sec.gov/Archives/edgar/data/31107/000165495423010218/eml_ex992.htm,0001654954-23-010218
https://www.sec.gov/Archives/edgar/data/31107/000165495423010218/eml_ex991.htm,0001654954-23-010218
https://www.sec.gov/Archives/edgar/data/1733413/000121390023012543/ea173875ex99-1_tffpharma.htm,0001213900-23-012543
https://www.sec.gov/Archives/edgar/data/763744/000076374419000064/q219ea.htm,0000763744-19-000064
https://www.sec.gov/Archives/edgar/data/1634997/000119312522202158/d299302dex991.htm,0001193125-22-202158
https://www.sec.gov/Archives/edgar/data/97216/000009721622000015/a02112022exh99_1preparedre.htm,0000097216-22-000015
https://www.sec.gov/Archives/edgar/data/1818644/000181864421000005/ex-991pressrelease11112021.htm,0001818644-21-000005
https://www.sec.gov/Archives/edgar/data/97216/000009721620000261/a10282020exh991preprmr.htm,0000097216-20-000261
https://www.sec.gov/Archives/edgar/data/76605/000007660522000096/patkq22022earningspre-an.htm,0000076605-22-000096
https://www.sec.gov/Archives/edgar/data/1790665/000121390022051406/ea165030ex99-2_greenrose.htm,0001213900-22-051406
https://www.sec.gov/Archives/edgar/data/1790665/000121390022051406/ea165030ex99-1_greenrose.htm,0001213900-22-051406
https://www.sec.gov/Archives/edgar/data/76605/000007660521000175/patkq32021earningspre-an.htm,0000076605-21-000175
https://www.sec.gov/Archives/edgar/data/76605/000007660523000058/patkq12023earningspre-an.htm,0000076605-23-000058
https://www.sec.gov/Archives/edgar/data/763744/000076374419000027/lciiform8kq119earnance.htm,0000763744-19-000027
https://www.sec.gov/Archives/edgar/data/76605/000007660522000013/patkq42021earningspre-an.htm,0000076605-22-000013
https://www.sec.gov/Archives/edgar/data/76605/000007660522000119/patkq32022earningspre-an.htm,0000076605-22-000119
https://www.sec.gov/Archives/edgar/data/763744/000076374421000114/a991earnannounceq321.htm,0000763744-21-000114
https://www.sec.gov/Archives/edgar/data/1476204/000147620419000039/pecoearningscallslidesq1.htm,0001476204-19-000039
https://www.sec.gov/Archives/edgar/data/1476204/000147620419000039/pentr_20190331exhibit991.htm,0001476204-19-000039
https://www.sec.gov/Archives/edgar/data/763744/000076374420000005/a991earnannounceq419.htm,0000763744-20-000005
https://www.sec.gov/Archives/edgar/data/1770236/000110465923062569/tm2316274d1_ex99-2.htm,0001104659-23-062569
https://www.sec.gov/Archives/edgar/data/1770236/000110465923062569/tm2316274d1_ex99-1.htm,0001104659-23-062569
https://www.sec.gov/Archives/edgar/data/892482/000089248222000002/q42021ex992.htm,0000892482-22-000002
https://www.sec.gov/Archives/edgar/data/892482/000089248222000002/q42021ex991.htm,0000892482-22-000002
https://www.sec.gov/Archives/edgar/data/97216/000009721620000212/a8-kq2202007312020exh9.htm,0000097216-20-000212
https://www.sec.gov/Archives/edgar/data/763744/000076374420000111/a991earnannounceq320.htm,0000763744-20-000111
https://www.sec.gov/Archives/edgar/data/1883685/000188368522000034/dkng-110422x8xkexx991.htm,0001883685-22-000034
https://www.sec.gov/Archives/edgar/data/76605/000007660523000128/patk71323ex991.htm,0000076605-23-000128
https://www.sec.gov/Archives/edgar/data/763744/000076374420000042/a991earnannounceq120.htm,0000763744-20-000042
https://www.sec.gov/Archives/edgar/data/763744/000076374423000032/a991earnannounceq123.htm,0000763744-23-000032
https://www.sec.gov/Archives/edgar/data/1803914/000180391423000107/ex991plby2023q3earningsrel.htm,0001803914-23-000107
https://www.sec.gov/Archives/edgar/data/763744/000076374419000103/q319ea991.htm,0000763744-19-000103
https://www.sec.gov/Archives/edgar/data/76605/000007660523000024/patkq42022earningspre-an.htm,0000076605-23-000024
https://www.sec.gov/Archives/edgar/data/892482/000089248221000037/q22021ex992.htm,0000892482-21-000037
https://www.sec.gov/Archives/edgar/data/892482/000089248221000037/q22021ex991.htm,0000892482-21-000037
https://www.sec.gov/Archives/edgar/data/887343/000088734323000301/colbex991q32023earningscal.htm,0000887343-23-000301
https://www.sec.gov/Archives/edgar/data/763744/000076374421000037/a991earnannounceq121.htm,0000763744-21-000037
https://www.sec.gov/Archives/edgar/data/1737204/000119312520043983/d886171dex991.htm,0001193125-20-043983
https://www.sec.gov/Archives/edgar/data/763744/000076374423000060/a991earnannounceq223.htm,0000763744-23-000060
https://www.sec.gov/Archives/edgar/data/1810806/000181080623000010/a2022q4ex-991.htm,0001810806-23-000010
https://www.sec.gov/Archives/edgar/data/1810806/000181080623000010/a2022q4ex-992.htm,0001810806-23-000010
https://www.sec.gov/Archives/edgar/data/887343/000088734323000313/colbex991q42023earningscal.htm,0000887343-23-000313
https://www.sec.gov/Archives/edgar/data/887343/000088734323000279/colbex991q22023earningscal.htm,0000887343-23-000279
https://www.sec.gov/Archives/edgar/data/1059142/000095017022012764/atax-ex99_1.htm,0000950170-22-012764
https://www.sec.gov/Archives/edgar/data/763744/000076374420000086/a991earnannounceq220.htm,0000763744-20-000086
https://www.sec.gov/Archives/edgar/data/1723580/000119312521113950/d129330dex991.htm,0001193125-21-113950
https://www.sec.gov/Archives/edgar/data/763744/000076374423000086/a991earnannounceq323.htm,0000763744-23-000086
https://www.sec.gov/Archives/edgar/data/1716947/000149315221017401/ex99-2.htm,0001493152-21-017401
https://www.sec.gov/Archives/edgar/data/1716947/000149315221017401/ex99-1.htm,0001493152-21-017401
https://www.sec.gov/Archives/edgar/data/70487/000143774919002556/ex_134835.htm,0001437749-19-002556
https://www.sec.gov/Archives/edgar/data/70487/000143774919002556/ex_134836.htm,0001437749-19-002556
https://www.sec.gov/Archives/edgar/data/72444/000143774922016094/ex_390044.htm,0001437749-22-016094
https://www.sec.gov/Archives/edgar/data/887343/000088734323000208/colbex991q12023earningscal.htm,0000887343-23-000208
https://www.sec.gov/Archives/edgar/data/802257/000118518522000247/ex_342972.htm,0001185185-22-000247
https://www.sec.gov/Archives/edgar/data/802257/000118518522000247/ex_342946.htm,0001185185-22-000247
https://www.sec.gov/Archives/edgar/data/802257/000118518522000247/ex_342973.htm,0001185185-22-000247
https://www.sec.gov/Archives/edgar/data/763744/000076374422000050/a991earnannounceq222.htm,0000763744-22-000050
https://www.sec.gov/Archives/edgar/data/1526113/000114420419019969/tv519025_ex99-1.htm,0001144204-19-019969
https://www.sec.gov/Archives/edgar/data/1526113/000110465919055375/tm1920684d1_ex99-1.htm,0001104659-19-055375
https://www.sec.gov/Archives/edgar/data/1127703/000119479419000108/ex991q1preparedremarks4_26.htm,0001194794-19-000108
https://www.sec.gov/Archives/edgar/data/1113169/000111316919000007/bcrretirement1q2019divid.htm,0001113169-19-000007
https://www.sec.gov/Archives/edgar/data/1059142/000095017022019734/atax-ex99_1.htm,0000950170-22-019734
https://www.sec.gov/Archives/edgar/data/1071739/000107173919000156/exhibit99120191212.htm,0001071739-19-000156
https://www.sec.gov/Archives/edgar/data/763744/000076374421000005/a991earnannounceq420.htm,0000763744-21-000005
https://www.sec.gov/Archives/edgar/data/37472/000003747220000006/flxs-20200127xex99_1.htm,0000037472-20-000006
https://www.sec.gov/Archives/edgar/data/70487/000143774919009200/ex_143775.htm,0001437749-19-009200
https://www.sec.gov/Archives/edgar/data/70487/000143774919009200/ex_143776.htm,0001437749-19-009200
https://www.sec.gov/Archives/edgar/data/37472/000115752319000953/a51976256ex99_1.htm,0001157523-19-000953
https://www.sec.gov/Archives/edgar/data/37472/000115752319001912/a52084051ex99_1.htm,0001157523-19-001912
https://www.sec.gov/Archives/edgar/data/763744/000076374422000070/a991earnannounceq322.htm,0000763744-22-000070
https://www.sec.gov/Archives/edgar/data/763744/000076374422000023/a991earnannounceq122.htm,0000763744-22-000023
https://www.sec.gov/Archives/edgar/data/8063/000000806323000040/ex99120230717-pr.htm,0000008063-23-000040
https://www.sec.gov/Archives/edgar/data/1175151/000110465920054447/tm2018192d5_ex99-1.htm,0001104659-20-054447
https://www.sec.gov/Archives/edgar/data/749647/000149315222032387/ex99-1.htm,0001493152-22-032387
https://www.sec.gov/Archives/edgar/data/749647/000149315222032387/ex99-2.htm,0001493152-22-032387
https://www.sec.gov/Archives/edgar/data/37472/000003747220000022/flxs-20200428xex99_1.htm,0000037472-20-000022
https://www.sec.gov/Archives/edgar/data/37472/000003747220000039/flxs-20200824xex99_1.htm,0000037472-20-000039
https://www.sec.gov/Archives/edgar/data/37472/000003747221000021/flxs-20210823xex99_1.htm,0000037472-21-000021
https://www.sec.gov/Archives/edgar/data/1059142/000095017023002365/ghi-ex99_1.htm,0000950170-23-002365
https://www.sec.gov/Archives/edgar/data/894627/000114036122026066/ny20004713x3_ex99-1.htm,0001140361-22-026066
https://www.sec.gov/Archives/edgar/data/1059142/000095017023013484/ghi-ex99_1.htm,0000950170-23-013484
https://www.sec.gov/Archives/edgar/data/1595527/000110465922045632/tm2212504d1_ex99-1.htm,0001104659-22-045632
https://www.sec.gov/Archives/edgar/data/37472/000003747220000049/flxs-20201026xex99_1.htm,0000037472-20-000049
https://www.sec.gov/Archives/edgar/data/37472/000003747223000019/flxs-20230821xex99_1.htm,0000037472-23-000019
https://www.sec.gov/Archives/edgar/data/1059142/000095017023033535/ghi-ex99_1.htm,0000950170-23-033535
https://www.sec.gov/Archives/edgar/data/1071739/000107173920000070/exhibit99120200303.htm,0001071739-20-000070
https://www.sec.gov/Archives/edgar/data/1476204/000147620421000086/pecoearningscallreschedule.htm,0001476204-21-000086
https://www.sec.gov/Archives/edgar/data/20520/000114036120028402/brhc10017915_ex99-1.htm,0001140361-20-028402
https://www.sec.gov/Archives/edgar/data/1595527/000110465921054042/tm2113823d1_ex99-1.htm,0001104659-21-054042
https://www.sec.gov/Archives/edgar/data/1059142/000095017023054882/ghi-ex99_1.htm,0000950170-23-054882
https://www.sec.gov/Archives/edgar/data/20520/000114036121007649/brhc10021335_ex99-1.htm,0001140361-21-007649
https://www.sec.gov/Archives/edgar/data/20520/000114036120019756/brhc10014897_ex99-1.htm,0001140361-20-019756
https://www.sec.gov/Archives/edgar/data/923796/000119312519046998/d686247dex992.htm,0001193125-19-046998
https://www.sec.gov/Archives/edgar/data/923796/000119312519046998/d686247dex991.htm,0001193125-19-046998
https://www.sec.gov/Archives/edgar/data/923796/000119312520041966/d629246dex992.htm,0001193125-20-041966
https://www.sec.gov/Archives/edgar/data/923796/000119312520041966/d629246dex991.htm,0001193125-20-041966
https://www.sec.gov/Archives/edgar/data/727207/000110465920122518/tm2035212d1_ex99-2.htm,0001104659-20-122518
https://www.sec.gov/Archives/edgar/data/727207/000110465920122518/tm2035212d1_ex99-1.htm,0001104659-20-122518
https://www.sec.gov/Archives/edgar/data/70487/000143774919015956/ex_153805.htm,0001437749-19-015956
https://www.sec.gov/Archives/edgar/data/70487/000143774919015956/ex_153806.htm,0001437749-19-015956
https://www.sec.gov/Archives/edgar/data/37472/000003747219000012/flxs-20191028xex99_1.htm,0000037472-19-000012
https://www.sec.gov/Archives/edgar/data/1526113/000114420419035449/tv525633_ex99-1.htm,0001144204-19-035449
https://www.sec.gov/Archives/edgar/data/37472/000003747221000012/flxs-20210426xex99_1.htm,0000037472-21-000012
https://www.sec.gov/Archives/edgar/data/1526113/000110465920008295/tm206201-1_ex991.htm,0001104659-20-008295
https://www.sec.gov/Archives/edgar/data/37472/000003747222000036/flxs-20220822xex99_1.htm,0000037472-22-000036
https://www.sec.gov/Archives/edgar/data/858339/000119312519179294/d740110dex991.htm,0001193125-19-179294
https://www.sec.gov/Archives/edgar/data/858339/000119312519179294/d740110dex992.htm,0001193125-19-179294
https://www.sec.gov/Archives/edgar/data/779544/000077954419000018/a8-kexhibitfiled813xtransc.htm,0000779544-19-000018
https://www.sec.gov/Archives/edgar/data/1720116/000156459020054026/rdvt-ex992_7.htm,0001564590-20-054026
https://www.sec.gov/Archives/edgar/data/1720116/000156459020054026/rdvt-ex991_6.htm,0001564590-20-054026
https://www.sec.gov/Archives/edgar/data/97216/000009721620000029/a8-k021420exh991prepar.htm,0000097216-20-000029
https://www.sec.gov/Archives/edgar/data/97216/000009721619000026/exh99_1preparedremarksq420.htm,0000097216-19-000026
https://www.sec.gov/Archives/edgar/data/923796/000119312521162170/d530205dex992.htm,0001193125-21-162170
https://www.sec.gov/Archives/edgar/data/923796/000119312521162170/d530205dex991.htm,0001193125-21-162170
https://www.sec.gov/Archives/edgar/data/1179929/000115752319000037/a51922182ex99_1.htm,0001157523-19-000037
https://www.sec.gov/Archives/edgar/data/1634997/000119312521052413/d112899dex991.htm,0001193125-21-052413
https://www.sec.gov/Archives/edgar/data/885725/000088572520000003/pressrelease2019prelim.htm,0000885725-20-000003
https://www.sec.gov/Archives/edgar/data/1720116/000156459019042592/rdvt-ex992_7.htm,0001564590-19-042592
https://www.sec.gov/Archives/edgar/data/1720116/000156459019042592/rdvt-ex991_6.htm,0001564590-19-042592
https://www.sec.gov/Archives/edgar/data/1590895/000119312519179277/d767177dex991.htm,0001193125-19-179277
https://www.sec.gov/Archives/edgar/data/1590895/000119312519179277/d767177dex992.htm,0001193125-19-179277
https://www.sec.gov/Archives/edgar/data/36966/000093041320001014/c95684_ex99-2.htm,0000930413-20-001014
https://www.sec.gov/Archives/edgar/data/36966/000093041320001014/c95684_ex99-1.htm,0000930413-20-001014
https://www.sec.gov/Archives/edgar/data/1179929/000115752321000045/a52361606ex99_1.htm,0001157523-21-000045
https://www.sec.gov/Archives/edgar/data/704415/000156459021000775/tvty-ex991_15.htm,0001564590-21-000775
https://www.sec.gov/Archives/edgar/data/97216/000009721622000154/a10-28x2022exh99_1prepared.htm,0000097216-22-000154
https://www.sec.gov/Archives/edgar/data/1568162/000110465921054037/tm2113833d1_ex99-1.htm,0001104659-21-054037
https://www.sec.gov/Archives/edgar/data/2186/000165495419002111/bkti_ex991.htm,0001654954-19-002111
https://www.sec.gov/Archives/edgar/data/1089907/000155278123000366/e23366_ex99-1.htm,0001552781-23-000366
https://www.sec.gov/Archives/edgar/data/1568162/000110465922106471/tm2227598d1_ex99-1.htm,0001104659-22-106471
https://www.sec.gov/Archives/edgar/data/37472/000003747222000004/flxs-20220124xex99_1.htm,0000037472-22-000004
https://www.sec.gov/Archives/edgar/data/704415/000156459022001069/tvty-ex991_84.htm,0001564590-22-001069
https://www.sec.gov/Archives/edgar/data/76605/000007660519000121/ex991patkq3-19erprexan.htm,0000076605-19-000121
https://www.sec.gov/Archives/edgar/data/1595527/000110465921127788/tm2130539d1_ex99-1.htm,0001104659-21-127788
https://www.sec.gov/Archives/edgar/data/1634997/000119312522048575/d274156dex991.htm,0001193125-22-048575
https://www.sec.gov/Archives/edgar/data/1071739/000107173922000390/a20221216ex991pressrelease.htm,0001071739-22-000390
https://www.sec.gov/Archives/edgar/data/37472/000003747222000054/flxs-20221024xex99_1.htm,0000037472-22-000054
https://www.sec.gov/Archives/edgar/data/67716/000114036123024278/ny20008720x1_ex99-2.htm,0001140361-23-024278
https://www.sec.gov/Archives/edgar/data/67716/000114036123024278/ny20008720x1_ex99-1.htm,0001140361-23-024278
https://www.sec.gov/Archives/edgar/data/1568162/000110465923080506/tm2321155d1_ex99-1.htm,0001104659-23-080506
https://www.sec.gov/Archives/edgar/data/318300/000031830021000316/exhibit991q32021conference.htm,0000318300-21-000316
https://www.sec.gov/Archives/edgar/data/76605/000007660520000133/patkq22020earningspreann.htm,0000076605-20-000133
https://www.sec.gov/Archives/edgar/data/72444/000143774922015164/ex_387917.htm,0001437749-22-015164
https://www.sec.gov/Archives/edgar/data/37472/000003747221000004/flxs-20210125xex99_1.htm,0000037472-21-000004
https://www.sec.gov/Archives/edgar/data/1568162/000110465922045642/tm2212506d1_ex99-1.htm,0001104659-22-045642
https://www.sec.gov/Archives/edgar/data/1032220/000103222023000042/q2fy23_earnings-callxtra.htm,0001032220-23-000042
https://www.sec.gov/Archives/edgar/data/1032220/000103222023000042/mms-2023x03x31x8kxex991.htm,0001032220-23-000042
https://www.sec.gov/Archives/edgar/data/1032220/000103222023000042/maximus_q2fy23xearnings-.htm,0001032220-23-000042
https://www.sec.gov/Archives/edgar/data/1568162/000110465919055063/tm1920584d1_ex99-1.htm,0001104659-19-055063
https://www.sec.gov/Archives/edgar/data/1822359/000121390023049930/ea180582ex99-1_docgo.htm,0001213900-23-049930
https://www.sec.gov/Archives/edgar/data/76605/000007660522000053/patk-rockfordfosgateacqx.htm,0000076605-22-000053
https://www.sec.gov/Archives/edgar/data/37472/000003747223000009/flxs-20230501xex99_1.htm,0000037472-23-000009
https://www.sec.gov/Archives/edgar/data/1819576/000110465923056013/tm2314672d1_ex99-1.htm,0001104659-23-056013
https://www.sec.gov/Archives/edgar/data/1819576/000110465923056013/tm2314672d1_ex99-2.htm,0001104659-23-056013
https://www.sec.gov/Archives/edgar/data/1071739/000107173920000161/a202006128-kexhibit991.htm,0001071739-20-000161
https://www.sec.gov/Archives/edgar/data/37472/000003747222000019/flxs-20220425xex99_1.htm,0000037472-22-000019
https://www.sec.gov/Archives/edgar/data/1365135/000095017022019761/wu-ex99_1.htm,0000950170-22-019761
https://www.sec.gov/Archives/edgar/data/76605/000007660520000064/patkq12020earningspreann.htm,0000076605-20-000064
https://www.sec.gov/Archives/edgar/data/76605/000007660519000056/ex991patkq1-19erprexannoun.htm,0000076605-19-000056
https://www.sec.gov/Archives/edgar/data/76605/000007660521000147/patkq22021earningspre-an.htm,0000076605-21-000147
https://www.sec.gov/Archives/edgar/data/1045742/000095017022000763/live-ex99_1.htm,0000950170-22-000763
https://www.sec.gov/Archives/edgar/data/37472/000156276221000371/flxs-20211025xex99_1.htm,0001562762-21-000371
https://www.sec.gov/Archives/edgar/data/76605/000007660519000018/ex991patkq4-18erprexannoun.htm,0000076605-19-000018
https://www.sec.gov/Archives/edgar/data/1595527/000110465921090825/tm2121808d1_ex99-1.htm,0001104659-21-090825
https://www.sec.gov/Archives/edgar/data/76605/000007660520000179/patkq32020earningspre-an.htm,0000076605-20-000179
https://www.sec.gov/Archives/edgar/data/314203/000110465921060565/tm2115070d1_ex99-1.htm,0001104659-21-060565
https://www.sec.gov/Archives/edgar/data/1179929/000117992920000020/a2020jpmpresentation0113.htm,0001179929-20-000020
https://www.sec.gov/Archives/edgar/data/76605/000007660520000032/patkq419earningspreannou.htm,0000076605-20-000032
https://www.sec.gov/Archives/edgar/data/1568162/000110465920008296/tm206206-1_ex991.htm,0001104659-20-008296
https://www.sec.gov/Archives/edgar/data/76605/000007660521000023/patkq42020earningspre-an.htm,0000076605-21-000023
https://www.sec.gov/Archives/edgar/data/1568162/000114420419035452/tv525635_ex99-1.htm,0001144204-19-035452
https://www.sec.gov/Archives/edgar/data/1568162/000114420419006304/tv513153_ex99-1.htm,0001144204-19-006304
https://www.sec.gov/Archives/edgar/data/1530721/000153072121000101/cpri8-k06292021exhibit991.htm,0001530721-21-000101
https://www.sec.gov/Archives/edgar/data/76605/000007660519000102/ex991patkq2-19erprexannoun.htm,0000076605-19-000102
https://www.sec.gov/Archives/edgar/data/1634997/000163499721000044/exhibit991-1q2021earningsr.htm,0001634997-21-000044
https://www.sec.gov/Archives/edgar/data/1568162/000114420419021126/tv519654_ex99-1.htm,0001144204-19-021126
https://www.sec.gov/Archives/edgar/data/37472/000095017023056869/flxs-ex99_1.htm,0000950170-23-056869
https://www.sec.gov/Archives/edgar/data/76605/000007660521000091/patkq12021earningspre-an.htm,0000076605-21-000091
https://www.sec.gov/Archives/edgar/data/76605/000007660521000091/hyperform-seadekxnewsrel.htm,0000076605-21-000091
https://www.sec.gov/Archives/edgar/data/1634997/000163499721000064/exhibit991-2q21earningsrel.htm,0001634997-21-000064
https://www.sec.gov/Archives/edgar/data/37472/000003747223000003/flxs-20230206xex99_1.htm,0000037472-23-000003
https://www.sec.gov/Archives/edgar/data/2186/000165495423003133/bkti_ex991.htm,0001654954-23-003133
https://www.sec.gov/Archives/edgar/data/2186/000165495423003133/bkti_ex992.htm,0001654954-23-003133
https://www.sec.gov/Archives/edgar/data/1024795/000156459021032985/hlio-ex991_36.htm,0001564590-21-032985
https://www.sec.gov/Archives/edgar/data/1568162/000110465921009624/tm214689d1_ex99-1.htm,0001104659-21-009624
https://www.sec.gov/Archives/edgar/data/1622194/000156459019027684/dea-ex991_7.htm,0001564590-19-027684
https://www.sec.gov/Archives/edgar/data/1622194/000156459019027684/dea-ex992_6.htm,0001564590-19-027684
https://www.sec.gov/Archives/edgar/data/1800682/000180068222000037/q322exhibit991.htm,0001800682-22-000037
https://www.sec.gov/Archives/edgar/data/1800682/000180068222000037/canohealth3q22financials.htm,0001800682-22-000037
https://www.sec.gov/Archives/edgar/data/54480/000005448020000101/kcsex9913252020.htm,0000054480-20-000101
https://www.sec.gov/Archives/edgar/data/1800682/000180068222000008/q421exhibit991.htm,0001800682-22-000008
https://www.sec.gov/Archives/edgar/data/1800682/000180068222000008/canohealthfy21financials.htm,0001800682-22-000008
https://www.sec.gov/Archives/edgar/data/1526113/000110465923080485/tm2321154d1_ex99-1.htm,0001104659-23-080485
https://www.sec.gov/Archives/edgar/data/1526113/000110465921090816/tm2121805d1_ex99-1.htm,0001104659-21-090816
https://www.sec.gov/Archives/edgar/data/1622194/000095017023004849/dea-ex99_1.htm,0000950170-23-004849
https://www.sec.gov/Archives/edgar/data/1622194/000095017023004849/dea-ex99_2.htm,0000950170-23-004849
https://www.sec.gov/Archives/edgar/data/1622194/000156459019016186/dea-ex991_7.htm,0001564590-19-016186
https://www.sec.gov/Archives/edgar/data/1622194/000156459019016186/dea-ex992_6.htm,0001564590-19-016186
https://www.sec.gov/Archives/edgar/data/1800682/000180068221000008/q321exhibit991.htm,0001800682-21-000008
https://www.sec.gov/Archives/edgar/data/1800682/000180068221000008/q3investorpresentationfi.htm,0001800682-21-000008
https://www.sec.gov/Archives/edgar/data/1755953/000121390020027287/ea127050ex99-1_akernacorp.htm,0001213900-20-027287
https://www.sec.gov/Archives/edgar/data/1622194/000156459020049426/dea-ex991_7.htm,0001564590-20-049426
https://www.sec.gov/Archives/edgar/data/1622194/000156459020049426/dea-ex992_6.htm,0001564590-20-049426
https://www.sec.gov/Archives/edgar/data/1568162/000110465922077847/tm2220404d1_ex99-1.htm,0001104659-22-077847
https://www.sec.gov/Archives/edgar/data/1526113/000110465923017675/tm236201d1_ex99-1.htm,0001104659-23-017675
https://www.sec.gov/Archives/edgar/data/1622194/000095017023056543/dea-ex99_1.htm,0000950170-23-056543
https://www.sec.gov/Archives/edgar/data/1622194/000095017023056543/dea-ex99_2.htm,0000950170-23-056543
https://www.sec.gov/Archives/edgar/data/1568162/000110465923017626/tm236199d1_ex99-1.htm,0001104659-23-017626
https://www.sec.gov/Archives/edgar/data/1359841/000119312521156915/d73643dex991.htm,0001193125-21-156915
https://www.sec.gov/Archives/edgar/data/1359841/000119312521156915/d73643dex992.htm,0001193125-21-156915
https://www.sec.gov/Archives/edgar/data/1359841/000119312521156915/d73643dex993.htm,0001193125-21-156915
https://www.sec.gov/Archives/edgar/data/1359841/000119312521156915/d73643dex994.htm,0001193125-21-156915
https://www.sec.gov/Archives/edgar/data/31107/000165495423014491/eml_ex992.htm,0001654954-23-014491
https://www.sec.gov/Archives/edgar/data/31107/000165495423014491/eml_ex991.htm,0001654954-23-014491
https://www.sec.gov/Archives/edgar/data/1622194/000156459021053293/dea-ex991_6.htm,0001564590-21-053293
https://www.sec.gov/Archives/edgar/data/1622194/000156459021053293/dea-ex992_7.htm,0001564590-21-053293
https://www.sec.gov/Archives/edgar/data/945764/000094576422000100/denburyccusbusinessoutlo.htm,0000945764-22-000100
https://www.sec.gov/Archives/edgar/data/1800682/000180068222000016/q122exhibit991.htm,0001800682-22-000016
https://www.sec.gov/Archives/edgar/data/1800682/000180068222000016/q12022investordeckfinal.htm,0001800682-22-000016
https://www.sec.gov/Archives/edgar/data/1595527/000110465922078178/tm2220658d1_ex99-1.htm,0001104659-22-078178
https://www.sec.gov/Archives/edgar/data/1476204/000147620422000089/pecopressreleaseex991q22022.htm,0001476204-22-000089
https://www.sec.gov/Archives/edgar/data/1476204/000147620422000089/q22022supplemental.htm,0001476204-22-000089
https://www.sec.gov/Archives/edgar/data/1526113/000110465921127784/tm2130531d1_ex99-1.htm,0001104659-21-127784
https://www.sec.gov/Archives/edgar/data/885639/000119312521109638/d168365dex991.htm,0001193125-21-109638
https://www.sec.gov/Archives/edgar/data/1526113/000110465923047353/tm2313262d1_ex99-1.htm,0001104659-23-047353
https://www.sec.gov/Archives/edgar/data/1622194/000156459019005157/dea-ex991_6.htm,0001564590-19-005157
https://www.sec.gov/Archives/edgar/data/1622194/000156459019005157/dea-ex992_7.htm,0001564590-19-005157
https://www.sec.gov/Archives/edgar/data/1634997/000119312519277809/d825696dex991.htm,0001193125-19-277809
https://www.sec.gov/Archives/edgar/data/1634997/000119312519277809/d825696dex992.htm,0001193125-19-277809
https://www.sec.gov/Archives/edgar/data/1568162/000110465923047374/tm2313259d1_ex99-1.htm,0001104659-23-047374
https://www.sec.gov/Archives/edgar/data/1526113/000110465922106465/tm2227595d1_ex99-1.htm,0001104659-22-106465
https://www.sec.gov/Archives/edgar/data/1595527/000110465922106895/tm2227594d1_ex99-1.htm,0001104659-22-106895
https://www.sec.gov/Archives/edgar/data/1568162/000110465921090821/tm2121802d1_ex99-1.htm,0001104659-21-090821
https://www.sec.gov/Archives/edgar/data/1101215/000110121521000032/exhibit_99-1.htm,0001101215-21-000032
https://www.sec.gov/Archives/edgar/data/1101215/000110121521000032/exhibit_99-2.htm,0001101215-21-000032
https://www.sec.gov/Archives/edgar/data/1595527/000110465922025323/tm227179d1_ex99-1.htm,0001104659-22-025323
https://www.sec.gov/Archives/edgar/data/1495231/000149523120000083/exhibit991pressrelease2020.htm,0001495231-20-000083
https://www.sec.gov/Archives/edgar/data/1622194/000156459021022977/dea-ex991_6.htm,0001564590-21-022977
https://www.sec.gov/Archives/edgar/data/1622194/000156459021022977/dea-ex992_7.htm,0001564590-21-022977
https://www.sec.gov/Archives/edgar/data/1526113/000110465923108671/tm2328272d1_ex99-1.htm,0001104659-23-108671
https://www.sec.gov/Archives/edgar/data/1800682/000180068222000028/q222exhibit991.htm,0001800682-22-000028
https://www.sec.gov/Archives/edgar/data/1800682/000180068222000028/canohealth2q22financials.htm,0001800682-22-000028
https://www.sec.gov/Archives/edgar/data/1622194/000156459022027327/dea-ex991_6.htm,0001564590-22-027327
https://www.sec.gov/Archives/edgar/data/1622194/000156459022027327/dea-ex992_8.htm,0001564590-22-027327
https://www.sec.gov/Archives/edgar/data/1568162/000110465921127795/tm2130535d1_ex99-1.htm,0001104659-21-127795
https://www.sec.gov/Archives/edgar/data/1622194/000095017023039334/dea-ex99_1.htm,0000950170-23-039334
https://www.sec.gov/Archives/edgar/data/1622194/000095017023039334/dea-ex99_2.htm,0000950170-23-039334
https://www.sec.gov/Archives/edgar/data/1720116/000095017021004251/rdvt-ex99_2.htm,0000950170-21-004251
https://www.sec.gov/Archives/edgar/data/1720116/000095017021004251/rdvt-ex99_1.htm,0000950170-21-004251
https://www.sec.gov/Archives/edgar/data/26324/000115752321000717/a52435463ex99_1.htm,0001157523-21-000717
https://www.sec.gov/Archives/edgar/data/26324/000115752321000717/a52435463ex99_2.htm,0001157523-21-000717
https://www.sec.gov/Archives/edgar/data/1526113/000110465921054026/tm2113824d1_ex99-1.htm,0001104659-21-054026
https://www.sec.gov/Archives/edgar/data/1595527/000110465923109201/tm2328380d1_ex99-1.htm,0001104659-23-109201
https://www.sec.gov/Archives/edgar/data/1605607/000119312519038175/d693361dex991.htm,0001193125-19-038175
https://www.sec.gov/Archives/edgar/data/1605607/000119312519038175/d693361dex992.htm,0001193125-19-038175
https://www.sec.gov/Archives/edgar/data/1622194/000156459021039936/dea-ex991_6.htm,0001564590-21-039936
https://www.sec.gov/Archives/edgar/data/1622194/000156459021039936/dea-ex992_7.htm,0001564590-21-039936
https://www.sec.gov/Archives/edgar/data/39311/000114036122015854/brhc10036647_ex99-3.htm,0001140361-22-015854
https://www.sec.gov/Archives/edgar/data/39311/000114036122015854/brhc10036647_ex99-1.htm,0001140361-22-015854
https://www.sec.gov/Archives/edgar/data/39311/000114036122015854/brhc10036647_ex99-2.htm,0001140361-22-015854
https://www.sec.gov/Archives/edgar/data/1526113/000110465922045638/tm2212503d1_ex99-1.htm,0001104659-22-045638
https://www.sec.gov/Archives/edgar/data/1755953/000121390020035334/ea129435ex99-1_akerna.htm,0001213900-20-035334
https://www.sec.gov/Archives/edgar/data/1526113/000114420419005595/tv512760_ex99-1.htm,0001144204-19-005595
https://www.sec.gov/Archives/edgar/data/1360565/000138713120002628/ex99-2.htm,0001387131-20-002628
https://www.sec.gov/Archives/edgar/data/1360565/000138713120002628/ex99-1.htm,0001387131-20-002628
https://www.sec.gov/Archives/edgar/data/2186/000165495420008613/bkti_ex991.htm,0001654954-20-008613
https://www.sec.gov/Archives/edgar/data/1605607/000119312519133142/d730022dex991.htm,0001193125-19-133142
https://www.sec.gov/Archives/edgar/data/1605607/000119312519133142/d730022dex992.htm,0001193125-19-133142
https://www.sec.gov/Archives/edgar/data/880242/000143774921007730/ex_238396.htm,0001437749-21-007730
https://www.sec.gov/Archives/edgar/data/880242/000143774921007730/ex_238397.htm,0001437749-21-007730
https://www.sec.gov/Archives/edgar/data/880242/000143774921007730/ex_238398.htm,0001437749-21-007730
https://www.sec.gov/Archives/edgar/data/1622194/000095017022020693/dea-ex99_1.htm,0000950170-22-020693
https://www.sec.gov/Archives/edgar/data/1622194/000095017022020693/dea-ex99_2.htm,0000950170-22-020693
https://www.sec.gov/Archives/edgar/data/1622194/000095017023016425/dea-ex99_1.htm,0000950170-23-016425
https://www.sec.gov/Archives/edgar/data/1622194/000095017023016425/dea-ex99_2.htm,0000950170-23-016425
https://www.sec.gov/Archives/edgar/data/1605607/000095017023057504/pgre-ex99_1.htm,0000950170-23-057504
https://www.sec.gov/Archives/edgar/data/1605607/000095017023057504/pgre-ex99_2.htm,0000950170-23-057504
https://www.sec.gov/Archives/edgar/data/1605607/000156459022026501/pgre-ex991_6.htm,0001564590-22-026501
https://www.sec.gov/Archives/edgar/data/1605607/000156459022026501/pgre-ex992_681.htm,0001564590-22-026501
https://www.sec.gov/Archives/edgar/data/1532961/000162828019015279/exhibit991pressrelease.htm,0001628280-19-015279
https://www.sec.gov/Archives/edgar/data/1626853/000121390020002457/f8k020320ex99-1_majesco.htm,0001213900-20-002457
https://www.sec.gov/Archives/edgar/data/1101215/000110121521000075/exhibit_99-1.htm,0001101215-21-000075
https://www.sec.gov/Archives/edgar/data/1595527/000110465921028516/tm217984d1_ex99-1.htm,0001104659-21-028516
https://www.sec.gov/Archives/edgar/data/1655075/000165507521000013/afi-ex991x63021earningsrel.htm,0001655075-21-000013
https://www.sec.gov/Archives/edgar/data/97216/000009721621000032/q4-02122021exh99_1prepared.htm,0000097216-21-000032
https://www.sec.gov/Archives/edgar/data/1487052/000148705219000079/q12019transcript.htm,0001487052-19-000079
https://www.sec.gov/Archives/edgar/data/1568162/000110465920048920/tm2016406-1_ex991.htm,0001104659-20-048920
https://www.sec.gov/Archives/edgar/data/1622194/000156459021007806/dea-ex991_7.htm,0001564590-21-007806
https://www.sec.gov/Archives/edgar/data/1622194/000156459021007806/dea-ex992_6.htm,0001564590-21-007806
https://www.sec.gov/Archives/edgar/data/1634997/000119312520048493/d892660dex991.htm,0001193125-20-048493
https://www.sec.gov/Archives/edgar/data/1634997/000119312520048493/d892660dex992.htm,0001193125-20-048493
https://www.sec.gov/Archives/edgar/data/1634997/000119312520048493/d892660dex993.htm,0001193125-20-048493
https://www.sec.gov/Archives/edgar/data/1605607/000156459020048387/pgre-ex991_6.htm,0001564590-20-048387
https://www.sec.gov/Archives/edgar/data/1605607/000156459020048387/pgre-ex992_7.htm,0001564590-20-048387
https://www.sec.gov/Archives/edgar/data/1526113/000110465922077852/tm2220412d1_ex99-1.htm,0001104659-22-077852
https://www.sec.gov/Archives/edgar/data/883975/000149315220016392/ex99-1.htm,0001493152-20-016392
https://www.sec.gov/Archives/edgar/data/1655075/000119312520273346/d13867dex991.htm,0001193125-20-273346
https://www.sec.gov/Archives/edgar/data/1360565/000149315220020858/ex99-2.htm,0001493152-20-020858
https://www.sec.gov/Archives/edgar/data/1360565/000149315220020858/ex99-1.htm,0001493152-20-020858
https://www.sec.gov/Archives/edgar/data/97216/000009721622000107/a04292022exh99_1preparedre.htm,0000097216-22-000107
https://www.sec.gov/Archives/edgar/data/1526113/000110465922009959/tm224953d1_ex99-1.htm,0001104659-22-009959
https://www.sec.gov/Archives/edgar/data/1360565/000149315220009053/ex99-2.htm,0001493152-20-009053
https://www.sec.gov/Archives/edgar/data/1360565/000149315220009053/ex99-1.htm,0001493152-20-009053
https://www.sec.gov/Archives/edgar/data/764478/000076447819000048/bby-20190925xex99.htm,0000764478-19-000048
https://www.sec.gov/Archives/edgar/data/1605607/000156459021021399/pgre-ex991_7.htm,0001564590-21-021399
https://www.sec.gov/Archives/edgar/data/1605607/000156459021021399/pgre-ex992_6.htm,0001564590-21-021399
https://www.sec.gov/Archives/edgar/data/39899/000003989919000045/tgna2020guidance.htm,0000039899-19-000045
https://www.sec.gov/Archives/edgar/data/1883685/000188368523000010/q4pr-8kexx991x21623.htm,0001883685-23-000010
https://www.sec.gov/Archives/edgar/data/1605607/000156459020019756/pgre-ex991_121.htm,0001564590-20-019756
https://www.sec.gov/Archives/edgar/data/1605607/000156459020019756/pgre-ex992_6.htm,0001564590-20-019756
https://www.sec.gov/Archives/edgar/data/1605607/000156459021052352/pgre-ex991_6.htm,0001564590-21-052352
https://www.sec.gov/Archives/edgar/data/1605607/000156459021052352/pgre-ex992_7.htm,0001564590-21-052352
https://www.sec.gov/Archives/edgar/data/1622194/000156459020020987/dea-ex991_7.htm,0001564590-20-020987
https://www.sec.gov/Archives/edgar/data/1622194/000156459020020987/dea-ex992_6.htm,0001564590-20-020987
https://www.sec.gov/Archives/edgar/data/1605607/000156459020034341/pgre-ex991_6.htm,0001564590-20-034341
https://www.sec.gov/Archives/edgar/data/1605607/000156459020034341/pgre-ex992_7.htm,0001564590-20-034341
https://www.sec.gov/Archives/edgar/data/1655075/000119312520059770/d871737dex991.htm,0001193125-20-059770
https://www.sec.gov/Archives/edgar/data/1655075/000119312520059770/d871737dex992.htm,0001193125-20-059770
https://www.sec.gov/Archives/edgar/data/1634997/000119312519200105/d782548dex991.htm,0001193125-19-200105
https://www.sec.gov/Archives/edgar/data/1634997/000119312519200105/d782548dex992.htm,0001193125-19-200105
https://www.sec.gov/Archives/edgar/data/1634997/000119312519200105/d782548dex993.htm,0001193125-19-200105
https://www.sec.gov/Archives/edgar/data/1605607/000119312520033395/d836032dex991.htm,0001193125-20-033395
https://www.sec.gov/Archives/edgar/data/1605607/000119312520033395/d836032dex992.htm,0001193125-20-033395
https://www.sec.gov/Archives/edgar/data/1634997/000119312519117220/d727228dex991.htm,0001193125-19-117220
https://www.sec.gov/Archives/edgar/data/1634997/000119312519117220/d727228dex992.htm,0001193125-19-117220
https://www.sec.gov/Archives/edgar/data/1634997/000119312519117220/d727228dex993.htm,0001193125-19-117220
https://www.sec.gov/Archives/edgar/data/1526113/000110465921009627/tm214698d1_ex99-1.htm,0001104659-21-009627
https://www.sec.gov/Archives/edgar/data/1605607/000095017023017258/pgre-ex99_1.htm,0000950170-23-017258
https://www.sec.gov/Archives/edgar/data/1605607/000095017023017258/pgre-ex99_2.htm,0000950170-23-017258
https://www.sec.gov/Archives/edgar/data/1622194/000156459020006191/dea-ex991_6.htm,0001564590-20-006191
https://www.sec.gov/Archives/edgar/data/1622194/000156459020006191/dea-ex992_7.htm,0001564590-20-006191
https://www.sec.gov/Archives/edgar/data/1595527/000110465923026962/tm238105d1_ex99-1.htm,0001104659-23-026962
https://www.sec.gov/Archives/edgar/data/1605607/000095017023035962/pgre-ex99_1.htm,0000950170-23-035962
https://www.sec.gov/Archives/edgar/data/1605607/000095017023035962/pgre-ex99_2.htm,0000950170-23-035962
https://www.sec.gov/Archives/edgar/data/1605607/000156459022016107/pgre-ex991_7.htm,0001564590-22-016107
https://www.sec.gov/Archives/edgar/data/1605607/000156459022016107/pgre-ex992_6.htm,0001564590-22-016107
https://www.sec.gov/Archives/edgar/data/1032220/000103222021000012/q1fy21_earnings-callxtra.htm,0001032220-21-000012
https://www.sec.gov/Archives/edgar/data/1032220/000103222021000012/mms-2020x12x31x8kxex991ng.htm,0001032220-21-000012
https://www.sec.gov/Archives/edgar/data/1032220/000103222021000012/q1fy21_earnings-presenta.htm,0001032220-21-000012
https://www.sec.gov/Archives/edgar/data/1595527/000110465923049824/tm2313696d1_ex99-1.htm,0001104659-23-049824
https://www.sec.gov/Archives/edgar/data/748268/000155479523000341/rcat1107form8kexh99_1.htm,0001554795-23-000341
https://www.sec.gov/Archives/edgar/data/1655075/000119312520196819/d908368dex991.htm,0001193125-20-196819
https://www.sec.gov/Archives/edgar/data/1634997/000119312519044260/d705478dex991.htm,0001193125-19-044260
https://www.sec.gov/Archives/edgar/data/1634997/000119312519044260/d705478dex992.htm,0001193125-19-044260
https://www.sec.gov/Archives/edgar/data/1634997/000119312519044260/d705478dex993.htm,0001193125-19-044260
https://www.sec.gov/Archives/edgar/data/1800682/000095012321010452/d391844dex991.htm,0000950123-21-010452
https://www.sec.gov/Archives/edgar/data/1800682/000095012321010452/d391844dex992.htm,0000950123-21-010452
https://www.sec.gov/Archives/edgar/data/1634997/000119312520196366/d947423dex991.htm,0001193125-20-196366
https://www.sec.gov/Archives/edgar/data/1634997/000119312520196366/d947423dex992.htm,0001193125-20-196366
https://www.sec.gov/Archives/edgar/data/1605607/000156459022005948/pgre-ex991_7.htm,0001564590-22-005948
https://www.sec.gov/Archives/edgar/data/1605607/000156459022005948/pgre-ex992_6.htm,0001564590-22-005948
https://www.sec.gov/Archives/edgar/data/923796/000119312520134928/d925169dex992.htm,0001193125-20-134928
https://www.sec.gov/Archives/edgar/data/923796/000119312520134928/d925169dex991.htm,0001193125-20-134928
https://www.sec.gov/Archives/edgar/data/20520/000114036120013607/ex99_1.htm,0001140361-20-013607
https://www.sec.gov/Archives/edgar/data/1622194/000156459022007335/dea-ex991_7.htm,0001564590-22-007335
https://www.sec.gov/Archives/edgar/data/1622194/000156459022007335/dea-ex992_6.htm,0001564590-22-007335
https://www.sec.gov/Archives/edgar/data/1622194/000156459020035743/dea-ex991_7.htm,0001564590-20-035743
https://www.sec.gov/Archives/edgar/data/1622194/000156459020035743/dea-ex992_6.htm,0001564590-20-035743
https://www.sec.gov/Archives/edgar/data/1622194/000156459019040643/dea-ex991_6.htm,0001564590-19-040643
https://www.sec.gov/Archives/edgar/data/1622194/000156459019040643/dea-ex992_7.htm,0001564590-19-040643
https://www.sec.gov/Archives/edgar/data/1655075/000119312521045828/d139431dex991.htm,0001193125-21-045828
https://www.sec.gov/Archives/edgar/data/1605607/000095017023002911/pgre-ex99_1.htm,0000950170-23-002911
https://www.sec.gov/Archives/edgar/data/1605607/000095017023002911/pgre-ex99_2.htm,0000950170-23-002911
https://www.sec.gov/Archives/edgar/data/1605607/000119312519208727/d772451dex991.htm,0001193125-19-208727
https://www.sec.gov/Archives/edgar/data/1605607/000119312519208727/d772451dex992.htm,0001193125-19-208727
https://www.sec.gov/Archives/edgar/data/1634997/000119312520123080/d879022dex991.htm,0001193125-20-123080
https://www.sec.gov/Archives/edgar/data/1634997/000119312520123080/d879022dex992.htm,0001193125-20-123080
https://www.sec.gov/Archives/edgar/data/1655075/000119312521125682/d177909dex991.htm,0001193125-21-125682
https://www.sec.gov/Archives/edgar/data/50471/000165495420005629/ex99-1.htm,0001654954-20-005629
https://www.sec.gov/Archives/edgar/data/50471/000165495420005629/ex99-2.htm,0001654954-20-005629
https://www.sec.gov/Archives/edgar/data/76605/000007660522000125/patkq322earningscalltran.htm,0000076605-22-000125
https://www.sec.gov/Archives/edgar/data/1605607/000156459021005297/pgre-ex991_6.htm,0001564590-21-005297
https://www.sec.gov/Archives/edgar/data/1605607/000156459021005297/pgre-ex992_7.htm,0001564590-21-005297
https://www.sec.gov/Archives/edgar/data/1605607/000156459021038316/pgre-ex991_6.htm,0001564590-21-038316
https://www.sec.gov/Archives/edgar/data/1605607/000156459021038316/pgre-ex992_7.htm,0001564590-21-038316
https://www.sec.gov/Archives/edgar/data/1605607/000095017022020196/pgre-ex99_1.htm,0000950170-22-020196
https://www.sec.gov/Archives/edgar/data/1605607/000095017022020196/pgre-ex99_02.htm,0000950170-22-020196
https://www.sec.gov/Archives/edgar/data/1605607/000119312519285928/d818481dex991.htm,0001193125-19-285928
https://www.sec.gov/Archives/edgar/data/1605607/000119312519285928/d818481dex992.htm,0001193125-19-285928
https://www.sec.gov/Archives/edgar/data/1758021/000162828022007181/krt-20220324ex991.htm,0001628280-22-007181
https://www.sec.gov/Archives/edgar/data/1764013/000121390019019982/f8k100819ex99-1_health.htm,0001213900-19-019982
https://www.sec.gov/Archives/edgar/data/70487/000143774920002573/ex_172353.htm,0001437749-20-002573
https://www.sec.gov/Archives/edgar/data/70487/000143774920002573/ex_172354.htm,0001437749-20-002573
https://www.sec.gov/Archives/edgar/data/1382574/000149315220011278/ex99-1.htm,0001493152-20-011278
https://www.sec.gov/Archives/edgar/data/1526113/000110465920048900/tm2016403d1_ex99-1.htm,0001104659-20-048900
https://www.sec.gov/Archives/edgar/data/1071739/000107173922000241/a20220617ex991pressrelease.htm,0001071739-22-000241
https://www.sec.gov/Archives/edgar/data/1526113/000110465920085765/tm2025345d1_ex99-1.htm,0001104659-20-085765
https://www.sec.gov/Archives/edgar/data/70487/000143774919021891/ex_163455.htm,0001437749-19-021891
https://www.sec.gov/Archives/edgar/data/70487/000143774919021891/ex_163456.htm,0001437749-19-021891
https://www.sec.gov/Archives/edgar/data/1365135/000095017022019729/wu-ex99_1.htm,0000950170-22-019729
https://www.sec.gov/Archives/edgar/data/1800682/000180068223000033/q323exhibit991.htm,0001800682-23-000033
https://www.sec.gov/Archives/edgar/data/1800682/000180068223000033/canohealth3q23financials.htm,0001800682-23-000033
https://www.sec.gov/Archives/edgar/data/70487/000143774922025653/ex_441273.htm,0001437749-22-025653
https://www.sec.gov/Archives/edgar/data/70487/000143774922025653/ex_441274.htm,0001437749-22-025653
https://www.sec.gov/Archives/edgar/data/876378/000143774921012107/ex_249929.htm,0001437749-21-012107
https://www.sec.gov/Archives/edgar/data/876378/000143774921012107/ex_249192.htm,0001437749-21-012107
https://www.sec.gov/Archives/edgar/data/70487/000143774922018808/ex_405965.htm,0001437749-22-018808
https://www.sec.gov/Archives/edgar/data/70487/000143774922018808/ex_405966.htm,0001437749-22-018808
https://www.sec.gov/Archives/edgar/data/1708055/000110465919064368/a19-22879_1ex99d3.htm,0001104659-19-064368
https://www.sec.gov/Archives/edgar/data/1708055/000110465919064368/a19-22879_1ex99d1.htm,0001104659-19-064368
https://www.sec.gov/Archives/edgar/data/1708055/000110465919064368/a19-22879_1ex99d2.htm,0001104659-19-064368
https://www.sec.gov/Archives/edgar/data/1708055/000110465919064368/a19-22879_1ex99d4.htm,0001104659-19-064368
https://www.sec.gov/Archives/edgar/data/1708055/000110465919064368/a19-22879_1ex99d5.htm,0001104659-19-064368
https://www.sec.gov/Archives/edgar/data/1708055/000110465919064368/a19-22879_1ex99d6.htm,0001104659-19-064368
https://www.sec.gov/Archives/edgar/data/1708055/000110465919064368/a19-22879_1ex99d7.htm,0001104659-19-064368
https://www.sec.gov/Archives/edgar/data/1708055/000110465919064368/a19-22879_1ex99d8.htm,0001104659-19-064368
https://www.sec.gov/Archives/edgar/data/1708055/000110465919064368/a19-22879_1ex99d9.htm,0001104659-19-064368
https://www.sec.gov/Archives/edgar/data/1708055/000110465919064368/a19-22879_1ex99d10.htm,0001104659-19-064368
https://www.sec.gov/Archives/edgar/data/70487/000143774923003575/ex_476440.htm,0001437749-23-003575
https://www.sec.gov/Archives/edgar/data/70487/000143774923003575/ex_476441.htm,0001437749-23-003575
https://www.sec.gov/Archives/edgar/data/1800682/000180068223000016/q123exhibit991.htm,0001800682-23-000016
https://www.sec.gov/Archives/edgar/data/1800682/000180068223000016/canohealth1q23financials.htm,0001800682-23-000016
https://www.sec.gov/Archives/edgar/data/1622194/000156459022017221/dea-ex991_7.htm,0001564590-22-017221
https://www.sec.gov/Archives/edgar/data/1622194/000156459022017221/dea-ex992_6.htm,0001564590-22-017221
https://www.sec.gov/Archives/edgar/data/1622194/000156459022017221/dea-ex993_29.htm,0001564590-22-017221
https://www.sec.gov/Archives/edgar/data/1568162/000110465922009956/tm224951d1_ex99-1.htm,0001104659-22-009956
https://www.sec.gov/Archives/edgar/data/70487/000143774920009804/ex_185310.htm,0001437749-20-009804
https://www.sec.gov/Archives/edgar/data/70487/000143774920009804/ex_185311.htm,0001437749-20-009804
https://www.sec.gov/Archives/edgar/data/1595527/000110465920118338/tm2034264d1_ex99-1.htm,0001104659-20-118338
https://www.sec.gov/Archives/edgar/data/70487/000143774923021779/ex_553612.htm,0001437749-23-021779
https://www.sec.gov/Archives/edgar/data/70487/000143774923021779/ex_553613.htm,0001437749-23-021779
https://www.sec.gov/Archives/edgar/data/70487/000143774920016787/ex_197436.htm,0001437749-20-016787
https://www.sec.gov/Archives/edgar/data/70487/000143774920016787/ex_197437.htm,0001437749-20-016787
https://www.sec.gov/Archives/edgar/data/1800682/000180068223000025/q223exhibit991.htm,0001800682-23-000025
https://www.sec.gov/Archives/edgar/data/1800682/000180068223000025/canohealth2q23financials.htm,0001800682-23-000025
https://www.sec.gov/Archives/edgar/data/911216/000165495423005946/ptn_ex991.htm,0001654954-23-005946
https://www.sec.gov/Archives/edgar/data/911216/000165495423005946/ptn_ex992.htm,0001654954-23-005946
https://www.sec.gov/Archives/edgar/data/70487/000143774923030911/ex_593604.htm,0001437749-23-030911
https://www.sec.gov/Archives/edgar/data/70487/000143774923030911/ex_593605.htm,0001437749-23-030911
https://www.sec.gov/Archives/edgar/data/70487/000143774922011015/ex_370768.htm,0001437749-22-011015
https://www.sec.gov/Archives/edgar/data/70487/000143774922011015/ex_370769.htm,0001437749-22-011015
https://www.sec.gov/Archives/edgar/data/70487/000143774922002954/ex_333888.htm,0001437749-22-002954
https://www.sec.gov/Archives/edgar/data/70487/000143774922002954/ex_333889.htm,0001437749-22-002954
https://www.sec.gov/Archives/edgar/data/1568162/000110465920116582/tm2033917d1_ex99-1.htm,0001104659-20-116582
https://www.sec.gov/Archives/edgar/data/1595527/000110465923084319/tm2322162d1_ex99-1.htm,0001104659-23-084319
https://www.sec.gov/Archives/edgar/data/1526113/000110465920116569/tm2033918d1_ex99-1.htm,0001104659-20-116569
https://www.sec.gov/Archives/edgar/data/1800682/000119312523274545/d318426dex991.htm,0001193125-23-274545
https://www.sec.gov/Archives/edgar/data/814926/000093980219000043/form8ka111819ex99-1.htm,0000939802-19-000043
https://www.sec.gov/Archives/edgar/data/1476204/000147620419000022/pentriearningscallslides.htm,0001476204-19-000022
https://www.sec.gov/Archives/edgar/data/1476204/000147620419000022/pentr-20181231exhibit991.htm,0001476204-19-000022
https://www.sec.gov/Archives/edgar/data/1844862/000110465923089814/tm2323369d1_ex99-1.htm,0001104659-23-089814
https://www.sec.gov/Archives/edgar/data/1883685/000188368523000022/q123pr-8kexx991x5423.htm,0001883685-23-000022
https://www.sec.gov/Archives/edgar/data/1274173/000110465920048376/tm2016016d1_ex99-1.htm,0001104659-20-048376
https://www.sec.gov/Archives/edgar/data/1800682/000180068223000003/q422exhibit991.htm,0001800682-23-000003
https://www.sec.gov/Archives/edgar/data/1800682/000180068223000003/canohealth4q22financials.htm,0001800682-23-000003
https://www.sec.gov/Archives/edgar/data/70487/000143774923012493/ex_512857.htm,0001437749-23-012493
https://www.sec.gov/Archives/edgar/data/70487/000143774923012493/ex_512858.htm,0001437749-23-012493
https://www.sec.gov/Archives/edgar/data/922612/000092189520003209/ex992to8k12252001_12092020.htm,0000921895-20-003209
https://www.sec.gov/Archives/edgar/data/1056903/000162828023011852/exhibit991-gswcpdinwatergrc.htm,0001628280-23-011852
https://www.sec.gov/Archives/edgar/data/1235468/000123546820000057/transcriptq1fy2020.htm,0001235468-20-000057
https://www.sec.gov/Archives/edgar/data/876378/000162828020008042/exhibit992trxcearnings.htm,0001628280-20-008042
https://www.sec.gov/Archives/edgar/data/876378/000162828020008042/exhibit991trxc1q20pres.htm,0001628280-20-008042
https://www.sec.gov/Archives/edgar/data/1610618/000119312521106610/d140370dex991.htm,0001193125-21-106610
https://www.sec.gov/Archives/edgar/data/899866/000089986620000002/jpm2020deck11jan2020fbda.htm,0000899866-20-000002
https://www.sec.gov/Archives/edgar/data/1419275/000118518523001102/ex_586491.htm,0001185185-23-001102
https://www.sec.gov/Archives/edgar/data/884144/000110465919053286/a19-19668_1ex99d1.htm,0001104659-19-053286
https://www.sec.gov/Archives/edgar/data/785557/000162828019012277/dlhcfy19preliminaryresults.htm,0001628280-19-012277
https://www.sec.gov/Archives/edgar/data/1036262/000143774920004244/ex_174944.htm,0001437749-20-004244
https://www.sec.gov/Archives/edgar/data/1036262/000143774920004244/ex_174942.htm,0001437749-20-004244
https://www.sec.gov/Archives/edgar/data/1036262/000143774920004244/ex_174943.htm,0001437749-20-004244
https://www.sec.gov/Archives/edgar/data/911216/000165495423005504/ptn_ex991.htm,0001654954-23-005504
https://www.sec.gov/Archives/edgar/data/1568162/000110465920085787/tm2025344d1_ex99-1.htm,0001104659-20-085787
https://www.sec.gov/Archives/edgar/data/1618835/000161883521000049/a20210304_evfmq4yeresultsc.htm,0001618835-21-000049
https://www.sec.gov/Archives/edgar/data/1802665/000119312521242273/d214785dex991.htm,0001193125-21-242273
https://www.sec.gov/Archives/edgar/data/1802665/000119312521242273/d214785dex992.htm,0001193125-21-242273
https://www.sec.gov/Archives/edgar/data/923796/000119312523213449/d599165dex992.htm,0001193125-23-213449
https://www.sec.gov/Archives/edgar/data/923796/000119312523213449/d599165dex991.htm,0001193125-23-213449
https://www.sec.gov/Archives/edgar/data/892482/000089248221000039/q22021ex992.htm,0000892482-21-000039
https://www.sec.gov/Archives/edgar/data/892482/000089248221000039/q22021ex991.htm,0000892482-21-000039
https://www.sec.gov/Archives/edgar/data/29002/000095017023063107/diod-ex99_1.htm,0000950170-23-063107
https://www.sec.gov/Archives/edgar/data/29002/000095017023063107/diod-ex99_2.htm,0000950170-23-063107
https://www.sec.gov/Archives/edgar/data/29002/000095017023063107/diod-ex99_3.htm,0000950170-23-063107
https://www.sec.gov/Archives/edgar/data/1777946/000119312522099164/d342240dex992.htm,0001193125-22-099164
https://www.sec.gov/Archives/edgar/data/1777946/000119312522099164/d342240dex991.htm,0001193125-22-099164
https://www.sec.gov/Archives/edgar/data/1764013/000176401321000012/exhibit991222021.htm,0001764013-21-000012
https://www.sec.gov/Archives/edgar/data/1356576/000110465919018296/a19-7418_1ex99d1.htm,0001104659-19-018296
https://www.sec.gov/Archives/edgar/data/1356576/000110465919018296/a19-7418_1ex99d2.htm,0001104659-19-018296
https://www.sec.gov/Archives/edgar/data/1356576/000110465919018296/a19-7418_1ex99d3.htm,0001104659-19-018296
https://www.sec.gov/Archives/edgar/data/1414475/000141447519000021/wes_wgp20188-kxyematerialx.htm,0001414475-19-000021
https://www.sec.gov/Archives/edgar/data/1414475/000141447519000021/weswgp20188kyematerialex.htm,0001414475-19-000021
https://www.sec.gov/Archives/edgar/data/1515816/000117152020000146/ex99-1.htm,0001171520-20-000146
https://www.sec.gov/Archives/edgar/data/1661181/000119312520195478/d941296dex991.htm,0001193125-20-195478
https://www.sec.gov/Archives/edgar/data/1661181/000119312520195478/d941296dex992.htm,0001193125-20-195478
https://www.sec.gov/Archives/edgar/data/42316/000156459020020536/gv-ex991_6.htm,0001564590-20-020536
https://www.sec.gov/Archives/edgar/data/1604627/000114420419018877/tv518460_ex99-1.htm,0001144204-19-018877
https://www.sec.gov/Archives/edgar/data/730464/000115752323000998/a53423025_ex991.htm,0001157523-23-000998
https://www.sec.gov/Archives/edgar/data/1476204/000147620420000044/pecoearningscallslidesq1.htm,0001476204-20-000044
https://www.sec.gov/Archives/edgar/data/1476204/000147620420000044/pecoearningsreleaseq12020e.htm,0001476204-20-000044
https://www.sec.gov/Archives/edgar/data/1321834/000149315223026626/ex99-1.htm,0001493152-23-026626
https://www.sec.gov/Archives/edgar/data/859737/000115752319000034/a51921394_ex991.htm,0001157523-19-000034
https://www.sec.gov/Archives/edgar/data/811240/000156459020046336/biol-ex991_13.htm,0001564590-20-046336
https://www.sec.gov/Archives/edgar/data/1634997/000119312521307974/d225569dex991.htm,0001193125-21-307974
https://www.sec.gov/Archives/edgar/data/1801661/000162828021005599/skillzinc-20210325x8xk_exh.htm,0001628280-21-005599
https://www.sec.gov/Archives/edgar/data/1355848/000168316819000944/genius_8k-ex9901.htm,0001683168-19-000944
https://www.sec.gov/Archives/edgar/data/1355848/000168316819000944/genius_8k-ex9902.htm,0001683168-19-000944
https://www.sec.gov/Archives/edgar/data/1883685/000188368523000033/q223pr-8kexx991x08042023.htm,0001883685-23-000033
https://www.sec.gov/Archives/edgar/data/1764013/000156459020014288/imvt-ex991_6.htm,0001564590-20-014288
https://www.sec.gov/Archives/edgar/data/1764013/000156459020014288/imvt-ex992_73.htm,0001564590-20-014288
https://www.sec.gov/Archives/edgar/data/1769759/000110465923110320/tm2328804d1_ex99-2.htm,0001104659-23-110320
https://www.sec.gov/Archives/edgar/data/1769759/000110465923110320/tm2328804d1_ex99-1.htm,0001104659-23-110320
https://www.sec.gov/Archives/edgar/data/1769759/000110465923110320/tm2328804d1_ex99-3.htm,0001104659-23-110320
https://www.sec.gov/Archives/edgar/data/1720116/000095017023062078/rdvt-ex99_2.htm,0000950170-23-062078
https://www.sec.gov/Archives/edgar/data/1720116/000095017023062078/rdvt-ex99_1.htm,0000950170-23-062078
https://www.sec.gov/Archives/edgar/data/1634997/000119312520272894/d68830dex991.htm,0001193125-20-272894
https://www.sec.gov/Archives/edgar/data/1634997/000119312520272894/d68830dex992.htm,0001193125-20-272894
https://www.sec.gov/Archives/edgar/data/886346/000088634621000121/kaiform8kex991_08232021.htm,0000886346-21-000121
https://www.sec.gov/Archives/edgar/data/886346/000088634621000121/kaiform8kex992_8232021.htm,0000886346-21-000121
https://www.sec.gov/Archives/edgar/data/1036262/000143774919015634/ex_153156.htm,0001437749-19-015634
https://www.sec.gov/Archives/edgar/data/1036262/000143774919015634/ex_153154.htm,0001437749-19-015634
https://www.sec.gov/Archives/edgar/data/1036262/000143774919015634/ex_153155.htm,0001437749-19-015634
https://www.sec.gov/Archives/edgar/data/1036262/000143774919015634/ex_153158.htm,0001437749-19-015634
https://www.sec.gov/Archives/edgar/data/1423902/000142390219000023/wes_wgp20188-kxyematerialx.htm,0001423902-19-000023
https://www.sec.gov/Archives/edgar/data/1423902/000142390219000023/weswgp20188kyematerialex.htm,0001423902-19-000023
https://www.sec.gov/Archives/edgar/data/1584549/000095017023020070/vff-ex99_1.htm,0000950170-23-020070
https://www.sec.gov/Archives/edgar/data/748268/000155479522000390/rcat1128form8kexh99_1.htm,0001554795-22-000390
https://www.sec.gov/Archives/edgar/data/1425450/000114420419029810/tv523066_ex99-1.htm,0001144204-19-029810
https://www.sec.gov/Archives/edgar/data/910108/000153949720001354/exh99-2.htm,0001539497-20-001354
https://www.sec.gov/Archives/edgar/data/910108/000153949720001354/exh99-1.htm,0001539497-20-001354
https://www.sec.gov/Archives/edgar/data/919012/000119312521012969/d113496dex991.htm,0001193125-21-012969
https://www.sec.gov/Archives/edgar/data/919012/000119312521012969/d113496dex992.htm,0001193125-21-012969
https://www.sec.gov/Archives/edgar/data/919012/000119312521012969/d113496dex993.htm,0001193125-21-012969
https://www.sec.gov/Archives/edgar/data/919012/000119312521012969/d113496dex994.htm,0001193125-21-012969
https://www.sec.gov/Archives/edgar/data/39311/000114036122026912/brhc10039905_ex99-3.htm,0001140361-22-026912
https://www.sec.gov/Archives/edgar/data/39311/000114036122026912/brhc10039905_ex99-1.htm,0001140361-22-026912
https://www.sec.gov/Archives/edgar/data/39311/000114036122026912/brhc10039905_ex99-2.htm,0001140361-22-026912
https://www.sec.gov/Archives/edgar/data/1235468/000123546821000170/earningscalltranscript_q4f.htm,0001235468-21-000170
https://www.sec.gov/Archives/edgar/data/225648/000022564820000176/exhibit991102920.htm,0000225648-20-000176
https://www.sec.gov/Archives/edgar/data/1818502/000181850222000012/opfiq22022conferencecall.htm,0001818502-22-000012
https://www.sec.gov/Archives/edgar/data/1818502/000181850222000012/oppfi-reportsxsecondxqua.htm,0001818502-22-000012
https://www.sec.gov/Archives/edgar/data/1818502/000181850222000012/oppfi2q-22earningspresen.htm,0001818502-22-000012
https://www.sec.gov/Archives/edgar/data/1883685/000188368523000047/q323pr-8kexx991.htm,0001883685-23-000047
https://www.sec.gov/Archives/edgar/data/1706524/000170652423000022/a041223-ex991q1backlogprev.htm,0001706524-23-000022
https://www.sec.gov/Archives/edgar/data/716314/000119312522166286/d337308dex991.htm,0001193125-22-166286
https://www.sec.gov/Archives/edgar/data/859737/000085973720000004/ex991holx.htm,0000859737-20-000004
https://www.sec.gov/Archives/edgar/data/1409269/000119312520193706/d949646dex991.htm,0001193125-20-193706
https://www.sec.gov/Archives/edgar/data/67716/000006771623000062/a2023ex99krcspinapproval.htm,0000067716-23-000062
https://www.sec.gov/Archives/edgar/data/1593001/000121390022031279/ea161187ex99-1_nightfood.htm,0001213900-22-031279
https://www.sec.gov/Archives/edgar/data/1719395/000119312521006262/d55640dex991.htm,0001193125-21-006262
https://www.sec.gov/Archives/edgar/data/2098/000156459021019268/acu-ex991_6.htm,0001564590-21-019268
https://www.sec.gov/Archives/edgar/data/935703/000093570323000036/ex9916-21x23investorconfer.htm,0000935703-23-000036
https://www.sec.gov/Archives/edgar/data/1661181/000119312520101356/d911064dex991.htm,0001193125-20-101356
https://www.sec.gov/Archives/edgar/data/1713832/000143774922021972/ex_420318.htm,0001437749-22-021972
https://www.sec.gov/Archives/edgar/data/1574235/000149315223002394/ex99-1.htm,0001493152-23-002394
https://www.sec.gov/Archives/edgar/data/1366868/000136686819000072/ex991financingpressrelease.htm,0001366868-19-000072
https://www.sec.gov/Archives/edgar/data/1548187/000154818720000123/soliton-3q20earningsreleas.htm,0001548187-20-000123
https://www.sec.gov/Archives/edgar/data/1083301/000110465922034249/tm222878d9_ex99-1.htm,0001104659-22-034249
https://www.sec.gov/Archives/edgar/data/886346/000088634621000102/kaiform8kex991_06172021.htm,0000886346-21-000102
https://www.sec.gov/Archives/edgar/data/886346/000088634621000102/kaiform8kex992_06172021.htm,0000886346-21-000102
https://www.sec.gov/Archives/edgar/data/879526/000087952622000028/wncinvestormeetingsummar.htm,0000879526-22-000028
https://www.sec.gov/Archives/edgar/data/879526/000087952622000028/wncinvestordaypresentati.htm,0000879526-22-000028
https://www.sec.gov/Archives/edgar/data/874761/000087476123000045/investordaypressreleaseexs.htm,0000874761-23-000045
https://www.sec.gov/Archives/edgar/data/922612/000119380521001770/e621164_ex99-1.htm,0001193805-21-001770
https://www.sec.gov/Archives/edgar/data/922612/000119380521001770/e621164_ex99-2.htm,0001193805-21-001770
https://www.sec.gov/Archives/edgar/data/1223389/000119312522013142/d146163dex991.htm,0001193125-22-013142
https://www.sec.gov/Archives/edgar/data/1223389/000119312522013142/d146163dex992.htm,0001193125-22-013142
https://www.sec.gov/Archives/edgar/data/1413329/000141332922000084/a2022-09x06barclays_pressr.htm,0001413329-22-000084
https://www.sec.gov/Archives/edgar/data/1413329/000141332922000084/a22-09x6xbarclays_consum.htm,0001413329-22-000084
https://www.sec.gov/Archives/edgar/data/1382574/000149315220011624/ex99-1.htm,0001493152-20-011624
https://www.sec.gov/Archives/edgar/data/6845/000119312521342838/d252216dex991.htm,0001193125-21-342838
https://www.sec.gov/Archives/edgar/data/1393883/000139388322000091/dhiraisesfullyearrevenuegu.htm,0001393883-22-000091
https://www.sec.gov/Archives/edgar/data/2098/000102660819000013/acu_8k041819ex991.htm,0001026608-19-000013
https://www.sec.gov/Archives/edgar/data/1548187/000154818720000053/exhibit991-1qfy20earni.htm,0001548187-20-000053
https://www.sec.gov/Archives/edgar/data/1548187/000154818720000053/solyinvdeck572020.htm,0001548187-20-000053
https://www.sec.gov/Archives/edgar/data/1764013/000176401321000129/exhibit991-20211230.htm,0001764013-21-000129
https://www.sec.gov/Archives/edgar/data/1615165/000156459020032039/veri-ex991_6.htm,0001564590-20-032039
https://www.sec.gov/Archives/edgar/data/1692415/000149315220008931/ex99-1.htm,0001493152-20-008931
https://www.sec.gov/Archives/edgar/data/1692415/000149315220008931/ex99-2.htm,0001493152-20-008931
https://www.sec.gov/Archives/edgar/data/1413329/000141332923000158/a2023-06x06xdb_pressxrelea.htm,0001413329-23-000158
https://www.sec.gov/Archives/edgar/data/1413329/000141332923000158/a2023-06x06xdbconference.htm,0001413329-23-000158
https://www.sec.gov/Archives/edgar/data/1032220/000103222019000073/q3fy19maximusearningscal.htm,0001032220-19-000073
https://www.sec.gov/Archives/edgar/data/1032220/000103222019000073/mms-2019x06x30x8kxex99.htm,0001032220-19-000073
https://www.sec.gov/Archives/edgar/data/1032220/000103222019000073/q3fy19earningspresentati.htm,0001032220-19-000073
https://www.sec.gov/Archives/edgar/data/895419/000089541920000113/exhibit991101920.htm,0000895419-20-000113
https://www.sec.gov/Archives/edgar/data/895419/000089541920000113/exhibit99_2.htm,0000895419-20-000113
https://www.sec.gov/Archives/edgar/data/923796/000119312522275915/d415016dex992.htm,0001193125-22-275915
https://www.sec.gov/Archives/edgar/data/923796/000119312522275915/d415016dex991.htm,0001193125-22-275915
https://www.sec.gov/Archives/edgar/data/923796/000119312523130595/d475612dex992.htm,0001193125-23-130595
https://www.sec.gov/Archives/edgar/data/923796/000119312523130595/d475612dex991.htm,0001193125-23-130595
https://www.sec.gov/Archives/edgar/data/1316517/000121390020021411/ea125379ex99-1_kanditech.htm,0001213900-20-021411
https://www.sec.gov/Archives/edgar/data/919012/000119312519315279/d755419dex992.htm,0001193125-19-315279
https://www.sec.gov/Archives/edgar/data/919012/000119312519315279/d755419dex991.htm,0001193125-19-315279
https://www.sec.gov/Archives/edgar/data/1437557/000143755719000022/ex9912ndlientermloanconv.htm,0001437557-19-000022
https://www.sec.gov/Archives/edgar/data/1437557/000143755719000022/ex992lexrecapitalization.htm,0001437557-19-000022
https://www.sec.gov/Archives/edgar/data/1720116/000095017022003412/rdvt-ex99_2.htm,0000950170-22-003412
https://www.sec.gov/Archives/edgar/data/1720116/000095017022003412/rdvt-ex99_1.htm,0000950170-22-003412
https://www.sec.gov/Archives/edgar/data/1413329/000141332920000068/a2020-12x02morganstanl.htm,0001413329-20-000068
https://www.sec.gov/Archives/edgar/data/1661181/000119312520269432/d57033dex991.htm,0001193125-20-269432
https://www.sec.gov/Archives/edgar/data/1413329/000141332921000075/a2021-09x08xbarclays_relea.htm,0001413329-21-000075
https://www.sec.gov/Archives/edgar/data/1413329/000141332921000075/a2021-09x8xbarclaysxslid.htm,0001413329-21-000075
https://www.sec.gov/Archives/edgar/data/1682220/000110465923092574/tm2323840d1_ex99-2.htm,0001104659-23-092574
https://www.sec.gov/Archives/edgar/data/1682220/000110465923092574/tm2323840d1_ex99-1.htm,0001104659-23-092574
https://www.sec.gov/Archives/edgar/data/1438231/000156459020019711/dmrc-ex991_6.htm,0001564590-20-019711
https://www.sec.gov/Archives/edgar/data/1438231/000156459020019711/dmrc-ex992_59.htm,0001564590-20-019711
https://www.sec.gov/Archives/edgar/data/1036262/000143774923003565/ex_475773.htm,0001437749-23-003565
https://www.sec.gov/Archives/edgar/data/1438231/000156459019014825/dmrc-ex991_7.htm,0001564590-19-014825
https://www.sec.gov/Archives/edgar/data/1438231/000156459019014825/dmrc-ex992_94.htm,0001564590-19-014825
https://www.sec.gov/Archives/edgar/data/1736874/000121390020041022/ea131061ex99-1_hlacqui.htm,0001213900-20-041022
https://www.sec.gov/Archives/edgar/data/1538217/000149315221012050/ex99-1.htm,0001493152-21-012050
https://www.sec.gov/Archives/edgar/data/1057706/000119312519270987/d822430dex991.htm,0001193125-19-270987
https://www.sec.gov/Archives/edgar/data/1057706/000119312519270987/d822430dex992.htm,0001193125-19-270987
https://www.sec.gov/Archives/edgar/data/1548187/000154818720000091/soly-ex991x2q20earning.htm,0001548187-20-000091
https://www.sec.gov/Archives/edgar/data/727207/000110465922119161/tm2230590d1_ex99-2.htm,0001104659-22-119161
https://www.sec.gov/Archives/edgar/data/727207/000110465922119161/tm2230590d1_ex99-1.htm,0001104659-22-119161
https://www.sec.gov/Archives/edgar/data/1372299/000162828020004139/ocgn-20200327xexhibit9.htm,0001628280-20-004139
https://www.sec.gov/Archives/edgar/data/716314/000119312519009430/d668808dex991.htm,0001193125-19-009430
https://www.sec.gov/Archives/edgar/data/1413329/000141332920000055/a2020-09x10xbarclayspr.htm,0001413329-20-000055
https://www.sec.gov/Archives/edgar/data/1777835/000119312521249232/d201169dex991.htm,0001193125-21-249232
https://www.sec.gov/Archives/edgar/data/876378/000162828020003819/exhibit992confcalltranscript.htm,0001628280-20-003819
https://www.sec.gov/Archives/edgar/data/876378/000162828020003819/exhibit991earningsrelease.htm,0001628280-20-003819
https://www.sec.gov/Archives/edgar/data/14707/000001470723000053/cal-20231005xex99d1.htm,0000014707-23-000053
https://www.sec.gov/Archives/edgar/data/14707/000001470723000053/cal-20231005xex99d2.htm,0000014707-23-000053
https://www.sec.gov/Archives/edgar/data/1315257/000095017023048041/kop-ex99_1.htm,0000950170-23-048041
https://www.sec.gov/Archives/edgar/data/1400810/000119312521060687/d246204dex991.htm,0001193125-21-060687
https://www.sec.gov/Archives/edgar/data/1400810/000119312521060687/d246204dex992.htm,0001193125-21-060687
https://www.sec.gov/Archives/edgar/data/1413329/000141332921000094/a2021-12x01_morganxstanley.htm,0001413329-21-000094
https://www.sec.gov/Archives/edgar/data/1445283/000119312523060671/d477171dex991.htm,0001193125-23-060671
https://www.sec.gov/Archives/edgar/data/874238/000087423819000110/a20190814exhibit991.htm,0000874238-19-000110
https://www.sec.gov/Archives/edgar/data/874238/000087423819000110/a20190814exhibit992.htm,0000874238-19-000110
https://www.sec.gov/Archives/edgar/data/1036262/000143774921024569/ex_298764.htm,0001437749-21-024569
https://www.sec.gov/Archives/edgar/data/1036262/000143774921024569/ex_298765.htm,0001437749-21-024569
https://www.sec.gov/Archives/edgar/data/1413329/000141332921000034/a2021-06x08xdb_conferencex.htm,0001413329-21-000034
https://www.sec.gov/Archives/edgar/data/906709/000121390019014971/f8k080819ex99-1_nektartherap.htm,0001213900-19-014971
https://www.sec.gov/Archives/edgar/data/1764013/000119312520229289/d904718dex991.htm,0001193125-20-229289
https://www.sec.gov/Archives/edgar/data/1764013/000119312520229289/d904718dex992.htm,0001193125-20-229289
https://www.sec.gov/Archives/edgar/data/720875/000165495422014933/dynt_ex991.htm,0001654954-22-014933
https://www.sec.gov/Archives/edgar/data/320340/000117184323004870/exh_991.htm,0001171843-23-004870
https://www.sec.gov/Archives/edgar/data/2098/000156459023006014/acu-ex991_6.htm,0001564590-23-006014
https://www.sec.gov/Archives/edgar/data/1820566/000110465923116024/tm2330276d1_ex99-2.htm,0001104659-23-116024
https://www.sec.gov/Archives/edgar/data/1820566/000110465923116024/tm2330276d1_ex99-1.htm,0001104659-23-116024
https://www.sec.gov/Archives/edgar/data/1413329/000141332920000044/a2020-06deutschebankco.htm,0001413329-20-000044
https://www.sec.gov/Archives/edgar/data/1476204/000147620421000020/earningscallslidesq42020.htm,0001476204-21-000020
https://www.sec.gov/Archives/edgar/data/1476204/000147620421000020/pecopressreleaseex991q42020.htm,0001476204-21-000020
https://www.sec.gov/Archives/edgar/data/1819035/000121390021019220/ea138697ex99-2_metromile.htm,0001213900-21-019220
https://www.sec.gov/Archives/edgar/data/1819035/000121390021019220/ea138697ex99-1_metromile.htm,0001213900-21-019220
https://www.sec.gov/Archives/edgar/data/74303/000007430320000194/exhibit991q320goodwill.htm,0000074303-20-000194
https://www.sec.gov/Archives/edgar/data/923796/000119312523276064/d463245dex992.htm,0001193125-23-276064
https://www.sec.gov/Archives/edgar/data/923796/000119312523276064/d463245dex991.htm,0001193125-23-276064
https://www.sec.gov/Archives/edgar/data/933974/000155837021012655/brks-20210920xex99d1.htm,0001558370-21-012655
https://www.sec.gov/Archives/edgar/data/933974/000155837021012655/brks-20210920xex99d2.htm,0001558370-21-012655
https://www.sec.gov/Archives/edgar/data/910108/000153949720000683/n2193_ex99-2.htm,0001539497-20-000683
https://www.sec.gov/Archives/edgar/data/910108/000153949720000683/n2193_ex99-1.htm,0001539497-20-000683
https://www.sec.gov/Archives/edgar/data/1476204/000147620420000063/pecoearningscallslidesq2.htm,0001476204-20-000063
https://www.sec.gov/Archives/edgar/data/1476204/000147620420000063/pecoearningsreleaseq22020e.htm,0001476204-20-000063
https://www.sec.gov/Archives/edgar/data/941685/000165495420009400/ex99-1.htm,0001654954-20-009400
https://www.sec.gov/Archives/edgar/data/941685/000165495420009400/ex99-2.htm,0001654954-20-009400
https://www.sec.gov/Archives/edgar/data/1487712/000162828022021346/ex-991transcriptq222.htm,0001628280-22-021346
https://www.sec.gov/Archives/edgar/data/318300/000031830022000230/exhibit991q22022conference.htm,0000318300-22-000230
https://www.sec.gov/Archives/edgar/data/1396536/000155335020000473/duot_ex99z2.htm,0001553350-20-000473
https://www.sec.gov/Archives/edgar/data/1396536/000155335020000473/duot_ex99z1.htm,0001553350-20-000473
https://www.sec.gov/Archives/edgar/data/1396536/000155335021001048/duot_ex99z2.htm,0001553350-21-001048
https://www.sec.gov/Archives/edgar/data/1396536/000155335021001048/duot_ex99z1.htm,0001553350-21-001048
https://www.sec.gov/Archives/edgar/data/1360214/000149315221008725/ex99-1.htm,0001493152-21-008725
https://www.sec.gov/Archives/edgar/data/1360214/000149315221008725/ex99-2.htm,0001493152-21-008725
https://www.sec.gov/Archives/edgar/data/1360214/000149315221008725/ex99-3.htm,0001493152-21-008725
https://www.sec.gov/Archives/edgar/data/1810019/000095014222002783/eh220289880_ex9901.htm,0000950142-22-002783
https://www.sec.gov/Archives/edgar/data/1413329/000141332922000058/a2022-06x14deutschebank_pr.htm,0001413329-22-000058
https://www.sec.gov/Archives/edgar/data/1413329/000141332922000058/a2022-06x14xdeutschebank.htm,0001413329-22-000058
https://www.sec.gov/Archives/edgar/data/1235468/000123546822000107/earningscalltranscript_q3f.htm,0001235468-22-000107
https://www.sec.gov/Archives/edgar/data/1360565/000149315222032700/ex99-2.htm,0001493152-22-032700
https://www.sec.gov/Archives/edgar/data/1360565/000149315222032700/ex99-1.htm,0001493152-22-032700
https://www.sec.gov/Archives/edgar/data/1421461/000142146120000011/ex991q12020.htm,0001421461-20-000011
https://www.sec.gov/Archives/edgar/data/1556263/000110465919000970/a19-1318_1ex99d2.htm,0001104659-19-000970
https://www.sec.gov/Archives/edgar/data/1556263/000110465919000970/a19-1318_1ex99d1.htm,0001104659-19-000970
https://www.sec.gov/Archives/edgar/data/1425450/000110465920041900/tm2014274d1_ex99-1.htm,0001104659-20-041900
https://www.sec.gov/Archives/edgar/data/1425450/000110465920041900/tm2014274d1_ex99-2.htm,0001104659-20-041900
https://www.sec.gov/Archives/edgar/data/320340/000117184322006989/exh_991.htm,0001171843-22-006989
https://www.sec.gov/Archives/edgar/data/720875/000106299323020378/exhibit99-1.htm,0001062993-23-020378
https://www.sec.gov/Archives/edgar/data/16058/000115752319001422/a52002203ex99.htm,0001157523-19-001422
https://www.sec.gov/Archives/edgar/data/1467858/000146785821000035/q42020earnings021021.htm,0001467858-21-000035
https://www.sec.gov/Archives/edgar/data/1467858/000146785821000035/a2020q4consolidatedearning.htm,0001467858-21-000035
https://www.sec.gov/Archives/edgar/data/320340/000117184323002865/exh_991.htm,0001171843-23-002865
https://www.sec.gov/Archives/edgar/data/1561627/000156459019036779/xone-ex991_6.htm,0001564590-19-036779
https://www.sec.gov/Archives/edgar/data/1723648/000172364821000027/ex992lvoxq321earningscalls.htm,0001723648-21-000027
https://www.sec.gov/Archives/edgar/data/1723648/000172364821000027/ex991lvoxq321pressrelease.htm,0001723648-21-000027
https://www.sec.gov/Archives/edgar/data/320340/000117184322005272/exh_991.htm,0001171843-22-005272
https://www.sec.gov/Archives/edgar/data/320340/000117184322003267/exh_991.htm,0001171843-22-003267
https://www.sec.gov/Archives/edgar/data/1032220/000103222021000092/q3fy21_earnings-callxtra.htm,0001032220-21-000092
https://www.sec.gov/Archives/edgar/data/1032220/000103222021000092/mms-2021x06x30x8kxex991ng.htm,0001032220-21-000092
https://www.sec.gov/Archives/edgar/data/1032220/000103222021000092/q3fy21_maximusxearnings-.htm,0001032220-21-000092
https://www.sec.gov/Archives/edgar/data/1235468/000123546822000144/earningscalltranscript_q4f.htm,0001235468-22-000144
https://www.sec.gov/Archives/edgar/data/39311/000003931123000055/ibcp20231qearningsdeck-f.htm,0000039311-23-000055
https://www.sec.gov/Archives/edgar/data/39311/000003931123000055/ibcp-2023427ex991.htm,0000039311-23-000055
https://www.sec.gov/Archives/edgar/data/39311/000003931123000055/ibcp-2023427ex992.htm,0000039311-23-000055
https://www.sec.gov/Archives/edgar/data/1235468/000123546820000160/exhibitcalltranscript.htm,0001235468-20-000160
https://www.sec.gov/Archives/edgar/data/1476204/000147620420000085/pecoearningscallslidesq3.htm,0001476204-20-000085
https://www.sec.gov/Archives/edgar/data/1476204/000147620420000085/pecoearningsreleaseq32.htm,0001476204-20-000085
https://www.sec.gov/Archives/edgar/data/1023364/000185173422000280/ex_377373.htm,0001851734-22-000280
https://www.sec.gov/Archives/edgar/data/1023364/000185173422000280/ex_377372.htm,0001851734-22-000280
https://www.sec.gov/Archives/edgar/data/1235468/000162828019010001/thirdquarterfy2019lqdtearn.htm,0001628280-19-010001
https://www.sec.gov/Archives/edgar/data/814926/000093980221000049/form8ka051921ex99-2.htm,0000939802-21-000049
https://www.sec.gov/Archives/edgar/data/1841408/000119312522220064/d384962dex991.htm,0001193125-22-220064
https://www.sec.gov/Archives/edgar/data/1441236/000156459019038167/clw-ex991_6.htm,0001564590-19-038167
https://www.sec.gov/Archives/edgar/data/874238/000087423819000107/a20190806exhibit991.htm,0000874238-19-000107
https://www.sec.gov/Archives/edgar/data/1476204/000147620419000052/pecoearningscallslidesq2.htm,0001476204-19-000052
https://www.sec.gov/Archives/edgar/data/1476204/000147620419000052/pecoearningsreleaseq22019e.htm,0001476204-19-000052
https://www.sec.gov/Archives/edgar/data/1604477/000095017021005097/sqz-ex99_3.htm,0000950170-21-005097
https://www.sec.gov/Archives/edgar/data/1604477/000095017021005097/sqz-ex99_1.htm,0000950170-21-005097
https://www.sec.gov/Archives/edgar/data/1604477/000095017021005097/sqz-ex99_2.htm,0000950170-21-005097
https://www.sec.gov/Archives/edgar/data/101382/000156459019012408/umbf-ex992_22.htm,0001564590-19-012408
https://www.sec.gov/Archives/edgar/data/101382/000156459019012408/umbf-ex991_7.htm,0001564590-19-012408
https://www.sec.gov/Archives/edgar/data/101382/000156459019012408/umbf-ex993_21.htm,0001564590-19-012408
https://www.sec.gov/Archives/edgar/data/101382/000156459020019021/umbf-ex991_24.htm,0001564590-20-019021
https://www.sec.gov/Archives/edgar/data/101382/000156459021020681/umbf-ex992_67.htm,0001564590-21-020681
https://www.sec.gov/Archives/edgar/data/101382/000156459021020681/umbf-ex991_6.htm,0001564590-21-020681
https://www.sec.gov/Archives/edgar/data/101382/000156459021020681/umbf-ex993_68.htm,0001564590-21-020681
https://www.sec.gov/Archives/edgar/data/82811/000008281122000177/a3q2022_earningscallslid.htm,0000082811-22-000177
https://www.sec.gov/Archives/edgar/data/82811/000008281122000177/a3q2022earningsannouncement.htm,0000082811-22-000177
https://www.sec.gov/Archives/edgar/data/101382/000156459022015690/umbf-ex993_72.htm,0001564590-22-015690
https://www.sec.gov/Archives/edgar/data/101382/000156459022015690/umbf-ex991_6.htm,0001564590-22-015690
https://www.sec.gov/Archives/edgar/data/101382/000156459022015690/umbf-ex992_71.htm,0001564590-22-015690
https://www.sec.gov/Archives/edgar/data/82811/000008281123000089/a1q2023_earningscallslid.htm,0000082811-23-000089
https://www.sec.gov/Archives/edgar/data/82811/000008281123000089/a1q2023earningsannouncemen.htm,0000082811-23-000089
https://www.sec.gov/Archives/edgar/data/82811/000008281123000023/a4q2022_earningscallslid.htm,0000082811-23-000023
https://www.sec.gov/Archives/edgar/data/82811/000008281123000023/a4q2022earningsannouncement.htm,0000082811-23-000023
https://www.sec.gov/Archives/edgar/data/1325702/000119312521250330/d199575dex991.htm,0001193125-21-250330
https://www.sec.gov/Archives/edgar/data/825788/000149315222004703/ex99-1.htm,0001493152-22-004703
https://www.sec.gov/Archives/edgar/data/825788/000149315222004703/ex99-2.htm,0001493152-22-004703
https://www.sec.gov/Archives/edgar/data/1437479/000117494721000535/ex99-1.htm,0001174947-21-000535
https://www.sec.gov/Archives/edgar/data/82811/000008281122000101/a1q2022earningscallslide.htm,0000082811-22-000101
https://www.sec.gov/Archives/edgar/data/82811/000008281122000101/a1q2022earningsannouncement.htm,0000082811-22-000101
https://www.sec.gov/Archives/edgar/data/1035267/000103526721000144/a20210805ex-991pressrelease.htm,0001035267-21-000144
https://www.sec.gov/Archives/edgar/data/1035267/000103526721000144/a20210805ex-992employeefaqs.htm,0001035267-21-000144
https://www.sec.gov/Archives/edgar/data/1437479/000117494720000635/ex99-1.htm,0001174947-20-000635
https://www.sec.gov/Archives/edgar/data/82811/000008281121000148/a3q2021earningscallslide.htm,0000082811-21-000148
https://www.sec.gov/Archives/edgar/data/82811/000008281121000148/a3q2021earningsannouncement.htm,0000082811-21-000148
https://www.sec.gov/Archives/edgar/data/82811/000008281122000025/a4q2021earningscallslide.htm,0000082811-22-000025
https://www.sec.gov/Archives/edgar/data/82811/000008281122000025/a4q2021earningsannouncement.htm,0000082811-22-000025
https://www.sec.gov/Archives/edgar/data/1488139/000148813922000057/amrcinvestorday03232022.htm,0001488139-22-000057
https://www.sec.gov/Archives/edgar/data/1488139/000148813922000057/amrc_20220323x8-kxex991.htm,0001488139-22-000057
https://www.sec.gov/Archives/edgar/data/82811/000008281122000149/a2q2022earningscallslide.htm,0000082811-22-000149
https://www.sec.gov/Archives/edgar/data/82811/000008281122000149/a2q2022earningsannouncement.htm,0000082811-22-000149
https://www.sec.gov/Archives/edgar/data/1437479/000117494723000753/ex99-1.htm,0001174947-23-000753
https://www.sec.gov/Archives/edgar/data/1437479/000117494722000665/ex99-1.htm,0001174947-22-000665
https://www.sec.gov/Archives/edgar/data/1005286/000162828020000013/exhibit9912019-11x24.htm,0001628280-20-000013
https://www.sec.gov/Archives/edgar/data/1005286/000162828020000013/exhibit9922019-12x27.htm,0001628280-20-000013
https://www.sec.gov/Archives/edgar/data/82811/000008281121000102/a2q2021earningscallslide.htm,0000082811-21-000102
https://www.sec.gov/Archives/edgar/data/82811/000008281121000102/a2q2021earningsannouncement.htm,0000082811-21-000102
https://www.sec.gov/Archives/edgar/data/927066/000092706619000165/exhbit991-qa.htm,0000927066-19-000165
https://www.sec.gov/Archives/edgar/data/82811/000008281123000150/a2q2023_earningscallslid.htm,0000082811-23-000150
https://www.sec.gov/Archives/edgar/data/82811/000008281123000150/a2q2023earningsannouncement.htm,0000082811-23-000150
https://www.sec.gov/Archives/edgar/data/82811/000008281121000054/a1q2021earningscallslide.htm,0000082811-21-000054
https://www.sec.gov/Archives/edgar/data/82811/000008281121000054/a1q2021earningsannouncement.htm,0000082811-21-000054
https://www.sec.gov/Archives/edgar/data/82811/000008281123000187/a3q2023_earningscallslid.htm,0000082811-23-000187
https://www.sec.gov/Archives/edgar/data/82811/000008281123000187/a3q2023earningsannouncement.htm,0000082811-23-000187
https://www.sec.gov/Archives/edgar/data/1822791/000121390021055968/ea149773ex99-2_cleneinc.htm,0001213900-21-055968
https://www.sec.gov/Archives/edgar/data/1822791/000121390021055968/ea149773ex99-1_cleneinc.htm,0001213900-21-055968
https://www.sec.gov/Archives/edgar/data/82811/000008281120000118/a3q20callslidesfinal.htm,0000082811-20-000118
https://www.sec.gov/Archives/edgar/data/82811/000008281120000118/a3q2020earningsannounc.htm,0000082811-20-000118
https://www.sec.gov/Archives/edgar/data/715579/000110465920058181/tm2015304d5_ex99-1.htm,0001104659-20-058181
https://www.sec.gov/Archives/edgar/data/715579/000110465920058181/tm2015304d5_ex99-2.htm,0001104659-20-058181
https://www.sec.gov/Archives/edgar/data/82811/000008281120000052/a1q20earningscallslidesf.htm,0000082811-20-000052
https://www.sec.gov/Archives/edgar/data/82811/000008281120000052/a1q2020earningsannounc.htm,0000082811-20-000052
https://www.sec.gov/Archives/edgar/data/82811/000008281121000002/a4q20callslides_finalx02.htm,0000082811-21-000002
https://www.sec.gov/Archives/edgar/data/82811/000008281121000002/a4q2020earningsannouncement.htm,0000082811-21-000002
https://www.sec.gov/Archives/edgar/data/82811/000008281120000101/a2q20earningscallslidesf.htm,0000082811-20-000101
https://www.sec.gov/Archives/edgar/data/82811/000008281120000101/a2q2020earningsannounc.htm,0000082811-20-000101
https://www.sec.gov/Archives/edgar/data/1600626/000160062619000129/gceariiearningscall03312.htm,0001600626-19-000129
https://www.sec.gov/Archives/edgar/data/1600626/000160062619000129/gcearii03312019earningsrel.htm,0001600626-19-000129
https://www.sec.gov/Archives/edgar/data/1600626/000160062619000038/gceariiearningscallprese.htm,0001600626-19-000038
https://www.sec.gov/Archives/edgar/data/1600626/000160062619000038/gcearii-12312018earningsre.htm,0001600626-19-000038
https://www.sec.gov/Archives/edgar/data/715579/000110465922056204/tm2214497d1_ex99-1.htm,0001104659-22-056204
https://www.sec.gov/Archives/edgar/data/715579/000110465922056204/tm2214497d1_ex99-2.htm,0001104659-22-056204
https://www.sec.gov/Archives/edgar/data/1600626/000160062620000083/exhibit992ecq42019presen.htm,0001600626-20-000083
https://www.sec.gov/Archives/edgar/data/1600626/000160062620000083/a991-gcearx12312019earning.htm,0001600626-20-000083
https://www.sec.gov/Archives/edgar/data/715579/000110465921062270/tm2115327d1_ex99-1.htm,0001104659-21-062270
https://www.sec.gov/Archives/edgar/data/715579/000110465921062270/tm2115327d1_ex99-2.htm,0001104659-21-062270
https://www.sec.gov/Archives/edgar/data/1781405/000173112223000103/e4378_ex99-1.htm,0001731122-23-000103
https://www.sec.gov/Archives/edgar/data/1357671/000121390020018397/ea124459ex99-1_jerrick.htm,0001213900-20-018397
https://www.sec.gov/Archives/edgar/data/82811/000008281120000005/a4q19earningscallslidesf.htm,0000082811-20-000005
https://www.sec.gov/Archives/edgar/data/82811/000008281120000005/a4q2019earningsannounc.htm,0000082811-20-000005
https://www.sec.gov/Archives/edgar/data/1600626/000160062619000237/gceararningsq22019.htm,0001600626-19-000237
https://www.sec.gov/Archives/edgar/data/1600626/000160062619000237/a991-gceariix06302019earni.htm,0001600626-19-000237
https://www.sec.gov/Archives/edgar/data/1600626/000160062619000302/q32019earningspresentati.htm,0001600626-19-000302
https://www.sec.gov/Archives/edgar/data/1600626/000160062619000302/a991gcear0930earningsrel.htm,0001600626-19-000302
https://www.sec.gov/Archives/edgar/data/1490906/000149090620000026/annualmeeting2019.htm,0001490906-20-000026
https://www.sec.gov/Archives/edgar/data/1490906/000149090620000026/regulardividendrelease.htm,0001490906-20-000026
https://www.sec.gov/Archives/edgar/data/1490906/000149090622000006/annualmeetingpresentatio.htm,0001490906-22-000006
https://www.sec.gov/Archives/edgar/data/1490906/000149090622000006/regulardividendrelease0122.htm,0001490906-22-000006
https://www.sec.gov/Archives/edgar/data/1490906/000149090623000006/annualmeetingpresentatio.htm,0001490906-23-000006
https://www.sec.gov/Archives/edgar/data/1490906/000149090623000006/regulardividendrelease0123.htm,0001490906-23-000006
https://www.sec.gov/Archives/edgar/data/101382/000156459023006195/umbf-ex993_128.htm,0001564590-23-006195
https://www.sec.gov/Archives/edgar/data/101382/000156459023006195/umbf-ex991_7.htm,0001564590-23-006195
https://www.sec.gov/Archives/edgar/data/101382/000156459023006195/umbf-ex992_212.htm,0001564590-23-006195
https://www.sec.gov/Archives/edgar/data/1490906/000149090621000023/annualmeeting2020.htm,0001490906-21-000023
https://www.sec.gov/Archives/edgar/data/1490906/000149090621000023/regulardividendrelease0121.htm,0001490906-21-000023
https://www.sec.gov/Archives/edgar/data/1490906/000149090619000020/annualmtg2018.htm,0001490906-19-000020
https://www.sec.gov/Archives/edgar/data/1490906/000149090619000020/regulardividendrelease0119.htm,0001490906-19-000020
https://www.sec.gov/Archives/edgar/data/1456016/000145601619000033/gcearearningscall1231201.htm,0001456016-19-000033
https://www.sec.gov/Archives/edgar/data/1456016/000145601619000033/gcear-12312018earningsrele.htm,0001456016-19-000033
https://www.sec.gov/Archives/edgar/data/1372299/000162828022021234/ocgn-20220805xex992.htm,0001628280-22-021234
https://www.sec.gov/Archives/edgar/data/1372299/000162828022021234/ocgn-20220805xex991.htm,0001628280-22-021234
https://www.sec.gov/Archives/edgar/data/1767258/000176725821000048/a2021xpelshareholdersmee.htm,0001767258-21-000048
https://www.sec.gov/Archives/edgar/data/715579/000110465923055825/tm2314451d1_ex99-1.htm,0001104659-23-055825
https://www.sec.gov/Archives/edgar/data/1711754/000121390020017343/ea124121ex99-1_inmunebio.htm,0001213900-20-017343
https://www.sec.gov/Archives/edgar/data/1711754/000121390020017343/ea124121ex99-2_inmunebio.htm,0001213900-20-017343
https://www.sec.gov/Archives/edgar/data/700564/000070056420000026/final2020annualmeetingpr.htm,0000700564-20-000026
https://www.sec.gov/Archives/edgar/data/1005286/000162828019012067/exhibit9912019-8x25.htm,0001628280-19-012067
https://www.sec.gov/Archives/edgar/data/1501364/000150136419000077/annualmeetingpresentatio.htm,0001501364-19-000077
https://www.sec.gov/Archives/edgar/data/1372299/000162828022028759/ocgn-20221108xex992.htm,0001628280-22-028759
https://www.sec.gov/Archives/edgar/data/1372299/000162828022028759/ocgn-20221108xex991.htm,0001628280-22-028759
https://www.sec.gov/Archives/edgar/data/82811/000008281119000097/a2q19earningscallslidesf.htm,0000082811-19-000097
https://www.sec.gov/Archives/edgar/data/82811/000008281119000097/a2q2019earningsannouncement.htm,0000082811-19-000097
https://www.sec.gov/Archives/edgar/data/1049782/000110465919029623/a19-9896_1ex99d1.htm,0001104659-19-029623
https://www.sec.gov/Archives/edgar/data/82811/000008281119000106/a3q19earningscallslid0e8.htm,0000082811-19-000106
https://www.sec.gov/Archives/edgar/data/82811/000008281119000106/a3q2019earningsannounc.htm,0000082811-19-000106
https://www.sec.gov/Archives/edgar/data/1437479/000117494719000652/ex99-1.htm,0001174947-19-000652
https://www.sec.gov/Archives/edgar/data/1372299/000162828022012824/ocgn-20220506xex992.htm,0001628280-22-012824
https://www.sec.gov/Archives/edgar/data/1372299/000162828022012824/ocgn-20220506xex991.htm,0001628280-22-012824
https://www.sec.gov/Archives/edgar/data/1372299/000162828022012824/ocgn-20220506xex993.htm,0001628280-22-012824
https://www.sec.gov/Archives/edgar/data/1005817/000138713122005946/ex99-1.htm,0001387131-22-005946
https://www.sec.gov/Archives/edgar/data/1580156/000156459021015941/hmhc-ex992_48.htm,0001564590-21-015941
https://www.sec.gov/Archives/edgar/data/1580156/000156459021015941/hmhc-ex991_86.htm,0001564590-21-015941
https://www.sec.gov/Archives/edgar/data/1580156/000156459021015941/hmhc-ex993_47.htm,0001564590-21-015941
https://www.sec.gov/Archives/edgar/data/1290900/000162828019011810/ex992slidepresofinal.htm,0001628280-19-011810
https://www.sec.gov/Archives/edgar/data/1290900/000162828019011810/exh99-1pressreleasexfinal.htm,0001628280-19-011810
https://www.sec.gov/Archives/edgar/data/1496383/000166357723000074/ex99_1.htm,0001663577-23-000074
https://www.sec.gov/Archives/edgar/data/944745/000119312523105748/d497707dex991.htm,0001193125-23-105748
https://www.sec.gov/Archives/edgar/data/1126234/000112623421000064/a0lumokoleventslideprese.htm,0001126234-21-000064
https://www.sec.gov/Archives/edgar/data/1101215/000110121520000208/exhibit_99-1.htm,0001101215-20-000208
https://www.sec.gov/Archives/edgar/data/1005286/000162828019009291/exhibit9912019-5x26.htm,0001628280-19-009291
https://www.sec.gov/Archives/edgar/data/3453/000155837019008111/matx-20190814ex991f68475.htm,0001558370-19-008111
https://www.sec.gov/Archives/edgar/data/1485003/000148500321000194/exhibit991-emaqa09172021.htm,0001485003-21-000194
https://www.sec.gov/Archives/edgar/data/1372299/000162828023005369/ocgn-20230228xex992.htm,0001628280-23-005369
https://www.sec.gov/Archives/edgar/data/1372299/000162828023005369/ocgn-20230228xex991.htm,0001628280-23-005369
https://www.sec.gov/Archives/edgar/data/1411690/000114036122043393/brhc10044743_ex99-1.htm,0001140361-22-043393
https://www.sec.gov/Archives/edgar/data/1411690/000141169021000012/bngo-q1financialcallslid.htm,0001411690-21-000012
https://www.sec.gov/Archives/edgar/data/1411690/000141169021000012/a2021-03x31bngox1qearnings.htm,0001411690-21-000012
https://www.sec.gov/Archives/edgar/data/714395/000162828022014884/a2022annualmeeting5-19x2.htm,0001628280-22-014884
https://www.sec.gov/Archives/edgar/data/1023459/000168316821002121/simulations_ex9901.htm,0001683168-21-002121
https://www.sec.gov/Archives/edgar/data/714395/000071439521000035/annmtg2021.htm,0000714395-21-000035
https://www.sec.gov/Archives/edgar/data/1372299/000162828023015993/ocgn-20230505xex992.htm,0001628280-23-015993
https://www.sec.gov/Archives/edgar/data/1372299/000162828023015993/ocgn-20230505xex991.htm,0001628280-23-015993
https://www.sec.gov/Archives/edgar/data/886835/000119312519317834/d846044dex991.htm,0001193125-19-317834
https://www.sec.gov/Archives/edgar/data/1411690/000141169021000029/bngo-q3financialcalls0e1.htm,0001411690-21-000029
https://www.sec.gov/Archives/edgar/data/1411690/000141169021000029/a2021-09x30bngox3qearnings.htm,0001411690-21-000029
https://www.sec.gov/Archives/edgar/data/1719395/000114036122040331/brhc10043826_ex99-1.htm,0001140361-22-040331
https://www.sec.gov/Archives/edgar/data/875045/000119312523196808/d507671dex992.htm,0001193125-23-196808
https://www.sec.gov/Archives/edgar/data/875045/000119312523196808/d507671dex991.htm,0001193125-23-196808
https://www.sec.gov/Archives/edgar/data/1411690/000141169021000022/bngo-q2financialcallslid.htm,0001411690-21-000022
https://www.sec.gov/Archives/edgar/data/1411690/000141169021000022/a2021-06x30bngox2qearnings.htm,0001411690-21-000022
https://www.sec.gov/Archives/edgar/data/1023459/000168316820000565/simulations_8k-ex9901.htm,0001683168-20-000565
https://www.sec.gov/Archives/edgar/data/1411690/000141169021000002/bngo-opcoq4yefinancialca.htm,0001411690-21-000002
https://www.sec.gov/Archives/edgar/data/1411690/000141169021000002/q4ye2020bngofinancialresul.htm,0001411690-21-000002
https://www.sec.gov/Archives/edgar/data/1832352/000110465921092922/tm2122372d1_ex99-1.htm,0001104659-21-092922
https://www.sec.gov/Archives/edgar/data/1411690/000141169023000080/bngoq3earningscallslides.htm,0001411690-23-000080
https://www.sec.gov/Archives/edgar/data/1411690/000141169023000080/a2023-09x30bngox3qearnings.htm,0001411690-23-000080
https://www.sec.gov/Archives/edgar/data/1035354/000110465922100245/tm2225930d1_ex99-2.htm,0001104659-22-100245
https://www.sec.gov/Archives/edgar/data/1035354/000110465922100245/tm2225930d1_ex99-1.htm,0001104659-22-100245
https://www.sec.gov/Archives/edgar/data/1020710/000102071023000041/fourthquarterandfiscal2022.htm,0001020710-23-000041
https://www.sec.gov/Archives/edgar/data/1020710/000102071023000041/earningsrelease12312022.htm,0001020710-23-000041
https://www.sec.gov/Archives/edgar/data/1020710/000102071023000041/q4-2022earningsslides.htm,0001020710-23-000041
https://www.sec.gov/Archives/edgar/data/1711754/000121390020028780/ea127489ex99-1_inmunebio.htm,0001213900-20-028780
https://www.sec.gov/Archives/edgar/data/1811414/000119312520312743/d789193dex992.htm,0001193125-20-312743
https://www.sec.gov/Archives/edgar/data/1811414/000119312520312743/d789193dex991.htm,0001193125-20-312743
https://www.sec.gov/Archives/edgar/data/1372299/000162828023038028/ocgn-20231109xex992pdf.htm,0001628280-23-038028
https://www.sec.gov/Archives/edgar/data/1372299/000162828023038028/ocgn-20231109xex991.htm,0001628280-23-038028
https://www.sec.gov/Archives/edgar/data/47111/000004711120000023/exhibit991-2020asmpres.htm,0000047111-20-000023
https://www.sec.gov/Archives/edgar/data/1347858/000155837022012729/xxii-20220809xex99d2.htm,0001558370-22-012729
https://www.sec.gov/Archives/edgar/data/1347858/000155837022012729/xxii-20220809xex99d1.htm,0001558370-22-012729
https://www.sec.gov/Archives/edgar/data/1023459/000168316819000497/simulations_8k-ex9901.htm,0001683168-19-000497
https://www.sec.gov/Archives/edgar/data/886346/000088634619000065/kaiform8kexhiit992042920.htm,0000886346-19-000065
https://www.sec.gov/Archives/edgar/data/886346/000088634619000065/kaiform8kexhibit9910429201.htm,0000886346-19-000065
https://www.sec.gov/Archives/edgar/data/1365135/000095017022006530/wu-ex99_2.htm,0000950170-22-006530
https://www.sec.gov/Archives/edgar/data/1365135/000095017022006530/wu-ex99_1.htm,0000950170-22-006530
https://www.sec.gov/Archives/edgar/data/1347858/000155837023014685/xxii-20230814xex99d2.htm,0001558370-23-014685
https://www.sec.gov/Archives/edgar/data/1347858/000155837023014685/xxii-20230814xex99d1.htm,0001558370-23-014685
https://www.sec.gov/Archives/edgar/data/1365135/000095017022001076/wu-ex99_2.htm,0000950170-22-001076
https://www.sec.gov/Archives/edgar/data/1365135/000095017022001076/wu-ex99_1.htm,0000950170-22-001076
https://www.sec.gov/Archives/edgar/data/24545/000115752319002130/a52119911ex99_2.htm,0001157523-19-002130
https://www.sec.gov/Archives/edgar/data/24545/000115752319002130/a52119911ex99_1.htm,0001157523-19-002130
https://www.sec.gov/Archives/edgar/data/886346/000088634623000078/kaiform8kex992q12023.htm,0000886346-23-000078
https://www.sec.gov/Archives/edgar/data/886346/000088634623000078/kaiform8kex991q123.htm,0000886346-23-000078
https://www.sec.gov/Archives/edgar/data/886346/000088634621000063/kaiform8kex992q12021.htm,0000886346-21-000063
https://www.sec.gov/Archives/edgar/data/886346/000088634621000063/kaiform8kex991q121.htm,0000886346-21-000063
https://www.sec.gov/Archives/edgar/data/354963/000117184320002799/exh_991.htm,0001171843-20-002799
https://www.sec.gov/Archives/edgar/data/354963/000117184320002799/exh_992.htm,0001171843-20-002799
https://www.sec.gov/Archives/edgar/data/316253/000121390020043223/ea131824ex99-2_enzobiochem.htm,0001213900-20-043223
https://www.sec.gov/Archives/edgar/data/316253/000121390020043223/ea131824ex99-1_enzobiochem.htm,0001213900-20-043223
https://www.sec.gov/Archives/edgar/data/886346/000088634619000140/kaiform8kexhibit99210292.htm,0000886346-19-000140
https://www.sec.gov/Archives/edgar/data/886346/000088634619000140/kaiform8kex991102919.htm,0000886346-19-000140
https://www.sec.gov/Archives/edgar/data/886346/000088634622000122/kaiform8kex992q22022.htm,0000886346-22-000122
https://www.sec.gov/Archives/edgar/data/886346/000088634622000122/kaiform8kex991q222.htm,0000886346-22-000122
https://www.sec.gov/Archives/edgar/data/886346/000088634623000151/kaiform8kex992q323.htm,0000886346-23-000151
https://www.sec.gov/Archives/edgar/data/886346/000088634623000151/kaiform8kex991q323.htm,0000886346-23-000151
https://www.sec.gov/Archives/edgar/data/808461/000110465920138230/tm2038585d3_ex99-1.htm,0001104659-20-138230
https://www.sec.gov/Archives/edgar/data/844856/000084485621000037/ex-99_1.htm,0000844856-21-000037
https://www.sec.gov/Archives/edgar/data/886346/000088634622000145/kaiform8kex992q32022.htm,0000886346-22-000145
https://www.sec.gov/Archives/edgar/data/886346/000088634622000145/kaiform8kex991q322.htm,0000886346-22-000145
https://www.sec.gov/Archives/edgar/data/1652106/000110465919055555/tm1920702d1_ex99-2.htm,0001104659-19-055555
https://www.sec.gov/Archives/edgar/data/1652106/000110465919055555/tm1920702d1_ex99-1.htm,0001104659-19-055555
https://www.sec.gov/Archives/edgar/data/873303/000156459019036441/srpt-ex992_44.htm,0001564590-19-036441
https://www.sec.gov/Archives/edgar/data/873303/000156459019036441/srpt-ex991_6.htm,0001564590-19-036441
https://www.sec.gov/Archives/edgar/data/886346/000088634619000119/kaiform8kexhibit99207312.htm,0000886346-19-000119
https://www.sec.gov/Archives/edgar/data/886346/000088634619000119/kaiform8kexhibit9910730201.htm,0000886346-19-000119
https://www.sec.gov/Archives/edgar/data/1178711/000156459021008182/prtk-ex992_119.htm,0001564590-21-008182
https://www.sec.gov/Archives/edgar/data/1178711/000156459021008182/prtk-ex991_7.htm,0001564590-21-008182
https://www.sec.gov/Archives/edgar/data/886346/000088634621000150/kaiform8kex992q32021.htm,0000886346-21-000150
https://www.sec.gov/Archives/edgar/data/886346/000088634621000150/kaiform8kex991q321.htm,0000886346-21-000150
https://www.sec.gov/Archives/edgar/data/886346/000088634623000149/kaiform8kex992q323.htm,0000886346-23-000149
https://www.sec.gov/Archives/edgar/data/886346/000088634623000149/kaiform8kex991q323.htm,0000886346-23-000149
https://www.sec.gov/Archives/edgar/data/886346/000088634622000081/kaiform8kex992q12022.htm,0000886346-22-000081
https://www.sec.gov/Archives/edgar/data/886346/000088634622000081/kaiform8kex991q122.htm,0000886346-22-000081
https://www.sec.gov/Archives/edgar/data/354963/000117184321002674/exh_991.htm,0001171843-21-002674
https://www.sec.gov/Archives/edgar/data/354963/000117184321002674/exh_992.htm,0001171843-21-002674
https://www.sec.gov/Archives/edgar/data/886346/000088634623000117/kaiform8kex992q223.htm,0000886346-23-000117
https://www.sec.gov/Archives/edgar/data/886346/000088634623000117/kaiform8kex991q223.htm,0000886346-23-000117
https://www.sec.gov/Archives/edgar/data/1097864/000119312519067848/d692646dex991.htm,0001193125-19-067848
https://www.sec.gov/Archives/edgar/data/1597264/000155837020007104/bpmc-20200529xex99d1.htm,0001558370-20-007104
https://www.sec.gov/Archives/edgar/data/1597264/000155837020007104/bpmc-20200529xex99d2.htm,0001558370-20-007104
https://www.sec.gov/Archives/edgar/data/1492915/000110465920063500/tm2020004d1_ex99-1.htm,0001104659-20-063500
https://www.sec.gov/Archives/edgar/data/1347858/000155837022016725/xxii-20221108xex99d2.htm,0001558370-22-016725
https://www.sec.gov/Archives/edgar/data/1347858/000155837022016725/xxii-20221108xex99d1.htm,0001558370-22-016725
https://www.sec.gov/Archives/edgar/data/886346/000088634620000134/kaiform8kexhibit992q3202.htm,0000886346-20-000134
https://www.sec.gov/Archives/edgar/data/886346/000088634620000134/kaiform8kex991q320.htm,0000886346-20-000134
https://www.sec.gov/Archives/edgar/data/886346/000088634620000105/kaiform8kex992q220.htm,0000886346-20-000105
https://www.sec.gov/Archives/edgar/data/886346/000088634620000105/kaiform8kex991q220.htm,0000886346-20-000105
https://www.sec.gov/Archives/edgar/data/1016708/000117184321000342/exh_992.htm,0001171843-21-000342
https://www.sec.gov/Archives/edgar/data/1016708/000117184321000342/exh_991.htm,0001171843-21-000342
https://www.sec.gov/Archives/edgar/data/1016708/000117184320007477/exh_992.htm,0001171843-20-007477
https://www.sec.gov/Archives/edgar/data/1016708/000117184320007477/exh_991.htm,0001171843-20-007477
https://www.sec.gov/Archives/edgar/data/886346/000088634621000113/kaiform8kex992q22021.htm,0000886346-21-000113
https://www.sec.gov/Archives/edgar/data/886346/000088634621000113/kaiform8kex991q221.htm,0000886346-21-000113
https://www.sec.gov/Archives/edgar/data/1013237/000101323722000015/cgsinvestorcalldeckfinal.htm,0001013237-22-000015
https://www.sec.gov/Archives/edgar/data/886346/000088634620000066/kaiform8kexhibit99204292.htm,0000886346-20-000066
https://www.sec.gov/Archives/edgar/data/886346/000088634620000066/kaiform8kex991042920.htm,0000886346-20-000066
https://www.sec.gov/Archives/edgar/data/886346/000088634620000016/kaiform8kexhibit99202122.htm,0000886346-20-000016
https://www.sec.gov/Archives/edgar/data/886346/000088634620000016/kaiform8kexhibit991021.htm,0000886346-20-000016
https://www.sec.gov/Archives/edgar/data/1341766/000121390020019175/ea124713ex99-2_celsiushold.htm,0001213900-20-019175
https://www.sec.gov/Archives/edgar/data/1341766/000121390020019175/ea124713ex99-1_celsiushold.htm,0001213900-20-019175
https://www.sec.gov/Archives/edgar/data/886346/000088634622000015/kaiform8kex992q42021.htm,0000886346-22-000015
https://www.sec.gov/Archives/edgar/data/886346/000088634622000015/kaiform8kex991q421.htm,0000886346-22-000015
https://www.sec.gov/Archives/edgar/data/1101215/000110121520000187/exhibit_99-2.htm,0001101215-20-000187
https://www.sec.gov/Archives/edgar/data/1101215/000110121520000187/exhibit_99-1.htm,0001101215-20-000187
https://www.sec.gov/Archives/edgar/data/1101215/000110121521000015/exhibit_99-2.htm,0001101215-21-000015
https://www.sec.gov/Archives/edgar/data/1101215/000110121521000015/exhibit_99-1.htm,0001101215-21-000015
https://www.sec.gov/Archives/edgar/data/886346/000088634623000016/kaiform8kex992q42022.htm,0000886346-23-000016
https://www.sec.gov/Archives/edgar/data/886346/000088634623000016/kaiform8kex991q422.htm,0000886346-23-000016
https://www.sec.gov/Archives/edgar/data/1609809/000119312523120045/d200991dex991.htm,0001193125-23-120045
https://www.sec.gov/Archives/edgar/data/1212545/000121254521000146/walq22021earningspresent.htm,0001212545-21-000146
https://www.sec.gov/Archives/edgar/data/1212545/000121254521000146/pressrelease-6302021.htm,0001212545-21-000146
https://www.sec.gov/Archives/edgar/data/1525221/000152522119000056/a2019q1earningspresentat.htm,0001525221-19-000056
https://www.sec.gov/Archives/edgar/data/1525221/000152522119000056/exhibit991q12019earningsre.htm,0001525221-19-000056
https://www.sec.gov/Archives/edgar/data/1525221/000152522119000056/a2019shareholderletdf8.htm,0001525221-19-000056
https://www.sec.gov/Archives/edgar/data/856982/000155837020013555/mmsi-20201110xex99d2.htm,0001558370-20-013555
https://www.sec.gov/Archives/edgar/data/856982/000155837020013555/mmsi-20201110xex99d1.htm,0001558370-20-013555
https://www.sec.gov/Archives/edgar/data/1458891/000119312521325414/d263913dex993.htm,0001193125-21-325414
https://www.sec.gov/Archives/edgar/data/1458891/000119312521325414/d263913dex991.htm,0001193125-21-325414
https://www.sec.gov/Archives/edgar/data/1458891/000119312521325414/d263913dex992.htm,0001193125-21-325414
https://www.sec.gov/Archives/edgar/data/886346/000088634619000017/kaiform8kexhibit99302132.htm,0000886346-19-000017
https://www.sec.gov/Archives/edgar/data/886346/000088634619000017/kaiform8kexhibit02132019er.htm,0000886346-19-000017
https://www.sec.gov/Archives/edgar/data/886346/000088634619000017/kaiform8kexhibit02132019su.htm,0000886346-19-000017
https://www.sec.gov/Archives/edgar/data/767405/000121390022043211/ea163649ex99-1_sbfinancial.htm,0001213900-22-043211
https://www.sec.gov/Archives/edgar/data/1035354/000110465921140321/tm2133239d1_ex99-2.htm,0001104659-21-140321
https://www.sec.gov/Archives/edgar/data/1035354/000110465921140321/tm2133239d1_ex99-1.htm,0001104659-21-140321
https://www.sec.gov/Archives/edgar/data/1212545/000121254521000159/walq32021earningspresent.htm,0001212545-21-000159
https://www.sec.gov/Archives/edgar/data/1212545/000121254521000159/pressrelease-9302021.htm,0001212545-21-000159
https://www.sec.gov/Archives/edgar/data/700564/000070056419000024/final2019annualmeetingpr.htm,0000700564-19-000024
https://www.sec.gov/Archives/edgar/data/1341318/000134131819000042/lsbk-20190515xex99_1.htm,0001341318-19-000042
https://www.sec.gov/Archives/edgar/data/1534120/000162828021014453/initial_crohnsxdataxinve.htm,0001628280-21-014453
https://www.sec.gov/Archives/edgar/data/1534120/000162828021014453/july_irxdeckxcercxfinal.htm,0001628280-21-014453
https://www.sec.gov/Archives/edgar/data/1534120/000162828021014453/ex-992pressreleasecrohnsdi.htm,0001628280-21-014453
https://www.sec.gov/Archives/edgar/data/1212545/000121254521000121/walq12021earningspresent.htm,0001212545-21-000121
https://www.sec.gov/Archives/edgar/data/1212545/000121254521000121/pressrelease-3312021.htm,0001212545-21-000121
https://www.sec.gov/Archives/edgar/data/1711279/000119312521342256/d217944dex992.htm,0001193125-21-342256
https://www.sec.gov/Archives/edgar/data/1711279/000119312521342256/d217944dex991.htm,0001193125-21-342256
https://www.sec.gov/Archives/edgar/data/78003/000119312519204818/d769805dex992.htm,0001193125-19-204818
https://www.sec.gov/Archives/edgar/data/78003/000119312519204818/d769805dex991.htm,0001193125-19-204818
https://www.sec.gov/Archives/edgar/data/767405/000121390021006517/ea134540ex99-1_sbfinancial.htm,0001213900-21-006517
https://www.sec.gov/Archives/edgar/data/76334/000007633419000012/q2fy19earningspresentati.htm,0000076334-19-000012
https://www.sec.gov/Archives/edgar/data/76334/000007633419000012/exhibit9912qfy19.htm,0000076334-19-000012
https://www.sec.gov/Archives/edgar/data/1664710/000166471023000052/exhibit992.htm,0001664710-23-000052
https://www.sec.gov/Archives/edgar/data/1664710/000166471023000052/exhibit991.htm,0001664710-23-000052
https://www.sec.gov/Archives/edgar/data/1212545/000121254522000102/walq12022earningspresent.htm,0001212545-22-000102
https://www.sec.gov/Archives/edgar/data/1212545/000121254522000102/pressrelease-3312022.htm,0001212545-22-000102
https://www.sec.gov/Archives/edgar/data/1525221/000152522121000051/ex992brsq2fy22ep.htm,0001525221-21-000051
https://www.sec.gov/Archives/edgar/data/1525221/000152522121000051/q2fy2022exhibit991.htm,0001525221-21-000051
https://www.sec.gov/Archives/edgar/data/873303/000156459020028560/srpt-ex992_18.htm,0001564590-20-028560
https://www.sec.gov/Archives/edgar/data/873303/000156459020028560/srpt-ex991_17.htm,0001564590-20-028560
https://www.sec.gov/Archives/edgar/data/1347858/000155837023003237/xxii-20230309xex99d2.htm,0001558370-23-003237
https://www.sec.gov/Archives/edgar/data/1347858/000155837023003237/xxii-20230309xex99d1.htm,0001558370-23-003237
https://www.sec.gov/Archives/edgar/data/74046/000007404621000115/annualmeeting2021masterf.htm,0000074046-21-000115
https://www.sec.gov/Archives/edgar/data/74046/000007404621000115/exhibit-q1xf22xdividends.htm,0000074046-21-000115
https://www.sec.gov/Archives/edgar/data/1525221/000152522120000064/exhibit992pres.htm,0001525221-20-000064
https://www.sec.gov/Archives/edgar/data/1525221/000152522120000064/exhibit991.htm,0001525221-20-000064
https://www.sec.gov/Archives/edgar/data/1356090/000119312520220503/d948669dex991.htm,0001193125-20-220503
https://www.sec.gov/Archives/edgar/data/1212545/000121254522000124/walq22022earningspresent.htm,0001212545-22-000124
https://www.sec.gov/Archives/edgar/data/1212545/000121254522000124/pressrelease-6302022.htm,0001212545-22-000124
https://www.sec.gov/Archives/edgar/data/1347858/000155837023008633/xxii-20230509xex99d2.htm,0001558370-23-008633
https://www.sec.gov/Archives/edgar/data/1347858/000155837023008633/xxii-20230509xex99d1.htm,0001558370-23-008633
https://www.sec.gov/Archives/edgar/data/1525221/000152522119000080/a2019q2earningspresentat.htm,0001525221-19-000080
https://www.sec.gov/Archives/edgar/data/1525221/000152522119000080/exhibit991q22019earningsre.htm,0001525221-19-000080
https://www.sec.gov/Archives/edgar/data/1646188/000121390023011133/ea173472ex99-2_ondas.htm,0001213900-23-011133
https://www.sec.gov/Archives/edgar/data/1646188/000121390023011133/ea173472ex99-1_ondas.htm,0001213900-23-011133
https://www.sec.gov/Archives/edgar/data/1525221/000152522119000009/era2018q4earningspresent.htm,0001525221-19-000009
https://www.sec.gov/Archives/edgar/data/1525221/000152522119000009/exhibit991q42018earningsre.htm,0001525221-19-000009
https://www.sec.gov/Archives/edgar/data/1711279/000119312522086630/d287446dex991.htm,0001193125-22-086630
https://www.sec.gov/Archives/edgar/data/1419242/000110465921004406/tm213166d1_ex99-3.htm,0001104659-21-004406
https://www.sec.gov/Archives/edgar/data/1419242/000110465921004406/tm213166d1_ex99-1.htm,0001104659-21-004406
https://www.sec.gov/Archives/edgar/data/1419242/000110465921004406/tm213166d1_ex99-2.htm,0001104659-21-004406
https://www.sec.gov/Archives/edgar/data/1622229/000119312522171489/d330856dex992.htm,0001193125-22-171489
https://www.sec.gov/Archives/edgar/data/1622229/000119312522171489/d330856dex991.htm,0001193125-22-171489
https://www.sec.gov/Archives/edgar/data/76334/000007633421000026/earningscallpresentation.htm,0000076334-21-000026
https://www.sec.gov/Archives/edgar/data/76334/000007633421000026/exhibit9912qfy21.htm,0000076334-21-000026
https://www.sec.gov/Archives/edgar/data/1525221/000152522119000093/a2019q3earningspresentat.htm,0001525221-19-000093
https://www.sec.gov/Archives/edgar/data/1525221/000152522119000093/exhibit991q32019earningsre.htm,0001525221-19-000093
https://www.sec.gov/Archives/edgar/data/76334/000007633419000044/q3fy19earningspresentati.htm,0000076334-19-000044
https://www.sec.gov/Archives/edgar/data/76334/000007633419000044/exhibit9913qfy19.htm,0000076334-19-000044
https://www.sec.gov/Archives/edgar/data/1368265/000110465922007913/tm224602d1_ex99-1.htm,0001104659-22-007913
https://www.sec.gov/Archives/edgar/data/16732/000095010323011620/dp198090_ex9901.htm,0000950103-23-011620
https://www.sec.gov/Archives/edgar/data/16732/000095010323011620/dp198090_ex9902.htm,0000950103-23-011620
https://www.sec.gov/Archives/edgar/data/1368265/000110465922007579/tm224490d1_ex99-1.htm,0001104659-22-007579
https://www.sec.gov/Archives/edgar/data/1948455/000121390023075591/ea184994ex99-2_ispiretech.htm,0001213900-23-075591
https://www.sec.gov/Archives/edgar/data/1948455/000121390023075591/ea184994ex99-1_ispiretech.htm,0001213900-23-075591
https://www.sec.gov/Archives/edgar/data/1525221/000152522120000077/ex992brsq2fy21earningspr.htm,0001525221-20-000077
https://www.sec.gov/Archives/edgar/data/1525221/000152522120000077/q2fy2021exhibit991.htm,0001525221-20-000077
https://www.sec.gov/Archives/edgar/data/1611983/000110465920138229/tm2038584d3_ex99-1.htm,0001104659-20-138229
https://www.sec.gov/Archives/edgar/data/1611983/000110465920138229/tm2038584d3_ex99-2.htm,0001104659-20-138229
https://www.sec.gov/Archives/edgar/data/1611983/000110465920138229/tm2038584d3_ex99-3.htm,0001104659-20-138229
https://www.sec.gov/Archives/edgar/data/29905/000119312520244880/d64020dex991.htm,0001193125-20-244880
https://www.sec.gov/Archives/edgar/data/1525221/000152522122000013/ex992brsq4fy22ep.htm,0001525221-22-000013
https://www.sec.gov/Archives/edgar/data/1525221/000152522122000013/q4fy2022exhibit991.htm,0001525221-22-000013
https://www.sec.gov/Archives/edgar/data/1525221/000152522122000004/ex992brsq3fy22ep.htm,0001525221-22-000004
https://www.sec.gov/Archives/edgar/data/1525221/000152522122000004/q3fy2022exhibit991.htm,0001525221-22-000004
https://www.sec.gov/Archives/edgar/data/1525221/000152522122000032/ex992brsq1fy23ep.htm,0001525221-22-000032
https://www.sec.gov/Archives/edgar/data/1525221/000152522122000032/q1fy2023exhibit991.htm,0001525221-22-000032
https://www.sec.gov/Archives/edgar/data/1752836/000175283622000003/cvetjpmhealthcareconfere.htm,0001752836-22-000003
https://www.sec.gov/Archives/edgar/data/1819790/000181979023000034/commercialwebcastpresent.htm,0001819790-23-000034
https://www.sec.gov/Archives/edgar/data/1525221/000152522121000018/ex992_brsq4fy21ep.htm,0001525221-21-000018
https://www.sec.gov/Archives/edgar/data/1525221/000152522121000018/q4fy2021exhibit991ye.htm,0001525221-21-000018
https://www.sec.gov/Archives/edgar/data/1212545/000121254522000007/walq42021earningspresent.htm,0001212545-22-000007
https://www.sec.gov/Archives/edgar/data/1212545/000121254522000007/pressrelease-12312021.htm,0001212545-22-000007
https://www.sec.gov/Archives/edgar/data/1525221/000152522121000035/ex992brsq1fy22ep.htm,0001525221-21-000035
https://www.sec.gov/Archives/edgar/data/1525221/000152522121000035/q1fy2022exhibit991.htm,0001525221-21-000035
https://www.sec.gov/Archives/edgar/data/1525221/000152522123000041/ex992q22023ep.htm,0001525221-23-000041
https://www.sec.gov/Archives/edgar/data/1525221/000152522123000041/q22023exhibit991.htm,0001525221-23-000041
https://www.sec.gov/Archives/edgar/data/730263/000156459021032017/tho-ex993_9.htm,0001564590-21-032017
https://www.sec.gov/Archives/edgar/data/730263/000156459021032017/d190102dex991.htm,0001564590-21-032017
https://www.sec.gov/Archives/edgar/data/730263/000156459021032017/tho-ex992_10.htm,0001564590-21-032017
https://www.sec.gov/Archives/edgar/data/1609065/000095017023025547/pbhc-ex99_1.htm,0000950170-23-025547
https://www.sec.gov/Archives/edgar/data/1212545/000121254522000149/walq32022earningspresent.htm,0001212545-22-000149
https://www.sec.gov/Archives/edgar/data/1212545/000121254522000149/pressrelease-9302022.htm,0001212545-22-000149
https://www.sec.gov/Archives/edgar/data/1510295/000151029519000094/mpc2q19slidesfinal.htm,0001510295-19-000094
https://www.sec.gov/Archives/edgar/data/1510295/000151029519000094/mpcq22019earningsrelease.htm,0001510295-19-000094
https://www.sec.gov/Archives/edgar/data/730263/000110465919070776/tm1924753d1_ex99-3.htm,0001104659-19-070776
https://www.sec.gov/Archives/edgar/data/730263/000110465919070776/tm1924753d1_ex99-1.htm,0001104659-19-070776
https://www.sec.gov/Archives/edgar/data/730263/000110465919070776/tm1924753d1_ex99-2.htm,0001104659-19-070776
https://www.sec.gov/Archives/edgar/data/1525221/000152522121000006/ex992brsq3fy21earningspr.htm,0001525221-21-000006
https://www.sec.gov/Archives/edgar/data/1525221/000152522121000006/q3fy2021exhibit991.htm,0001525221-21-000006
https://www.sec.gov/Archives/edgar/data/76334/000007633419000127/q1fy20earningspresentati.htm,0000076334-19-000127
https://www.sec.gov/Archives/edgar/data/76334/000007633419000127/exhibit9911qfy20.htm,0000076334-19-000127
https://www.sec.gov/Archives/edgar/data/1525221/000152522120000050/exhibit9922020q1earnings.htm,0001525221-20-000050
https://www.sec.gov/Archives/edgar/data/1525221/000152522120000050/exhibit991q12020earnin.htm,0001525221-20-000050
https://www.sec.gov/Archives/edgar/data/1413329/000141332919000029/a201904182019firstquarte.htm,0001413329-19-000029
https://www.sec.gov/Archives/edgar/data/1413329/000141332919000029/earningsreleasepm-ex991xq1.htm,0001413329-19-000029
https://www.sec.gov/Archives/edgar/data/1413329/000141332919000029/earningscallscriptpm-ex992.htm,0001413329-19-000029
https://www.sec.gov/Archives/edgar/data/1525221/000152522122000044/ex992q2fy2023ep.htm,0001525221-22-000044
https://www.sec.gov/Archives/edgar/data/1525221/000152522122000044/q2fy2023exhibit991.htm,0001525221-22-000044
https://www.sec.gov/Archives/edgar/data/76334/000007633420000004/q2fy20earningspresentati.htm,0000076334-20-000004
https://www.sec.gov/Archives/edgar/data/76334/000007633420000004/exhibit9912qfy20.htm,0000076334-20-000004
https://www.sec.gov/Archives/edgar/data/1126234/000112623422000122/lumospharmakolevent2022_.htm,0001126234-22-000122
https://www.sec.gov/Archives/edgar/data/1126234/000112623422000122/lumo-20221212x8kxex991.htm,0001126234-22-000122
https://www.sec.gov/Archives/edgar/data/730263/000156459020028547/tho-ex993_85.htm,0001564590-20-028547
https://www.sec.gov/Archives/edgar/data/730263/000156459020028547/d937197dex991.htm,0001564590-20-028547
https://www.sec.gov/Archives/edgar/data/730263/000156459020028547/tho-ex992_33.htm,0001564590-20-028547
https://www.sec.gov/Archives/edgar/data/730263/000156459020044740/tho-ex993_56.htm,0001564590-20-044740
https://www.sec.gov/Archives/edgar/data/730263/000156459020044740/d60078dex991.htm,0001564590-20-044740
https://www.sec.gov/Archives/edgar/data/730263/000156459020044740/tho-ex992_58.htm,0001564590-20-044740
https://www.sec.gov/Archives/edgar/data/76334/000007633419000064/exhibit992q4fy19earnings.htm,0000076334-19-000064
https://www.sec.gov/Archives/edgar/data/76334/000007633419000064/exhibit9914qfy19.htm,0000076334-19-000064
https://www.sec.gov/Archives/edgar/data/730263/000156459021011594/tho-ex993_40.htm,0001564590-21-011594
https://www.sec.gov/Archives/edgar/data/730263/000156459021011594/d143176dex991.htm,0001564590-21-011594
https://www.sec.gov/Archives/edgar/data/730263/000156459021011594/tho-ex992_9.htm,0001564590-21-011594
https://www.sec.gov/Archives/edgar/data/1525221/000152522120000004/era2019q4earningspresent.htm,0001525221-20-000004
https://www.sec.gov/Archives/edgar/data/1525221/000152522120000004/exhibit991q42019earningsre.htm,0001525221-20-000004
https://www.sec.gov/Archives/edgar/data/730263/000156459020009242/tho-ex993_6.htm,0001564590-20-009242
https://www.sec.gov/Archives/edgar/data/730263/000156459020009242/d900139dex991.htm,0001564590-20-009242
https://www.sec.gov/Archives/edgar/data/730263/000156459020009242/tho-ex992_126.htm,0001564590-20-009242
https://www.sec.gov/Archives/edgar/data/99302/000120677423001246/trns4265491-ex991.htm,0001206774-23-001246
https://www.sec.gov/Archives/edgar/data/1212545/000121254523000142/q22023earningspresentati.htm,0001212545-23-000142
https://www.sec.gov/Archives/edgar/data/1212545/000121254523000142/pressrelease-6302023.htm,0001212545-23-000142
https://www.sec.gov/Archives/edgar/data/1434524/000110465922125946/tm2232365d1_ex99-1.htm,0001104659-22-125946
https://www.sec.gov/Archives/edgar/data/1005286/000162828019003896/exhibit991.htm,0001628280-19-003896
https://www.sec.gov/Archives/edgar/data/730263/000114420419046373/tv530159_ex99-3.htm,0001144204-19-046373
https://www.sec.gov/Archives/edgar/data/730263/000114420419046373/tv530159_ex99-1.htm,0001144204-19-046373
https://www.sec.gov/Archives/edgar/data/730263/000114420419046373/tv530159_ex99-2.htm,0001144204-19-046373
https://www.sec.gov/Archives/edgar/data/1413329/000141332919000005/a201902072018fullyearand.htm,0001413329-19-000005
https://www.sec.gov/Archives/edgar/data/1413329/000141332919000005/earningsreleasepm-ex991xq4.htm,0001413329-19-000005
https://www.sec.gov/Archives/edgar/data/1413329/000141332919000005/earningscallscriptpm-ex992.htm,0001413329-19-000005
https://www.sec.gov/Archives/edgar/data/1525221/000152522123000058/ex992q32023.htm,0001525221-23-000058
https://www.sec.gov/Archives/edgar/data/1525221/000152522123000058/q32023exhibit991.htm,0001525221-23-000058
https://www.sec.gov/Archives/edgar/data/1525221/000152522123000022/ex992q12023ep.htm,0001525221-23-000022
https://www.sec.gov/Archives/edgar/data/1525221/000152522123000022/q12023exhibit991.htm,0001525221-23-000022
https://www.sec.gov/Archives/edgar/data/730263/000117184323007451/exh_993.htm,0001171843-23-007451
https://www.sec.gov/Archives/edgar/data/730263/000117184323007451/exh_991.htm,0001171843-23-007451
https://www.sec.gov/Archives/edgar/data/730263/000117184323007451/exh_992.htm,0001171843-23-007451
https://www.sec.gov/Archives/edgar/data/730263/000117184322007871/exh_993.htm,0001171843-22-007871
https://www.sec.gov/Archives/edgar/data/730263/000117184322007871/exh_991.htm,0001171843-22-007871
https://www.sec.gov/Archives/edgar/data/730263/000117184322007871/exh_992.htm,0001171843-22-007871
https://www.sec.gov/Archives/edgar/data/76334/000007633420000044/q3fy20earningspresentati.htm,0000076334-20-000044
https://www.sec.gov/Archives/edgar/data/76334/000007633420000044/exhibit9913qfy20.htm,0000076334-20-000044
https://www.sec.gov/Archives/edgar/data/730263/000117184322006255/exh_993.htm,0001171843-22-006255
https://www.sec.gov/Archives/edgar/data/730263/000117184322006255/exh_991.htm,0001171843-22-006255
https://www.sec.gov/Archives/edgar/data/730263/000117184322006255/exh_992.htm,0001171843-22-006255
https://www.sec.gov/Archives/edgar/data/767405/000121390023083476/ea187712ex99-1_sbfinancial.htm,0001213900-23-083476
https://www.sec.gov/Archives/edgar/data/1212545/000121254523000004/walq42022earningspresent.htm,0001212545-23-000004
https://www.sec.gov/Archives/edgar/data/1212545/000121254523000004/pressrelease-12312022.htm,0001212545-23-000004
https://www.sec.gov/Archives/edgar/data/1365135/000155837021005702/wu-20210504xex99d2.htm,0001558370-21-005702
https://www.sec.gov/Archives/edgar/data/1365135/000155837021005702/wu-20210504xex99d1.htm,0001558370-21-005702
https://www.sec.gov/Archives/edgar/data/730263/000156459021059681/tho-ex993_9.htm,0001564590-21-059681
https://www.sec.gov/Archives/edgar/data/730263/000156459021059681/d255543dex991.htm,0001564590-21-059681
https://www.sec.gov/Archives/edgar/data/730263/000156459021059681/tho-ex992_7.htm,0001564590-21-059681
https://www.sec.gov/Archives/edgar/data/1365135/000095017023001982/wu-ex99_2.htm,0000950170-23-001982
https://www.sec.gov/Archives/edgar/data/1365135/000095017023001982/wu-ex99_1.htm,0000950170-23-001982
https://www.sec.gov/Archives/edgar/data/1525221/000152522123000007/ex992cy2022ep.htm,0001525221-23-000007
https://www.sec.gov/Archives/edgar/data/1525221/000152522123000007/a2022exhibit991.htm,0001525221-23-000007
https://www.sec.gov/Archives/edgar/data/730263/000156459020056387/tho-ex993_6.htm,0001564590-20-056387
https://www.sec.gov/Archives/edgar/data/730263/000156459020056387/d76500dex991.htm,0001564590-20-056387
https://www.sec.gov/Archives/edgar/data/730263/000156459020056387/tho-ex992_8.htm,0001564590-20-056387
https://www.sec.gov/Archives/edgar/data/1592386/000110465922000723/tm221381d1_ex99-1.htm,0001104659-22-000723
https://www.sec.gov/Archives/edgar/data/1592386/000110465922000723/tm221381d1_ex99-2.htm,0001104659-22-000723
https://www.sec.gov/Archives/edgar/data/1212545/000121254523000157/walq32023earningspresent.htm,0001212545-23-000157
https://www.sec.gov/Archives/edgar/data/1212545/000121254523000157/pressrelease-9302023.htm,0001212545-23-000157
https://www.sec.gov/Archives/edgar/data/730263/000156459021049117/tho-ex993_8.htm,0001564590-21-049117
https://www.sec.gov/Archives/edgar/data/730263/000156459021049117/d126609dex991.htm,0001564590-21-049117
https://www.sec.gov/Archives/edgar/data/730263/000156459021049117/tho-ex992_9.htm,0001564590-21-049117
https://www.sec.gov/Archives/edgar/data/1413329/000141332919000066/exhibit993.htm,0001413329-19-000066
https://www.sec.gov/Archives/edgar/data/1413329/000141332919000066/earningsreleasepm-ex99.htm,0001413329-19-000066
https://www.sec.gov/Archives/edgar/data/1413329/000141332919000066/earningscallscriptpm-e.htm,0001413329-19-000066
https://www.sec.gov/Archives/edgar/data/1062822/000106282221000044/transcript.htm,0001062822-21-000044
https://www.sec.gov/Archives/edgar/data/1062822/000106282221000044/pressreleaseearnings2021-0.htm,0001062822-21-000044
https://www.sec.gov/Archives/edgar/data/1212545/000121254523000119/walq12023earningspresent.htm,0001212545-23-000119
https://www.sec.gov/Archives/edgar/data/1212545/000121254523000119/pressrelease-3312023.htm,0001212545-23-000119
https://www.sec.gov/Archives/edgar/data/1365135/000095017022014268/wu-ex99_2.htm,0000950170-22-014268
https://www.sec.gov/Archives/edgar/data/1365135/000095017022014268/wu-ex99_1.htm,0000950170-22-014268
https://www.sec.gov/Archives/edgar/data/1365135/000095017022020836/wu-ex99_2.htm,0000950170-22-020836
https://www.sec.gov/Archives/edgar/data/1365135/000095017022020836/wu-ex99_1.htm,0000950170-22-020836
https://www.sec.gov/Archives/edgar/data/730263/000156459020056366/tho-ex993_132.htm,0001564590-20-056366
https://www.sec.gov/Archives/edgar/data/730263/000156459020056366/d76500dex991.htm,0001564590-20-056366
https://www.sec.gov/Archives/edgar/data/730263/000156459020056366/tho-ex992_6.htm,0001564590-20-056366
https://www.sec.gov/Archives/edgar/data/730263/000117184323001465/exh_993.htm,0001171843-23-001465
https://www.sec.gov/Archives/edgar/data/730263/000117184323001465/exh_991.htm,0001171843-23-001465
https://www.sec.gov/Archives/edgar/data/730263/000117184323001465/exh_992.htm,0001171843-23-001465
https://www.sec.gov/Archives/edgar/data/1126234/000112623423000079/lumokol3presentationdeck.htm,0001126234-23-000079
https://www.sec.gov/Archives/edgar/data/1126234/000112623423000079/lumo-20230621xex991.htm,0001126234-23-000079
https://www.sec.gov/Archives/edgar/data/730263/000117184323005852/exh_993.htm,0001171843-23-005852
https://www.sec.gov/Archives/edgar/data/730263/000117184323005852/exh_991.htm,0001171843-23-005852
https://www.sec.gov/Archives/edgar/data/730263/000117184323005852/exh_992.htm,0001171843-23-005852
https://www.sec.gov/Archives/edgar/data/730263/000117184323003786/exh_993.htm,0001171843-23-003786
https://www.sec.gov/Archives/edgar/data/730263/000117184323003786/exh_991.htm,0001171843-23-003786
https://www.sec.gov/Archives/edgar/data/730263/000117184323003786/exh_992.htm,0001171843-23-003786
https://www.sec.gov/Archives/edgar/data/1365135/000155837021014094/wu-20211102xex99d2.htm,0001558370-21-014094
https://www.sec.gov/Archives/edgar/data/1365135/000155837021014094/wu-20211102xex99d1.htm,0001558370-21-014094
https://www.sec.gov/Archives/edgar/data/1597264/000155837020002717/ex-99d1.htm,0001558370-20-002717
https://www.sec.gov/Archives/edgar/data/1597264/000155837020002717/ex-99d2.htm,0001558370-20-002717
https://www.sec.gov/Archives/edgar/data/1413329/000141332919000051/ex993slides.htm,0001413329-19-000051
https://www.sec.gov/Archives/edgar/data/1413329/000141332919000051/earningsreleasepm-ex991xq2.htm,0001413329-19-000051
https://www.sec.gov/Archives/edgar/data/1413329/000141332919000051/earningscallscriptpm-ex992.htm,0001413329-19-000051
https://www.sec.gov/Archives/edgar/data/1856485/000119312521268373/d227022dex991.htm,0001193125-21-268373
https://www.sec.gov/Archives/edgar/data/1365135/000155837021010205/wu-20210804xex99d2.htm,0001558370-21-010205
https://www.sec.gov/Archives/edgar/data/1365135/000155837021010205/wu-20210804xex99d1.htm,0001558370-21-010205
https://www.sec.gov/Archives/edgar/data/1509745/000110465922078992/tm2220786d1_ex99-1.htm,0001104659-22-078992
https://www.sec.gov/Archives/edgar/data/1509745/000110465922078992/tm2220786d1_ex99-2.htm,0001104659-22-078992
https://www.sec.gov/Archives/edgar/data/1434524/000110465920033261/tm2012744d1_ex99-2.htm,0001104659-20-033261
https://www.sec.gov/Archives/edgar/data/1434524/000110465920033261/tm2012744d1_ex99-1.htm,0001104659-20-033261
https://www.sec.gov/Archives/edgar/data/730263/000117184322004215/exh_993.htm,0001171843-22-004215
https://www.sec.gov/Archives/edgar/data/730263/000117184322004215/exh_991.htm,0001171843-22-004215
https://www.sec.gov/Archives/edgar/data/730263/000117184322004215/exh_992.htm,0001171843-22-004215
https://www.sec.gov/Archives/edgar/data/1481582/000095017022022876/ryi-ex99_2.htm,0000950170-22-022876
https://www.sec.gov/Archives/edgar/data/1481582/000095017022022876/ryi-ex99_1.htm,0000950170-22-022876
https://www.sec.gov/Archives/edgar/data/30625/000119312520207193/d17916dex992.htm,0001193125-20-207193
https://www.sec.gov/Archives/edgar/data/30625/000119312520207193/d17916dex991.htm,0001193125-20-207193
https://www.sec.gov/Archives/edgar/data/108516/000095017023032000/wor-ex99_1.htm,0000950170-23-032000
https://www.sec.gov/Archives/edgar/data/1434524/000110465923063815/tm2316656d1_ex99-2.htm,0001104659-23-063815
https://www.sec.gov/Archives/edgar/data/1434524/000110465923063815/tm2316656d1_ex99-1.htm,0001104659-23-063815
https://www.sec.gov/Archives/edgar/data/1069308/000156459019028533/acer-ex991_6.htm,0001564590-19-028533
https://www.sec.gov/Archives/edgar/data/1434524/000110465922097693/tm2225131d1_ex99-2.htm,0001104659-22-097693
https://www.sec.gov/Archives/edgar/data/1434524/000110465922097693/tm2225131d1_ex99-1.htm,0001104659-22-097693
https://www.sec.gov/Archives/edgar/data/76334/000007633420000072/q4fy20earningspresentati.htm,0000076334-20-000072
https://www.sec.gov/Archives/edgar/data/76334/000007633420000072/exhibit9914qfy20.htm,0000076334-20-000072
https://www.sec.gov/Archives/edgar/data/33185/000003318519000014/exhibit99120190331.htm,0000033185-19-000014
https://www.sec.gov/Archives/edgar/data/33185/000003318522000038/exhibit99120220630.htm,0000033185-22-000038
https://www.sec.gov/Archives/edgar/data/33185/000003318520000038/exhibit99120200630.htm,0000033185-20-000038
https://www.sec.gov/Archives/edgar/data/1413329/000141332921000020/exhibit993.htm,0001413329-21-000020
https://www.sec.gov/Archives/edgar/data/1413329/000141332921000020/earningsreleasepm-ex991xq1.htm,0001413329-21-000020
https://www.sec.gov/Archives/edgar/data/1413329/000141332921000020/earningscallscriptpm-ex992.htm,0001413329-21-000020
https://www.sec.gov/Archives/edgar/data/33185/000003318519000022/exhibit99120190630.htm,0000033185-19-000022
https://www.sec.gov/Archives/edgar/data/767405/000121390023063273/ea182757ex99-1_sbfinancial.htm,0001213900-23-063273
https://www.sec.gov/Archives/edgar/data/730263/000117184322001716/exh_993.htm,0001171843-22-001716
https://www.sec.gov/Archives/edgar/data/730263/000117184322001716/exh_991.htm,0001171843-22-001716
https://www.sec.gov/Archives/edgar/data/730263/000117184322001716/exh_992.htm,0001171843-22-001716
https://www.sec.gov/Archives/edgar/data/33185/000003318523000019/exhibit99120230331.htm,0000033185-23-000019
https://www.sec.gov/Archives/edgar/data/33185/000003318521000039/exhibit99120210630.htm,0000033185-21-000039
https://www.sec.gov/Archives/edgar/data/33185/000003318523000029/exhibit99120230630.htm,0000033185-23-000029
https://www.sec.gov/Archives/edgar/data/1413329/000141332920000004/a20200206ex993.htm,0001413329-20-000004
https://www.sec.gov/Archives/edgar/data/1413329/000141332920000004/earningsreleasepm-ex99.htm,0001413329-20-000004
https://www.sec.gov/Archives/edgar/data/1413329/000141332920000004/earningscallscriptpm-e.htm,0001413329-20-000004
https://www.sec.gov/Archives/edgar/data/1674168/000119312521155724/d495263dex991.htm,0001193125-21-155724
https://www.sec.gov/Archives/edgar/data/33185/000003318522000054/exhibit99120220930.htm,0000033185-22-000054
https://www.sec.gov/Archives/edgar/data/33185/000003318521000051/exhibit99120210930.htm,0000033185-21-000051
https://www.sec.gov/Archives/edgar/data/33185/000003318520000049/exhibit99120200930.htm,0000033185-20-000049
https://www.sec.gov/Archives/edgar/data/33185/000003318522000019/exhibit99120220331.htm,0000033185-22-000019
https://www.sec.gov/Archives/edgar/data/730263/000114420419030454/tv523329_ex99-3.htm,0001144204-19-030454
https://www.sec.gov/Archives/edgar/data/730263/000114420419030454/tv523329_ex99-1.htm,0001144204-19-030454
https://www.sec.gov/Archives/edgar/data/730263/000114420419030454/tv523329_ex99-2.htm,0001144204-19-030454
https://www.sec.gov/Archives/edgar/data/33185/000003318519000030/exhibit99120190930.htm,0000033185-19-000030
https://www.sec.gov/Archives/edgar/data/33185/000003318521000030/exhibit99120210331.htm,0000033185-21-000030
https://www.sec.gov/Archives/edgar/data/1813814/000119312523294936/d605082dex992.htm,0001193125-23-294936
https://www.sec.gov/Archives/edgar/data/1813814/000119312523294936/d605082dex991.htm,0001193125-23-294936
https://www.sec.gov/Archives/edgar/data/33185/000003318520000024/exhibit99120200331.htm,0000033185-20-000024
https://www.sec.gov/Archives/edgar/data/1434524/000110465921144469/tm2133972d1_ex99-2.htm,0001104659-21-144469
https://www.sec.gov/Archives/edgar/data/1434524/000110465921144469/tm2133972d1_ex99-1.htm,0001104659-21-144469
https://www.sec.gov/Archives/edgar/data/1374310/000155837020009016/cboe-20200731xex99d1.htm,0001558370-20-009016
https://www.sec.gov/Archives/edgar/data/1374310/000155837020009016/cboe-20200731xex99d2.htm,0001558370-20-009016
https://www.sec.gov/Archives/edgar/data/1525221/000152522121000054/a991analystday2021.htm,0001525221-21-000054
https://www.sec.gov/Archives/edgar/data/1434524/000110465923097793/tm2325390d1_ex99-2.htm,0001104659-23-097793
https://www.sec.gov/Archives/edgar/data/1434524/000110465923097793/tm2325390d1_ex99-1.htm,0001104659-23-097793
https://www.sec.gov/Archives/edgar/data/1178879/000117887919000069/exhibit993.htm,0001178879-19-000069
https://www.sec.gov/Archives/edgar/data/1178879/000117887919000069/exhibit99114.htm,0001178879-19-000069
https://www.sec.gov/Archives/edgar/data/1178879/000117887919000069/exhibit992.htm,0001178879-19-000069
https://www.sec.gov/Archives/edgar/data/1712923/000171292321000004/gskyvirtualinvestordaypr.htm,0001712923-21-000004
https://www.sec.gov/Archives/edgar/data/1525221/000152522120000081/ex991analystdaydec2.htm,0001525221-20-000081
https://www.sec.gov/Archives/edgar/data/1805077/000121390020032355/ea128643ex99-1_briley2.htm,0001213900-20-032355
https://www.sec.gov/Archives/edgar/data/1413329/000141332920000059/a2020-10x20x2020_thirdxq.htm,0001413329-20-000059
https://www.sec.gov/Archives/edgar/data/1413329/000141332920000059/earningsreleasepm-ex99.htm,0001413329-20-000059
https://www.sec.gov/Archives/edgar/data/1413329/000141332920000059/earningscallscriptpm-e.htm,0001413329-20-000059
https://www.sec.gov/Archives/edgar/data/37996/000003799619000018/exhibit992toapril2019ear.htm,0000037996-19-000018
https://www.sec.gov/Archives/edgar/data/37996/000003799619000018/exhibit991toapril2019ear.htm,0000037996-19-000018
https://www.sec.gov/Archives/edgar/data/37996/000003799619000018/exhibit991toapril2019earning.pdf,0000037996-19-000018
https://www.sec.gov/Archives/edgar/data/1413329/000141332921000086/earningsslides-q32021.htm,0001413329-21-000086
https://www.sec.gov/Archives/edgar/data/1413329/000141332921000086/earningsreleasepm-ex991xq3.htm,0001413329-21-000086
https://www.sec.gov/Archives/edgar/data/1413329/000141332921000086/earningscallscriptpm-ex992.htm,0001413329-21-000086
https://www.sec.gov/Archives/edgar/data/1413329/000141332920000029/a20200421slides.htm,0001413329-20-000029
https://www.sec.gov/Archives/edgar/data/1413329/000141332920000029/earningsreleasepm-ex99.htm,0001413329-20-000029
https://www.sec.gov/Archives/edgar/data/1413329/000141332920000029/earningscallscriptpm-e.htm,0001413329-20-000029
https://www.sec.gov/Archives/edgar/data/33185/000003318523000040/exhibit99120230930.htm,0000033185-23-000040
https://www.sec.gov/Archives/edgar/data/1413329/000141332921000055/earningsslides-q22021.htm,0001413329-21-000055
https://www.sec.gov/Archives/edgar/data/1413329/000141332921000055/earningsreleasepm-ex991xq2.htm,0001413329-21-000055
https://www.sec.gov/Archives/edgar/data/1413329/000141332921000055/earningscallscriptpm-ex992.htm,0001413329-21-000055
https://www.sec.gov/Archives/edgar/data/33185/000003318519000004/a2018q48-kexhibit991.htm,0000033185-19-000004
https://www.sec.gov/Archives/edgar/data/1434524/000110465921083173/tm2113920d2_ex99-2.htm,0001104659-21-083173
https://www.sec.gov/Archives/edgar/data/1434524/000110465921083173/tm2113920d2_ex99-1.htm,0001104659-21-083173
https://www.sec.gov/Archives/edgar/data/37996/000003799619000065/exhibit992tojuly2019earn.htm,0000037996-19-000065
https://www.sec.gov/Archives/edgar/data/37996/000003799619000065/exhibit991tojuly2019earn.htm,0000037996-19-000065
https://www.sec.gov/Archives/edgar/data/37996/000003799619000065/exhibit991tojuly2019earnings.pdf,0000037996-19-000065
https://www.sec.gov/Archives/edgar/data/1413329/000141332920000049/a202007212020993.htm,0001413329-20-000049
https://www.sec.gov/Archives/edgar/data/1413329/000141332920000049/earningsreleasepm-ex99.htm,0001413329-20-000049
https://www.sec.gov/Archives/edgar/data/1413329/000141332920000049/earningscallscriptpm-e.htm,0001413329-20-000049
https://www.sec.gov/Archives/edgar/data/730263/000114420419012430/tv515565_ex99-3.htm,0001144204-19-012430
https://www.sec.gov/Archives/edgar/data/730263/000114420419012430/tv515565_ex99-1.htm,0001144204-19-012430
https://www.sec.gov/Archives/edgar/data/730263/000114420419012430/tv515565_ex99-2.htm,0001144204-19-012430
https://www.sec.gov/Archives/edgar/data/1413329/000141332921000003/ex993earningsslides-q420.htm,0001413329-21-000003
https://www.sec.gov/Archives/edgar/data/1413329/000141332921000003/earningsreleasepm-ex991xq4.htm,0001413329-21-000003
https://www.sec.gov/Archives/edgar/data/1413329/000141332921000003/earningscallscriptpm-ex992.htm,0001413329-21-000003
https://www.sec.gov/Archives/edgar/data/1851194/000119312523016234/d434896dex991.htm,0001193125-23-016234
https://www.sec.gov/Archives/edgar/data/1851194/000119312523016234/d434896dex992.htm,0001193125-23-016234
https://www.sec.gov/Archives/edgar/data/37996/000003799619000008/exhibit992tojanuary2019e.htm,0000037996-19-000008
https://www.sec.gov/Archives/edgar/data/37996/000003799619000008/exhibit991tojanuary2019e.htm,0000037996-19-000008
https://www.sec.gov/Archives/edgar/data/1413329/000141332922000007/earningsslides-q42021.htm,0001413329-22-000007
https://www.sec.gov/Archives/edgar/data/1413329/000141332922000007/earningsreleasepm-ex991xq4.htm,0001413329-22-000007
https://www.sec.gov/Archives/edgar/data/1413329/000141332922000007/earningscallscriptpm-ex992.htm,0001413329-22-000007
https://www.sec.gov/Archives/edgar/data/830524/000155837020000991/ex-99d1.htm,0001558370-20-000991
https://www.sec.gov/Archives/edgar/data/1434524/000110465921041551/tm2110949d1_ex99-2.htm,0001104659-21-041551
https://www.sec.gov/Archives/edgar/data/1434524/000110465921041551/tm2110949d1_ex99-1.htm,0001104659-21-041551
https://www.sec.gov/Archives/edgar/data/1434524/000114420419025466/tv521349_ex99-1.htm,0001144204-19-025466
https://www.sec.gov/Archives/edgar/data/1561387/000149315219012001/ex99-1.htm,0001493152-19-012001
https://www.sec.gov/Archives/edgar/data/830524/000155837019004261/ex-99d1.htm,0001558370-19-004261
https://www.sec.gov/Archives/edgar/data/830524/000155837019008286/ex-99d1.htm,0001558370-19-008286
https://www.sec.gov/Archives/edgar/data/33185/000003318520000004/a2019q48-kexhibit991.htm,0000033185-20-000004
https://www.sec.gov/Archives/edgar/data/4281/000110465920024467/tm2010854d1_ex99-2.htm,0001104659-20-024467
https://www.sec.gov/Archives/edgar/data/4281/000110465920024467/tm2010854d1_ex99-1.htm,0001104659-20-024467
https://www.sec.gov/Archives/edgar/data/1790982/000110465920024470/tm2010856d1_ex99-1.htm,0001104659-20-024470
https://www.sec.gov/Archives/edgar/data/1437352/000119312520082618/d868981dex991.htm,0001193125-20-082618
https://www.sec.gov/Archives/edgar/data/33185/000003318523000004/a2022q48-kexhibit991.htm,0000033185-23-000004
https://www.sec.gov/Archives/edgar/data/1098972/000119312520214434/d44878dex992.htm,0001193125-20-214434
https://www.sec.gov/Archives/edgar/data/1098972/000119312520214434/d44878dex991.htm,0001193125-20-214434
https://www.sec.gov/Archives/edgar/data/1098972/000119312520214434/d44878dex993.htm,0001193125-20-214434
https://www.sec.gov/Archives/edgar/data/33185/000003318522000006/a2021q48-kexhibit991.htm,0000033185-22-000006
https://www.sec.gov/Archives/edgar/data/896493/000121465919001451/ex99_1.htm,0001214659-19-001451
https://www.sec.gov/Archives/edgar/data/33185/000003318521000017/a2020q48-kaexhibit991.htm,0000033185-21-000017
https://www.sec.gov/Archives/edgar/data/33185/000003318521000013/a2020q48-kexhibit991.htm,0000033185-21-000013
https://www.sec.gov/Archives/edgar/data/1820721/000182072121000090/exhibit9912021q3pressrelea.htm,0001820721-21-000090
https://www.sec.gov/Archives/edgar/data/1820721/000182072121000090/exhibit992q3earningspres.htm,0001820721-21-000090
https://www.sec.gov/Archives/edgar/data/1820721/000182072121000090/exhibit9933q21earngstrns.htm,0001820721-21-000090
https://www.sec.gov/Archives/edgar/data/1820721/000182072121000090/exhibit994-projectswifpres.htm,0001820721-21-000090
https://www.sec.gov/Archives/edgar/data/1529377/000162828021001066/exhibit991january2021fl4se.htm,0001628280-21-001066
https://www.sec.gov/Archives/edgar/data/1631596/000114036122005801/brhc10034145_ex99-1.htm,0001140361-22-005801
https://www.sec.gov/Archives/edgar/data/1631596/000114036121028899/brhc10028182_ex99-1.htm,0001140361-21-028899
https://www.sec.gov/Archives/edgar/data/1803308/000153949720000554/exh99-1msmchmlpa.htm,0001539497-20-000554
https://www.sec.gov/Archives/edgar/data/1803308/000153949720000554/exh99-2banamlpa.htm,0001539497-20-000554
https://www.sec.gov/Archives/edgar/data/1803308/000153949720000554/exh99-3wfbmlpa.htm,0001539497-20-000554
https://www.sec.gov/Archives/edgar/data/1803308/000153949720000554/exh99-4ncbmlpa.htm,0001539497-20-000554
https://www.sec.gov/Archives/edgar/data/1803308/000153949720000554/exh99-5bravernoffice.htm,0001539497-20-000554
https://www.sec.gov/Archives/edgar/data/1803308/000153949720000554/exh99-6_560missionstreetcla.htm,0001539497-20-000554
https://www.sec.gov/Archives/edgar/data/1803308/000153949720000554/exh99-7_200west57thstreet.htm,0001539497-20-000554
https://www.sec.gov/Archives/edgar/data/1803308/000153949720000554/exh99-8_545washingtoncla.htm,0001539497-20-000554
https://www.sec.gov/Archives/edgar/data/1803308/000153949720000554/exh99-9_55hudsonyardscla.htm,0001539497-20-000554
https://www.sec.gov/Archives/edgar/data/1803308/000153949720000554/exh99-10_1633broadwaycla.htm,0001539497-20-000554
https://www.sec.gov/Archives/edgar/data/1803308/000153949720000554/exh99-11bellagiocla.htm,0001539497-20-000554
https://www.sec.gov/Archives/edgar/data/1803308/000153949720000554/exh99-12giantanchoredcla.htm,0001539497-20-000554
https://www.sec.gov/Archives/edgar/data/1790441/000153949719002157/exh99-1_barclay.htm,0001539497-19-002157
https://www.sec.gov/Archives/edgar/data/1790441/000153949719002157/exh99-2_keybank.htm,0001539497-19-002157
https://www.sec.gov/Archives/edgar/data/1790441/000153949719002157/exh99-3_natixis.htm,0001539497-19-002157
https://www.sec.gov/Archives/edgar/data/1790441/000153949719002157/exh99-4_socgen.htm,0001539497-19-002157
https://www.sec.gov/Archives/edgar/data/1790441/000153949719002157/exh99-5_rialto.htm,0001539497-19-002157
https://www.sec.gov/Archives/edgar/data/1790441/000153949719002157/exh99-6_bsprt.htm,0001539497-19-002157
https://www.sec.gov/Archives/edgar/data/1797056/000153949720000368/exh99-8jacksontsa.htm,0001539497-20-000368
https://www.sec.gov/Archives/edgar/data/1797056/000153949720000368/exh99-1msmchmlpa.htm,0001539497-20-000368
https://www.sec.gov/Archives/edgar/data/1797056/000153949720000368/exh99-2banamlpa.htm,0001539497-20-000368
https://www.sec.gov/Archives/edgar/data/1797056/000153949720000368/exh99-3wfbmlpa.htm,0001539497-20-000368
https://www.sec.gov/Archives/edgar/data/1797056/000153949720000368/exh99-4ncbmlpa.htm,0001539497-20-000368
https://www.sec.gov/Archives/edgar/data/1797056/000153949720000368/exh99-5_55hytsa.htm,0001539497-20-000368
https://www.sec.gov/Archives/edgar/data/1797056/000153949720000368/exh99-6bway2019_1633tsa.htm,0001539497-20-000368
https://www.sec.gov/Archives/edgar/data/1797056/000153949720000368/exh99-7bx2019_oc11tsa.htm,0001539497-20-000368
https://www.sec.gov/Archives/edgar/data/1797056/000153949720000368/exh99-9b16psa.htm,0001539497-20-000368
https://www.sec.gov/Archives/edgar/data/1797056/000153949720000368/exh99-10_bnk24psa.htm,0001539497-20-000368
https://www.sec.gov/Archives/edgar/data/1797056/000153949720000368/exh99-11mscl3psa.htm,0001539497-20-000368
https://www.sec.gov/Archives/edgar/data/1797056/000153949720000368/exh99-12bnk21psa.htm,0001539497-20-000368
https://www.sec.gov/Archives/edgar/data/1797056/000153949720000368/exh99-13_ubsc18psa.htm,0001539497-20-000368
https://www.sec.gov/Archives/edgar/data/1797056/000153949720000368/exh99-14bnk23psa.htm,0001539497-20-000368
https://www.sec.gov/Archives/edgar/data/1797056/000153949720000368/exh99-15_hdsnyrdscolender.htm,0001539497-20-000368
https://www.sec.gov/Archives/edgar/data/1797056/000153949720000368/exh99-16_1633broadwaycla.htm,0001539497-20-000368
https://www.sec.gov/Archives/edgar/data/1797056/000153949720000368/exh99-17_bellagiocla.htm,0001539497-20-000368
https://www.sec.gov/Archives/edgar/data/1797056/000153949720000368/exh99-18_545washington.htm,0001539497-20-000368
https://www.sec.gov/Archives/edgar/data/1797056/000153949720000368/exh99-19jacksoncla.htm,0001539497-20-000368
https://www.sec.gov/Archives/edgar/data/1797056/000153949720000368/exh99-20_kingsplaza.htm,0001539497-20-000368
https://www.sec.gov/Archives/edgar/data/1797056/000153949720000368/exh99-21_1412broadway.htm,0001539497-20-000368
https://www.sec.gov/Archives/edgar/data/1797056/000153949720000368/exh99-22parklawn.htm,0001539497-20-000368
https://www.sec.gov/Archives/edgar/data/1797056/000153949720000368/exh99-23parktower.htm,0001539497-20-000368
https://www.sec.gov/Archives/edgar/data/1797056/000153949720000368/exh99-24_560missionstreetcla.htm,0001539497-20-000368
https://www.sec.gov/Archives/edgar/data/1797056/000153949720000368/exh99-25chromaapartments.htm,0001539497-20-000368
https://www.sec.gov/Archives/edgar/data/1797056/000153949720000368/exh99-26sacramento.htm,0001539497-20-000368
https://www.sec.gov/Archives/edgar/data/1772527/000153949719000938/exh99-1barclays.htm,0001539497-19-000938
https://www.sec.gov/Archives/edgar/data/1772527/000153949719000938/exh99-2societegenerale.htm,0001539497-19-000938
https://www.sec.gov/Archives/edgar/data/1772527/000153949719000938/exh99-3keybank.htm,0001539497-19-000938
https://www.sec.gov/Archives/edgar/data/1772527/000153949719000938/exh99-4ubsag.htm,0001539497-19-000938
https://www.sec.gov/Archives/edgar/data/1772527/000153949719000938/exh99-5natixis.htm,0001539497-19-000938
https://www.sec.gov/Archives/edgar/data/1772527/000153949719000938/exh99-6rialto.htm,0001539497-19-000938
https://www.sec.gov/Archives/edgar/data/1793165/000153949719002325/exh99-1bana.htm,0001539497-19-002325
https://www.sec.gov/Archives/edgar/data/1793165/000153949719002325/exh99-2wfb.htm,0001539497-19-002325
https://www.sec.gov/Archives/edgar/data/1793165/000153949719002325/exh99-3msmch.htm,0001539497-19-002325
https://www.sec.gov/Archives/edgar/data/1793165/000153949719002325/exh99-4ncb.htm,0001539497-19-002325
https://www.sec.gov/Archives/edgar/data/1792414/000153949719002263/exh99-1wfbmlpa.htm,0001539497-19-002263
https://www.sec.gov/Archives/edgar/data/1792414/000153949719002263/exh99-2banamlpa.htm,0001539497-19-002263
https://www.sec.gov/Archives/edgar/data/1792414/000153949719002263/exh99-3msmchmlpa.htm,0001539497-19-002263
https://www.sec.gov/Archives/edgar/data/1792414/000153949719002263/exh99-4cptscla.htm,0001539497-19-002263
https://www.sec.gov/Archives/edgar/data/1792414/000153949719002263/exh99-5jacksoncla.htm,0001539497-19-002263
https://www.sec.gov/Archives/edgar/data/1792414/000153949719002263/exh99-6parktower.htm,0001539497-19-002263
https://www.sec.gov/Archives/edgar/data/1792414/000153949719002263/exh99-7ilpt.htm,0001539497-19-002263
https://www.sec.gov/Archives/edgar/data/1792414/000153949719002263/exh99-8_360northcrescent.htm,0001539497-19-002263
https://www.sec.gov/Archives/edgar/data/1792414/000153949719002263/exh99-9sacramento.htm,0001539497-19-002263
https://www.sec.gov/Archives/edgar/data/1792414/000153949719002263/exh99-10natlanchored.htm,0001539497-19-002263
https://www.sec.gov/Archives/edgar/data/1781089/000153949719001324/exh99-1mlpacrefi.htm,0001539497-19-001324
https://www.sec.gov/Archives/edgar/data/1781089/000153949719001324/exh99-2gaccmlpa.htm,0001539497-19-001324
https://www.sec.gov/Archives/edgar/data/1781089/000153949719001324/exh99-3jpmcb.htm,0001539497-19-001324
https://www.sec.gov/Archives/edgar/data/1785812/000153949719001681/exh99-1_mlpaubs.htm,0001539497-19-001681
https://www.sec.gov/Archives/edgar/data/1785812/000153949719001681/exh99-2_mlpawfb.htm,0001539497-19-001681
https://www.sec.gov/Archives/edgar/data/1785812/000153949719001681/exh99-3_mlparialto.htm,0001539497-19-001681
https://www.sec.gov/Archives/edgar/data/1785812/000153949719001681/exh99-4_mlpaladder.htm,0001539497-19-001681
https://www.sec.gov/Archives/edgar/data/1785812/000153949719001681/exh99-5_mlparref.htm,0001539497-19-001681
https://www.sec.gov/Archives/edgar/data/1785812/000153949719001681/exh99-6_mlpacibc.htm,0001539497-19-001681
https://www.sec.gov/Archives/edgar/data/1780131/000153949719001396/exh99-1_barclay.htm,0001539497-19-001396
https://www.sec.gov/Archives/edgar/data/1780131/000153949719001396/exh99-2sgfcmlpa.htm,0001539497-19-001396
https://www.sec.gov/Archives/edgar/data/1780131/000153949719001396/exh99-3_ubs.htm,0001539497-19-001396
https://www.sec.gov/Archives/edgar/data/1780131/000153949719001396/exh99-4_starwood.htm,0001539497-19-001396
https://www.sec.gov/Archives/edgar/data/1780131/000153949719001396/exh99-5_rialto.htm,0001539497-19-001396
https://www.sec.gov/Archives/edgar/data/1780131/000153949719001396/exh99-6cibcmlpa.htm,0001539497-19-001396
https://www.sec.gov/Archives/edgar/data/1780131/000153949719001396/exh99-7_natixis.htm,0001539497-19-001396
https://www.sec.gov/Archives/edgar/data/1547546/000110465923080397/tm2321114d1_ex99-1.htm,0001104659-23-080397
https://www.sec.gov/Archives/edgar/data/1814389/000153949720000908/exh99-1jpmcb.htm,0001539497-20-000908
https://www.sec.gov/Archives/edgar/data/1814389/000153949720000908/exh99-2_lcm.htm,0001539497-20-000908
https://www.sec.gov/Archives/edgar/data/1814389/000153949720000908/exh99-3gacc.htm,0001539497-20-000908
https://www.sec.gov/Archives/edgar/data/1814389/000153949720000908/exh99-4gsmc.htm,0001539497-20-000908
https://www.sec.gov/Archives/edgar/data/1889297/000153949721001908/exh99-7plzatsa.htm,0001539497-21-001908
https://www.sec.gov/Archives/edgar/data/1889297/000153949721001908/exh99-1wfb.htm,0001539497-21-001908
https://www.sec.gov/Archives/edgar/data/1889297/000153949721001908/exh99-2bana.htm,0001539497-21-001908
https://www.sec.gov/Archives/edgar/data/1889297/000153949721001908/exh99-3msmch.htm,0001539497-21-001908
https://www.sec.gov/Archives/edgar/data/1889297/000153949721001908/exh99-4ncb.htm,0001539497-21-001908
https://www.sec.gov/Archives/edgar/data/1889297/000153949721001908/exh99-5_bnk36psa.htm,0001539497-21-001908
https://www.sec.gov/Archives/edgar/data/1889297/000153949721001908/exh99-6_sohotsa.htm,0001539497-21-001908
https://www.sec.gov/Archives/edgar/data/1889297/000153949721001908/exh99-8_onenorthcla.htm,0001539497-21-001908
https://www.sec.gov/Archives/edgar/data/1889297/000153949721001908/exh99-9_1201lakerobbinscla.htm,0001539497-21-001908
https://www.sec.gov/Archives/edgar/data/1889297/000153949721001908/exh99-10_onesohocla.htm,0001539497-21-001908
https://www.sec.gov/Archives/edgar/data/1889297/000153949721001908/exh99-11plzaabccla.htm,0001539497-21-001908
https://www.sec.gov/Archives/edgar/data/1889297/000153949721001908/exh99-12_raymourandflanigan.htm,0001539497-21-001908
https://www.sec.gov/Archives/edgar/data/1889297/000153949721001908/exh99-13exchangeright49cla.htm,0001539497-21-001908
https://www.sec.gov/Archives/edgar/data/1889297/000153949721001908/exh99-14_arizonamillcla.htm,0001539497-21-001908
https://www.sec.gov/Archives/edgar/data/1763333/000153949719000313/exh99-1_mlpawfb.htm,0001539497-19-000313
https://www.sec.gov/Archives/edgar/data/1763333/000153949719000313/exh99-2_mlpamsmch.htm,0001539497-19-000313
https://www.sec.gov/Archives/edgar/data/1763333/000153949719000313/exh99-3_mlpabofa.htm,0001539497-19-000313
https://www.sec.gov/Archives/edgar/data/1763333/000153949719000313/exh99-4_mlpancb.htm,0001539497-19-000313
https://www.sec.gov/Archives/edgar/data/1902565/000153949722000317/exh99-1mlpabana.htm,0001539497-22-000317
https://www.sec.gov/Archives/edgar/data/1902565/000153949722000317/exh99-2mlpamsmch.htm,0001539497-22-000317
https://www.sec.gov/Archives/edgar/data/1902565/000153949722000317/exh99-3mlpawfb.htm,0001539497-22-000317
https://www.sec.gov/Archives/edgar/data/1902565/000153949722000317/exh99-4mlpancb.htm,0001539497-22-000317
https://www.sec.gov/Archives/edgar/data/1810050/000153949720000728/exh99-1gsmcmlpa.htm,0001539497-20-000728
https://www.sec.gov/Archives/edgar/data/1810050/000153949720000728/exh99-2crefimlpa.htm,0001539497-20-000728
https://www.sec.gov/Archives/edgar/data/1895567/000153949721002132/exh99-1msmchmlpa.htm,0001539497-21-002132
https://www.sec.gov/Archives/edgar/data/1895567/000153949721002132/exh99-2banamlpa.htm,0001539497-21-002132
https://www.sec.gov/Archives/edgar/data/1895567/000153949721002132/exh99-3wfbmlpa.htm,0001539497-21-002132
https://www.sec.gov/Archives/edgar/data/1895567/000153949721002132/exh99-4ncbmlpa.htm,0001539497-21-002132
https://www.sec.gov/Archives/edgar/data/1895567/000153949721002132/exh99-5onenorthcla.htm,0001539497-21-002132
https://www.sec.gov/Archives/edgar/data/1895567/000153949721002132/exh99-6plzaabccla.htm,0001539497-21-002132
https://www.sec.gov/Archives/edgar/data/1895567/000153949721002132/exh99-7cxcla.htm,0001539497-21-002132
https://www.sec.gov/Archives/edgar/data/1895567/000153949721002132/exh99-8_1201lakerobbinscla.htm,0001539497-21-002132
https://www.sec.gov/Archives/edgar/data/1806944/000153949720000896/exh99-1bana.htm,0001539497-20-000896
https://www.sec.gov/Archives/edgar/data/1806944/000153949720000896/exh99-2_wfb.htm,0001539497-20-000896
https://www.sec.gov/Archives/edgar/data/1806944/000153949720000896/exh99-3msmch.htm,0001539497-20-000896
https://www.sec.gov/Archives/edgar/data/1782003/000153949719001386/exh99-7_mftii2019b3b4tsa.htm,0001539497-19-001386
https://www.sec.gov/Archives/edgar/data/1782003/000153949719001386/exh99-1gacc.htm,0001539497-19-001386
https://www.sec.gov/Archives/edgar/data/1782003/000153949719001386/exh99-2mufg.htm,0001539497-19-001386
https://www.sec.gov/Archives/edgar/data/1782003/000153949719001386/exh99-3ccre.htm,0001539497-19-001386
https://www.sec.gov/Archives/edgar/data/1782003/000153949719001386/exh99-4crefi.htm,0001539497-19-001386
https://www.sec.gov/Archives/edgar/data/1782003/000153949719001386/exh99-5b12psa.htm,0001539497-19-001386
https://www.sec.gov/Archives/edgar/data/1782003/000153949719001386/exh99-6gc41psa.htm,0001539497-19-001386
https://www.sec.gov/Archives/edgar/data/1782003/000153949719001386/exh99-8h7psa.htm,0001539497-19-001386
https://www.sec.gov/Archives/edgar/data/1782003/000153949719001386/exh99-9_888figueroastloan.htm,0001539497-19-001386
https://www.sec.gov/Archives/edgar/data/1782003/000153949719001386/exh99-10_woodlandsmall.htm,0001539497-19-001386
https://www.sec.gov/Archives/edgar/data/1782003/000153949719001386/exh99-11uline.htm,0001539497-19-001386
https://www.sec.gov/Archives/edgar/data/1782003/000153949719001386/exh99-12_fultonstreet.htm,0001539497-19-001386
https://www.sec.gov/Archives/edgar/data/1782003/000153949719001386/exh99-13pharrtowncenter.htm,0001539497-19-001386
https://www.sec.gov/Archives/edgar/data/1782003/000153949719001386/exh99-14windcreekcla.htm,0001539497-19-001386
https://www.sec.gov/Archives/edgar/data/1782003/000153949719001386/exh99-15_moffetttowerscla.htm,0001539497-19-001386
https://www.sec.gov/Archives/edgar/data/1782003/000153949719001386/exh99-16citizenhotelcla.htm,0001539497-19-001386
https://www.sec.gov/Archives/edgar/data/1782003/000153949719001386/exh99-17libertyma.htm,0001539497-19-001386
https://www.sec.gov/Archives/edgar/data/1782003/000153949719001386/exh99-18visionshotel.htm,0001539497-19-001386
https://www.sec.gov/Archives/edgar/data/1782003/000153949719001386/exh99-19midlandprinpsa.htm,0001539497-19-001386
https://www.sec.gov/Archives/edgar/data/1921064/000153949722000966/exh99-1mlpa_crefi.htm,0001539497-22-000966
https://www.sec.gov/Archives/edgar/data/1921064/000153949722000966/exh99-2mlpa_gsmc.htm,0001539497-22-000966
https://www.sec.gov/Archives/edgar/data/1921064/000153949722000966/exh99-3mlpa_gacc.htm,0001539497-22-000966
https://www.sec.gov/Archives/edgar/data/1921064/000153949722000966/exh99-4mlpa_jpmcb.htm,0001539497-22-000966
https://www.sec.gov/Archives/edgar/data/1921064/000153949722000966/exh99-5psa_keybank.htm,0001539497-22-000966
https://www.sec.gov/Archives/edgar/data/1912509/000153949722000829/exh99-5bxp2021_601ltsa.htm,0001539497-22-000829
https://www.sec.gov/Archives/edgar/data/1912509/000153949722000829/exh99-1mlpa_gacc.htm,0001539497-22-000829
https://www.sec.gov/Archives/edgar/data/1912509/000153949722000829/exh99-2mlpa_crefi.htm,0001539497-22-000829
https://www.sec.gov/Archives/edgar/data/1912509/000153949722000829/exh99-3mlpa_gsmc.htm,0001539497-22-000829
https://www.sec.gov/Archives/edgar/data/1912509/000153949722000829/exh99-4mlpa_jpmcb.htm,0001539497-22-000829
https://www.sec.gov/Archives/edgar/data/1912509/000153949722000829/exh99-6b32psa.htm,0001539497-22-000829
https://www.sec.gov/Archives/edgar/data/1912509/000153949722000829/exh99-7psa.htm,0001539497-22-000829
https://www.sec.gov/Archives/edgar/data/1912509/000153949722000829/exh99-8_601lexingtoncla.htm,0001539497-22-000829
https://www.sec.gov/Archives/edgar/data/1912509/000153949722000829/exh99-9onewilshirecla.htm,0001539497-22-000829
https://www.sec.gov/Archives/edgar/data/1912509/000153949722000829/exh99-10cla_bedrockport.htm,0001539497-22-000829
https://www.sec.gov/Archives/edgar/data/1912509/000153949722000829/exh99-11cla_shearers.htm,0001539497-22-000829
https://www.sec.gov/Archives/edgar/data/1912509/000153949722000829/exh99-12gemtower.htm,0001539497-22-000829
https://www.sec.gov/Archives/edgar/data/1912509/000153949722000829/exh99-13cla_novo.htm,0001539497-22-000829
https://www.sec.gov/Archives/edgar/data/1912509/000153949722000829/exh99-14jwmdscla.htm,0001539497-22-000829
https://www.sec.gov/Archives/edgar/data/1912509/000153949722000829/exh99-15glenforestcla.htm,0001539497-22-000829
https://www.sec.gov/Archives/edgar/data/1783287/000153949719001377/exh99-1.htm,0001539497-19-001377
https://www.sec.gov/Archives/edgar/data/1783287/000153949719001377/exh99-2mlpagsmc.htm,0001539497-19-001377
https://www.sec.gov/Archives/edgar/data/1783287/000153949719001377/exh99-3.htm,0001539497-19-001377
https://www.sec.gov/Archives/edgar/data/1801338/000153949720000486/exh99-1_jpmcb.htm,0001539497-20-000486
https://www.sec.gov/Archives/edgar/data/1801338/000153949720000486/exh99-2_gass.htm,0001539497-20-000486
https://www.sec.gov/Archives/edgar/data/1801338/000153949720000486/exh99-3_crefi.htm,0001539497-20-000486
https://www.sec.gov/Archives/edgar/data/1789307/000153949719002058/exh99-6dcot2019mtctsa.htm,0001539497-19-002058
https://www.sec.gov/Archives/edgar/data/1789307/000153949719002058/exh99-1bana_mlpa.htm,0001539497-19-002058
https://www.sec.gov/Archives/edgar/data/1789307/000153949719002058/exh99-2wfb_mlpa.htm,0001539497-19-002058
https://www.sec.gov/Archives/edgar/data/1789307/000153949719002058/exh99-3msmch_mlpa.htm,0001539497-19-002058
https://www.sec.gov/Archives/edgar/data/1789307/000153949719002058/exh99-4ncb_mlpa.htm,0001539497-19-002058
https://www.sec.gov/Archives/edgar/data/1789307/000153949719002058/exh99-5bnk21psa.htm,0001539497-19-002058
https://www.sec.gov/Archives/edgar/data/1789307/000153949719002058/exh99-7parktower.htm,0001539497-19-002058
https://www.sec.gov/Archives/edgar/data/1789307/000153949719002058/exh99-8parkavenuesouth.htm,0001539497-19-002058
https://www.sec.gov/Archives/edgar/data/1789307/000153949719002058/exh99-9midtowncentercla.htm,0001539497-19-002058
https://www.sec.gov/Archives/edgar/data/1789307/000153949719002058/exh99-10storagepostcla.htm,0001539497-19-002058
https://www.sec.gov/Archives/edgar/data/1789307/000153949719002058/exh99-11_360northcrescent.htm,0001539497-19-002058
https://www.sec.gov/Archives/edgar/data/1789307/000153949719002058/exh99-12tysonstower.htm,0001539497-19-002058
https://www.sec.gov/Archives/edgar/data/1789307/000153949719002058/exh99-13natlanchored.htm,0001539497-19-002058
https://www.sec.gov/Archives/edgar/data/1792905/000153949719002284/exh99-1columnmlpa.htm,0001539497-19-002284
https://www.sec.gov/Archives/edgar/data/1792905/000153949719002284/exh99-2ubsagmlpa.htm,0001539497-19-002284
https://www.sec.gov/Archives/edgar/data/1792905/000153949719002284/exh99-3rrefmlpa.htm,0001539497-19-002284
https://www.sec.gov/Archives/edgar/data/1792905/000153949719002284/exh99-4cibcmlpa.htm,0001539497-19-002284
https://www.sec.gov/Archives/edgar/data/1792905/000153949719002284/exh99-5sgfcmlpa.htm,0001539497-19-002284
https://www.sec.gov/Archives/edgar/data/1812604/000153949720000888/exh99-1barclaysmlpa.htm,0001539497-20-000888
https://www.sec.gov/Archives/edgar/data/1812604/000153949720000888/exh99-2keybancmlpa.htm,0001539497-20-000888
https://www.sec.gov/Archives/edgar/data/1812604/000153949720000888/exh99-3mlpasgfc.htm,0001539497-20-000888
https://www.sec.gov/Archives/edgar/data/1812604/000153949720000888/exh99-4rialtorealestate.htm,0001539497-20-000888
https://www.sec.gov/Archives/edgar/data/1812604/000153949720000888/exh99-5natixis.htm,0001539497-20-000888
https://www.sec.gov/Archives/edgar/data/1792157/000153949719002296/exh99-1gaccmpla.htm,0001539497-19-002296
https://www.sec.gov/Archives/edgar/data/1792157/000153949719002296/exh99-2gsmcmlpa.htm,0001539497-19-002296
https://www.sec.gov/Archives/edgar/data/1792157/000153949719002296/exh99-3crefimlpa.htm,0001539497-19-002296
https://www.sec.gov/Archives/edgar/data/1797288/000153949720000314/exh99-1gaccmlpa.htm,0001539497-20-000314
https://www.sec.gov/Archives/edgar/data/1797288/000153949720000314/exh99-2jpmcbmlpa.htm,0001539497-20-000314
https://www.sec.gov/Archives/edgar/data/1797288/000153949720000314/exh99-3crefimlpa.htm,0001539497-20-000314
https://www.sec.gov/Archives/edgar/data/1774801/000153949719001074/exh99-1jpmcb.htm,0001539497-19-001074
https://www.sec.gov/Archives/edgar/data/1774801/000153949719001074/exh99-2lcm.htm,0001539497-19-001074
https://www.sec.gov/Archives/edgar/data/1920442/000153949722000936/exh99-1banamlpa.htm,0001539497-22-000936
https://www.sec.gov/Archives/edgar/data/1920442/000153949722000936/exh99-2wfbmlpa.htm,0001539497-22-000936
https://www.sec.gov/Archives/edgar/data/1920442/000153949722000936/exh99-3msmchmlpa.htm,0001539497-22-000936
https://www.sec.gov/Archives/edgar/data/1920442/000153949722000936/exh99-4ncbmlpa.htm,0001539497-22-000936
https://www.sec.gov/Archives/edgar/data/1920442/000153949722000936/exh99-5constitutioncla.htm,0001539497-22-000936
https://www.sec.gov/Archives/edgar/data/1920442/000153949722000936/exh99-6dallascla.htm,0001539497-22-000936
https://www.sec.gov/Archives/edgar/data/1920442/000153949722000936/exh99-7lifesciencecla.htm,0001539497-22-000936
https://www.sec.gov/Archives/edgar/data/1920442/000153949722000936/exh99-8cla_lexington.htm,0001539497-22-000936
https://www.sec.gov/Archives/edgar/data/1920442/000153949722000936/exh99-9uciresparkcla.htm,0001539497-22-000936
https://www.sec.gov/Archives/edgar/data/1920442/000153949722000936/exh99-10norfolkcla.htm,0001539497-22-000936
https://www.sec.gov/Archives/edgar/data/1920442/000153949722000936/exh99-11cla_shearers.htm,0001539497-22-000936
https://www.sec.gov/Archives/edgar/data/1920442/000153949722000936/exh99-12wfcm2022js2cla.htm,0001539497-22-000936
https://www.sec.gov/Archives/edgar/data/1920442/000153949722000936/exh99-13exchangecla.htm,0001539497-22-000936
https://www.sec.gov/Archives/edgar/data/1920442/000153949722000936/exh99-14silversandscla.htm,0001539497-22-000936
https://www.sec.gov/Archives/edgar/data/1920442/000153949722000936/exh99-15lpfxcla.htm,0001539497-22-000936
https://www.sec.gov/Archives/edgar/data/1816147/000153949720001009/exh99-23chasecentertoweri.htm,0001539497-20-001009
https://www.sec.gov/Archives/edgar/data/1816147/000153949720001009/exh99-1_gaccmlpa.htm,0001539497-20-001009
https://www.sec.gov/Archives/edgar/data/1816147/000153949720001009/exh99-2_jpmcbmlpa.htm,0001539497-20-001009
https://www.sec.gov/Archives/edgar/data/1816147/000153949720001009/exh99-3_gsmcmlpa.htm,0001539497-20-001009
https://www.sec.gov/Archives/edgar/data/1816147/000153949720001009/exh99-4_crefimlpa.htm,0001539497-20-001009
https://www.sec.gov/Archives/edgar/data/1816147/000153949720001009/exh99-5moffettabctsa.htm,0001539497-20-001009
https://www.sec.gov/Archives/edgar/data/1816147/000153949720001009/exh99-6bmark2020ig3psa.htm,0001539497-20-001009
https://www.sec.gov/Archives/edgar/data/1816147/000153949720001009/exh99-7_mgmgrandpsa.htm,0001539497-20-001009
https://www.sec.gov/Archives/edgar/data/1816147/000153949720001009/exh99-8bway2019_1633tsa.htm,0001539497-20-001009
https://www.sec.gov/Archives/edgar/data/1816147/000153949720001009/exh99-9gc47psa.htm,0001539497-20-001009
https://www.sec.gov/Archives/edgar/data/1816147/000153949720001009/exh99-10ig2psa.htm,0001539497-20-001009
https://www.sec.gov/Archives/edgar/data/1816147/000153949720001009/exh99-11bmarkb17psa.htm,0001539497-20-001009
https://www.sec.gov/Archives/edgar/data/1816147/000153949720001009/exh99-12bxoc11tsa.htm,0001539497-20-001009
https://www.sec.gov/Archives/edgar/data/1816147/000153949720001009/exh99-13gc45psa.htm,0001539497-20-001009
https://www.sec.gov/Archives/edgar/data/1816147/000153949720001009/exh99-14agellanportfoliocla.htm,0001539497-20-001009
https://www.sec.gov/Archives/edgar/data/1816147/000153949720001009/exh99-15moffettabccla.htm,0001539497-20-001009
https://www.sec.gov/Archives/edgar/data/1816147/000153949720001009/exh99-16bxindustriescla.htm,0001539497-20-001009
https://www.sec.gov/Archives/edgar/data/1816147/000153949720001009/exh99-17mgmgrandmancla.htm,0001539497-20-001009
https://www.sec.gov/Archives/edgar/data/1816147/000153949720001009/exh99-18_1633broadwaycla.htm,0001539497-20-001009
https://www.sec.gov/Archives/edgar/data/1816147/000153949720001009/exh99-19_711fifthavecla.htm,0001539497-20-001009
https://www.sec.gov/Archives/edgar/data/1816147/000153949720001009/exh99-20_280northbernando.htm,0001539497-20-001009
https://www.sec.gov/Archives/edgar/data/1816147/000153949720001009/exh99-21_420taylorcla.htm,0001539497-20-001009
https://www.sec.gov/Archives/edgar/data/1816147/000153949720001009/exh99-22_3000postoakcla.htm,0001539497-20-001009
https://www.sec.gov/Archives/edgar/data/1816147/000153949720001009/exh99-24chasecentertowerii.htm,0001539497-20-001009
https://www.sec.gov/Archives/edgar/data/1816147/000153949720001009/exh99-25brasscla.htm,0001539497-20-001009
https://www.sec.gov/Archives/edgar/data/1816147/000153949720001009/exh99-26apolloeducationcla.htm,0001539497-20-001009
https://www.sec.gov/Archives/edgar/data/1816147/000153949720001009/exh99-27bellagiocla.htm,0001539497-20-001009
https://www.sec.gov/Archives/edgar/data/1816147/000153949720001009/exh99-28southcentermall.htm,0001539497-20-001009
https://www.sec.gov/Archives/edgar/data/1816147/000153949720001009/exh99-29kingsplaza.htm,0001539497-20-001009
https://www.sec.gov/Archives/edgar/data/1769961/000153949719000550/exh99-1_msmchmlpa.htm,0001539497-19-000550
https://www.sec.gov/Archives/edgar/data/1769961/000153949719000550/exh99-2_banamlpa.htm,0001539497-19-000550
https://www.sec.gov/Archives/edgar/data/1769961/000153949719000550/exh99-3_wfbmlpa.htm,0001539497-19-000550
https://www.sec.gov/Archives/edgar/data/1769961/000153949719000550/exh99-4_tower28cla.htm,0001539497-19-000550
https://www.sec.gov/Archives/edgar/data/1769961/000153949719000550/exh99-5_ilpthawaii.htm,0001539497-19-000550
https://www.sec.gov/Archives/edgar/data/1769961/000153949719000550/exh99-6_landmark.htm,0001539497-19-000550
https://www.sec.gov/Archives/edgar/data/1769961/000153949719000550/exh99-7_greatwolfcla.htm,0001539497-19-000550
https://www.sec.gov/Archives/edgar/data/1769961/000153949719000550/exh99-8_residenceinncla.htm,0001539497-19-000550
https://www.sec.gov/Archives/edgar/data/1780859/000153949719001326/exh99-1wfbmlpa.htm,0001539497-19-001326
https://www.sec.gov/Archives/edgar/data/1780859/000153949719001326/exh99-2msmchmlpa.htm,0001539497-19-001326
https://www.sec.gov/Archives/edgar/data/1780859/000153949719001326/exh99-3banamlpa.htm,0001539497-19-001326
https://www.sec.gov/Archives/edgar/data/1780859/000153949719001326/exh99-4ncbmlpa.htm,0001539497-19-001326
https://www.sec.gov/Archives/edgar/data/1630472/000119312521102863/d156354dex991.htm,0001193125-21-102863
https://www.sec.gov/Archives/edgar/data/1802215/000153949720000581/exh99-1jpmcb.htm,0001539497-20-000581
https://www.sec.gov/Archives/edgar/data/1802215/000153949720000581/exh99-2gacc.htm,0001539497-20-000581
https://www.sec.gov/Archives/edgar/data/1802215/000153949720000581/exh99-3crefi.htm,0001539497-20-000581
https://www.sec.gov/Archives/edgar/data/1802215/000153949720000581/exh99-4moffettabccla.htm,0001539497-20-000581
https://www.sec.gov/Archives/edgar/data/1802215/000153949720000581/exh99-5_1633broadwaycla.htm,0001539497-20-000581
https://www.sec.gov/Archives/edgar/data/1802215/000153949720000581/exh99-6_650madisoncla.htm,0001539497-20-000581
https://www.sec.gov/Archives/edgar/data/1802215/000153949720000581/exh99-7cbmcourtyard.htm,0001539497-20-000581
https://www.sec.gov/Archives/edgar/data/1802215/000153949720000581/exh99-8_1501broadwaycla.htm,0001539497-20-000581
https://www.sec.gov/Archives/edgar/data/1802215/000153949720000581/exh99-9apolloeducationcla.htm,0001539497-20-000581
https://www.sec.gov/Archives/edgar/data/1802215/000153949720000581/exh99-10bellagiocla.htm,0001539497-20-000581
https://www.sec.gov/Archives/edgar/data/1802215/000153949720000581/exh99-11_3500laceycla.htm,0001539497-20-000581
https://www.sec.gov/Archives/edgar/data/1802215/000153949720000581/exh99-12_kingsplazacla.htm,0001539497-20-000581
https://www.sec.gov/Archives/edgar/data/1802215/000153949720000581/exh99-13westinbookcadillacla.htm,0001539497-20-000581
https://www.sec.gov/Archives/edgar/data/1802215/000153949720000581/exh99-14_3000postoakcla.htm,0001539497-20-000581
https://www.sec.gov/Archives/edgar/data/1802215/000153949720000581/exh99-15staplesheadquarters.htm,0001539497-20-000581
https://www.sec.gov/Archives/edgar/data/1802215/000153949720000581/exh99-16stonemountcla.htm,0001539497-20-000581
https://www.sec.gov/Archives/edgar/data/1802215/000153949720000581/exh99-17alabamahiltoncla.htm,0001539497-20-000581
https://www.sec.gov/Archives/edgar/data/1903688/000153949722000544/exh99-1bmo.htm,0001539497-22-000544
https://www.sec.gov/Archives/edgar/data/1903688/000153949722000544/exh99-2keybank.htm,0001539497-22-000544
https://www.sec.gov/Archives/edgar/data/1903688/000153949722000544/exh99-3smc.htm,0001539497-22-000544
https://www.sec.gov/Archives/edgar/data/1903688/000153949722000544/exh99-4sabal.htm,0001539497-22-000544
https://www.sec.gov/Archives/edgar/data/1903688/000153949722000544/exh99-5gacc.htm,0001539497-22-000544
https://www.sec.gov/Archives/edgar/data/1816861/000153949720001004/exh99-1msmch.htm,0001539497-20-001004
https://www.sec.gov/Archives/edgar/data/1816861/000153949720001004/exh99-2aref.htm,0001539497-20-001004
https://www.sec.gov/Archives/edgar/data/1816861/000153949720001004/exh99-3starwood.htm,0001539497-20-001004
https://www.sec.gov/Archives/edgar/data/1816861/000153949720001004/exh99-4barclays.htm,0001539497-20-001004
https://www.sec.gov/Archives/edgar/data/1816861/000153949720001004/exh99-5lizcla.htm,0001539497-20-001004
https://www.sec.gov/Archives/edgar/data/1816861/000153949720001004/exh99-6_525marketcla.htm,0001539497-20-001004
https://www.sec.gov/Archives/edgar/data/1816861/000153949720001004/exh99-7bellagiocla.htm,0001539497-20-001004
https://www.sec.gov/Archives/edgar/data/1816861/000153949720001004/exh99-8bushwick.htm,0001539497-20-001004
https://www.sec.gov/Archives/edgar/data/1816861/000153949720001004/exh99-9hpecampus.htm,0001539497-20-001004
https://www.sec.gov/Archives/edgar/data/1816861/000153949720001004/exh99-10rlhqcla.htm,0001539497-20-001004
https://www.sec.gov/Archives/edgar/data/1780678/000153949719001374/exh99-7mftii2019b3b4tsa.htm,0001539497-19-001374
https://www.sec.gov/Archives/edgar/data/1780678/000153949719001374/exh99-1_arefmlpa.htm,0001539497-19-001374
https://www.sec.gov/Archives/edgar/data/1780678/000153949719001374/exh99-2rialtomlpa.htm,0001539497-19-001374
https://www.sec.gov/Archives/edgar/data/1780678/000153949719001374/exh99-3barclaysmlpa.htm,0001539497-19-001374
https://www.sec.gov/Archives/edgar/data/1780678/000153949719001374/exh99-4_laddermlpa.htm,0001539497-19-001374
https://www.sec.gov/Archives/edgar/data/1780678/000153949719001374/exh99-5_bsprtmlpa.htm,0001539497-19-001374
https://www.sec.gov/Archives/edgar/data/1780678/000153949719001374/exh99-6_wfbmlpa.htm,0001539497-19-001374
https://www.sec.gov/Archives/edgar/data/1780678/000153949719001374/exh99-8msc2019h7psa.htm,0001539497-19-001374
https://www.sec.gov/Archives/edgar/data/1780678/000153949719001374/exh99-9wfcm2019c51psa.htm,0001539497-19-001374
https://www.sec.gov/Archives/edgar/data/1780678/000153949719001374/exh99-10moffetttowers.htm,0001539497-19-001374
https://www.sec.gov/Archives/edgar/data/1780678/000153949719001374/exh99-11socalretailcla.htm,0001539497-19-001374
https://www.sec.gov/Archives/edgar/data/1780678/000153949719001374/exh99-12embassysuites.htm,0001539497-19-001374
https://www.sec.gov/Archives/edgar/data/1780678/000153949719001374/exh99-13inlandlifestorage.htm,0001539497-19-001374
https://www.sec.gov/Archives/edgar/data/1780678/000153949719001374/exh99-14renaissancecla.htm,0001539497-19-001374
https://www.sec.gov/Archives/edgar/data/1780678/000153949719001374/exh99-15_188spearstreetcla.htm,0001539497-19-001374
https://www.sec.gov/Archives/edgar/data/1780678/000153949719001374/exh99-16elconcentercla.htm,0001539497-19-001374
https://www.sec.gov/Archives/edgar/data/1780678/000153949719001374/exh99-17mountkemblecla.htm,0001539497-19-001374
https://www.sec.gov/Archives/edgar/data/1780678/000153949719001374/exh99-18shetlandparkcla.htm,0001539497-19-001374
https://www.sec.gov/Archives/edgar/data/1780678/000153949719001374/exh99-19smoketreecla.htm,0001539497-19-001374
https://www.sec.gov/Archives/edgar/data/1780678/000153949719001374/exh99-20delmarcla.htm,0001539497-19-001374
https://www.sec.gov/Archives/edgar/data/1800294/000153949720000457/exh99-1_mlpacref.htm,0001539497-20-000457
https://www.sec.gov/Archives/edgar/data/1800294/000153949720000457/exh99-2gsmcmlpa.htm,0001539497-20-000457
https://www.sec.gov/Archives/edgar/data/1800294/000153949720000457/exh99-3gaccmlpa.htm,0001539497-20-000457
https://www.sec.gov/Archives/edgar/data/1776086/000153949719001070/exh99-1column.htm,0001539497-19-001070
https://www.sec.gov/Archives/edgar/data/1776086/000153949719001070/exh99-2sgfc.htm,0001539497-19-001070
https://www.sec.gov/Archives/edgar/data/1776086/000153949719001070/exh99-3ladder.htm,0001539497-19-001070
https://www.sec.gov/Archives/edgar/data/1776086/000153949719001070/exh99-4starmlpa.htm,0001539497-19-001070
https://www.sec.gov/Archives/edgar/data/1776086/000153949719001070/exh99-5cibcmlpa.htm,0001539497-19-001070
https://www.sec.gov/Archives/edgar/data/1900454/000153949722000449/exh99-1mlpajpmcb.htm,0001539497-22-000449
https://www.sec.gov/Archives/edgar/data/1900454/000153949722000449/exh99-2mlpagacc.htm,0001539497-22-000449
https://www.sec.gov/Archives/edgar/data/1900454/000153949722000449/exh99-3mlpacrefi.htm,0001539497-22-000449
https://www.sec.gov/Archives/edgar/data/1900454/000153949722000449/exh99-4gsmcmlpa.htm,0001539497-22-000449
https://www.sec.gov/Archives/edgar/data/1913593/000153949722000822/exh99-1mlpabarclays.htm,0001539497-22-000822
https://www.sec.gov/Archives/edgar/data/1913593/000153949722000822/exh99-2mlpabmo.htm,0001539497-22-000822
https://www.sec.gov/Archives/edgar/data/1913593/000153949722000822/exh99-3mlpakeybank.htm,0001539497-22-000822
https://www.sec.gov/Archives/edgar/data/1913593/000153949722000822/exh99-4mlpasmc.htm,0001539497-22-000822
https://www.sec.gov/Archives/edgar/data/1913593/000153949722000822/exh99-5mlpasgfc.htm,0001539497-22-000822
https://www.sec.gov/Archives/edgar/data/1774962/000153949719000874/exh99-1wfbmlpa.htm,0001539497-19-000874
https://www.sec.gov/Archives/edgar/data/1774962/000153949719000874/exh99-2msmchmlpa.htm,0001539497-19-000874
https://www.sec.gov/Archives/edgar/data/1774962/000153949719000874/exh99-3banamlpa.htm,0001539497-19-000874
https://www.sec.gov/Archives/edgar/data/1774962/000153949719000874/exh99-4ncbmlpa.htm,0001539497-19-000874
https://www.sec.gov/Archives/edgar/data/1907569/000153949722000593/exh99-5bxp2021601ltsa.htm,0001539497-22-000593
https://www.sec.gov/Archives/edgar/data/1907569/000153949722000593/exh99-1wfbmlpa.htm,0001539497-22-000593
https://www.sec.gov/Archives/edgar/data/1907569/000153949722000593/exh99-2msmchmlpa.htm,0001539497-22-000593
https://www.sec.gov/Archives/edgar/data/1907569/000153949722000593/exh99-3banamlpa.htm,0001539497-22-000593
https://www.sec.gov/Archives/edgar/data/1907569/000153949722000593/exh99-4ncbmlpa.htm,0001539497-22-000593
https://www.sec.gov/Archives/edgar/data/1907569/000153949722000593/exh99-6wfcm2022js2tsa.htm,0001539497-22-000593
https://www.sec.gov/Archives/edgar/data/1907569/000153949722000593/exh99-7psabnk39.htm,0001539497-22-000593
https://www.sec.gov/Archives/edgar/data/1907569/000153949722000593/exh99-8_601lexingtoncla.htm,0001539497-22-000593
https://www.sec.gov/Archives/edgar/data/1907569/000153949722000593/exh99-9wfcm2022js2cla.htm,0001539497-22-000593
https://www.sec.gov/Archives/edgar/data/1907569/000153949722000593/exh99-10lifesciencecla.htm,0001539497-22-000593
https://www.sec.gov/Archives/edgar/data/1907569/000153949722000593/exh99-11uciresparkcla.htm,0001539497-22-000593
https://www.sec.gov/Archives/edgar/data/1907569/000153949722000593/exh99-12silversandscla.htm,0001539497-22-000593
https://www.sec.gov/Archives/edgar/data/1907569/000153949722000593/exh99-13_333riverstreetcls.htm,0001539497-22-000593
https://www.sec.gov/Archives/edgar/data/1907569/000153949722000593/exh99-14midtownsqcla.htm,0001539497-22-000593
https://www.sec.gov/Archives/edgar/data/1907569/000153949722000593/exh99-15gsfoodscla.htm,0001539497-22-000593
https://www.sec.gov/Archives/edgar/data/1775756/000153949719000993/exh99-1jpmcb.htm,0001539497-19-000993
https://www.sec.gov/Archives/edgar/data/1775756/000153949719000993/exh99-2gacc.htm,0001539497-19-000993
https://www.sec.gov/Archives/edgar/data/1775756/000153949719000993/exh99-3crefi.htm,0001539497-19-000993
https://www.sec.gov/Archives/edgar/data/1773339/000153949719001013/exh99-1msmchmlpa.htm,0001539497-19-001013
https://www.sec.gov/Archives/edgar/data/1773339/000153949719001013/exh99-2aregenticmlpa.htm,0001539497-19-001013
https://www.sec.gov/Archives/edgar/data/1773339/000153949719001013/exh99-3ccremlpa.htm,0001539497-19-001013
https://www.sec.gov/Archives/edgar/data/1773339/000153949719001013/exh99-4starwoodmlpa.htm,0001539497-19-001013
https://www.sec.gov/Archives/edgar/data/1773339/000153949719001013/exh99-5_9201sunsetblvd.htm,0001539497-19-001013
https://www.sec.gov/Archives/edgar/data/1773339/000153949719001013/exh99-6socalretail.htm,0001539497-19-001013
https://www.sec.gov/Archives/edgar/data/1773339/000153949719001013/exh99-7ilpthawaii.htm,0001539497-19-001013
https://www.sec.gov/Archives/edgar/data/1773339/000153949719001013/exh99-8tower28cla.htm,0001539497-19-001013
https://www.sec.gov/Archives/edgar/data/1773339/000153949719001013/exh99-9fedexniles.htm,0001539497-19-001013
https://www.sec.gov/Archives/edgar/data/1773339/000153949719001013/exh99-10blocknorthwaycla.htm,0001539497-19-001013
https://www.sec.gov/Archives/edgar/data/1773339/000153949719001013/exh99-11broadwaycla.htm,0001539497-19-001013
https://www.sec.gov/Archives/edgar/data/1773339/000153949719001013/exh99-12msjcla.htm,0001539497-19-001013
https://www.sec.gov/Archives/edgar/data/1773339/000153949719001013/exh99-13westineatlanta.htm,0001539497-19-001013
https://www.sec.gov/Archives/edgar/data/1773339/000153949719001013/exh99-14shelbournecla.htm,0001539497-19-001013
https://www.sec.gov/Archives/edgar/data/1773339/000153949719001013/exh99-15columbuscirclecla.htm,0001539497-19-001013
https://www.sec.gov/Archives/edgar/data/1773339/000153949719001013/exh99-16berkeley.htm,0001539497-19-001013
https://www.sec.gov/Archives/edgar/data/1764759/000153949719000257/exh99-1_crefipsa.htm,0001539497-19-000257
https://www.sec.gov/Archives/edgar/data/1764759/000153949719000257/exh99-2_gaccpsa.htm,0001539497-19-000257
https://www.sec.gov/Archives/edgar/data/1764759/000153949719000257/exh99-3_jpmcbpsa.htm,0001539497-19-000257
https://www.sec.gov/Archives/edgar/data/1764759/000153949719000257/exh99-4_mpsa.htm,0001539497-19-000257
https://www.sec.gov/Archives/edgar/data/1785881/000153949719001688/exh99-1mlpagacc.htm,0001539497-19-001688
https://www.sec.gov/Archives/edgar/data/1785881/000153949719001688/exh99-2mlpajpmcb.htm,0001539497-19-001688
https://www.sec.gov/Archives/edgar/data/1785881/000153949719001688/exh99-3crefimlpa.htm,0001539497-19-001688
https://www.sec.gov/Archives/edgar/data/1833563/000153949720001606/exh99-1_gaccmlpa.htm,0001539497-20-001606
https://www.sec.gov/Archives/edgar/data/1833563/000153949720001606/exh99-2_jpmcbmlpa.htm,0001539497-20-001606
https://www.sec.gov/Archives/edgar/data/1833563/000153949720001606/exh99-3_gsmcmlpa.htm,0001539497-20-001606
https://www.sec.gov/Archives/edgar/data/1833563/000153949720001606/exh99-4_crefimlpa.htm,0001539497-20-001606
https://www.sec.gov/Archives/edgar/data/1832873/000153949721000406/exh99_1mlpacolumn.htm,0001539497-21-000406
https://www.sec.gov/Archives/edgar/data/1832873/000153949721000406/exh99_2mlpa3650reit.htm,0001539497-21-000406
https://www.sec.gov/Archives/edgar/data/1832873/000153949721000406/exh99_3mlpagacc.htm,0001539497-21-000406
https://www.sec.gov/Archives/edgar/data/1832873/000153949721000406/exh99_4mlpaubs.htm,0001539497-21-000406
https://www.sec.gov/Archives/edgar/data/1832873/000153949721000406/exh99-5midlandprinpsa.htm,0001539497-21-000406
https://www.sec.gov/Archives/edgar/data/1864196/000153949721001038/exh99-1mlpabarclays.htm,0001539497-21-001038
https://www.sec.gov/Archives/edgar/data/1864196/000153949721001038/exh99-2mlpasocgen.htm,0001539497-21-001038
https://www.sec.gov/Archives/edgar/data/1864196/000153949721001038/exh99-3mlpastarwood.htm,0001539497-21-001038
https://www.sec.gov/Archives/edgar/data/1864196/000153949721001038/exh99-4mlpaubs.htm,0001539497-21-001038
https://www.sec.gov/Archives/edgar/data/1864196/000153949721001038/exh99-5mlpakeybank.htm,0001539497-21-001038
https://www.sec.gov/Archives/edgar/data/1827183/000153949720001456/exh99-1mlpagsmc.htm,0001539497-20-001456
https://www.sec.gov/Archives/edgar/data/1827183/000153949720001456/exh99-2_mlpacrefi.htm,0001539497-20-001456
https://www.sec.gov/Archives/edgar/data/1827183/000153949720001456/exh99-3mlpajpmcb.htm,0001539497-20-001456
https://www.sec.gov/Archives/edgar/data/1827183/000153949720001456/exh99-4mlpagacc.htm,0001539497-20-001456
https://www.sec.gov/Archives/edgar/data/1844998/000153949721000385/exh99-1jpmcbmlpa.htm,0001539497-21-000385
https://www.sec.gov/Archives/edgar/data/1844998/000153949721000385/exh99-2gaccmlpa.htm,0001539497-21-000385
https://www.sec.gov/Archives/edgar/data/1844998/000153949721000385/exh99-3crefimlpa.htm,0001539497-21-000385
https://www.sec.gov/Archives/edgar/data/1844998/000153949721000385/exh99-4gsmcmlpa.htm,0001539497-21-000385
https://www.sec.gov/Archives/edgar/data/1827054/000153949720001549/exh99-7bxvivatsa.htm,0001539497-20-001549
https://www.sec.gov/Archives/edgar/data/1827054/000153949720001549/exh99-1wfbmlpa.htm,0001539497-20-001549
https://www.sec.gov/Archives/edgar/data/1827054/000153949720001549/exh99-2barclaysmlpa.htm,0001539497-20-001549
https://www.sec.gov/Archives/edgar/data/1827054/000153949720001549/exh99-3lmfmlpa.htm,0001539497-20-001549
https://www.sec.gov/Archives/edgar/data/1827054/000153949720001549/exh99-4bsprtmlpa.htm,0001539497-20-001549
https://www.sec.gov/Archives/edgar/data/1827054/000153949720001549/exh99-5arefmlpa.htm,0001539497-20-001549
https://www.sec.gov/Archives/edgar/data/1827054/000153949720001549/exh99-6bmarkb21psa.htm,0001539497-20-001549
https://www.sec.gov/Archives/edgar/data/1827054/000153949720001549/exh99-8bnk29psa.htm,0001539497-20-001549
https://www.sec.gov/Archives/edgar/data/1827054/000153949720001549/exh99-9hr8psa.htm,0001539497-20-001549
https://www.sec.gov/Archives/edgar/data/1827054/000153949720001549/exh99-10wfcmc55psa.htm,0001539497-20-001549
https://www.sec.gov/Archives/edgar/data/1827054/000153949720001549/exh99-11mclellancla.htm,0001539497-20-001549
https://www.sec.gov/Archives/edgar/data/1827054/000153949720001549/exh99-12mgmgrandmancla.htm,0001539497-20-001549
https://www.sec.gov/Archives/edgar/data/1827054/000153949720001549/exh99-13arboretumcla.htm,0001539497-20-001549
https://www.sec.gov/Archives/edgar/data/1827054/000153949720001549/exh99-14hpecampus.htm,0001539497-20-001549
https://www.sec.gov/Archives/edgar/data/1827054/000153949720001549/exh99-15_120wallstcla.htm,0001539497-20-001549
https://www.sec.gov/Archives/edgar/data/1827054/000153949720001549/exh99-16onestocktoncla.htm,0001539497-20-001549
https://www.sec.gov/Archives/edgar/data/1827054/000153949720001549/exh99-17courtyardcla.htm,0001539497-20-001549
https://www.sec.gov/Archives/edgar/data/1790013/000153949719002117/exh99-1jpmcb.htm,0001539497-19-002117
https://www.sec.gov/Archives/edgar/data/1790013/000153949719002117/exh99-2crefi.htm,0001539497-19-002117
https://www.sec.gov/Archives/edgar/data/1790013/000153949719002117/exh99-3gacc.htm,0001539497-19-002117
https://www.sec.gov/Archives/edgar/data/1790013/000153949719002117/exh99-4_225bushstreet.htm,0001539497-19-002117
https://www.sec.gov/Archives/edgar/data/1790013/000153949719002117/exh99-5essexcla.htm,0001539497-19-002117
https://www.sec.gov/Archives/edgar/data/1790013/000153949719002117/exh99-6innovationpark.htm,0001539497-19-002117
https://www.sec.gov/Archives/edgar/data/1790013/000153949719002117/exh99-7_180waterstreet.htm,0001539497-19-002117
https://www.sec.gov/Archives/edgar/data/1790013/000153949719002117/exh99-8harveybuilding.htm,0001539497-19-002117
https://www.sec.gov/Archives/edgar/data/1790013/000153949719002117/exh99-9legendsatvillagewest.htm,0001539497-19-002117
https://www.sec.gov/Archives/edgar/data/1790013/000153949719002117/exh99-10osbornecla.htm,0001539497-19-002117
https://www.sec.gov/Archives/edgar/data/1790013/000153949719002117/exh99-11tysonstower.htm,0001539497-19-002117
https://www.sec.gov/Archives/edgar/data/1790013/000153949719002117/exh99-12_900stewartavenue.htm,0001539497-19-002117
https://www.sec.gov/Archives/edgar/data/1790013/000153949719002117/exh99-13_hiltoncincinnati.htm,0001539497-19-002117
https://www.sec.gov/Archives/edgar/data/1790013/000153949719002117/exh99-14grandcanalshoppes.htm,0001539497-19-002117
https://www.sec.gov/Archives/edgar/data/1790013/000153949719002117/exh99-15parkavenuesouth.htm,0001539497-19-002117
https://www.sec.gov/Archives/edgar/data/1790013/000153949719002117/exh99-16_8westcentre.htm,0001539497-19-002117
https://www.sec.gov/Archives/edgar/data/1790013/000153949719002117/exh99-17sunsetnorth.htm,0001539497-19-002117
https://www.sec.gov/Archives/edgar/data/1790013/000153949719002117/exh99-18_600620nationalave.htm,0001539497-19-002117
https://www.sec.gov/Archives/edgar/data/1790013/000153949719002117/exh99-19cityhydepark.htm,0001539497-19-002117
https://www.sec.gov/Archives/edgar/data/1803858/000153949720000775/exh99-10mrcd2019parktsa.htm,0001539497-20-000775
https://www.sec.gov/Archives/edgar/data/1803858/000153949720000775/exh99-1column.htm,0001539497-20-000775
https://www.sec.gov/Archives/edgar/data/1803858/000153949720000775/exh99-2lmf.htm,0001539497-20-000775
https://www.sec.gov/Archives/edgar/data/1803858/000153949720000775/exh99-3ubsmlpa.htm,0001539497-20-000775
https://www.sec.gov/Archives/edgar/data/1803858/000153949720000775/exh99-4barclays.htm,0001539497-20-000775
https://www.sec.gov/Archives/edgar/data/1803858/000153949720000775/exh99-5ladder.htm,0001539497-20-000775
https://www.sec.gov/Archives/edgar/data/1803858/000153949720000775/exh99-6aref.htm,0001539497-20-000775
https://www.sec.gov/Archives/edgar/data/1803858/000153949720000775/exh99-7wfbmlpa.htm,0001539497-20-000775
https://www.sec.gov/Archives/edgar/data/1803858/000153949720000775/exh99-8csail2020c19psa.htm,0001539497-20-000775
https://www.sec.gov/Archives/edgar/data/1803858/000153949720000775/exh99-9csmc2019uviltsa.htm,0001539497-20-000775
https://www.sec.gov/Archives/edgar/data/1803858/000153949720000775/exh99-11madcmt650m.htm,0001539497-20-000775
https://www.sec.gov/Archives/edgar/data/1803858/000153949720000775/exh99-12thegrid.htm,0001539497-20-000775
https://www.sec.gov/Archives/edgar/data/1803858/000153949720000775/exh99-13kpmgplazacla.htm,0001539497-20-000775
https://www.sec.gov/Archives/edgar/data/1803858/000153949720000775/exh99-14universityvllagecla.htm,0001539497-20-000775
https://www.sec.gov/Archives/edgar/data/1803858/000153949720000775/exh99-15bushwick.htm,0001539497-20-000775
https://www.sec.gov/Archives/edgar/data/1803858/000153949720000775/exh99-16parkmercedcla.htm,0001539497-20-000775
https://www.sec.gov/Archives/edgar/data/1803858/000153949720000775/exh99-17cla650madison.htm,0001539497-20-000775
https://www.sec.gov/Archives/edgar/data/1803858/000153949720000775/exh99-18hpecampus.htm,0001539497-20-000775
https://www.sec.gov/Archives/edgar/data/1833522/000153949720001598/exh99-1gsmsmlpa.htm,0001539497-20-001598
https://www.sec.gov/Archives/edgar/data/1833522/000153949720001598/exh99-2crefimlpa.htm,0001539497-20-001598
https://www.sec.gov/Archives/edgar/data/1833522/000153949720001598/exh99-3smcmlpa.htm,0001539497-20-001598
https://www.sec.gov/Archives/edgar/data/1833522/000153949720001598/exh99-4arefmlpa.htm,0001539497-20-001598
https://www.sec.gov/Archives/edgar/data/1833522/000153949720001598/exh99-5sgfcmlpa.htm,0001539497-20-001598
https://www.sec.gov/Archives/edgar/data/1856967/000153949721000675/exh99-1msmch.htm,0001539497-21-000675
https://www.sec.gov/Archives/edgar/data/1856967/000153949721000675/exh99-2aref.htm,0001539497-21-000675
https://www.sec.gov/Archives/edgar/data/1856967/000153949721000675/exh99-3starwood.htm,0001539497-21-000675
https://www.sec.gov/Archives/edgar/data/1856967/000153949721000675/exh99-4keybank.htm,0001539497-21-000675
https://www.sec.gov/Archives/edgar/data/1856967/000153949721000675/exh99-5barclays.htm,0001539497-21-000675
https://www.sec.gov/Archives/edgar/data/1856967/000153949721000675/exh99-6mgmgrandcla.htm,0001539497-21-000675
https://www.sec.gov/Archives/edgar/data/1856967/000153949721000675/exh99-7signatureofccla.htm,0001539497-21-000675
https://www.sec.gov/Archives/edgar/data/1856967/000153949721000675/exh99-8appletreecla.htm,0001539497-21-000675
https://www.sec.gov/Archives/edgar/data/1856967/000153949721000675/exh99-9mccarthycla.htm,0001539497-21-000675
https://www.sec.gov/Archives/edgar/data/1823722/000153949720001334/exh99-1barclaysmlpa.htm,0001539497-20-001334
https://www.sec.gov/Archives/edgar/data/1823722/000153949720001334/exh99-2smcmlpa.htm,0001539497-20-001334
https://www.sec.gov/Archives/edgar/data/1823722/000153949720001334/exh99-3sgfcmlpa.htm,0001539497-20-001334
https://www.sec.gov/Archives/edgar/data/1823722/000153949720001334/exh99-4banamlpa.htm,0001539497-20-001334
https://www.sec.gov/Archives/edgar/data/1823722/000153949720001334/exh99-5lmfmlpa.htm,0001539497-20-001334
https://www.sec.gov/Archives/edgar/data/1894714/000153949721002131/exh99-1crefimlpa.htm,0001539497-21-002131
https://www.sec.gov/Archives/edgar/data/1894714/000153949721002131/exh99-2gaccmlpa.htm,0001539497-21-002131
https://www.sec.gov/Archives/edgar/data/1894714/000153949721002131/exh99-3gsmcmlpa.htm,0001539497-21-002131
https://www.sec.gov/Archives/edgar/data/1894714/000153949721002131/exh99-4jpmcbmlpa.htm,0001539497-21-002131
https://www.sec.gov/Archives/edgar/data/1843823/000153949721000319/exh99-1_mlpabarclays.htm,0001539497-21-000319
https://www.sec.gov/Archives/edgar/data/1843823/000153949721000319/exh99-2_lmfmlpa.htm,0001539497-21-000319
https://www.sec.gov/Archives/edgar/data/1843823/000153949721000319/exh99-3_bsprtmlpa.htm,0001539497-21-000319
https://www.sec.gov/Archives/edgar/data/1843823/000153949721000319/exh99-4_mlpasgfc.htm,0001539497-21-000319
https://www.sec.gov/Archives/edgar/data/1843823/000153949721000319/exh99-5smcmlpa.htm,0001539497-21-000319
https://www.sec.gov/Archives/edgar/data/1843823/000153949721000319/exh99-6_keybankmlpa.htm,0001539497-21-000319
https://www.sec.gov/Archives/edgar/data/1885855/000153949721001851/exh99-1mlpagacc.htm,0001539497-21-001851
https://www.sec.gov/Archives/edgar/data/1885855/000153949721001851/exh99-2mlpajpmcb.htm,0001539497-21-001851
https://www.sec.gov/Archives/edgar/data/1885855/000153949721001851/exh99-3mlpagaccgsmc.htm,0001539497-21-001851
https://www.sec.gov/Archives/edgar/data/1885855/000153949721001851/exh99-4mlpagacccrefi.htm,0001539497-21-001851
https://www.sec.gov/Archives/edgar/data/1793651/000153949719002316/exh99-1crefi.htm,0001539497-19-002316
https://www.sec.gov/Archives/edgar/data/1793651/000153949719002316/exh99-2gacc.htm,0001539497-19-002316
https://www.sec.gov/Archives/edgar/data/1793651/000153949719002316/exh99-3jpmcb.htm,0001539497-19-002316
https://www.sec.gov/Archives/edgar/data/1851817/000153949721000628/exh99-1mlpaaref.htm,0001539497-21-000628
https://www.sec.gov/Archives/edgar/data/1851817/000153949721000628/exh99-2mlpalmf.htm,0001539497-21-000628
https://www.sec.gov/Archives/edgar/data/1851817/000153949721000628/exh99-3mlpawfb.htm,0001539497-21-000628
https://www.sec.gov/Archives/edgar/data/1851817/000153949721000628/exh99-4mlpa_ubs.htm,0001539497-21-000628
https://www.sec.gov/Archives/edgar/data/1851817/000153949721000628/exh99-5bsprtmlpa.htm,0001539497-21-000628
https://www.sec.gov/Archives/edgar/data/1851817/000153949721000628/exh99-6barclaysmlpa.htm,0001539497-21-000628
https://www.sec.gov/Archives/edgar/data/850779/000153949720000769/exh99-10mrcd2019parktsa.htm,0001539497-20-000769
https://www.sec.gov/Archives/edgar/data/850779/000153949720000769/exh99-1column.htm,0001539497-20-000769
https://www.sec.gov/Archives/edgar/data/850779/000153949720000769/exh99-2lmf.htm,0001539497-20-000769
https://www.sec.gov/Archives/edgar/data/850779/000153949720000769/exh99-3ubsmlpa.htm,0001539497-20-000769
https://www.sec.gov/Archives/edgar/data/850779/000153949720000769/exh99-4barclays.htm,0001539497-20-000769
https://www.sec.gov/Archives/edgar/data/850779/000153949720000769/exh99-5ladder.htm,0001539497-20-000769
https://www.sec.gov/Archives/edgar/data/850779/000153949720000769/exh99-6aref.htm,0001539497-20-000769
https://www.sec.gov/Archives/edgar/data/850779/000153949720000769/exh99-7wfbmlpa.htm,0001539497-20-000769
https://www.sec.gov/Archives/edgar/data/850779/000153949720000769/exh99-8csail2020c19psa.htm,0001539497-20-000769
https://www.sec.gov/Archives/edgar/data/850779/000153949720000769/exh99-9csmc2019uviltsa.htm,0001539497-20-000769
https://www.sec.gov/Archives/edgar/data/850779/000153949720000769/exh99-11madcmt650m.htm,0001539497-20-000769
https://www.sec.gov/Archives/edgar/data/850779/000153949720000769/exh99-12thegrid.htm,0001539497-20-000769
https://www.sec.gov/Archives/edgar/data/850779/000153949720000769/exh99-13kpmgplazacla.htm,0001539497-20-000769
https://www.sec.gov/Archives/edgar/data/850779/000153949720000769/exh99-14universityvllagecla.htm,0001539497-20-000769
https://www.sec.gov/Archives/edgar/data/850779/000153949720000769/exh99-15bushwick.htm,0001539497-20-000769
https://www.sec.gov/Archives/edgar/data/850779/000153949720000769/exh99-16parkmercedcla.htm,0001539497-20-000769
https://www.sec.gov/Archives/edgar/data/850779/000153949720000769/exh99-17cla650madison.htm,0001539497-20-000769
https://www.sec.gov/Archives/edgar/data/850779/000153949720000769/exh99-18hpecampus.htm,0001539497-20-000769
https://www.sec.gov/Archives/edgar/data/1840644/000153949721000235/exh99-1crefimlpa.htm,0001539497-21-000235
https://www.sec.gov/Archives/edgar/data/1840644/000153949721000235/exh99-2gsmcmlpa.htm,0001539497-21-000235
https://www.sec.gov/Archives/edgar/data/1840644/000153949721000235/exh99-3gaccmlpa.htm,0001539497-21-000235
https://www.sec.gov/Archives/edgar/data/1840644/000153949721000235/exh99-4jpmcbmlpa.htm,0001539497-21-000235
https://www.sec.gov/Archives/edgar/data/1794303/000153949719002326/exh99-1crefimlpa.htm,0001539497-19-002326
https://www.sec.gov/Archives/edgar/data/1794303/000153949719002326/exh99-2lcfmlpa.htm,0001539497-19-002326
https://www.sec.gov/Archives/edgar/data/1794303/000153949719002326/exh99-3rmfmlpa.htm,0001539497-19-002326
https://www.sec.gov/Archives/edgar/data/1794303/000153949719002326/exh99-4smcmlpa.htm,0001539497-19-002326
https://www.sec.gov/Archives/edgar/data/1799385/000153949720000470/exh99-1wfbmlpa.htm,0001539497-20-000470
https://www.sec.gov/Archives/edgar/data/1799385/000153949720000470/exh99-2barclaysmlpa.htm,0001539497-20-000470
https://www.sec.gov/Archives/edgar/data/1799385/000153949720000470/exh99-3_mlpalmf.htm,0001539497-20-000470
https://www.sec.gov/Archives/edgar/data/1799385/000153949720000470/exh99-4lcfmlpa.htm,0001539497-20-000470
https://www.sec.gov/Archives/edgar/data/1799385/000153949720000470/exh99-5_mlparialto.htm,0001539497-20-000470
https://www.sec.gov/Archives/edgar/data/1799385/000153949720000470/exh99-6_mlpargentic.htm,0001539497-20-000470
https://www.sec.gov/Archives/edgar/data/1824482/000153949720001343/exh99-1_mlpajpmcb.htm,0001539497-20-001343
https://www.sec.gov/Archives/edgar/data/1824482/000153949720001343/exh99-2_mlpagacc.htm,0001539497-20-001343
https://www.sec.gov/Archives/edgar/data/1824482/000153949720001343/exh99-3_mlpacrefi.htm,0001539497-20-001343
https://www.sec.gov/Archives/edgar/data/1824482/000153949720001343/exh99-4_mlpagsmc.htm,0001539497-20-001343
https://www.sec.gov/Archives/edgar/data/1791295/000153949719002120/exh99-1msmchmlpa.htm,0001539497-19-002120
https://www.sec.gov/Archives/edgar/data/1791295/000153949719002120/exh99-2starwoodmlpa.htm,0001539497-19-002120
https://www.sec.gov/Archives/edgar/data/1791295/000153949719002120/exh99-3arefmlpa.htm,0001539497-19-002120
https://www.sec.gov/Archives/edgar/data/1791295/000153949719002120/exh99-4keybankmlpa.htm,0001539497-19-002120
https://www.sec.gov/Archives/edgar/data/1791295/000153949719002120/exh99-5ccremlpa.htm,0001539497-19-002120
https://www.sec.gov/Archives/edgar/data/1791295/000153949719002120/exh99-6gnlofficecla.htm,0001539497-19-002120
https://www.sec.gov/Archives/edgar/data/1791295/000153949719002120/exh99-7parklawn.htm,0001539497-19-002120
https://www.sec.gov/Archives/edgar/data/1791295/000153949719002120/exh99-8eastvillage.htm,0001539497-19-002120
https://www.sec.gov/Archives/edgar/data/1791295/000153949719002120/exh99-9grandcanal.htm,0001539497-19-002120
https://www.sec.gov/Archives/edgar/data/1791295/000153949719002120/exh99-10ilpt.htm,0001539497-19-002120
https://www.sec.gov/Archives/edgar/data/1791295/000153949719002120/exh99-11royalpalmplace.htm,0001539497-19-002120
https://www.sec.gov/Archives/edgar/data/1791295/000153949719002120/exh99-12wellsfargoplace.htm,0001539497-19-002120
https://www.sec.gov/Archives/edgar/data/1791295/000153949719002120/exh99-13bushwickavenue.htm,0001539497-19-002120
https://www.sec.gov/Archives/edgar/data/1791295/000153949719002120/exh99-14osbornecla.htm,0001539497-19-002120
https://www.sec.gov/Archives/edgar/data/1791295/000153949719002120/exh99-15americanmetro.htm,0001539497-19-002120
https://www.sec.gov/Archives/edgar/data/1791295/000153949719002120/exh99-16hiltonportfolio.htm,0001539497-19-002120
https://www.sec.gov/Archives/edgar/data/1791295/000153949719002120/exh99-17natlanchored.htm,0001539497-19-002120
https://www.sec.gov/Archives/edgar/data/1791295/000153949719002120/exh99-18keybank.htm,0001539497-19-002120
https://www.sec.gov/Archives/edgar/data/1821946/000153949720001231/exh99-1crefimlpa.htm,0001539497-20-001231
https://www.sec.gov/Archives/edgar/data/1821946/000153949720001231/exh99-2gsmcmlpa.htm,0001539497-20-001231
https://www.sec.gov/Archives/edgar/data/1821946/000153949720001231/exh99-3gaccmlpa.htm,0001539497-20-001231
https://www.sec.gov/Archives/edgar/data/1821946/000153949720001231/exh99-4jpmcbmlpa.htm,0001539497-20-001231
https://www.sec.gov/Archives/edgar/data/1880187/000153949721001477/exh99-1gsmc_mlpa.htm,0001539497-21-001477
https://www.sec.gov/Archives/edgar/data/1880187/000153949721001477/exh99-2crefi_mlpa.htm,0001539497-21-001477
https://www.sec.gov/Archives/edgar/data/1880187/000153949721001477/exh99-3jpmcb_mlpa.htm,0001539497-21-001477
https://www.sec.gov/Archives/edgar/data/1880187/000153949721001477/exh99-4gaccmlpa.htm,0001539497-21-001477
https://www.sec.gov/Archives/edgar/data/1924780/000153949722001228/exh99-1bcrei.htm,0001539497-22-001228
https://www.sec.gov/Archives/edgar/data/1924780/000153949722001228/exh99-2sgfc.htm,0001539497-22-001228
https://www.sec.gov/Archives/edgar/data/1924780/000153949722001228/exh99-3smc.htm,0001539497-22-001228
https://www.sec.gov/Archives/edgar/data/1924780/000153949722001228/exh99-4ubsag.htm,0001539497-22-001228
https://www.sec.gov/Archives/edgar/data/1924780/000153949722001228/exh99-5lmf.htm,0001539497-22-001228
https://www.sec.gov/Archives/edgar/data/1924780/000153949722001228/exh99-6bsprt.htm,0001539497-22-001228
https://www.sec.gov/Archives/edgar/data/1924780/000153949722001228/exh99-7nrec.htm,0001539497-22-001228
https://www.sec.gov/Archives/edgar/data/1891818/000153949721001955/exh99-1barclays.htm,0001539497-21-001955
https://www.sec.gov/Archives/edgar/data/1891818/000153949721001955/exh99-2sgfc.htm,0001539497-21-001955
https://www.sec.gov/Archives/edgar/data/1891818/000153949721001955/exh99-3smc.htm,0001539497-21-001955
https://www.sec.gov/Archives/edgar/data/1891818/000153949721001955/exh99-4bmo.htm,0001539497-21-001955
https://www.sec.gov/Archives/edgar/data/1891818/000153949721001955/exh99-5keybank.htm,0001539497-21-001955
https://www.sec.gov/Archives/edgar/data/1901814/000153949722000495/exh99-1barclaysmlpa.htm,0001539497-22-000495
https://www.sec.gov/Archives/edgar/data/1901814/000153949722000495/exh99-2lmfmlpa.htm,0001539497-22-000495
https://www.sec.gov/Archives/edgar/data/1901814/000153949722000495/exh99-3sgfcmlpa.htm,0001539497-22-000495
https://www.sec.gov/Archives/edgar/data/1901814/000153949722000495/exh99-4bsprtmlpa.htm,0001539497-22-000495
https://www.sec.gov/Archives/edgar/data/1901814/000153949722000495/exh99-5ubsmlpa.htm,0001539497-22-000495
https://www.sec.gov/Archives/edgar/data/1901814/000153949722000495/exh99-6nrecmlpa.htm,0001539497-22-000495
https://www.sec.gov/Archives/edgar/data/1967945/000153949723000694/exh99-1wfb.htm,0001539497-23-000694
https://www.sec.gov/Archives/edgar/data/1967945/000153949723000694/exh99-2msmch.htm,0001539497-23-000694
https://www.sec.gov/Archives/edgar/data/1967945/000153949723000694/exh99-3crefi.htm,0001539497-23-000694
https://www.sec.gov/Archives/edgar/data/1967945/000153949723000694/exh99-4bana.htm,0001539497-23-000694
https://www.sec.gov/Archives/edgar/data/1966434/000153949723000764/exh99-1barclays.htm,0001539497-23-000764
https://www.sec.gov/Archives/edgar/data/1966434/000153949723000764/exh99-2sgfc.htm,0001539497-23-000764
https://www.sec.gov/Archives/edgar/data/1966434/000153949723000764/exh99-3aref.htm,0001539497-23-000764
https://www.sec.gov/Archives/edgar/data/1966434/000153949723000764/exh99-4aref2.htm,0001539497-23-000764
https://www.sec.gov/Archives/edgar/data/1966434/000153949723000764/exh99-5gacc.htm,0001539497-23-000764
https://www.sec.gov/Archives/edgar/data/1966434/000153949723000764/exh99-6bmo.htm,0001539497-23-000764
https://www.sec.gov/Archives/edgar/data/1966434/000153949723000764/exh99-7lmf.htm,0001539497-23-000764
https://www.sec.gov/Archives/edgar/data/1966434/000153949723000764/exh99-8smc.htm,0001539497-23-000764
https://www.sec.gov/Archives/edgar/data/1966434/000153949723000764/exh99-9keybank.htm,0001539497-23-000764
https://www.sec.gov/Archives/edgar/data/1800/000162828023034544/abt-2023q3xexhibitx991.htm,0001628280-23-034544
https://www.sec.gov/Archives/edgar/data/1800/000162828023025156/abt-2023q2xexhibitx991.htm,0001628280-23-025156
https://www.sec.gov/Archives/edgar/data/1800/000162828023012020/abt-2023q1xexhibitx991.htm,0001628280-23-012020
https://www.sec.gov/Archives/edgar/data/1800/000162828023001516/abt-202212523xexhibitx99111.htm,0001628280-23-001516
https://www.sec.gov/Archives/edgar/data/1800/000162828022026588/abt-20221019xexhibitx991.htm,0001628280-22-026588
https://www.sec.gov/Archives/edgar/data/1800/000110465922081006/tm2221376d1_ex99-1.htm,0001104659-22-081006
https://www.sec.gov/Archives/edgar/data/1800/000110465922047560/tm2213006d1_ex99-1.htm,0001104659-22-047560
https://www.sec.gov/Archives/edgar/data/1800/000110465922007648/tm224433d1_ex99-1.htm,0001104659-22-007648
https://www.sec.gov/Archives/edgar/data/1800/000110465921148608/tm2134920d1_ex99-1.htm,0001104659-21-148608
https://www.sec.gov/Archives/edgar/data/1800/000110465921127874/tm2130546d1_ex99-1.htm,0001104659-21-127874
https://www.sec.gov/Archives/edgar/data/1800/000110465921094680/tm2122884d1_ex99-1.htm,0001104659-21-094680
https://www.sec.gov/Archives/edgar/data/1800/000110465921076394/tm2118332d1_ex99-1.htm,0001104659-21-076394
https://www.sec.gov/Archives/edgar/data/1800/000110465921052205/tm2113390d1_ex99-1.htm,0001104659-21-052205
https://www.sec.gov/Archives/edgar/data/1800/000110465921007942/tm214153d1_ex99-1.htm,0001104659-21-007942
https://www.sec.gov/Archives/edgar/data/1800/000110465920116611/tm2033805d1_ex99-1.htm,0001104659-20-116611
https://www.sec.gov/Archives/edgar/data/1800/000110465920083929/tm2024852d1_ex99-1.htm,0001104659-20-083929
https://www.sec.gov/Archives/edgar/data/1800/000110465920047187/tm2015945d1_ex99-1.htm,0001104659-20-047187
https://www.sec.gov/Archives/edgar/data/1800/000110465920005717/tm205456d1_ex99-1.htm,0001104659-20-005717
https://www.sec.gov/Archives/edgar/data/1800/000110465919063029/tm1922340d2_ex99-1.htm,0001104659-19-063029
https://www.sec.gov/Archives/edgar/data/1800/000110465919054283/tm19202691_ex99-1.htm,0001104659-19-054283
https://www.sec.gov/Archives/edgar/data/1800/000110465919040664/a19-12883_1ex99d1.htm,0001104659-19-040664
https://www.sec.gov/Archives/edgar/data/1800/000110465919021809/a19-8384_1ex99d1.htm,0001104659-19-021809
https://www.sec.gov/Archives/edgar/data/1800/000110465919002848/a19-3241_1ex99d1.htm,0001104659-19-002848
https://www.sec.gov/Archives/edgar/data/1551152/000110465923124047/tm2332303d1_ex99-1.htm,0001104659-23-124047
https://www.sec.gov/Archives/edgar/data/1551152/000110465923124047/tm2332303d1_ex99-2.htm,0001104659-23-124047
https://www.sec.gov/Archives/edgar/data/1551152/000110465923122241/tm2331814d1_ex99-1.htm,0001104659-23-122241
https://www.sec.gov/Archives/edgar/data/1551152/000110465923122241/tm2331814d1_ex99-2.htm,0001104659-23-122241
https://www.sec.gov/Archives/edgar/data/1551152/000155115223000040/abbv-20230930xexhibit991.htm,0001551152-23-000040
https://www.sec.gov/Archives/edgar/data/1551152/000155115223000036/abbv-20230930nonxgaapxex991.htm,0001551152-23-000036
https://www.sec.gov/Archives/edgar/data/1551152/000155115223000028/abbv-20230630xexhibit991.htm,0001551152-23-000028
https://www.sec.gov/Archives/edgar/data/1551152/000155115223000026/abbv-20230630nonxgaapxex991.htm,0001551152-23-000026
https://www.sec.gov/Archives/edgar/data/1551152/000155115223000019/abbv-20230331xexhibit991.htm,0001551152-23-000019
https://www.sec.gov/Archives/edgar/data/1551152/000155115223000015/abbv-20230331nonxgaapxex991.htm,0001551152-23-000015
https://www.sec.gov/Archives/edgar/data/1551152/000155115223000006/abbv-20221231xexhibit991.htm,0001551152-23-000006
https://www.sec.gov/Archives/edgar/data/1551152/000110465923002452/tm232769d1_ex99-1.htm,0001104659-23-002452
https://www.sec.gov/Archives/edgar/data/1551152/000155115223000004/abbv-20221231nonxgaapxex991.htm,0001551152-23-000004
https://www.sec.gov/Archives/edgar/data/1551152/000155115222000038/abbv-20220930xexhibit991.htm,0001551152-22-000038
https://www.sec.gov/Archives/edgar/data/1551152/000110465922109061/tm2228315d1_ex99-1.htm,0001104659-22-109061
https://www.sec.gov/Archives/edgar/data/1551152/000155115222000034/abbv-20220930nonxgaapxex991.htm,0001551152-22-000034
https://www.sec.gov/Archives/edgar/data/1551152/000155115222000026/abbv-20220630xexhibit991.htm,0001551152-22-000026
https://www.sec.gov/Archives/edgar/data/1551152/000155115222000023/abbv-20220630nonxgaapxex991.htm,0001551152-22-000023
https://www.sec.gov/Archives/edgar/data/1551152/000155115222000012/abbv-20220331xexhibit991.htm,0001551152-22-000012
https://www.sec.gov/Archives/edgar/data/1551152/000155115222000010/abbv-20220331xexhibit991.htm,0001551152-22-000010
https://www.sec.gov/Archives/edgar/data/1551152/000110465922048450/tm2213254d1_ex99-1.htm,0001104659-22-048450
https://www.sec.gov/Archives/edgar/data/1551152/000155115222000003/abbv-20211231xexhibit991.htm,0001551152-22-000003
https://www.sec.gov/Archives/edgar/data/1551152/000155115221000028/abbv-20210930xexhibit991.htm,0001551152-21-000028
https://www.sec.gov/Archives/edgar/data/1551152/000155115221000021/abbv-20210630xexhibit991.htm,0001551152-21-000021
https://www.sec.gov/Archives/edgar/data/1551152/000155115221000013/abbv-20210331xexhibit991.htm,0001551152-21-000013
https://www.sec.gov/Archives/edgar/data/1551152/000110465921052229/tm2113328d1_ex99-1.htm,0001104659-21-052229
https://www.sec.gov/Archives/edgar/data/1551152/000110465921035654/tm219217d1_ex99-1.htm,0001104659-21-035654
https://www.sec.gov/Archives/edgar/data/1551152/000155115221000003/abbv-20201231xexhibit991.htm,0001551152-21-000003
https://www.sec.gov/Archives/edgar/data/1551152/000110465921003462/tm212802d1_ex99-1.htm,0001104659-21-003462
https://www.sec.gov/Archives/edgar/data/1551152/000110465920126925/tm2036246d1_ex99-1.htm,0001104659-20-126925
https://www.sec.gov/Archives/edgar/data/1551152/000155115220000029/abbv-20200930xex991.htm,0001551152-20-000029
https://www.sec.gov/Archives/edgar/data/1551152/000110465920115857/tm2031835d6_ex99-1.htm,0001104659-20-115857
https://www.sec.gov/Archives/edgar/data/1551152/000110465920111687/tm2031835d3_ex99-1.htm,0001104659-20-111687
https://www.sec.gov/Archives/edgar/data/1551152/000155115220000019/abbv-20200630xexhibit991.htm,0001551152-20-000019
https://www.sec.gov/Archives/edgar/data/1551152/000155115220000019/abbv-20200630xexhibit992.htm,0001551152-20-000019
https://www.sec.gov/Archives/edgar/data/1551152/000110465920087827/tm2025879d1_ex99-1.htm,0001104659-20-087827
https://www.sec.gov/Archives/edgar/data/1551152/000110465920061621/tm2019527d2_ex99-1.htm,0001104659-20-061621
https://www.sec.gov/Archives/edgar/data/1551152/000110465920058837/tm2018740d2_ex99-1.htm,0001104659-20-058837
https://www.sec.gov/Archives/edgar/data/1551152/000110465920057093/tm2018740d1_ex99-1.htm,0001104659-20-057093
https://www.sec.gov/Archives/edgar/data/1551152/000110465920057093/tm2018740d1_ex99-2.htm,0001104659-20-057093
https://www.sec.gov/Archives/edgar/data/1551152/000155115220000010/abbv-20200331xexhibit9.htm,0001551152-20-000010
https://www.sec.gov/Archives/edgar/data/1551152/000110465920051316/tm2016900d1_ex99-1.htm,0001104659-20-051316
https://www.sec.gov/Archives/edgar/data/1551152/000110465920048487/tm2016296d1_ex99-1.htm,0001104659-20-048487
https://www.sec.gov/Archives/edgar/data/1551152/000110465920043408/tm2015052d1_ex99-1.htm,0001104659-20-043408
https://www.sec.gov/Archives/edgar/data/1551152/000110465920037093/tm2013434d1_ex99-1.htm,0001104659-20-037093
https://www.sec.gov/Archives/edgar/data/1551152/000110465920030507/tm2012020d1_ex99-1.htm,0001104659-20-030507
https://www.sec.gov/Archives/edgar/data/1551152/000110465920024097/tm209721d1_ex99-1.htm,0001104659-20-024097
https://www.sec.gov/Archives/edgar/data/1551152/000155115220000004/abbv-20191231xexhibit9.htm,0001551152-20-000004
https://www.sec.gov/Archives/edgar/data/1551152/000110465920006940/tm205890d1_ex99-1.htm,0001104659-20-006940
https://www.sec.gov/Archives/edgar/data/1551152/000110465919074689/tm1926572d1_ex99-1.htm,0001104659-19-074689
https://www.sec.gov/Archives/edgar/data/1551152/000110465919064905/tm1922045d3_ex99-1.htm,0001104659-19-064905
https://www.sec.gov/Archives/edgar/data/1551152/000110465919063366/tm1922692d1_ex99-1.htm,0001104659-19-063366
https://www.sec.gov/Archives/edgar/data/1551152/000110465919061290/tm1922184d1_ex99-1.htm,0001104659-19-061290
https://www.sec.gov/Archives/edgar/data/1551152/000110465919060862/tm1921884d1_ex99-1.htm,0001104659-19-060862
https://www.sec.gov/Archives/edgar/data/1551152/000110465919060862/tm1921884d1_ex99-2.htm,0001104659-19-060862
https://www.sec.gov/Archives/edgar/data/1551152/000110465919060477/tm1922012d1_ex99-1.htm,0001104659-19-060477
https://www.sec.gov/Archives/edgar/data/1551152/000110465919060477/tm1922012d1_ex99-2.htm,0001104659-19-060477
https://www.sec.gov/Archives/edgar/data/1551152/000155115219000026/abbv-20190930xexhibit991.htm,0001551152-19-000026
https://www.sec.gov/Archives/edgar/data/1551152/000110465919056315/tm19209061_ex99-1.htm,0001104659-19-056315
https://www.sec.gov/Archives/edgar/data/1551152/000141057819001244/tv529457_ex99-1.htm,0001410578-19-001244
https://www.sec.gov/Archives/edgar/data/1551152/000141057819001244/tv529457_ex99-2.htm,0001410578-19-001244
https://www.sec.gov/Archives/edgar/data/1551152/000141057819001242/tv529395_ex99-1.htm,0001410578-19-001242
https://www.sec.gov/Archives/edgar/data/1551152/000141057819001242/tv529395_ex99-2.htm,0001410578-19-001242
https://www.sec.gov/Archives/edgar/data/1551152/000141057819001242/tv529395_ex99-3.htm,0001410578-19-001242
https://www.sec.gov/Archives/edgar/data/1551152/000155115219000021/abbv-20190630xexhibit991.htm,0001551152-19-000021
https://www.sec.gov/Archives/edgar/data/1551152/000110465919037446/a19-12093_1ex99d1.htm,0001104659-19-037446
https://www.sec.gov/Archives/edgar/data/1551152/000155115219000012/abbv-20190331xexhibit991.htm,0001551152-19-000012
https://www.sec.gov/Archives/edgar/data/1551152/000155115219000004/abbv-20181231xexhibit991.htm,0001551152-19-000004
https://www.sec.gov/Archives/edgar/data/1467373/000146737323000401/fy24q1earnings8-kexhibit.htm,0001467373-23-000401
https://www.sec.gov/Archives/edgar/data/1467373/000146737323000382/fy241206238-kexhibit.htm,0001467373-23-000382
https://www.sec.gov/Archives/edgar/data/1467373/000146737323000303/fy23q4plc8-kexhibit.htm,0001467373-23-000303
https://www.sec.gov/Archives/edgar/data/1467373/000146737323000244/acn72720238-kexhibit.htm,0001467373-23-000244
https://www.sec.gov/Archives/edgar/data/1467373/000146737323000220/fy23q3earnings8-kexhibit.htm,0001467373-23-000220
https://www.sec.gov/Archives/edgar/data/1467373/000146737323000139/fy23414238-kexhibit.htm,0001467373-23-000139
https://www.sec.gov/Archives/edgar/data/1467373/000146737323000123/fy23q2earnings8-kexhibit.htm,0001467373-23-000123
https://www.sec.gov/Archives/edgar/data/1467373/000146737322000369/fy23q1earnings8-kexhibit.htm,0001467373-22-000369
https://www.sec.gov/Archives/edgar/data/1467373/000146737322000283/fy22q4plc8-kexhibit.htm,0001467373-22-000283
https://www.sec.gov/Archives/edgar/data/1467373/000146737322000218/acn71420228-kexhibit.htm,0001467373-22-000218
https://www.sec.gov/Archives/edgar/data/1467373/000146737322000199/fy22q3earnings8-kexhibit.htm,0001467373-22-000199
https://www.sec.gov/Archives/edgar/data/1467373/000146737322000143/fy22q2earnings8-kexhibit.htm,0001467373-22-000143
https://www.sec.gov/Archives/edgar/data/1467373/000146737322000131/acn30320228-kexhibit.htm,0001467373-22-000131
https://www.sec.gov/Archives/edgar/data/1467373/000146737322000061/acn13120228-kexhibit.htm,0001467373-22-000061
https://www.sec.gov/Archives/edgar/data/1467373/000146737321000295/fy22q1earnings8-kexhibit.htm,0001467373-21-000295
https://www.sec.gov/Archives/edgar/data/1467373/000146737321000218/fy21q4plc8-kexhibit.htm,0001467373-21-000218
https://www.sec.gov/Archives/edgar/data/1467373/000146737321000159/fy21q3earnings8-kexhibit.htm,0001467373-21-000159
https://www.sec.gov/Archives/edgar/data/1467373/000146737321000150/acn60220218-kexhibit.htm,0001467373-21-000150
https://www.sec.gov/Archives/edgar/data/1467373/000146737321000104/fy21q2earnings8-kexhibit.htm,0001467373-21-000104
https://www.sec.gov/Archives/edgar/data/1467373/000146737320000429/fy21q1earnings8-kexhibit.htm,0001467373-20-000429
https://www.sec.gov/Archives/edgar/data/1467373/000146737320000417/acn120320208-kexhibit.htm,0001467373-20-000417
https://www.sec.gov/Archives/edgar/data/1467373/000146737320000341/october52020plc8-kexhi.htm,0001467373-20-000341
https://www.sec.gov/Archives/edgar/data/1467373/000146737320000336/fy20q4plc8-kexhibit.htm,0001467373-20-000336
https://www.sec.gov/Archives/edgar/data/1467373/000146737320000249/fy20q3earnings8-kexhibit.htm,0001467373-20-000249
https://www.sec.gov/Archives/edgar/data/1467373/000146737320000157/fy20q2earnings8-kexhib.htm,0001467373-20-000157
https://www.sec.gov/Archives/edgar/data/1467373/000146737320000041/january2920208-kexhibit.htm,0001467373-20-000041
https://www.sec.gov/Archives/edgar/data/1467373/000146737320000026/january1320208-kexhibit.htm,0001467373-20-000026
https://www.sec.gov/Archives/edgar/data/1467373/000146737319000394/fy20q1earnings8-kexhib.htm,0001467373-19-000394
https://www.sec.gov/Archives/edgar/data/1467373/000146737319000342/november12019acn8-kexhibit.htm,0001467373-19-000342
https://www.sec.gov/Archives/edgar/data/1467373/000146737319000274/fy19q4plc8-kexhibit.htm,0001467373-19-000274
https://www.sec.gov/Archives/edgar/data/1467373/000146737319000272/september2420198-kexhibit.htm,0001467373-19-000272
https://www.sec.gov/Archives/edgar/data/1467373/000146737319000245/july182019acn8-kexhibit.htm,0001467373-19-000245
https://www.sec.gov/Archives/edgar/data/1467373/000146737319000236/july112019acn8-kexhibit.htm,0001467373-19-000236
https://www.sec.gov/Archives/edgar/data/1467373/000146737319000219/july2019acn8-kexhibit.htm,0001467373-19-000219
https://www.sec.gov/Archives/edgar/data/1467373/000146737319000215/fy19q3earnings8-kexhibit.htm,0001467373-19-000215
https://www.sec.gov/Archives/edgar/data/1467373/000146737319000201/june20198-kexhibit.htm,0001467373-19-000201
https://www.sec.gov/Archives/edgar/data/1467373/000146737319000128/fy19q2earnings8-kexhibit.htm,0001467373-19-000128
https://www.sec.gov/Archives/edgar/data/1467373/000146737319000039/january312019acn8-kexhibit.htm,0001467373-19-000039
https://www.sec.gov/Archives/edgar/data/1467373/000146737319000024/january2019acn8-kexhibit.htm,0001467373-19-000024
https://www.sec.gov/Archives/edgar/data/796343/000079634323000254/adbedecember182023pressrel.htm,0000796343-23-000254
https://www.sec.gov/Archives/edgar/data/796343/000079634323000252/adbeex991q423.htm,0000796343-23-000252
https://www.sec.gov/Archives/edgar/data/796343/000079634323000226/adbeex991newdirector.htm,0000796343-23-000226
https://www.sec.gov/Archives/edgar/data/796343/000079634323000198/adbeex991q323.htm,0000796343-23-000198
https://www.sec.gov/Archives/edgar/data/796343/000079634323000133/adbeex991q223.htm,0000796343-23-000133
https://www.sec.gov/Archives/edgar/data/796343/000079634323000044/adbeex991q123.htm,0000796343-23-000044
https://www.sec.gov/Archives/edgar/data/796343/000079634322000225/adbeex991q422.htm,0000796343-22-000225
https://www.sec.gov/Archives/edgar/data/796343/000114036122033412/ny20005310x2_ex99-1.htm,0001140361-22-033412
https://www.sec.gov/Archives/edgar/data/796343/000079634322000183/adbeex991q322.htm,0000796343-22-000183
https://www.sec.gov/Archives/edgar/data/796343/000079634322000150/adbeex991q222.htm,0000796343-22-000150
https://www.sec.gov/Archives/edgar/data/796343/000079634322000087/adbeex991q122.htm,0000796343-22-000087
https://www.sec.gov/Archives/edgar/data/796343/000079634322000085/adbeex9918-k1.htm,0000796343-22-000085
https://www.sec.gov/Archives/edgar/data/796343/000079634322000011/adbeex991newdirectors.htm,0000796343-22-000011
https://www.sec.gov/Archives/edgar/data/796343/000079634321000249/adbeex991121621.htm,0000796343-21-000249
https://www.sec.gov/Archives/edgar/data/796343/000079634321000247/adbeex991q421.htm,0000796343-21-000247
https://www.sec.gov/Archives/edgar/data/796343/000079634321000213/adbeex991100121.htm,0000796343-21-000213
https://www.sec.gov/Archives/edgar/data/796343/000079634321000198/adbeex991q321.htm,0000796343-21-000198
https://www.sec.gov/Archives/edgar/data/796343/000079634321000146/adbeex991q221.htm,0000796343-21-000146
https://www.sec.gov/Archives/edgar/data/796343/000079634321000134/adobeappointswadhwani.htm,0000796343-21-000134
https://www.sec.gov/Archives/edgar/data/796343/000079634321000128/adbeex9918-k.htm,0000796343-21-000128
https://www.sec.gov/Archives/edgar/data/796343/000079634321000063/adbeex991q121.htm,0000796343-21-000063
https://www.sec.gov/Archives/edgar/data/796343/000079634321000063/adbeex992q121.htm,0000796343-21-000063
https://www.sec.gov/Archives/edgar/data/796343/000079634320000248/adbeex991q420.htm,0000796343-20-000248
https://www.sec.gov/Archives/edgar/data/796343/000079634320000248/adbeex992q420.htm,0000796343-20-000248
https://www.sec.gov/Archives/edgar/data/796343/000079634320000212/adbeex991newdirector.htm,0000796343-20-000212
https://www.sec.gov/Archives/edgar/data/796343/000079634320000197/adbeex991q320.htm,0000796343-20-000197
https://www.sec.gov/Archives/edgar/data/796343/000079634320000129/adbeex991q220.htm,0000796343-20-000129
https://www.sec.gov/Archives/edgar/data/796343/000079634320000054/adbeex991q120.htm,0000796343-20-000054
https://www.sec.gov/Archives/edgar/data/796343/000079634319000185/adbeex991q419.htm,0000796343-19-000185
https://www.sec.gov/Archives/edgar/data/796343/000079634319000159/adbeex991q319.htm,0000796343-19-000159
https://www.sec.gov/Archives/edgar/data/796343/000079634319000132/adbeex991q219.htm,0000796343-19-000132
https://www.sec.gov/Archives/edgar/data/796343/000079634319000066/adbeex991q119.htm,0000796343-19-000066
https://www.sec.gov/Archives/edgar/data/796343/000079634319000008/exhibit991-pressrelease.htm,0000796343-19-000008
https://www.sec.gov/Archives/edgar/data/796343/000079634319000008/exhibit992-pressrelease.htm,0000796343-19-000008
https://www.sec.gov/Archives/edgar/data/2488/000000248823000192/q32023991.htm,0000002488-23-000192
https://www.sec.gov/Archives/edgar/data/2488/000000248823000192/amdq323earningsslides.htm,0000002488-23-000192
https://www.sec.gov/Archives/edgar/data/2488/000000248823000135/q22023991.htm,0000002488-23-000135
https://www.sec.gov/Archives/edgar/data/2488/000000248823000135/amdq223earningsslidesfin.htm,0000002488-23-000135
https://www.sec.gov/Archives/edgar/data/2488/000000248823000074/q12023991.htm,0000002488-23-000074
https://www.sec.gov/Archives/edgar/data/2488/000000248823000074/amdq123earningsslides.htm,0000002488-23-000074
https://www.sec.gov/Archives/edgar/data/2488/000000248823000007/q42022991final.htm,0000002488-23-000007
https://www.sec.gov/Archives/edgar/data/2488/000000248823000007/amdq422earningsslidesfin.htm,0000002488-23-000007
https://www.sec.gov/Archives/edgar/data/2488/000000248823000003/exh99_1transitionxpressrel.htm,0000002488-23-000003
https://www.sec.gov/Archives/edgar/data/2488/000000248822000176/amdboardofdirectorspressre.htm,0000002488-22-000176
https://www.sec.gov/Archives/edgar/data/2488/000000248822000168/q32022991.htm,0000002488-22-000168
https://www.sec.gov/Archives/edgar/data/2488/000000248822000168/amdq322earningsslidesfin.htm,0000002488-22-000168
https://www.sec.gov/Archives/edgar/data/2488/000000248822000163/q322earnings_prelimxfina.htm,0000002488-22-000163
https://www.sec.gov/Archives/edgar/data/2488/000000248822000120/q22022991.htm,0000002488-22-000120
https://www.sec.gov/Archives/edgar/data/2488/000000248822000120/amdq222earningsslides-fi.htm,0000002488-22-000120
https://www.sec.gov/Archives/edgar/data/2488/000119312522170212/d257623dex991.htm,0001193125-22-170212
https://www.sec.gov/Archives/edgar/data/2488/000119312522170212/d257623dex992.htm,0001193125-22-170212
https://www.sec.gov/Archives/edgar/data/2488/000000248822000074/q12022991.htm,0000002488-22-000074
https://www.sec.gov/Archives/edgar/data/2488/000000248822000074/amdq122financialresultss.htm,0000002488-22-000074
https://www.sec.gov/Archives/edgar/data/2488/000000248822000031/xilinxacquisitionclosepres.htm,0000002488-22-000031
https://www.sec.gov/Archives/edgar/data/2488/000000248822000031/amdboardappointmentspressr.htm,0000002488-22-000031
https://www.sec.gov/Archives/edgar/data/2488/000000248822000026/regulatoryapprovalspr_final.htm,0000002488-22-000026
https://www.sec.gov/Archives/edgar/data/2488/000000248822000014/q421991amd.htm,0000002488-22-000014
https://www.sec.gov/Archives/edgar/data/2488/000000248822000014/amdq421financialresultss.htm,0000002488-22-000014
https://www.sec.gov/Archives/edgar/data/2488/000000248821000176/q32021991.htm,0000002488-21-000176
https://www.sec.gov/Archives/edgar/data/2488/000000248821000176/updated2_amdq321financia.htm,0000002488-21-000176
https://www.sec.gov/Archives/edgar/data/2488/000000248821000114/q22021991.htm,0000002488-21-000114
https://www.sec.gov/Archives/edgar/data/2488/000000248821000114/amdq221financialresultss.htm,0000002488-21-000114
https://www.sec.gov/Archives/edgar/data/2488/000000248821000054/q12021991.htm,0000002488-21-000054
https://www.sec.gov/Archives/edgar/data/2488/000000248821000054/amdq121financialresultss.htm,0000002488-21-000054
https://www.sec.gov/Archives/edgar/data/2488/000000248821000046/amd-xlnxpostxmtgpr_40721fi.htm,0000002488-21-000046
https://www.sec.gov/Archives/edgar/data/2488/000119312521073262/d89766dex991.htm,0001193125-21-073262
https://www.sec.gov/Archives/edgar/data/2488/000000248821000009/q420991.htm,0000002488-21-000009
https://www.sec.gov/Archives/edgar/data/2488/000000248821000009/amdq420earningsslides.htm,0000002488-21-000009
https://www.sec.gov/Archives/edgar/data/2488/000119312520278572/d40046dex991.htm,0001193125-20-278572
https://www.sec.gov/Archives/edgar/data/2488/000119312520278572/d40046dex992.htm,0001193125-20-278572
https://www.sec.gov/Archives/edgar/data/2488/000119312520278572/d40046dex993.htm,0001193125-20-278572
https://www.sec.gov/Archives/edgar/data/2488/000119312520278572/d40046dex994.htm,0001193125-20-278572
https://www.sec.gov/Archives/edgar/data/2488/000119312520277468/d67182dex991.htm,0001193125-20-277468
https://www.sec.gov/Archives/edgar/data/2488/000000248820000161/q32020991.htm,0000002488-20-000161
https://www.sec.gov/Archives/edgar/data/2488/000000248820000161/amdq320earningsslides.htm,0000002488-20-000161
https://www.sec.gov/Archives/edgar/data/2488/000000248820000101/q22020991.htm,0000002488-20-000101
https://www.sec.gov/Archives/edgar/data/2488/000000248820000101/amdq2fy20slidesfinal.htm,0000002488-20-000101
https://www.sec.gov/Archives/edgar/data/2488/000000248820000048/q12020991.htm,0000002488-20-000048
https://www.sec.gov/Archives/edgar/data/2488/000000248820000048/q120earningsslides.htm,0000002488-20-000048
https://www.sec.gov/Archives/edgar/data/2488/000000248820000006/q419991.htm,0000002488-20-000006
https://www.sec.gov/Archives/edgar/data/2488/000000248820000006/amdq4andfy2019earningsslides.pdf,0000002488-20-000006
https://www.sec.gov/Archives/edgar/data/2488/000000248819000186/gregoirepressrelease-f.htm,0000002488-19-000186
https://www.sec.gov/Archives/edgar/data/2488/000000248819000157/q319991.htm,0000002488-19-000157
https://www.sec.gov/Archives/edgar/data/2488/000000248819000157/amdq319earningsslides4b2.htm,0000002488-19-000157
https://www.sec.gov/Archives/edgar/data/2488/000000248819000102/q219991.htm,0000002488-19-000102
https://www.sec.gov/Archives/edgar/data/2488/000000248819000102/q219financialresultspres.htm,0000002488-19-000102
https://www.sec.gov/Archives/edgar/data/2488/000000248819000043/q119991.htm,0000002488-19-000043
https://www.sec.gov/Archives/edgar/data/2488/000000248819000043/q119financialresultspres.htm,0000002488-19-000043
https://www.sec.gov/Archives/edgar/data/2488/000000248819000004/q418991.htm,0000002488-19-000004
https://www.sec.gov/Archives/edgar/data/2488/000000248819000004/q418earningsslidesfinalc.htm,0000002488-19-000004
https://www.sec.gov/Archives/edgar/data/1090872/000095017023071756/a-ex99_1.htm,0000950170-23-071756
https://www.sec.gov/Archives/edgar/data/1090872/000109087223000018/exhibit991-q423pressrelease.htm,0001090872-23-000018
https://www.sec.gov/Archives/edgar/data/1090872/000095017023046178/a-ex99_1.htm,0000950170-23-046178
https://www.sec.gov/Archives/edgar/data/1090872/000109087223000013/exhibit991-q323pressrelease.htm,0001090872-23-000013
https://www.sec.gov/Archives/edgar/data/1090872/000109087223000008/exhibit991-q223pressrelease.htm,0001090872-23-000008
https://www.sec.gov/Archives/edgar/data/1090872/000109087223000002/exhibit991-q123pressrelease.htm,0001090872-23-000002
https://www.sec.gov/Archives/edgar/data/1090872/000095017023000508/a-ex99_1.htm,0000950170-23-000508
https://www.sec.gov/Archives/edgar/data/1090872/000109087222000020/exhibit991-q422pressrelease.htm,0001090872-22-000020
https://www.sec.gov/Archives/edgar/data/1090872/000109087222000014/exhibit991-q322pressrelease.htm,0001090872-22-000014
https://www.sec.gov/Archives/edgar/data/1090872/000109087222000010/exhibit991-q222pressrelease.htm,0001090872-22-000010
https://www.sec.gov/Archives/edgar/data/1090872/000109087222000005/exhibit991-q122pressrelease.htm,0001090872-22-000005
https://www.sec.gov/Archives/edgar/data/1090872/000109087222000003/exhibit991-segmentrestatem.htm,0001090872-22-000003
https://www.sec.gov/Archives/edgar/data/1090872/000109087221000022/exhibit991-q421pressrelease.htm,0001090872-21-000022
https://www.sec.gov/Archives/edgar/data/1090872/000156459021057679/a-ex991_6.htm,0001564590-21-057679
https://www.sec.gov/Archives/edgar/data/1090872/000156459021048719/a-ex991_44.htm,0001564590-21-048719
https://www.sec.gov/Archives/edgar/data/1090872/000109087221000012/exhibit991-q321pressrelease.htm,0001090872-21-000012
https://www.sec.gov/Archives/edgar/data/1090872/000109087221000006/exhibit991-q221pressrelease.htm,0001090872-21-000006
https://www.sec.gov/Archives/edgar/data/1090872/000119312521071538/d147637dex991.htm,0001193125-21-071538
https://www.sec.gov/Archives/edgar/data/1090872/000109087221000002/exhibit991-q121pressrelease.htm,0001090872-21-000002
https://www.sec.gov/Archives/edgar/data/1090872/000109087220000017/exhibit991-q420pressre.htm,0001090872-20-000017
https://www.sec.gov/Archives/edgar/data/1090872/000109087220000012/exhibit991-q320pressre.htm,0001090872-20-000012
https://www.sec.gov/Archives/edgar/data/1090872/000119312520158521/d926383dex991.htm,0001193125-20-158521
https://www.sec.gov/Archives/edgar/data/1090872/000109087220000008/exhibit991-q220pressre.htm,0001090872-20-000008
https://www.sec.gov/Archives/edgar/data/1090872/000156459020016564/a-ex991_6.htm,0001564590-20-016564
https://www.sec.gov/Archives/edgar/data/1090872/000156459020011469/a-ex991_15.htm,0001564590-20-011469
https://www.sec.gov/Archives/edgar/data/1090872/000109087220000002/exhibit991-q120pressre.htm,0001090872-20-000002
https://www.sec.gov/Archives/edgar/data/1090872/000156459020001714/a-ex991_6.htm,0001564590-20-001714
https://www.sec.gov/Archives/edgar/data/1090872/000109087219000020/exhibit991-q419pressre.htm,0001090872-19-000020
https://www.sec.gov/Archives/edgar/data/1090872/000119312519240125/d798560dex991.htm,0001193125-19-240125
https://www.sec.gov/Archives/edgar/data/1090872/000109087219000013/exhibit991-q319pressrelease.htm,0001090872-19-000013
https://www.sec.gov/Archives/edgar/data/1090872/000109087219000008/exhibit991-q219pressrelease.htm,0001090872-19-000008
https://www.sec.gov/Archives/edgar/data/1090872/000109087219000004/exhibit991-q119pressrelease.htm,0001090872-19-000004
https://www.sec.gov/Archives/edgar/data/1090872/000109087219000002/exhibit991pensionreclass.htm,0001090872-19-000002
https://www.sec.gov/Archives/edgar/data/1090872/000156459019000714/a-ex991_6.htm,0001564590-19-000714
https://www.sec.gov/Archives/edgar/data/1086222/000108622223000282/exhibit991-q32023.htm,0001086222-23-000282
https://www.sec.gov/Archives/edgar/data/1086222/000119312523213918/d515301dex991.htm,0001193125-23-213918
https://www.sec.gov/Archives/edgar/data/1086222/000119312523212343/d891386dex991.htm,0001193125-23-212343
https://www.sec.gov/Archives/edgar/data/1086222/000108622223000246/exhibit991-q22023.htm,0001086222-23-000246
https://www.sec.gov/Archives/edgar/data/1086222/000108622223000192/amendmentno1tosecondamende.htm,0001086222-23-000192
https://www.sec.gov/Archives/edgar/data/1086222/000108622223000185/exhibit991-q12023.htm,0001086222-23-000185
https://www.sec.gov/Archives/edgar/data/1086222/000108622223000072/formofexecutivebonusplan20.htm,0001086222-23-000072
https://www.sec.gov/Archives/edgar/data/1086222/000108622223000041/exhibit991-q42022.htm,0001086222-23-000041
https://www.sec.gov/Archives/edgar/data/1086222/000108622222000249/exhibit991-q32022.htm,0001086222-22-000249
https://www.sec.gov/Archives/edgar/data/1086222/000108622222000222/exhibit991-q22022.htm,0001086222-22-000222
https://www.sec.gov/Archives/edgar/data/1086222/000108622222000167/secondamendedandrestated20.htm,0001086222-22-000167
https://www.sec.gov/Archives/edgar/data/1086222/000108622222000153/exhibit991-q12022.htm,0001086222-22-000153
https://www.sec.gov/Archives/edgar/data/1086222/000108622222000105/exhibit991march7.htm,0001086222-22-000105
https://www.sec.gov/Archives/edgar/data/1086222/000108622222000054/exhibit991february18th.htm,0001086222-22-000054
https://www.sec.gov/Archives/edgar/data/1086222/000108622222000011/exhibit991-q42021.htm,0001086222-22-000011
https://www.sec.gov/Archives/edgar/data/1086222/000108622222000011/exhibit992-q42021.htm,0001086222-22-000011
https://www.sec.gov/Archives/edgar/data/1086222/000108622221000279/exhibit991-q32021.htm,0001086222-21-000279
https://www.sec.gov/Archives/edgar/data/1086222/000108622221000264/galaxy-akamaipressrelease.htm,0001086222-21-000264
https://www.sec.gov/Archives/edgar/data/1086222/000108622221000235/exhibit991-q22021.htm,0001086222-21-000235
https://www.sec.gov/Archives/edgar/data/1086222/000108622221000194/stockinventiveplan2013amen.htm,0001086222-21-000194
https://www.sec.gov/Archives/edgar/data/1086222/000108622221000144/exhibit991-q12021.htm,0001086222-21-000144
https://www.sec.gov/Archives/edgar/data/1086222/000108622221000068/formofexecutivebonusplan20.htm,0001086222-21-000068
https://www.sec.gov/Archives/edgar/data/1086222/000108622221000010/exhibit991-q42020.htm,0001086222-21-000010
https://www.sec.gov/Archives/edgar/data/1086222/000108622220000213/exhibit991-q32020.htm,0001086222-20-000213
https://www.sec.gov/Archives/edgar/data/1086222/000108622220000183/exhibit991-q22020.htm,0001086222-20-000183
https://www.sec.gov/Archives/edgar/data/1086222/000108622220000091/exhibit991-q12020.htm,0001086222-20-000091
https://www.sec.gov/Archives/edgar/data/1086222/000108622220000025/exhibit991-q42019.htm,0001086222-20-000025
https://www.sec.gov/Archives/edgar/data/1086222/000108622219000229/exhibit991-q32019.htm,0001086222-19-000229
https://www.sec.gov/Archives/edgar/data/1086222/000108622219000216/exhibit991pressrelease.htm,0001086222-19-000216
https://www.sec.gov/Archives/edgar/data/1086222/000108622219000212/pressrelease-offeringl.htm,0001086222-19-000212
https://www.sec.gov/Archives/edgar/data/1086222/000108622219000198/exhibit991-q22019.htm,0001086222-19-000198
https://www.sec.gov/Archives/edgar/data/1086222/000108622219000152/exhibit9912013stockincenti.htm,0001086222-19-000152
https://www.sec.gov/Archives/edgar/data/1086222/000108622219000126/exhibit991-q12019.htm,0001086222-19-000126
https://www.sec.gov/Archives/edgar/data/1086222/000108622219000030/exhibit991-q42018.htm,0001086222-19-000030
https://www.sec.gov/Archives/edgar/data/1097149/000109714923000091/jointannouncement_aligntec.htm,0001097149-23-000091
https://www.sec.gov/Archives/edgar/data/1097149/000109714923000087/algn_omrstockrepurchasex11.htm,0001097149-23-000087
https://www.sec.gov/Archives/edgar/data/1097149/000109714923000078/algn_asrstockrepurchasex10.htm,0001097149-23-000078
https://www.sec.gov/Archives/edgar/data/1097149/000109714923000075/algn-q323earningspressrele.htm,0001097149-23-000075
https://www.sec.gov/Archives/edgar/data/1097149/000109714923000070/cabernetpressrelease_draft.htm,0001097149-23-000070
https://www.sec.gov/Archives/edgar/data/1097149/000109714923000064/algn_arbitrationawardpress.htm,0001097149-23-000064
https://www.sec.gov/Archives/edgar/data/1097149/000109714923000054/algn-q223earningspressrele.htm,0001097149-23-000054
https://www.sec.gov/Archives/edgar/data/1097149/000109714923000039/algn-q123earningspressrele.htm,0001097149-23-000039
https://www.sec.gov/Archives/edgar/data/1097149/000109714923000009/algn_asrx020323.htm,0001097149-23-000009
https://www.sec.gov/Archives/edgar/data/1097149/000109714923000005/algn-q422earningspressrele.htm,0001097149-23-000005
https://www.sec.gov/Archives/edgar/data/1097149/000109714922000062/algn_asrx102822.htm,0001097149-22-000062
https://www.sec.gov/Archives/edgar/data/1097149/000109714922000059/algn-q322earningspressrele.htm,0001097149-22-000059
https://www.sec.gov/Archives/edgar/data/1097149/000109714922000051/algn-q222earningspressrele.htm,0001097149-22-000051
https://www.sec.gov/Archives/edgar/data/1097149/000109714922000029/algn_asrx042922.htm,0001097149-22-000029
https://www.sec.gov/Archives/edgar/data/1097149/000109714922000025/algn-q122earningspressrele.htm,0001097149-22-000025
https://www.sec.gov/Archives/edgar/data/1097149/000109714922000007/algn_3shapex020722.htm,0001097149-22-000007
https://www.sec.gov/Archives/edgar/data/1097149/000109714922000004/algn_q4earningspressrelease.htm,0001097149-22-000004
https://www.sec.gov/Archives/edgar/data/1097149/000109714921000069/algn_asrx11121.htm,0001097149-21-000069
https://www.sec.gov/Archives/edgar/data/1097149/000109714921000064/algn_q3earningspressrelease.htm,0001097149-21-000064
https://www.sec.gov/Archives/edgar/data/1097149/000109714921000058/algn-202109028k.htm,0001097149-21-000058
https://www.sec.gov/Archives/edgar/data/1097149/000109714921000049/algn_asrx080221.htm,0001097149-21-000049
https://www.sec.gov/Archives/edgar/data/1097149/000109714921000046/algn_q2earningspressrelease.htm,0001097149-21-000046
https://www.sec.gov/Archives/edgar/data/1097149/000109714921000034/algn_asrx051821.htm,0001097149-21-000034
https://www.sec.gov/Archives/edgar/data/1097149/000109714921000030/algn_stockrepurchaseprogra.htm,0001097149-21-000030
https://www.sec.gov/Archives/edgar/data/1097149/000109714921000023/exhibit991.htm,0001097149-21-000023
https://www.sec.gov/Archives/edgar/data/1097149/000117184321002877/exh_991.htm,0001171843-21-002877
https://www.sec.gov/Archives/edgar/data/1097149/000117184321001757/exh_991.htm,0001171843-21-001757
https://www.sec.gov/Archives/edgar/data/1097149/000117184321000713/exh_991.htm,0001171843-21-000713
https://www.sec.gov/Archives/edgar/data/1097149/000117184320008143/exh_991.htm,0001171843-20-008143
https://www.sec.gov/Archives/edgar/data/1097149/000117184320007137/exh_991.htm,0001171843-20-007137
https://www.sec.gov/Archives/edgar/data/1097149/000117184320005100/exh_991.htm,0001171843-20-005100
https://www.sec.gov/Archives/edgar/data/1097149/000117184320003018/exh_991.htm,0001171843-20-003018
https://www.sec.gov/Archives/edgar/data/1097149/000117184320001611/exh_991.htm,0001171843-20-001611
https://www.sec.gov/Archives/edgar/data/1097149/000109714920000010/algnexcursionrelease.htm,0001097149-20-000010
https://www.sec.gov/Archives/edgar/data/1097149/000117184320000574/exh_991.htm,0001171843-20-000574
https://www.sec.gov/Archives/edgar/data/1097149/000117184319006728/exh_991.htm,0001171843-19-006728
https://www.sec.gov/Archives/edgar/data/1097149/000117184319005087/exh_991.htm,0001171843-19-005087
https://www.sec.gov/Archives/edgar/data/1097149/000117184319005013/exh_991.htm,0001171843-19-005013
https://www.sec.gov/Archives/edgar/data/1097149/000117184319004787/exh_991.htm,0001171843-19-004787
https://www.sec.gov/Archives/edgar/data/1097149/000117184319002589/exh_991.htm,0001171843-19-002589
https://www.sec.gov/Archives/edgar/data/1097149/000117184319002046/exh_991.htm,0001171843-19-002046
https://www.sec.gov/Archives/edgar/data/1097149/000117184319001497/exh_991.htm,0001171843-19-001497
https://www.sec.gov/Archives/edgar/data/1097149/000117184319000568/exh_991.htm,0001171843-19-000568
https://www.sec.gov/Archives/edgar/data/318154/000119312523295027/d598661dex991.htm,0001193125-23-295027
https://www.sec.gov/Archives/edgar/data/318154/000031815423000061/amgn-2023930earningsrelease.htm,0000318154-23-000061
https://www.sec.gov/Archives/edgar/data/318154/000119312523252361/d534754dex991.htm,0001193125-23-252361
https://www.sec.gov/Archives/edgar/data/318154/000119312523227040/d525571dex991.htm,0001193125-23-227040
https://www.sec.gov/Archives/edgar/data/318154/000031815423000049/amgn-2023630earningsrelease.htm,0000318154-23-000049
https://www.sec.gov/Archives/edgar/data/318154/000119312523146219/d503983dex991.htm,0001193125-23-146219
https://www.sec.gov/Archives/edgar/data/318154/000031815423000026/amgn-2023331earningsrelease.htm,0000318154-23-000026
https://www.sec.gov/Archives/edgar/data/318154/000031815423000011/amgn-20221231earningsrelea.htm,0000318154-23-000011
https://www.sec.gov/Archives/edgar/data/318154/000031815423000011/amgn-ex992_20221231xq4.htm,0000318154-23-000011
https://www.sec.gov/Archives/edgar/data/318154/000119312522302256/d346985dex991.htm,0001193125-22-302256
https://www.sec.gov/Archives/edgar/data/318154/000119312522297131/d424230dex991.htm,0001193125-22-297131
https://www.sec.gov/Archives/edgar/data/318154/000031815422000053/amgn-2022930earningsrelease.htm,0000318154-22-000053
https://www.sec.gov/Archives/edgar/data/318154/000031815422000053/amgn-ex992_2022930xq3.htm,0000318154-22-000053
https://www.sec.gov/Archives/edgar/data/318154/000119312522265755/d414605dex991.htm,0001193125-22-265755
https://www.sec.gov/Archives/edgar/data/318154/000031815422000039/amgn-2022630earningsrelease.htm,0000318154-22-000039
https://www.sec.gov/Archives/edgar/data/318154/000031815422000039/amgn-ex992_2022630xq2.htm,0000318154-22-000039
https://www.sec.gov/Archives/edgar/data/318154/000119312522211860/d346334dex991.htm,0001193125-22-211860
https://www.sec.gov/Archives/edgar/data/318154/000119312522211269/d386700dex991.htm,0001193125-22-211269
https://www.sec.gov/Archives/edgar/data/318154/000031815422000019/amgenq12022earningsrelease.htm,0000318154-22-000019
https://www.sec.gov/Archives/edgar/data/318154/000031815422000019/amgn-ex992_2022331xq1.htm,0000318154-22-000019
https://www.sec.gov/Archives/edgar/data/318154/000031815422000005/amgenq42021earningsrelease.htm,0000318154-22-000005
https://www.sec.gov/Archives/edgar/data/318154/000031815421000042/amgn-2021930xq3ex991.htm,0000318154-21-000042
https://www.sec.gov/Archives/edgar/data/318154/000031815421000031/amgn-2021630xq2ex991.htm,0000318154-21-000031
https://www.sec.gov/Archives/edgar/data/318154/000119312521229599/d198092dex991.htm,0001193125-21-229599
https://www.sec.gov/Archives/edgar/data/318154/000119312521225743/d194030dex991.htm,0001193125-21-225743
https://www.sec.gov/Archives/edgar/data/318154/000119312521177693/d19128dex991.htm,0001193125-21-177693
https://www.sec.gov/Archives/edgar/data/318154/000031815421000017/amgn-2021331xq1ex991.htm,0000318154-21-000017
https://www.sec.gov/Archives/edgar/data/318154/000119312521118557/d179323dex991.htm,0001193125-21-118557
https://www.sec.gov/Archives/edgar/data/318154/000119312521068571/d151856dex991.htm,0001193125-21-068571
https://www.sec.gov/Archives/edgar/data/318154/000031815421000005/amgn-20201231xq4ex991.htm,0000318154-21-000005
https://www.sec.gov/Archives/edgar/data/318154/000031815420000058/amgn-2020930xq3ex991.htm,0000318154-20-000058
https://www.sec.gov/Archives/edgar/data/318154/000119312520219417/d96041dex991.htm,0001193125-20-219417
https://www.sec.gov/Archives/edgar/data/318154/000119312520219417/d96041dex992.htm,0001193125-20-219417
https://www.sec.gov/Archives/edgar/data/318154/000119312520203443/d58779dex991.htm,0001193125-20-203443
https://www.sec.gov/Archives/edgar/data/318154/000031815420000046/amgn-2020630xq1ex991.htm,0000318154-20-000046
https://www.sec.gov/Archives/edgar/data/318154/000031815420000027/amgn-2020331xq1ex991.htm,0000318154-20-000027
https://www.sec.gov/Archives/edgar/data/318154/000119312520091961/d909505dex991.htm,0001193125-20-091961
https://www.sec.gov/Archives/edgar/data/318154/000031815420000012/amgn-20191231xq4ex991.htm,0000318154-20-000012
https://www.sec.gov/Archives/edgar/data/318154/000119312520000245/d856254dex991.htm,0001193125-20-000245
https://www.sec.gov/Archives/edgar/data/318154/000119312519297010/d817874dex991.htm,0001193125-19-297010
https://www.sec.gov/Archives/edgar/data/318154/000119312519280582/d816951dex991.htm,0001193125-19-280582
https://www.sec.gov/Archives/edgar/data/318154/000031815419000044/amgn-2019930xq3exhibit.htm,0000318154-19-000044
https://www.sec.gov/Archives/edgar/data/318154/000119312519272011/d822516dex991.htm,0001193125-19-272011
https://www.sec.gov/Archives/edgar/data/318154/000119312519228830/d787825dex991.htm,0001193125-19-228830
https://www.sec.gov/Archives/edgar/data/318154/000031815419000035/amgn-2019630xq2exhibit991f.htm,0000318154-19-000035
https://www.sec.gov/Archives/edgar/data/318154/000031815419000015/amgn-2019331xq1exhibit991f.htm,0000318154-19-000015
https://www.sec.gov/Archives/edgar/data/318154/000031815419000004/amgn-20181231xq4exhibit991.htm,0000318154-19-000004
https://www.sec.gov/Archives/edgar/data/820313/000155837023016686/aph-20231025xex99d1.htm,0001558370-23-016686
https://www.sec.gov/Archives/edgar/data/820313/000155837023012248/aph-20230726xex99d1.htm,0001558370-23-012248
https://www.sec.gov/Archives/edgar/data/820313/000155837023006765/aph-20230426xex99.htm,0001558370-23-006765
https://www.sec.gov/Archives/edgar/data/820313/000110465923037435/tm2310694d1_ex99-1.htm,0001104659-23-037435
https://www.sec.gov/Archives/edgar/data/820313/000155837023000501/aph-20230125xex99d1.htm,0001558370-23-000501
https://www.sec.gov/Archives/edgar/data/820313/000155837023000235/aph-20230112xex99d1.htm,0001558370-23-000235
https://www.sec.gov/Archives/edgar/data/820313/000155837022015364/aph-20221026xex99d1.htm,0001558370-22-015364
https://www.sec.gov/Archives/edgar/data/820313/000155837022011111/aph-20220727xex99d1.htm,0001558370-22-011111
https://www.sec.gov/Archives/edgar/data/820313/000155837022006053/aph-20220427xex99d1.htm,0001558370-22-006053
https://www.sec.gov/Archives/edgar/data/820313/000155837022000448/aph-20220126xex99d1.htm,0001558370-22-000448
https://www.sec.gov/Archives/edgar/data/820313/000155837021016546/aph-20211201xex99d1.htm,0001558370-21-016546
https://www.sec.gov/Archives/edgar/data/820313/000155837021013572/aph-20211027xex99d1.htm,0001558370-21-013572
https://www.sec.gov/Archives/edgar/data/820313/000110465921113881/tm2126956d4_ex99-1.htm,0001104659-21-113881
https://www.sec.gov/Archives/edgar/data/820313/000155837021009552/aph-20210727xex99d1.htm,0001558370-21-009552
https://www.sec.gov/Archives/edgar/data/820313/000155837021009424/aph-20210728xex99d1.htm,0001558370-21-009424
https://www.sec.gov/Archives/edgar/data/820313/000155837021004999/aph-20210428xex99d1.htm,0001558370-21-004999
https://www.sec.gov/Archives/edgar/data/820313/000110465921047428/tm2112193d1_ex99-1.htm,0001104659-21-047428
https://www.sec.gov/Archives/edgar/data/820313/000155837021000424/aph-20210127xex99d1.htm,0001558370-21-000424
https://www.sec.gov/Archives/edgar/data/820313/000110465921005009/tm213481d1_ex99-1.htm,0001104659-21-005009
https://www.sec.gov/Archives/edgar/data/820313/000110465920133423/tm2038088d1_ex99-1.htm,0001104659-20-133423
https://www.sec.gov/Archives/edgar/data/820313/000155837020011602/aph-20201021xex99d1.htm,0001558370-20-011602
https://www.sec.gov/Archives/edgar/data/820313/000155837020008632/aph-20200729ex991febacf.htm,0001558370-20-008632
https://www.sec.gov/Archives/edgar/data/820313/000155837020008288/aph-20200722xex99d1.htm,0001558370-20-008288
https://www.sec.gov/Archives/edgar/data/820313/000110465920052559/tm2017994d1_ex99-1.htm,0001104659-20-052559
https://www.sec.gov/Archives/edgar/data/820313/000155837020004130/aph-20200422xex99d1.htm,0001558370-20-004130
https://www.sec.gov/Archives/edgar/data/820313/000155837020001200/ex-99d1.htm,0001558370-20-001200
https://www.sec.gov/Archives/edgar/data/820313/000110465920020771/tm207659d5_ex99-1.htm,0001104659-20-020771
https://www.sec.gov/Archives/edgar/data/820313/000155837020000211/ex-99d1.htm,0001558370-20-000211
https://www.sec.gov/Archives/edgar/data/820313/000155837019010810/ex-99d1.htm,0001558370-19-010810
https://www.sec.gov/Archives/edgar/data/820313/000155837019009028/aph-20191023ex991023d5e.htm,0001558370-19-009028
https://www.sec.gov/Archives/edgar/data/820313/000141057819001234/tv529382_ex99-1.htm,0001410578-19-001234
https://www.sec.gov/Archives/edgar/data/820313/000141057819001052/tv528735_ex99-1.htm,0001410578-19-001052
https://www.sec.gov/Archives/edgar/data/820313/000141057819001027/tv528734_ex99-1.htm,0001410578-19-001027
https://www.sec.gov/Archives/edgar/data/820313/000155837019006240/ex-99d1.htm,0001558370-19-006240
https://www.sec.gov/Archives/edgar/data/820313/000155837019003210/ex-99d1.htm,0001558370-19-003210
https://www.sec.gov/Archives/edgar/data/820313/000155837019000202/ex-99d1.htm,0001558370-19-000202
https://www.sec.gov/Archives/edgar/data/820313/000110465919001247/a19-1304_4ex99d1.htm,0001104659-19-001247
https://www.sec.gov/Archives/edgar/data/6281/000000628123000209/exhibit991pressrelease.htm,0000006281-23-000209
https://www.sec.gov/Archives/edgar/data/6281/000000628123000200/adiq423exhibit991.htm,0000006281-23-000200
https://www.sec.gov/Archives/edgar/data/6281/000000628123000177/adi3q23exhibit991earnings.htm,0000006281-23-000177
https://www.sec.gov/Archives/edgar/data/6281/000119312523160324/d506485dex991.htm,0001193125-23-160324
https://www.sec.gov/Archives/edgar/data/6281/000000628123000151/adi2q23exhibit991earnings.htm,0000006281-23-000151
https://www.sec.gov/Archives/edgar/data/6281/000119312523148132/d312188dex991.htm,0001193125-23-148132
https://www.sec.gov/Archives/edgar/data/6281/000000628123000029/a1q23dividend.htm,0000006281-23-000029
https://www.sec.gov/Archives/edgar/data/6281/000000628123000029/adi1q23exhibit992earnings.htm,0000006281-23-000029
https://www.sec.gov/Archives/edgar/data/6281/000000628122000246/adiq422exhibit991.htm,0000006281-22-000246
https://www.sec.gov/Archives/edgar/data/6281/000119312522258570/d387359dex991.htm,0001193125-22-258570
https://www.sec.gov/Archives/edgar/data/6281/000119312522248780/d400389dex991.htm,0001193125-22-248780
https://www.sec.gov/Archives/edgar/data/6281/000119312522241057/d359231dex991.htm,0001193125-22-241057
https://www.sec.gov/Archives/edgar/data/6281/000000628122000222/adi3q22exhibit991earnings.htm,0000006281-22-000222
https://www.sec.gov/Archives/edgar/data/6281/000119312522182170/d344988dex991.htm,0001193125-22-182170
https://www.sec.gov/Archives/edgar/data/6281/000000628122000167/adi2q22exhibit991earnings.htm,0000006281-22-000167
https://www.sec.gov/Archives/edgar/data/6281/000119312522067064/d304792dex991.htm,0001193125-22-067064
https://www.sec.gov/Archives/edgar/data/6281/000000628122000027/investorpresent2022.htm,0000006281-22-000027
https://www.sec.gov/Archives/edgar/data/6281/000000628122000019/a1q22dividend.htm,0000006281-22-000019
https://www.sec.gov/Archives/edgar/data/6281/000000628122000019/adi1q22exhibit992earnings.htm,0000006281-22-000019
https://www.sec.gov/Archives/edgar/data/6281/000000628121000280/adiq421exhibit991.htm,0000006281-21-000280
https://www.sec.gov/Archives/edgar/data/6281/000119312521292198/d240233dex991.htm,0001193125-21-292198
https://www.sec.gov/Archives/edgar/data/6281/000119312521292198/d240233dex992.htm,0001193125-21-292198
https://www.sec.gov/Archives/edgar/data/6281/000119312521286770/d232838dex991.htm,0001193125-21-286770
https://www.sec.gov/Archives/edgar/data/6281/000119312521286770/d232838dex992.htm,0001193125-21-286770
https://www.sec.gov/Archives/edgar/data/6281/000119312521284989/d77638dex991.htm,0001193125-21-284989
https://www.sec.gov/Archives/edgar/data/6281/000000628121000238/exhibit991.htm,0000006281-21-000238
https://www.sec.gov/Archives/edgar/data/6281/000000628121000238/exhibit992.htm,0000006281-21-000238
https://www.sec.gov/Archives/edgar/data/6281/000119312521257596/d218368dex991.htm,0001193125-21-257596
https://www.sec.gov/Archives/edgar/data/6281/000119312521257596/d218368dex992.htm,0001193125-21-257596
https://www.sec.gov/Archives/edgar/data/6281/000119312521253971/d395467dex991.htm,0001193125-21-253971
https://www.sec.gov/Archives/edgar/data/6281/000000628121000196/adi3q21exhibit991earnings.htm,0000006281-21-000196
https://www.sec.gov/Archives/edgar/data/6281/000119312521197254/d177040dex991.htm,0001193125-21-197254
https://www.sec.gov/Archives/edgar/data/6281/000000628121000167/adi2q21exhibit991earnings.htm,0000006281-21-000167
https://www.sec.gov/Archives/edgar/data/6281/000000628121000031/investorpresentation2021.htm,0000006281-21-000031
https://www.sec.gov/Archives/edgar/data/6281/000000628121000020/adi1q21exhibit991dividend.htm,0000006281-21-000020
https://www.sec.gov/Archives/edgar/data/6281/000000628121000020/adi1q21exhibit992earnings.htm,0000006281-21-000020
https://www.sec.gov/Archives/edgar/data/6281/000000628120000155/adiq420exhibit991.htm,0000006281-20-000155
https://www.sec.gov/Archives/edgar/data/6281/000119312520266425/d75404dex991.htm,0001193125-20-266425
https://www.sec.gov/Archives/edgar/data/6281/000000628120000122/adi3q20exhibit991earni.htm,0000006281-20-000122
https://www.sec.gov/Archives/edgar/data/6281/000000628120000119/exhibit991-newdirector.htm,0000006281-20-000119
https://www.sec.gov/Archives/edgar/data/6281/000119312520191443/d12150dex991.htm,0001193125-20-191443
https://www.sec.gov/Archives/edgar/data/6281/000119312520191443/d12150dex992.htm,0001193125-20-191443
https://www.sec.gov/Archives/edgar/data/6281/000000628120000085/adi2q20exhibit991earni.htm,0000006281-20-000085
https://www.sec.gov/Archives/edgar/data/6281/000000628120000071/a326208k-ex991.htm,0000006281-20-000071
https://www.sec.gov/Archives/edgar/data/6281/000000628120000012/adi1q20dividendrelease.htm,0000006281-20-000012
https://www.sec.gov/Archives/edgar/data/6281/000000628120000012/adi1q20exhibit992earni.htm,0000006281-20-000012
https://www.sec.gov/Archives/edgar/data/6281/000000628119000151/a120519exhibit991.htm,0000006281-19-000151
https://www.sec.gov/Archives/edgar/data/6281/000000628119000143/exhibit991director.htm,0000006281-19-000143
https://www.sec.gov/Archives/edgar/data/6281/000000628119000140/adiq419exhibit991earni.htm,0000006281-19-000140
https://www.sec.gov/Archives/edgar/data/6281/000000628119000114/adiq319exhibit991.htm,0000006281-19-000114
https://www.sec.gov/Archives/edgar/data/6281/000000628119000087/adiq219exhibit991.htm,0000006281-19-000087
https://www.sec.gov/Archives/edgar/data/6281/000115752319000376/a51943031ex99_1.htm,0001157523-19-000376
https://www.sec.gov/Archives/edgar/data/6281/000115752319000376/a51943031ex99_2.htm,0001157523-19-000376
https://www.sec.gov/Archives/edgar/data/320193/000032019323000104/a8-kex991q4202309302023.htm,0000320193-23-000104
https://www.sec.gov/Archives/edgar/data/320193/000032019323000075/a8-kex991q3202307012023.htm,0000320193-23-000075
https://www.sec.gov/Archives/edgar/data/320193/000032019323000063/a8-kex991q2202304012023.htm,0000320193-23-000063
https://www.sec.gov/Archives/edgar/data/320193/000032019323000005/a8-kex991q1202312312022.htm,0000320193-23-000005
https://www.sec.gov/Archives/edgar/data/320193/000119312522278435/d400465dex991.htm,0001193125-22-278435
https://www.sec.gov/Archives/edgar/data/320193/000032019322000107/a8-kex991q4202209242022.htm,0000320193-22-000107
https://www.sec.gov/Archives/edgar/data/320193/000032019322000069/a8-kex991q3202206252022.htm,0000320193-22-000069
https://www.sec.gov/Archives/edgar/data/320193/000032019322000058/a8-kex991q2202203262022.htm,0000320193-22-000058
https://www.sec.gov/Archives/edgar/data/320193/000032019322000006/a8-kex991q1202212252021.htm,0000320193-22-000006
https://www.sec.gov/Archives/edgar/data/320193/000032019321000104/a8-kex991q4202109252021.htm,0000320193-21-000104
https://www.sec.gov/Archives/edgar/data/320193/000032019321000063/a8-kex991q3202106262021.htm,0000320193-21-000063
https://www.sec.gov/Archives/edgar/data/320193/000032019321000055/a8-kex991q2202103272021.htm,0000320193-21-000055
https://www.sec.gov/Archives/edgar/data/320193/000032019321000009/a8-kex991q1202112262020.htm,0000320193-21-000009
https://www.sec.gov/Archives/edgar/data/320193/000032019320000094/a8-kex991q420209262020.htm,0000320193-20-000094
https://www.sec.gov/Archives/edgar/data/320193/000032019320000060/a8-kexhibit991q3202062.htm,0000320193-20-000060
https://www.sec.gov/Archives/edgar/data/320193/000032019320000050/a8-kexhibit991q2202032.htm,0000320193-20-000050
https://www.sec.gov/Archives/edgar/data/320193/000119312520039203/d845033dex991.htm,0001193125-20-039203
https://www.sec.gov/Archives/edgar/data/320193/000032019320000008/a8-kexhibit991q1202012.htm,0000320193-20-000008
https://www.sec.gov/Archives/edgar/data/320193/000032019319000117/a8-kexhibit991q4201992.htm,0000320193-19-000117
https://www.sec.gov/Archives/edgar/data/320193/000032019319000073/a8-kexhibit991q320196292019.htm,0000320193-19-000073
https://www.sec.gov/Archives/edgar/data/320193/000032019319000063/a8-kexhibit991q220193302019.htm,0000320193-19-000063
https://www.sec.gov/Archives/edgar/data/320193/000032019319000007/a8-kexhibit991q12019122920.htm,0000320193-19-000007
https://www.sec.gov/Archives/edgar/data/320193/000032019319000002/a8-kexhibit991122019.htm,0000320193-19-000002
https://www.sec.gov/Archives/edgar/data/6951/000000695123000035/exhibit991q42023earningsre.htm,0000006951-23-000035
https://www.sec.gov/Archives/edgar/data/6951/000000695123000026/exhibit991q32023earningsre.htm,0000006951-23-000026
https://www.sec.gov/Archives/edgar/data/6951/000000695123000017/exhibit991q22023earningsre.htm,0000006951-23-000017
https://www.sec.gov/Archives/edgar/data/6951/000000695123000007/exhibit991q12023earningsre.htm,0000006951-23-000007
https://www.sec.gov/Archives/edgar/data/6951/000000695122000037/exhibit991q42022earningsre.htm,0000006951-22-000037
https://www.sec.gov/Archives/edgar/data/6951/000119312522267228/d324092dex991.htm,0001193125-22-267228
https://www.sec.gov/Archives/edgar/data/6951/000119312522261327/d370937dex991.htm,0001193125-22-261327
https://www.sec.gov/Archives/edgar/data/6951/000000695122000027/exhibit991q32022earningsre.htm,0000006951-22-000027
https://www.sec.gov/Archives/edgar/data/6951/000000695122000016/exhibit991q22022earningsre.htm,0000006951-22-000016
https://www.sec.gov/Archives/edgar/data/6951/000119312522067015/d580796dex991.htm,0001193125-22-067015
https://www.sec.gov/Archives/edgar/data/6951/000000695122000005/exhibit991q12022earningsre.htm,0000006951-22-000005
https://www.sec.gov/Archives/edgar/data/6951/000000695121000038/exhibit991q42021earningsre.htm,0000006951-21-000038
https://www.sec.gov/Archives/edgar/data/6951/000119312521288919/d211495dex991.htm,0001193125-21-288919
https://www.sec.gov/Archives/edgar/data/6951/000000695121000028/exhibit991q32021earningsre.htm,0000006951-21-000028
https://www.sec.gov/Archives/edgar/data/6951/000000695121000018/exhibit991q22021earningsre.htm,0000006951-21-000018
https://www.sec.gov/Archives/edgar/data/6951/000119312521097484/d165560dex991.htm,0001193125-21-097484
https://www.sec.gov/Archives/edgar/data/6951/000119312521088636/d128931dex991.htm,0001193125-21-088636
https://www.sec.gov/Archives/edgar/data/6951/000000695121000005/exhibit991q12021earningsre.htm,0000006951-21-000005
https://www.sec.gov/Archives/edgar/data/6951/000000695120000041/exhibit991q42020earnin.htm,0000006951-20-000041
https://www.sec.gov/Archives/edgar/data/6951/000000695120000032/exhibit991q32020earnin.htm,0000006951-20-000032
https://www.sec.gov/Archives/edgar/data/6951/000000695120000020/exhibit991q22020earnin.htm,0000006951-20-000020
https://www.sec.gov/Archives/edgar/data/6951/000119312520082653/d901189dex991.htm,0001193125-20-082653
https://www.sec.gov/Archives/edgar/data/6951/000000695120000007/exhibit991q12020earnin.htm,0000006951-20-000007
https://www.sec.gov/Archives/edgar/data/6951/000000695119000038/exhibit991q42019earnin.htm,0000006951-19-000038
https://www.sec.gov/Archives/edgar/data/6951/000000695119000022/exhibit991q32019earningsre.htm,0000006951-19-000022
https://www.sec.gov/Archives/edgar/data/6951/000119312519186522/d11288dex991.htm,0001193125-19-186522
https://www.sec.gov/Archives/edgar/data/6951/000000695119000014/exhibit991q22019earningsre.htm,0000006951-19-000014
https://www.sec.gov/Archives/edgar/data/6951/000000695119000004/exhibit991q12019earningsre.htm,0000006951-19-000004
https://www.sec.gov/Archives/edgar/data/1751008/000175100823000070/exhibit991-3q23earningspre.htm,0001751008-23-000070
https://www.sec.gov/Archives/edgar/data/1751008/000175100823000070/exhibit992-3q23applovins.htm,0001751008-23-000070
https://www.sec.gov/Archives/edgar/data/1751008/000119312523214308/d543731dex991.htm,0001193125-23-214308
https://www.sec.gov/Archives/edgar/data/1751008/000119312523159174/d518550dex991.htm,0001193125-23-159174
https://www.sec.gov/Archives/edgar/data/1751008/000119312522215724/d385952dex991.htm,0001193125-22-215724
https://www.sec.gov/Archives/edgar/data/1751008/000119312522044347/d116869dex991.htm,0001193125-22-044347
https://www.sec.gov/Archives/edgar/data/1751008/000119312522044347/d116869dex992.htm,0001193125-22-044347
https://www.sec.gov/Archives/edgar/data/1751008/000119312521325960/d220088dex991.htm,0001193125-21-325960
https://www.sec.gov/Archives/edgar/data/1751008/000119312521325960/d220088dex992.htm,0001193125-21-325960
https://www.sec.gov/Archives/edgar/data/1751008/000119312521298362/d230399dex991.htm,0001193125-21-298362
https://www.sec.gov/Archives/edgar/data/1751008/000119312521298362/d230399dex992.htm,0001193125-21-298362
https://www.sec.gov/Archives/edgar/data/1751008/000119312521293279/d53211dex991.htm,0001193125-21-293279
https://www.sec.gov/Archives/edgar/data/1751008/000119312521293279/d53211dex992.htm,0001193125-21-293279
https://www.sec.gov/Archives/edgar/data/1751008/000119312521243346/d207415dex991.htm,0001193125-21-243346
https://www.sec.gov/Archives/edgar/data/1751008/000119312521243346/d207415dex992.htm,0001193125-21-243346
https://www.sec.gov/Archives/edgar/data/1751008/000119312521159070/d532849dex991.htm,0001193125-21-159070
https://www.sec.gov/Archives/edgar/data/1751008/000119312521159070/d532849dex992.htm,0001193125-21-159070
https://www.sec.gov/Archives/edgar/data/1751008/000119312521128966/d178702dex991.htm,0001193125-21-128966
https://www.sec.gov/Archives/edgar/data/1596532/000159653223000324/ex991.htm,0001596532-23-000324
https://www.sec.gov/Archives/edgar/data/1596532/000159653223000272/ex991q323-earningsrelease.htm,0001596532-23-000272
https://www.sec.gov/Archives/edgar/data/1596532/000159653223000196/ex991q223-earningsrelease.htm,0001596532-23-000196
https://www.sec.gov/Archives/edgar/data/1596532/000159653223000101/ex991q123-earningsrelease.htm,0001596532-23-000101
https://www.sec.gov/Archives/edgar/data/1596532/000159653223000015/ex991q422-earningsrelease.htm,0001596532-23-000015
https://www.sec.gov/Archives/edgar/data/1596532/000159653222000292/ex991q322-earningsrelease.htm,0001596532-22-000292
https://www.sec.gov/Archives/edgar/data/1596532/000159653222000218/ex991q222-earningsrelease.htm,0001596532-22-000218
https://www.sec.gov/Archives/edgar/data/1596532/000159653222000111/ex991q122-earningsrelease.htm,0001596532-22-000111
https://www.sec.gov/Archives/edgar/data/1596532/000159653222000025/ex991q421-earningsrelease.htm,0001596532-22-000025
https://www.sec.gov/Archives/edgar/data/1596532/000159653221000351/ex991q321-earningsrelease.htm,0001596532-21-000351
https://www.sec.gov/Archives/edgar/data/1596532/000159653221000253/ex991q221-earningsrelease.htm,0001596532-21-000253
https://www.sec.gov/Archives/edgar/data/1596532/000159653221000138/ex991q121-earningsrelease.htm,0001596532-21-000138
https://www.sec.gov/Archives/edgar/data/1596532/000159653221000048/ex991q420-earningsrelease.htm,0001596532-21-000048
https://www.sec.gov/Archives/edgar/data/1596532/000159653220000225/ex991q320-earningsrele.htm,0001596532-20-000225
https://www.sec.gov/Archives/edgar/data/1596532/000159653220000147/ex991q220-earningsrele.htm,0001596532-20-000147
https://www.sec.gov/Archives/edgar/data/1596532/000162828020006442/ex991q120-earningsrelease.htm,0001628280-20-006442
https://www.sec.gov/Archives/edgar/data/1596532/000159653220000019/ex991q419-earningsrele.htm,0001596532-20-000019
https://www.sec.gov/Archives/edgar/data/1596532/000159653219000227/ex991q319-earningsrele.htm,0001596532-19-000227
https://www.sec.gov/Archives/edgar/data/1596532/000159653219000181/ex991q219-earningsrelease.htm,0001596532-19-000181
https://www.sec.gov/Archives/edgar/data/1596532/000159653219000099/ex991q119-earningsrelease.htm,0001596532-19-000099
https://www.sec.gov/Archives/edgar/data/1596532/000159653219000023/ex991earningsreleaseq418.htm,0001596532-19-000023
https://www.sec.gov/Archives/edgar/data/769397/000076939723000187/q324pressrelease.htm,0000769397-23-000187
https://www.sec.gov/Archives/edgar/data/769397/000076939723000157/q224pressrelease.htm,0000769397-23-000157
https://www.sec.gov/Archives/edgar/data/769397/000076939723000106/q124pressrelease.htm,0000769397-23-000106
https://www.sec.gov/Archives/edgar/data/769397/000076939723000022/q423pressrelease.htm,0000769397-23-000022
https://www.sec.gov/Archives/edgar/data/769397/000076939722000138/q323pressrelease.htm,0000769397-22-000138
https://www.sec.gov/Archives/edgar/data/769397/000076939722000118/q223pressrelease.htm,0000769397-22-000118
https://www.sec.gov/Archives/edgar/data/769397/000076939722000110/directorcompensationpolicy.htm,0000769397-22-000110
https://www.sec.gov/Archives/edgar/data/769397/000076939722000110/formofdirectorrsu.htm,0000769397-22-000110
https://www.sec.gov/Archives/edgar/data/769397/000076939722000070/q123pressrelease.htm,0000769397-22-000070
https://www.sec.gov/Archives/edgar/data/769397/000076939722000013/q422pressrelease.htm,0000769397-22-000013
https://www.sec.gov/Archives/edgar/data/769397/000076939721000087/q322pressrelease.htm,0000769397-21-000087
https://www.sec.gov/Archives/edgar/data/769397/000076939721000067/q222pressrelease.htm,0000769397-21-000067
https://www.sec.gov/Archives/edgar/data/769397/000076939721000031/q122pressrelease.htm,0000769397-21-000031
https://www.sec.gov/Archives/edgar/data/769397/000076939721000017/exh991severanceplan.htm,0000769397-21-000017
https://www.sec.gov/Archives/edgar/data/769397/000076939721000009/q421pressrelease.htm,0000769397-21-000009
https://www.sec.gov/Archives/edgar/data/769397/000076939720000036/q321pressrelease.htm,0000769397-20-000036
https://www.sec.gov/Archives/edgar/data/769397/000162828020016321/shdpr.htm,0001628280-20-016321
https://www.sec.gov/Archives/edgar/data/769397/000076939720000028/q221pressrelease.htm,0000769397-20-000028
https://www.sec.gov/Archives/edgar/data/769397/000076939720000019/q121pressrelease.htm,0000769397-20-000019
https://www.sec.gov/Archives/edgar/data/769397/000076939720000005/q420pressrelease.htm,0000769397-20-000005
https://www.sec.gov/Archives/edgar/data/769397/000076939720000002/exhibit991noticeoffull.htm,0000769397-20-000002
https://www.sec.gov/Archives/edgar/data/769397/000076939719000048/q320pressrelease.htm,0000769397-19-000048
https://www.sec.gov/Archives/edgar/data/769397/000076939719000043/pressrelease-autodeska.htm,0000769397-19-000043
https://www.sec.gov/Archives/edgar/data/769397/000076939719000037/q220pressrelease.htm,0000769397-19-000037
https://www.sec.gov/Archives/edgar/data/769397/000076939719000026/q120pressrelease.htm,0000769397-19-000026
https://www.sec.gov/Archives/edgar/data/769397/000076939719000019/crawfordbeveridgepressrele.htm,0000769397-19-000019
https://www.sec.gov/Archives/edgar/data/769397/000076939719000017/pressrelease-autodeskappoi.htm,0000769397-19-000017
https://www.sec.gov/Archives/edgar/data/769397/000076939719000006/q419pressrelease.htm,0000769397-19-000006
https://www.sec.gov/Archives/edgar/data/769397/000076939719000006/q419preparedremarks.htm,0000769397-19-000006
https://www.sec.gov/Archives/edgar/data/10456/000162828023036194/bax-20230930xex991.htm,0001628280-23-036194
https://www.sec.gov/Archives/edgar/data/10456/000119312523249637/d555922dex991.htm,0001193125-23-249637
https://www.sec.gov/Archives/edgar/data/10456/000162828023030139/bax-20230821xex991.htm,0001628280-23-030139
https://www.sec.gov/Archives/edgar/data/10456/000162828023025823/bax-20230630xex991.htm,0001628280-23-025823
https://www.sec.gov/Archives/edgar/data/10456/000162828023024384/exhibit991.htm,0001628280-23-024384
https://www.sec.gov/Archives/edgar/data/10456/000162828023023907/bax-20230629xex991.htm,0001628280-23-023907
https://www.sec.gov/Archives/edgar/data/10456/000119312523138972/d406146dex991.htm,0001193125-23-138972
https://www.sec.gov/Archives/edgar/data/10456/000119312523138972/d406146dex992.htm,0001193125-23-138972
https://www.sec.gov/Archives/edgar/data/10456/000162828023013356/bax-20230331xex991.htm,0001628280-23-013356
https://www.sec.gov/Archives/edgar/data/10456/000162828023002862/bax-20221231xex991.htm,0001628280-23-002862
https://www.sec.gov/Archives/edgar/data/10456/000162828023000551/bax-20230106xex991.htm,0001628280-23-000551
https://www.sec.gov/Archives/edgar/data/10456/000162828022027148/bax-20220930xex991.htm,0001628280-22-027148
https://www.sec.gov/Archives/edgar/data/10456/000119312522255523/d378856dex991.htm,0001193125-22-255523
https://www.sec.gov/Archives/edgar/data/10456/000162828022019638/bax-20220630xex991.htm,0001628280-22-019638
https://www.sec.gov/Archives/edgar/data/10456/000162828022015326/bax-20220525xex991.htm,0001628280-22-015326
https://www.sec.gov/Archives/edgar/data/10456/000162828022010923/bax-20220428xex991.htm,0001628280-22-010923
https://www.sec.gov/Archives/edgar/data/10456/000162828022010921/bax-20220331xex991.htm,0001628280-22-010921
https://www.sec.gov/Archives/edgar/data/10456/000162828022002932/bax-20211231xex991.htm,0001628280-22-002932
https://www.sec.gov/Archives/edgar/data/10456/000162828021024946/bax-20211213pressreleasexe.htm,0001628280-21-024946
https://www.sec.gov/Archives/edgar/data/10456/000162828021024946/hillromfinancials93021-ex9.htm,0001628280-21-024946
https://www.sec.gov/Archives/edgar/data/10456/000162828021024946/bax-20211213xex993.htm,0001628280-21-024946
https://www.sec.gov/Archives/edgar/data/10456/000162828021023282/bax-20211115xex991.htm,0001628280-21-023282
https://www.sec.gov/Archives/edgar/data/10456/000162828021020690/bax-20210930xex991.htm,0001628280-21-020690
https://www.sec.gov/Archives/edgar/data/10456/000162828021020147/exhibit991.htm,0001628280-21-020147
https://www.sec.gov/Archives/edgar/data/10456/000119312521263688/d222750dex991.htm,0001193125-21-263688
https://www.sec.gov/Archives/edgar/data/10456/000119312521263688/d222750dex992.htm,0001193125-21-263688
https://www.sec.gov/Archives/edgar/data/10456/000162828021014820/bax-20210630xex991.htm,0001628280-21-014820
https://www.sec.gov/Archives/edgar/data/10456/000162828021008034/bax-20210429_d2.htm iXBRL,0001628280-21-008034
https://www.sec.gov/Archives/edgar/data/10456/000162828021008032/bax-20210331xex991.htm,0001628280-21-008032
https://www.sec.gov/Archives/edgar/data/10456/000162828021007596/bax-20210426xex991.htm,0001628280-21-007596
https://www.sec.gov/Archives/edgar/data/10456/000162828021002264/bax-02162021xex991.htm,0001628280-21-002264
https://www.sec.gov/Archives/edgar/data/10456/000162828021001450/bax-20201231xex991.htm,0001628280-21-001450
https://www.sec.gov/Archives/edgar/data/10456/000162828021000342/exhibit991.htm,0001628280-21-000342
https://www.sec.gov/Archives/edgar/data/10456/000162828020015054/bax-2020x1029xex991.htm,0001628280-20-015054
https://www.sec.gov/Archives/edgar/data/10456/000162828020015041/bax-20200930xex991.htm,0001628280-20-015041
https://www.sec.gov/Archives/edgar/data/10456/000162828020013930/exhibit991.htm,0001628280-20-013930
https://www.sec.gov/Archives/edgar/data/10456/000162828020010907/bax-20200630xex991.htm,0001628280-20-010907
https://www.sec.gov/Archives/edgar/data/10456/000162828020005901/bax-20200331xex991.htm,0001628280-20-005901
https://www.sec.gov/Archives/edgar/data/10456/000119312520112641/d916743dex991.htm,0001193125-20-112641
https://www.sec.gov/Archives/edgar/data/10456/000119312520075467/d894335dex991.htm,0001193125-20-075467
https://www.sec.gov/Archives/edgar/data/10456/000119312520005772/d798056dex991.htm,0001193125-20-005772
https://www.sec.gov/Archives/edgar/data/10456/000119312519298562/d801431dex991.htm,0001193125-19-298562
https://www.sec.gov/Archives/edgar/data/10456/000119312519273068/d803804dex991.htm,0001193125-19-273068
https://www.sec.gov/Archives/edgar/data/10456/000119312519201842/d782573dex991.htm,0001193125-19-201842
https://www.sec.gov/Archives/edgar/data/10456/000119312519117975/d641927dex991.htm,0001193125-19-117975
https://www.sec.gov/Archives/edgar/data/10456/000119312519023181/d699628dex991.htm,0001193125-19-023181
https://www.sec.gov/Archives/edgar/data/10795/000001079523000087/ex99109302023.htm,0000010795-23-000087
https://www.sec.gov/Archives/edgar/data/10795/000001079523000072/ex99106302023.htm,0000010795-23-000072
https://www.sec.gov/Archives/edgar/data/10795/000001079523000038/ex99103312023.htm,0000010795-23-000038
https://www.sec.gov/Archives/edgar/data/10795/000001079523000026/ex99112312022.htm,0000010795-23-000026
https://www.sec.gov/Archives/edgar/data/10795/000001079523000009/bd_newsxgencounselxdraftx0.htm,0000010795-23-000009
https://www.sec.gov/Archives/edgar/data/10795/000162828022029364/ex99109302022.htm,0001628280-22-029364
https://www.sec.gov/Archives/edgar/data/10795/000001079522000059/ex991bdpressreleaseaugus.htm,0000010795-22-000059
https://www.sec.gov/Archives/edgar/data/10795/000114036122030509/ny20004957x6_ex99-1.htm,0001140361-22-030509
https://www.sec.gov/Archives/edgar/data/10795/000114036122030509/ny20004957x6_ex99-2.htm,0001140361-22-030509
https://www.sec.gov/Archives/edgar/data/10795/000114036122028573/brhc10040501_ex99-1.htm,0001140361-22-028573
https://www.sec.gov/Archives/edgar/data/10795/000001079522000049/ex99106302022.htm,0000010795-22-000049
https://www.sec.gov/Archives/edgar/data/10795/000001079522000042/ex991052022_03312022recast.htm,0000010795-22-000042
https://www.sec.gov/Archives/edgar/data/10795/000001079522000038/ex99103312022.htm,0000010795-22-000038
https://www.sec.gov/Archives/edgar/data/10795/000001079522000031/ex991042022.htm,0000010795-22-000031
https://www.sec.gov/Archives/edgar/data/10795/000119312522097657/d328383dex991.htm,0001193125-22-097657
https://www.sec.gov/Archives/edgar/data/10795/000119312522097657/d328383dex992.htm,0001193125-22-097657
https://www.sec.gov/Archives/edgar/data/10795/000119312522097657/d328383dex993.htm,0001193125-22-097657
https://www.sec.gov/Archives/edgar/data/10795/000119312522090652/d305206dex991.htm,0001193125-22-090652
https://www.sec.gov/Archives/edgar/data/10795/000119312522080554/d293484dex991.htm,0001193125-22-080554
https://www.sec.gov/Archives/edgar/data/10795/000001079522000014/ex99112312021.htm,0000010795-22-000014
https://www.sec.gov/Archives/edgar/data/10795/000001079521000083/ex99109302021.htm,0000010795-21-000083
https://www.sec.gov/Archives/edgar/data/10795/000114036121028901/ny20000253x10_ex99-1.htm,0001140361-21-028901
https://www.sec.gov/Archives/edgar/data/10795/000114036121028901/ny20000253x10_ex99-2.htm,0001140361-21-028901
https://www.sec.gov/Archives/edgar/data/10795/000001079521000061/bd_newsxdeloreficexfinalx2.htm,0000010795-21-000061
https://www.sec.gov/Archives/edgar/data/10795/000114036121027724/ny20000253x3_ex99-1.htm,0001140361-21-027724
https://www.sec.gov/Archives/edgar/data/10795/000114036121027063/brhc10027579_ex99-1.htm,0001140361-21-027063
https://www.sec.gov/Archives/edgar/data/10795/000001079521000054/ex99106302021.htm,0000010795-21-000054
https://www.sec.gov/Archives/edgar/data/10795/000001079521000054/bd_newsxreidyxfinalx202108.htm,0000010795-21-000054
https://www.sec.gov/Archives/edgar/data/10795/000119312521212422/d165061dex991.htm,0001193125-21-212422
https://www.sec.gov/Archives/edgar/data/10795/000001079521000044/ex99103312021-nextgen.htm,0000010795-21-000044
https://www.sec.gov/Archives/edgar/data/10795/000001079521000044/ex992bdberrapressreleasev5.htm,0000010795-21-000044
https://www.sec.gov/Archives/edgar/data/10795/000001079521000039/bd_newsxalarisx5submission.htm,0000010795-21-000039
https://www.sec.gov/Archives/edgar/data/10795/000001079521000025/ex99112312020-nextgen.htm,0000010795-21-000025
https://www.sec.gov/Archives/edgar/data/10795/000001079521000013/ex99112312020-preliminaryr.htm,0000010795-21-000013
https://www.sec.gov/Archives/edgar/data/10795/000001079520000040/ex99109302020-nextgen.htm,0000010795-20-000040
https://www.sec.gov/Archives/edgar/data/10795/000001079520000024/ex99106302020nextgen.htm,0000010795-20-000024
https://www.sec.gov/Archives/edgar/data/10795/000001079520000016/ex99103312020.htm,0000010795-20-000016
https://www.sec.gov/Archives/edgar/data/10795/000001079520000007/ex99112312019.htm,0000010795-20-000007
https://www.sec.gov/Archives/edgar/data/10795/000001079519000043/ex99109302019.htm,0000010795-19-000043
https://www.sec.gov/Archives/edgar/data/10795/000001079519000034/newsreleasefinal092519.htm,0000010795-19-000034
https://www.sec.gov/Archives/edgar/data/10795/000001079519000028/ex99106302019.htm,0000010795-19-000028
https://www.sec.gov/Archives/edgar/data/10795/000114036119010401/nc10002034x4_ex99-1.htm,0001140361-19-010401
https://www.sec.gov/Archives/edgar/data/10795/000114036119010401/nc10002034x4_ex99-2.htm,0001140361-19-010401
https://www.sec.gov/Archives/edgar/data/10795/000114036119009406/nc10002034x1_ex99-1.htm,0001140361-19-009406
https://www.sec.gov/Archives/edgar/data/10795/000001079519000018/ex99103312019.htm,0000010795-19-000018
https://www.sec.gov/Archives/edgar/data/10795/000001079519000007/ex99112312018.htm,0000010795-19-000007
https://www.sec.gov/Archives/edgar/data/10795/000001079519000002/ex99112312018preliminary.htm,0000010795-19-000002
https://www.sec.gov/Archives/edgar/data/842023/000155837023017051/tmb-20231026xex99d1.htm,0001558370-23-017051
https://www.sec.gov/Archives/edgar/data/842023/000155837023017051/tmb-20231026xex99d2.htm,0001558370-23-017051
https://www.sec.gov/Archives/edgar/data/842023/000155837023016529/tmb-20231017xex99d1.htm,0001558370-23-016529
https://www.sec.gov/Archives/edgar/data/842023/000155837023013727/tmb-20230808xex99d1.htm,0001558370-23-013727
https://www.sec.gov/Archives/edgar/data/842023/000155837023013727/tmb-20230808xex99d2.htm,0001558370-23-013727
https://www.sec.gov/Archives/edgar/data/842023/000155837023005339/tmb-20230331xex99.htm,0001558370-23-005339
https://www.sec.gov/Archives/edgar/data/842023/000155837023002475/tmb-20230228xex99.htm,0001558370-23-002475
https://www.sec.gov/Archives/edgar/data/842023/000155837023000758/tmb-20230202xex99d1.htm,0001558370-23-000758
https://www.sec.gov/Archives/edgar/data/842023/000155837023000758/tmb-20230202xex99d2.htm,0001558370-23-000758
https://www.sec.gov/Archives/edgar/data/842023/000155837023000715/tmb-20230126xex99d1.htm,0001558370-23-000715
https://www.sec.gov/Archives/edgar/data/842023/000155837022015710/tmb-20221027xex99d1.htm,0001558370-22-015710
https://www.sec.gov/Archives/edgar/data/842023/000155837022015710/tmb-20221027xex99d2.htm,0001558370-22-015710
https://www.sec.gov/Archives/edgar/data/842023/000155837022012336/tmb-20220804xex99.htm,0001558370-22-012336
https://www.sec.gov/Archives/edgar/data/842023/000155837022006932/tmb-20220504xex99d1.htm,0001558370-22-006932
https://www.sec.gov/Archives/edgar/data/842023/000155837022006932/tmb-20220504xex99d2.htm,0001558370-22-006932
https://www.sec.gov/Archives/edgar/data/842023/000143774922002038/ex_330131.htm,0001437749-22-002038
https://www.sec.gov/Archives/edgar/data/842023/000143774922002038/ex_330132.htm,0001437749-22-002038
https://www.sec.gov/Archives/edgar/data/842023/000143774921029110/ex_318904.htm,0001437749-21-029110
https://www.sec.gov/Archives/edgar/data/842023/000143774921024807/ex_300342.htm,0001437749-21-024807
https://www.sec.gov/Archives/edgar/data/842023/000143774921024807/ex_300343.htm,0001437749-21-024807
https://www.sec.gov/Archives/edgar/data/842023/000143774921018609/ex_271735.htm,0001437749-21-018609
https://www.sec.gov/Archives/edgar/data/842023/000143774921018609/ex_271736.htm,0001437749-21-018609
https://www.sec.gov/Archives/edgar/data/842023/000143774921010994/ex_246066.htm,0001437749-21-010994
https://www.sec.gov/Archives/edgar/data/842023/000143774921010994/ex_246067.htm,0001437749-21-010994
https://www.sec.gov/Archives/edgar/data/842023/000143774921001705/ex_223595.htm,0001437749-21-001705
https://www.sec.gov/Archives/edgar/data/842023/000143774921001705/ex_223596.htm,0001437749-21-001705
https://www.sec.gov/Archives/edgar/data/842023/000143774920022618/ex_211463.htm,0001437749-20-022618
https://www.sec.gov/Archives/edgar/data/842023/000143774920022618/ex_211464.htm,0001437749-20-022618
https://www.sec.gov/Archives/edgar/data/842023/000143774920016374/ex_196409.htm,0001437749-20-016374
https://www.sec.gov/Archives/edgar/data/842023/000143774920016374/ex_196410.htm,0001437749-20-016374
https://www.sec.gov/Archives/edgar/data/842023/000143774920016374/ex_196411.htm,0001437749-20-016374
https://www.sec.gov/Archives/edgar/data/842023/000143774920011291/ex_187265.htm,0001437749-20-011291
https://www.sec.gov/Archives/edgar/data/842023/000143774920008902/ex_183437.htm,0001437749-20-008902
https://www.sec.gov/Archives/edgar/data/842023/000143774920008902/ex_183438.htm,0001437749-20-008902
https://www.sec.gov/Archives/edgar/data/842023/000143774920001618/ex_171105.htm,0001437749-20-001618
https://www.sec.gov/Archives/edgar/data/842023/000143774920001618/ex_171106.htm,0001437749-20-001618
https://www.sec.gov/Archives/edgar/data/842023/000143774919020780/ex_161610.htm,0001437749-19-020780
https://www.sec.gov/Archives/edgar/data/842023/000143774919020780/ex_161611.htm,0001437749-19-020780
https://www.sec.gov/Archives/edgar/data/842023/000143774919015521/ex_153184.htm,0001437749-19-015521
https://www.sec.gov/Archives/edgar/data/842023/000143774919015521/ex_153185.htm,0001437749-19-015521
https://www.sec.gov/Archives/edgar/data/842023/000143774919012693/ex_148627.htm,0001437749-19-012693
https://www.sec.gov/Archives/edgar/data/842023/000143774919008208/ex_142102.htm,0001437749-19-008208
https://www.sec.gov/Archives/edgar/data/842023/000143774919008208/ex_142103.htm,0001437749-19-008208
https://www.sec.gov/Archives/edgar/data/842023/000143774919001827/ex_133993.htm,0001437749-19-001827
https://www.sec.gov/Archives/edgar/data/842023/000143774919001827/ex_133994.htm,0001437749-19-001827
https://www.sec.gov/Archives/edgar/data/875045/000087504523000035/exhibit991-q32023pressrele.htm,0000875045-23-000035
https://www.sec.gov/Archives/edgar/data/875045/000119312523242617/d487087dex991.htm,0001193125-23-242617
https://www.sec.gov/Archives/edgar/data/875045/000087504523000027/exhibit991-q22023pressrele.htm,0000875045-23-000027
https://www.sec.gov/Archives/edgar/data/875045/000087504523000012/exhibit991-q12023pressrele.htm,0000875045-23-000012
https://www.sec.gov/Archives/edgar/data/875045/000087504523000005/exhibit991-q42022pressrele.htm,0000875045-23-000005
https://www.sec.gov/Archives/edgar/data/875045/000119312522281950/d419645dex991.htm,0001193125-22-281950
https://www.sec.gov/Archives/edgar/data/875045/000087504522000028/exhibit991-q32022pressrele.htm,0000875045-22-000028
https://www.sec.gov/Archives/edgar/data/875045/000087504522000020/exhibit991-q22022pressrele.htm,0000875045-22-000020
https://www.sec.gov/Archives/edgar/data/875045/000087504522000013/exhibit991-q12022pressrele.htm,0000875045-22-000013
https://www.sec.gov/Archives/edgar/data/875045/000087504522000003/exhibit991-q42021pressrele.htm,0000875045-22-000003
https://www.sec.gov/Archives/edgar/data/875045/000119312522022381/d295583dex991.htm,0001193125-22-022381
https://www.sec.gov/Archives/edgar/data/875045/000119312521331813/d257656dex991.htm,0001193125-21-331813
https://www.sec.gov/Archives/edgar/data/875045/000087504521000049/exhibit991-q32021pressrele.htm,0000875045-21-000049
https://www.sec.gov/Archives/edgar/data/875045/000087504521000041/exhibit991-q22021pressrele.htm,0000875045-21-000041
https://www.sec.gov/Archives/edgar/data/875045/000087504521000025/exhibit991-q12021pressrele.htm,0000875045-21-000025
https://www.sec.gov/Archives/edgar/data/875045/000087504521000018/exhibit991-directoreventpr.htm,0000875045-21-000018
https://www.sec.gov/Archives/edgar/data/875045/000119312521028202/d52158dex991.htm,0001193125-21-028202
https://www.sec.gov/Archives/edgar/data/875045/000119312521028202/d52158dex992.htm,0001193125-21-028202
https://www.sec.gov/Archives/edgar/data/875045/000087504521000005/exhibit991-q42020pressrele.htm,0000875045-21-000005
https://www.sec.gov/Archives/edgar/data/875045/000087504520000032/exhibit991-q32020press.htm,0000875045-20-000032
https://www.sec.gov/Archives/edgar/data/875045/000087504520000018/exhibit991-q22020press.htm,0000875045-20-000018
https://www.sec.gov/Archives/edgar/data/875045/000119312520196496/d95290dex991.htm,0001193125-20-196496
https://www.sec.gov/Archives/edgar/data/875045/000087504520000008/exhibit991-q12020press.htm,0000875045-20-000008
https://www.sec.gov/Archives/edgar/data/875045/000087504520000002/q42019pressrelease.htm,0000875045-20-000002
https://www.sec.gov/Archives/edgar/data/875045/000087504519000038/q32019pressrelease.htm,0000875045-19-000038
https://www.sec.gov/Archives/edgar/data/875045/000087504519000036/pressreleaseoctober12019.htm,0000875045-19-000036
https://www.sec.gov/Archives/edgar/data/875045/000087504519000027/q22019pressrelease.htm,0000875045-19-000027
https://www.sec.gov/Archives/edgar/data/875045/000087504519000019/finalbiogenboardnominees.htm,0000875045-19-000019
https://www.sec.gov/Archives/edgar/data/875045/000087504519000014/q12019pressrelease.htm,0000875045-19-000014
https://www.sec.gov/Archives/edgar/data/875045/000087504519000002/q42018pressrelease.htm,0000875045-19-000002
https://www.sec.gov/Archives/edgar/data/885725/000088572523000045/q32023earningsrelease.htm,0000885725-23-000045
https://www.sec.gov/Archives/edgar/data/885725/000088572523000041/q22023earningsrelease.htm,0000885725-23-000041
https://www.sec.gov/Archives/edgar/data/885725/000088572523000024/q12023earningsrelease.htm,0000885725-23-000024
https://www.sec.gov/Archives/edgar/data/885725/000088572523000004/q42022earningsrelease.htm,0000885725-23-000004
https://www.sec.gov/Archives/edgar/data/885725/000088572522000026/q32022earningsrelease.htm,0000885725-22-000026
https://www.sec.gov/Archives/edgar/data/885725/000088572522000020/q22022earningsrelease.htm,0000885725-22-000020
https://www.sec.gov/Archives/edgar/data/885725/000088572522000011/q12022earningsrelease.htm,0000885725-22-000011
https://www.sec.gov/Archives/edgar/data/885725/000110465922035047/tm229583d1_ex99-1.htm,0001104659-22-035047
https://www.sec.gov/Archives/edgar/data/885725/000110465922035047/tm229583d1_ex99-2.htm,0001104659-22-035047
https://www.sec.gov/Archives/edgar/data/885725/000110465922031615/tm228612d1_ex99-1.htm,0001104659-22-031615
https://www.sec.gov/Archives/edgar/data/885725/000110465922031615/tm228612d1_ex99-2.htm,0001104659-22-031615
https://www.sec.gov/Archives/edgar/data/885725/000110465922028937/tm227323d1_ex99-1.htm,0001104659-22-028937
https://www.sec.gov/Archives/edgar/data/885725/000088572522000004/exhibit991february152022pr.htm,0000885725-22-000004
https://www.sec.gov/Archives/edgar/data/885725/000088572522000002/q42021earningsrelease.htm,0000885725-22-000002
https://www.sec.gov/Archives/edgar/data/885725/000088572521000049/q32021earningsrelease.htm,0000885725-21-000049
https://www.sec.gov/Archives/edgar/data/885725/000088572521000049/noticetoholdersofbostonsci.htm,0000885725-21-000049
https://www.sec.gov/Archives/edgar/data/885725/000088572521000045/exhibit991october62021pres.htm,0000885725-21-000045
https://www.sec.gov/Archives/edgar/data/885725/000088572521000043/exhibit991september212021p.htm,0000885725-21-000043
https://www.sec.gov/Archives/edgar/data/885725/000088572521000039/exhibit991september12021pr.htm,0000885725-21-000039
https://www.sec.gov/Archives/edgar/data/885725/000088572521000028/q22021earningsrelease.htm,0000885725-21-000028
https://www.sec.gov/Archives/edgar/data/885725/000088572521000025/exhibit991june242021direct.htm,0000885725-21-000025
https://www.sec.gov/Archives/edgar/data/885725/000088572521000024/exhibit991june242021pressr.htm,0000885725-21-000024
https://www.sec.gov/Archives/edgar/data/885725/000088572521000012/q12021earningsrelease.htm,0000885725-21-000012
https://www.sec.gov/Archives/edgar/data/885725/000110465921031097/tm218538d1_ex99-1.htm,0001104659-21-031097
https://www.sec.gov/Archives/edgar/data/885725/000088572521000006/q42020earningsrelease.htm,0000885725-21-000006
https://www.sec.gov/Archives/edgar/data/885725/000088572521000004/exhibit991january212021pre.htm,0000885725-21-000004
https://www.sec.gov/Archives/edgar/data/885725/000088572520000051/exhibit991december1202.htm,0000885725-20-000051
https://www.sec.gov/Archives/edgar/data/885725/000088572520000046/pressreleasedatednovem.htm,0000885725-20-000046
https://www.sec.gov/Archives/edgar/data/885725/000088572520000041/q32020earningsrelease.htm,0000885725-20-000041
https://www.sec.gov/Archives/edgar/data/885725/000088572520000031/q22020earningsrelease.htm,0000885725-20-000031
https://www.sec.gov/Archives/edgar/data/885725/000094787120000519/ss174270_ex9901.htm,0000947871-20-000519
https://www.sec.gov/Archives/edgar/data/885725/000110465920065010/tm2020233d7_ex99-1.htm,0001104659-20-065010
https://www.sec.gov/Archives/edgar/data/885725/000094787120000487/ss173781_ex9901.htm,0000947871-20-000487
https://www.sec.gov/Archives/edgar/data/885725/000110465920061823/tm2019839d1_ex99-1.htm,0001104659-20-061823
https://www.sec.gov/Archives/edgar/data/885725/000088572520000019/q12020earningsrelease.htm,0000885725-20-000019
https://www.sec.gov/Archives/edgar/data/885725/000110465920045409/tm2015475d1_ex99-1.htm,0001104659-20-045409
https://www.sec.gov/Archives/edgar/data/885725/000088572520000017/pressreleaseapril22020.htm,0000885725-20-000017
https://www.sec.gov/Archives/edgar/data/885725/000088572520000009/q42019earningsrelease.htm,0000885725-20-000009
https://www.sec.gov/Archives/edgar/data/885725/000094787119000804/ss156905_ex9901.htm,0000947871-19-000804
https://www.sec.gov/Archives/edgar/data/885725/000094787119000795/ss156219_ex9901.htm,0000947871-19-000795
https://www.sec.gov/Archives/edgar/data/885725/000094787119000795/ss156219_ex9902.htm,0000947871-19-000795
https://www.sec.gov/Archives/edgar/data/885725/000094787119000795/ss156219_ex9903.htm,0000947871-19-000795
https://www.sec.gov/Archives/edgar/data/885725/000088572519000043/q32019earningsrelease.htm,0000885725-19-000043
https://www.sec.gov/Archives/edgar/data/885725/000094787119000752/ss154147_ex9901.htm,0000947871-19-000752
https://www.sec.gov/Archives/edgar/data/885725/000094787119000602/ss147530_ex9901.htm,0000947871-19-000602
https://www.sec.gov/Archives/edgar/data/885725/000094787119000602/ss147530_ex9902.htm,0000947871-19-000602
https://www.sec.gov/Archives/edgar/data/885725/000094787119000598/ss147213_ex9901.htm,0000947871-19-000598
https://www.sec.gov/Archives/edgar/data/885725/000094787119000568/ss146445_ex9901.htm,0000947871-19-000568
https://www.sec.gov/Archives/edgar/data/885725/000088572519000038/q22019earningsrelease.htm,0000885725-19-000038
https://www.sec.gov/Archives/edgar/data/885725/000094787119000488/ss142535_ex9901.htm,0000947871-19-000488
https://www.sec.gov/Archives/edgar/data/885725/000088572519000032/vertiflexclosingpressrelea.htm,0000885725-19-000032
https://www.sec.gov/Archives/edgar/data/885725/000088572519000026/vertiflexpressrelease.htm,0000885725-19-000026
https://www.sec.gov/Archives/edgar/data/885725/000088572519000021/q12019earningsrelease.htm,0000885725-19-000021
https://www.sec.gov/Archives/edgar/data/885725/000094787119000172/ss127589_ex9901.htm,0000947871-19-000172
https://www.sec.gov/Archives/edgar/data/885725/000088572519000016/exhibit991-pressreleasefeb.htm,0000885725-19-000016
https://www.sec.gov/Archives/edgar/data/885725/000088572519000014/exhibit991-pressreleasefeb.htm,0000885725-19-000014
https://www.sec.gov/Archives/edgar/data/885725/000094787119000125/ss126004_ex9901.htm,0000947871-19-000125
https://www.sec.gov/Archives/edgar/data/885725/000088572519000009/q42018earningsrelease.htm,0000885725-19-000009
https://www.sec.gov/Archives/edgar/data/14272/000114036123059159/ef20017313_ex99-1.htm,0001140361-23-059159
https://www.sec.gov/Archives/edgar/data/14272/000001427223000179/q32023ex991-filing.htm,0000014272-23-000179
https://www.sec.gov/Archives/edgar/data/14272/000001427223000179/q32023earningspresentati.htm,0000014272-23-000179
https://www.sec.gov/Archives/edgar/data/14272/000001427223000150/q22023ex991-filingversion.htm,0000014272-23-000150
https://www.sec.gov/Archives/edgar/data/14272/000001427223000150/q22023earningspresentati.htm,0000014272-23-000150
https://www.sec.gov/Archives/edgar/data/14272/000001427223000102/q12023ex991.htm,0000014272-23-000102
https://www.sec.gov/Archives/edgar/data/14272/000001427223000102/q12023earningspresentati.htm,0000014272-23-000102
https://www.sec.gov/Archives/edgar/data/14272/000114036123020605/brhc20052030_99-1.htm,0001140361-23-020605
https://www.sec.gov/Archives/edgar/data/14272/000001427223000018/q42022ex991.htm,0000014272-23-000018
https://www.sec.gov/Archives/edgar/data/14272/000001427223000018/q42022ex992.htm,0000014272-23-000018
https://www.sec.gov/Archives/edgar/data/14272/000001427223000018/q42022earningspresentati.htm,0000014272-23-000018
https://www.sec.gov/Archives/edgar/data/14272/000114036123000970/brhc10046308_99-1.htm,0001140361-23-000970
https://www.sec.gov/Archives/edgar/data/14272/000001427222000194/q32022ex991.htm,0000014272-22-000194
https://www.sec.gov/Archives/edgar/data/14272/000001427222000194/q32022ex992.htm,0000014272-22-000194
https://www.sec.gov/Archives/edgar/data/14272/000001427222000194/q32022earningspresentati.htm,0000014272-22-000194
https://www.sec.gov/Archives/edgar/data/14272/000001427222000164/q22022ex991.htm,0000014272-22-000164
https://www.sec.gov/Archives/edgar/data/14272/000001427222000164/q22022ex992.htm,0000014272-22-000164
https://www.sec.gov/Archives/edgar/data/14272/000001427222000164/q22022earningspresentati.htm,0000014272-22-000164
https://www.sec.gov/Archives/edgar/data/14272/000114036122023069/brhc10038705_ex99-1.htm,0001140361-22-023069
https://www.sec.gov/Archives/edgar/data/14272/000001427222000112/q12022ex991.htm,0000014272-22-000112
https://www.sec.gov/Archives/edgar/data/14272/000001427222000112/q12022ex992.htm,0000014272-22-000112
https://www.sec.gov/Archives/edgar/data/14272/000001427222000112/q12022earningspresentati.htm,0000014272-22-000112
https://www.sec.gov/Archives/edgar/data/14272/000114036122014868/brhc10036367_ex99-1.htm,0001140361-22-014868
https://www.sec.gov/Archives/edgar/data/14272/000114036122007672/ny20002727x7_ex99-1.htm,0001140361-22-007672
https://www.sec.gov/Archives/edgar/data/14272/000114036122007672/ny20002727x7_ex99-2.htm,0001140361-22-007672
https://www.sec.gov/Archives/edgar/data/14272/000114036122006206/ny20002727x5_ex99-1.htm,0001140361-22-006206
https://www.sec.gov/Archives/edgar/data/14272/000114036122005502/ny20002727x2_ex99-1.htm,0001140361-22-005502
https://www.sec.gov/Archives/edgar/data/14272/000001427222000047/q42021ex991.htm,0000014272-22-000047
https://www.sec.gov/Archives/edgar/data/14272/000001427222000047/q42021ex992.htm,0000014272-22-000047
https://www.sec.gov/Archives/edgar/data/14272/000001427222000047/bmsq42021earningspresent.htm,0000014272-22-000047
https://www.sec.gov/Archives/edgar/data/14272/000114036122001018/brhc10032672_ex99-1.htm,0001140361-22-001018
https://www.sec.gov/Archives/edgar/data/14272/000114036121038020/brhc10030855_ex99-1.htm,0001140361-21-038020
https://www.sec.gov/Archives/edgar/data/14272/000001427221000223/q32021ex991.htm,0000014272-21-000223
https://www.sec.gov/Archives/edgar/data/14272/000001427221000223/q32021ex992.htm,0000014272-21-000223
https://www.sec.gov/Archives/edgar/data/14272/000001427221000223/q32021earningspresentati.htm,0000014272-21-000223
https://www.sec.gov/Archives/edgar/data/14272/000001427221000184/q22021ex991.htm,0000014272-21-000184
https://www.sec.gov/Archives/edgar/data/14272/000001427221000184/q22021ex992.htm,0000014272-21-000184
https://www.sec.gov/Archives/edgar/data/14272/000001427221000184/q22021earningspresentati.htm,0000014272-21-000184
https://www.sec.gov/Archives/edgar/data/14272/000114036121018212/brhc10024929_ex99-1.htm,0001140361-21-018212
https://www.sec.gov/Archives/edgar/data/14272/000001427221000124/q12021ex991.htm,0000014272-21-000124
https://www.sec.gov/Archives/edgar/data/14272/000001427221000124/q12021ex992.htm,0000014272-21-000124
https://www.sec.gov/Archives/edgar/data/14272/000001427221000124/q12021resultsslides.htm,0000014272-21-000124
https://www.sec.gov/Archives/edgar/data/14272/000114036121005563/brhc10020610_ex99-1.htm,0001140361-21-005563
https://www.sec.gov/Archives/edgar/data/14272/000114036121005563/brhc10020610_ex99-2.htm,0001140361-21-005563
https://www.sec.gov/Archives/edgar/data/14272/000114036121003401/brhc10019742_ex99-1.htm,0001140361-21-003401
https://www.sec.gov/Archives/edgar/data/14272/000001427221000058/q42020ex991.htm,0000014272-21-000058
https://www.sec.gov/Archives/edgar/data/14272/000001427221000058/q42020ex992.htm,0000014272-21-000058
https://www.sec.gov/Archives/edgar/data/14272/000114036121000737/brhc10018812_ex99-1.htm,0001140361-21-000737
https://www.sec.gov/Archives/edgar/data/14272/000114036121000023/brhc10018575_ex99-1.htm,0001140361-21-000023
https://www.sec.gov/Archives/edgar/data/14272/000114036120025431/brhc10016928_ex99-1.htm,0001140361-20-025431
https://www.sec.gov/Archives/edgar/data/14272/000001427220000277/q32020ex991.htm,0000014272-20-000277
https://www.sec.gov/Archives/edgar/data/14272/000001427220000277/q32020ex992.htm,0000014272-20-000277
https://www.sec.gov/Archives/edgar/data/14272/000114036120022423/brhc10015771_ex99-1.htm,0001140361-20-022423
https://www.sec.gov/Archives/edgar/data/14272/000001427220000227/q22020ex991.htm,0000014272-20-000227
https://www.sec.gov/Archives/edgar/data/14272/000001427220000227/q22020ex992.htm,0000014272-20-000227
https://www.sec.gov/Archives/edgar/data/14272/000114036120017005/brhc10013540_ex99-1.htm,0001140361-20-017005
https://www.sec.gov/Archives/edgar/data/14272/000114036120016129/brhc10013540_ex99-1.htm,0001140361-20-016129
https://www.sec.gov/Archives/edgar/data/14272/000114036120013879/nt10012108x5_ex99-1.htm,0001140361-20-013879
https://www.sec.gov/Archives/edgar/data/14272/000114036120011960/nt10009726x3_ex99-1.htm,0001140361-20-011960
https://www.sec.gov/Archives/edgar/data/14272/000001427220000166/q12020ex991.htm,0000014272-20-000166
https://www.sec.gov/Archives/edgar/data/14272/000001427220000166/q12020ex992.htm,0000014272-20-000166
https://www.sec.gov/Archives/edgar/data/14272/000114036120008836/ex99_1.htm,0001140361-20-008836
https://www.sec.gov/Archives/edgar/data/14272/000114036120006780/nc10009726x2_ex99-1.htm,0001140361-20-006780
https://www.sec.gov/Archives/edgar/data/14272/000001427220000075/q42019ex991.htm,0000014272-20-000075
https://www.sec.gov/Archives/edgar/data/14272/000001427220000075/q42019ex992.htm,0000014272-20-000075
https://www.sec.gov/Archives/edgar/data/14272/000114036119021261/ex99_1.htm,0001140361-19-021261
https://www.sec.gov/Archives/edgar/data/14272/000114036119021048/ex99_1.htm,0001140361-19-021048
https://www.sec.gov/Archives/edgar/data/14272/000114036119020720/ex99_1.htm,0001140361-19-020720
https://www.sec.gov/Archives/edgar/data/14272/000114036119020720/ex99_2.htm,0001140361-19-020720
https://www.sec.gov/Archives/edgar/data/14272/000114036119020668/ex99_1.htm,0001140361-19-020668
https://www.sec.gov/Archives/edgar/data/14272/000114036119020255/ex99_1.htm,0001140361-19-020255
https://www.sec.gov/Archives/edgar/data/14272/000114036119019972/ex99_1.htm,0001140361-19-019972
https://www.sec.gov/Archives/edgar/data/14272/000114036119019765/ex99_1.htm,0001140361-19-019765
https://www.sec.gov/Archives/edgar/data/14272/000114036119019582/ex99_1.htm,0001140361-19-019582
https://www.sec.gov/Archives/edgar/data/14272/000001427219000192/q32019ex991.htm,0000014272-19-000192
https://www.sec.gov/Archives/edgar/data/14272/000001427219000192/q32019ex992.htm,0000014272-19-000192
https://www.sec.gov/Archives/edgar/data/14272/000114036119019355/ex99_1.htm,0001140361-19-019355
https://www.sec.gov/Archives/edgar/data/14272/000114036119018644/ex99_1.htm,0001140361-19-018644
https://www.sec.gov/Archives/edgar/data/14272/000114036119018099/ex99_1.htm,0001140361-19-018099
https://www.sec.gov/Archives/edgar/data/14272/000114036119017072/ex99_1.htm,0001140361-19-017072
https://www.sec.gov/Archives/edgar/data/14272/000114036119016607/ex99_1.htm,0001140361-19-016607
https://www.sec.gov/Archives/edgar/data/14272/000114036119015573/ex99_1.htm,0001140361-19-015573
https://www.sec.gov/Archives/edgar/data/14272/000001427219000158/q22019ex991.htm,0000014272-19-000158
https://www.sec.gov/Archives/edgar/data/14272/000001427219000158/q22019ex992.htm,0000014272-19-000158
https://www.sec.gov/Archives/edgar/data/14272/000114036119012029/ex99_1.htm,0001140361-19-012029
https://www.sec.gov/Archives/edgar/data/14272/000114036119011905/ex99_1.htm,0001140361-19-011905
https://www.sec.gov/Archives/edgar/data/14272/000114036119011398/ex99_1.htm,0001140361-19-011398
https://www.sec.gov/Archives/edgar/data/14272/000114036119010432/nc10002432x1_ex99-1.htm,0001140361-19-010432
https://www.sec.gov/Archives/edgar/data/14272/000114036119009779/nc10002137x1_ex99-1.htm,0001140361-19-009779
https://www.sec.gov/Archives/edgar/data/14272/000114036119008676/nc10001539x3_ex99-1.htm,0001140361-19-008676
https://www.sec.gov/Archives/edgar/data/14272/000114036119008217/nc10001539x2_ex99-1.htm,0001140361-19-008217
https://www.sec.gov/Archives/edgar/data/14272/000114036119008191/nc10001539x1_ex99-1.htm,0001140361-19-008191
https://www.sec.gov/Archives/edgar/data/14272/000114036119008191/nc10001539x1_ex99-2.htm,0001140361-19-008191
https://www.sec.gov/Archives/edgar/data/14272/000114036119008115/ex99_1.htm,0001140361-19-008115
https://www.sec.gov/Archives/edgar/data/14272/000114036119008115/ex99_2.htm,0001140361-19-008115
https://www.sec.gov/Archives/edgar/data/14272/000001427219000104/q12019ex991.htm,0000014272-19-000104
https://www.sec.gov/Archives/edgar/data/14272/000001427219000104/q12019ex992.htm,0000014272-19-000104
https://www.sec.gov/Archives/edgar/data/14272/000114036119007225/nc1000119x1_ex99-1.htm,0001140361-19-007225
https://www.sec.gov/Archives/edgar/data/14272/000114036119007046/ex99_1.htm,0001140361-19-007046
https://www.sec.gov/Archives/edgar/data/14272/000114036119004564/s002621x24_ex99-1.htm,0001140361-19-004564
https://www.sec.gov/Archives/edgar/data/14272/000114036119004564/s002621x24_ex99-2.htm,0001140361-19-004564
https://www.sec.gov/Archives/edgar/data/14272/000114036119001470/s002621x10_ex99-1.htm,0001140361-19-001470
https://www.sec.gov/Archives/edgar/data/14272/000114036119001470/s002621x10_ex99-2.htm,0001140361-19-001470
https://www.sec.gov/Archives/edgar/data/14272/000114036119001470/s002621x10_ex99-3.htm,0001140361-19-001470
https://www.sec.gov/Archives/edgar/data/14272/000114036119000175/ex99_1.htm,0001140361-19-000175
https://www.sec.gov/Archives/edgar/data/14272/000114036119000175/ex99_2.htm,0001140361-19-000175
https://www.sec.gov/Archives/edgar/data/14272/000114036119000175/ex99_3.htm,0001140361-19-000175
https://www.sec.gov/Archives/edgar/data/1730168/000173016823000093/avgo-10292023x8kxex99.htm,0001730168-23-000093
https://www.sec.gov/Archives/edgar/data/1730168/000114036123054354/ef20015100_ex99-1.htm,0001140361-23-054354
https://www.sec.gov/Archives/edgar/data/1730168/000114036123050217/ef20013645_ex99-1.htm,0001140361-23-050217
https://www.sec.gov/Archives/edgar/data/1730168/000114036123048712/ef20012700_ex99-1.htm,0001140361-23-048712
https://www.sec.gov/Archives/edgar/data/1730168/000173016823000074/avgo-07302023x8kxex99.htm,0001730168-23-000074
https://www.sec.gov/Archives/edgar/data/1730168/000173016823000062/avgo-04302023x8kxex99.htm,0001730168-23-000062
https://www.sec.gov/Archives/edgar/data/1730168/000173016823000004/avgo-01292023x8kxex99.htm,0001730168-23-000004
https://www.sec.gov/Archives/edgar/data/1730168/000173016822000110/avgo-10302022x8kxex99.htm,0001730168-22-000110
https://www.sec.gov/Archives/edgar/data/1730168/000173016822000091/avgo-07312022x8kxex99.htm,0001730168-22-000091
https://www.sec.gov/Archives/edgar/data/1730168/000119312522161016/d525235dex991.htm,0001193125-22-161016
https://www.sec.gov/Archives/edgar/data/1730168/000119312522161016/d525235dex992.htm,0001193125-22-161016
https://www.sec.gov/Archives/edgar/data/1730168/000119312522160371/d323890dex991.htm,0001193125-22-160371
https://www.sec.gov/Archives/edgar/data/1730168/000119312522160371/d323890dex992.htm,0001193125-22-160371
https://www.sec.gov/Archives/edgar/data/1730168/000119312522160304/d262320dex991.htm,0001193125-22-160304
https://www.sec.gov/Archives/edgar/data/1730168/000119312522105918/d341029dex991.htm,0001193125-22-105918
https://www.sec.gov/Archives/edgar/data/1730168/000119312522105918/d341029dex992.htm,0001193125-22-105918
https://www.sec.gov/Archives/edgar/data/1730168/000119312522092425/d329956dex991.htm,0001193125-22-092425
https://www.sec.gov/Archives/edgar/data/1730168/000119312522092425/d329956dex992.htm,0001193125-22-092425
https://www.sec.gov/Archives/edgar/data/1730168/000119312522090874/d275947dex991.htm,0001193125-22-090874
https://www.sec.gov/Archives/edgar/data/1730168/000173016822000015/avgo-01302022x8kxex99.htm,0001730168-22-000015
https://www.sec.gov/Archives/edgar/data/1730168/000173016821000148/avgo-10312021x8kxex99.htm,0001730168-21-000148
https://www.sec.gov/Archives/edgar/data/1730168/000119312521284581/d194184dex991.htm,0001193125-21-284581
https://www.sec.gov/Archives/edgar/data/1730168/000119312521284581/d194184dex992.htm,0001193125-21-284581
https://www.sec.gov/Archives/edgar/data/1730168/000119312521271676/d209968dex991.htm,0001193125-21-271676
https://www.sec.gov/Archives/edgar/data/1730168/000173016821000121/avgo-08012021x8kxex99.htm,0001730168-21-000121
https://www.sec.gov/Archives/edgar/data/1730168/000173016821000110/avgo-05022021x8kxex99.htm,0001730168-21-000110
https://www.sec.gov/Archives/edgar/data/1730168/000119312521098755/d113748dex991.htm,0001193125-21-098755
https://www.sec.gov/Archives/edgar/data/1730168/000119312521098755/d113748dex992.htm,0001193125-21-098755
https://www.sec.gov/Archives/edgar/data/1730168/000119312521081796/d110632dex991.htm,0001193125-21-081796
https://www.sec.gov/Archives/edgar/data/1730168/000173016821000026/avgo-01312021x8kxex99.htm,0001730168-21-000026
https://www.sec.gov/Archives/edgar/data/1730168/000119312521025889/d28126dex991.htm,0001193125-21-025889
https://www.sec.gov/Archives/edgar/data/1730168/000119312521011422/d161188dex991.htm,0001193125-21-011422
https://www.sec.gov/Archives/edgar/data/1730168/000119312521003380/d24661dex991.htm,0001193125-21-003380
https://www.sec.gov/Archives/edgar/data/1730168/000119312521001276/d89101dex991.htm,0001193125-21-001276
https://www.sec.gov/Archives/edgar/data/1730168/000119312521000394/d60992dex991.htm,0001193125-21-000394
https://www.sec.gov/Archives/edgar/data/1730168/000173016820000201/avgo-11012020x8kxex99.htm,0001730168-20-000201
https://www.sec.gov/Archives/edgar/data/1730168/000173016820000154/avgo-08022020x8kxex99.htm,0001730168-20-000154
https://www.sec.gov/Archives/edgar/data/1730168/000173016820000126/ex991avgo6262020.htm iXBRL,0001730168-20-000126
https://www.sec.gov/Archives/edgar/data/1730168/000173016820000099/avgo-05032020x8kxex99.htm,0001730168-20-000099
https://www.sec.gov/Archives/edgar/data/1730168/000119312520159573/d905108dex991.htm,0001193125-20-159573
https://www.sec.gov/Archives/edgar/data/1730168/000119312520146131/d924258dex991.htm,0001193125-20-146131
https://www.sec.gov/Archives/edgar/data/1730168/000119312520146131/d924258dex992.htm,0001193125-20-146131
https://www.sec.gov/Archives/edgar/data/1730168/000119312520134440/d925812dex991.htm,0001193125-20-134440
https://www.sec.gov/Archives/edgar/data/1730168/000119312520134440/d925812dex992.htm,0001193125-20-134440
https://www.sec.gov/Archives/edgar/data/1730168/000119312520133159/d925377dex991.htm,0001193125-20-133159
https://www.sec.gov/Archives/edgar/data/1730168/000119312520114389/d887068dex991.htm,0001193125-20-114389
https://www.sec.gov/Archives/edgar/data/1730168/000119312520107418/d884488dex991.htm,0001193125-20-107418
https://www.sec.gov/Archives/edgar/data/1730168/000119312520099626/d880388dex991.htm,0001193125-20-099626
https://www.sec.gov/Archives/edgar/data/1730168/000119312520099090/d914849dex991.htm,0001193125-20-099090
https://www.sec.gov/Archives/edgar/data/1730168/000119312520071608/d859221dex991.htm,0001193125-20-071608
https://www.sec.gov/Archives/edgar/data/1730168/000119312519312797/d845915dex991.htm,0001193125-19-312797
https://www.sec.gov/Archives/edgar/data/1730168/000119312519282605/d808250dex991.htm,0001193125-19-282605
https://www.sec.gov/Archives/edgar/data/1730168/000119312519243919/d800073dex991.htm,0001193125-19-243919
https://www.sec.gov/Archives/edgar/data/1730168/000119312519217369/d790567dex991.htm,0001193125-19-217369
https://www.sec.gov/Archives/edgar/data/1730168/000119312519217369/d790567dex992.htm,0001193125-19-217369
https://www.sec.gov/Archives/edgar/data/1730168/000119312519172516/d763344dex991.htm,0001193125-19-172516
https://www.sec.gov/Archives/edgar/data/1730168/000119312519094751/d730791dex991.htm,0001193125-19-094751
https://www.sec.gov/Archives/edgar/data/1730168/000119312519094751/d730791dex992.htm,0001193125-19-094751
https://www.sec.gov/Archives/edgar/data/1730168/000119312519074832/d642515dex991.htm,0001193125-19-074832
https://www.sec.gov/Archives/edgar/data/813672/000081367223000067/cdns10232023ex9901.htm,0000813672-23-000067
https://www.sec.gov/Archives/edgar/data/813672/000081367223000067/cfocommentary10232023ex9902.htm,0000813672-23-000067
https://www.sec.gov/Archives/edgar/data/813672/000081367223000040/cdns07242023ex9901.htm,0000813672-23-000040
https://www.sec.gov/Archives/edgar/data/813672/000081367223000040/cfocommentary07242023ex9902.htm,0000813672-23-000040
https://www.sec.gov/Archives/edgar/data/813672/000081367223000035/ex9901cdns06132023.htm,0000813672-23-000035
https://www.sec.gov/Archives/edgar/data/813672/000081367223000024/cdns04242023ex9901.htm,0000813672-23-000024
https://www.sec.gov/Archives/edgar/data/813672/000081367223000024/cfocommentary04242023ex9902.htm,0000813672-23-000024
https://www.sec.gov/Archives/edgar/data/813672/000081367223000010/cdns02132023ex9901.htm,0000813672-23-000010
https://www.sec.gov/Archives/edgar/data/813672/000081367223000010/cfocommentary02132023ex9902.htm,0000813672-23-000010
https://www.sec.gov/Archives/edgar/data/813672/000081367222000053/cdns10242022ex9901.htm,0000813672-22-000053
https://www.sec.gov/Archives/edgar/data/813672/000081367222000053/cfocommentary10242022ex9902.htm,0000813672-22-000053
https://www.sec.gov/Archives/edgar/data/813672/000081367222000044/ex9901cdns08312022.htm,0000813672-22-000044
https://www.sec.gov/Archives/edgar/data/813672/000081367222000036/cdns07252022ex9901.htm,0000813672-22-000036
https://www.sec.gov/Archives/edgar/data/813672/000081367222000036/cfocommentary07252022ex9902.htm,0000813672-22-000036
https://www.sec.gov/Archives/edgar/data/813672/000081367222000032/ex9901cdns06212022.htm,0000813672-22-000032
https://www.sec.gov/Archives/edgar/data/813672/000081367222000021/cdns04252022ex9901.htm,0000813672-22-000021
https://www.sec.gov/Archives/edgar/data/813672/000081367222000021/cfocommentary04252022ex9902.htm,0000813672-22-000021
https://www.sec.gov/Archives/edgar/data/813672/000081367222000010/cdns02222022ex9901.htm,0000813672-22-000010
https://www.sec.gov/Archives/edgar/data/813672/000081367222000010/cfocommentary02222022ex9902.htm,0000813672-22-000010
https://www.sec.gov/Archives/edgar/data/813672/000081367222000006/ex9901cdns01312022.htm,0000813672-22-000006
https://www.sec.gov/Archives/edgar/data/813672/000081367221000036/cdns10252021ex9901.htm,0000813672-21-000036
https://www.sec.gov/Archives/edgar/data/813672/000081367221000036/cfocommentary10252021ex9902.htm,0000813672-21-000036
https://www.sec.gov/Archives/edgar/data/813672/000119312521224307/d297563dex991.htm,0001193125-21-224307
https://www.sec.gov/Archives/edgar/data/813672/000081367221000027/cdns07262021ex9901.htm,0000813672-21-000027
https://www.sec.gov/Archives/edgar/data/813672/000081367221000027/cfocommentary07262021ex9902.htm,0000813672-21-000027
https://www.sec.gov/Archives/edgar/data/813672/000081367221000015/cdns04262021ex9901.htm,0000813672-21-000015
https://www.sec.gov/Archives/edgar/data/813672/000081367221000015/cfocommentary04262021ex9902.htm,0000813672-21-000015
https://www.sec.gov/Archives/edgar/data/813672/000081367221000007/cdns02222021ex9901.htm,0000813672-21-000007
https://www.sec.gov/Archives/edgar/data/813672/000081367221000007/cfocommentary02222021ex9902.htm,0000813672-21-000007
https://www.sec.gov/Archives/edgar/data/813672/000119312520307226/d18490dex9901.htm,0001193125-20-307226
https://www.sec.gov/Archives/edgar/data/813672/000081367220000026/cdns10192020ex9901.htm,0000813672-20-000026
https://www.sec.gov/Archives/edgar/data/813672/000081367220000026/cfocommentary10192020e.htm,0000813672-20-000026
https://www.sec.gov/Archives/edgar/data/813672/000081367220000019/cdns7202020ex9901.htm,0000813672-20-000019
https://www.sec.gov/Archives/edgar/data/813672/000081367220000019/cfocommentary7202020ex.htm,0000813672-20-000019
https://www.sec.gov/Archives/edgar/data/813672/000081367220000012/cdns4202020ex9901.htm,0000813672-20-000012
https://www.sec.gov/Archives/edgar/data/813672/000081367220000012/cfocommentary4202020ex.htm,0000813672-20-000012
https://www.sec.gov/Archives/edgar/data/813672/000119312520074923/d895337dex9901.htm,0001193125-20-074923
https://www.sec.gov/Archives/edgar/data/813672/000081367220000003/cdns2122020ex9901.htm,0000813672-20-000003
https://www.sec.gov/Archives/edgar/data/813672/000081367220000003/cfocommentary2122020ex.htm,0000813672-20-000003
https://www.sec.gov/Archives/edgar/data/813672/000081367219000026/cdns10212019ex9901.htm,0000813672-19-000026
https://www.sec.gov/Archives/edgar/data/813672/000081367219000026/cfocommentary10212019e.htm,0000813672-19-000026
https://www.sec.gov/Archives/edgar/data/813672/000081367219000020/cdns7222019ex9901.htm,0000813672-19-000020
https://www.sec.gov/Archives/edgar/data/813672/000081367219000020/cfocommentary7222019ex9902.htm,0000813672-19-000020
https://www.sec.gov/Archives/edgar/data/813672/000081367219000013/cdns4222019ex9901.htm,0000813672-19-000013
https://www.sec.gov/Archives/edgar/data/813672/000081367219000013/cfocommentary4222019ex9902.htm,0000813672-19-000013
https://www.sec.gov/Archives/edgar/data/813672/000081367219000004/cdns2192019ex9901.htm,0000813672-19-000004
https://www.sec.gov/Archives/edgar/data/813672/000081367219000004/cfocommentary2192019ex9902.htm,0000813672-19-000004
https://www.sec.gov/Archives/edgar/data/721371/000072137123000083/a24q1_x093023xex991xnewsre.htm,0000721371-23-000083
https://www.sec.gov/Archives/edgar/data/721371/000072137123000058/a23q4_x063023xex991xnewsre.htm,0000721371-23-000058
https://www.sec.gov/Archives/edgar/data/721371/000072137123000035/a202306088-kfilingex991.htm,0000721371-23-000035
https://www.sec.gov/Archives/edgar/data/721371/000119312523135011/d358353dex991.htm,0001193125-23-135011
https://www.sec.gov/Archives/edgar/data/721371/000072137123000005/a23q2_x123122xex991xnewsre.htm,0000721371-23-000005
https://www.sec.gov/Archives/edgar/data/721371/000072137122000181/cfopressrelease.htm,0000721371-22-000181
https://www.sec.gov/Archives/edgar/data/721371/000072137122000131/a23q1_x093022xex991xnewsre.htm,0000721371-22-000131
https://www.sec.gov/Archives/edgar/data/721371/000072137122000101/exhibit991-sept2022form8xk.htm,0000721371-22-000101
https://www.sec.gov/Archives/edgar/data/721371/000072137122000096/exhibit99-1pressrelease.htm,0000721371-22-000096
https://www.sec.gov/Archives/edgar/data/721371/000072137122000054/a22q4_x063022xex991xnewsre.htm,0000721371-22-000054
https://www.sec.gov/Archives/edgar/data/721371/000072137122000054/a22q4_x063022xex992xnewsre.htm,0000721371-22-000054
https://www.sec.gov/Archives/edgar/data/721371/000072137122000049/exhibit991-8xk.htm,0000721371-22-000049
https://www.sec.gov/Archives/edgar/data/721371/000072137122000049/exhibit992-8xk.htm,0000721371-22-000049
https://www.sec.gov/Archives/edgar/data/721371/000072137122000049/exhibit993-8xk.htm,0000721371-22-000049
https://www.sec.gov/Archives/edgar/data/721371/000072137122000030/a22q3_x033122xex991xnewsre.htm,0000721371-22-000030
https://www.sec.gov/Archives/edgar/data/721371/000072137122000021/a2022globalsettlementagree.htm,0000721371-22-000021
https://www.sec.gov/Archives/edgar/data/721371/000072137122000021/a2022globalsettlementagreea.htm,0000721371-22-000021
https://www.sec.gov/Archives/edgar/data/721371/000072137122000011/a22q2_x123121xex991xnewsre.htm,0000721371-22-000011
https://www.sec.gov/Archives/edgar/data/721371/000072137122000004/a2022jpmorganpressreleaseex.htm,0000721371-22-000004
https://www.sec.gov/Archives/edgar/data/721371/000072137121000114/a22q1_x093021xex991xnewsre.htm,0000721371-21-000114
https://www.sec.gov/Archives/edgar/data/721371/000072137121000059/a21q4_x063021xex991xnewsre.htm,0000721371-21-000059
https://www.sec.gov/Archives/edgar/data/721371/000119312521221339/d181659dex991.htm,0001193125-21-221339
https://www.sec.gov/Archives/edgar/data/721371/000119312521221339/d181659dex992.htm,0001193125-21-221339
https://www.sec.gov/Archives/edgar/data/721371/000072137121000038/a21q3_x033121xex991xnewsre.htm,0000721371-21-000038
https://www.sec.gov/Archives/edgar/data/721371/000072137121000031/exhibit991regbtrnotice.htm,0000721371-21-000031
https://www.sec.gov/Archives/edgar/data/721371/000072137121000021/a21q3_8kx031021xex-buyerx.htm,0000721371-21-000021
https://www.sec.gov/Archives/edgar/data/721371/000072137121000021/a21q3_x031021xex992xnewsre.htm,0000721371-21-000021
https://www.sec.gov/Archives/edgar/data/721371/000072137121000008/a21q2_x123120xex991xnewsre.htm,0000721371-21-000008
https://www.sec.gov/Archives/edgar/data/721371/000072137120000129/a21q193020ex991newsrel.htm,0000721371-20-000129
https://www.sec.gov/Archives/edgar/data/721371/000072137120000111/exhibit991edisonnewsre.htm,0000721371-20-000111
https://www.sec.gov/Archives/edgar/data/721371/000072137120000086/a20q48k063020exhibit99.htm,0000721371-20-000086
https://www.sec.gov/Archives/edgar/data/721371/000072137120000057/newsreleaseissuedjune2.htm,0000721371-20-000057
https://www.sec.gov/Archives/edgar/data/721371/000072137120000042/a20q38k33120exhibit991.htm,0000721371-20-000042
https://www.sec.gov/Archives/edgar/data/721371/000072137120000033/exhibit991cfonewsrelea.htm,0000721371-20-000033
https://www.sec.gov/Archives/edgar/data/721371/000072137120000019/a20q28k123119exhibit99.htm,0000721371-20-000019
https://www.sec.gov/Archives/edgar/data/721371/000072137120000015/a1-30x20208xkex991.htm,0000721371-20-000015
https://www.sec.gov/Archives/edgar/data/721371/000072137119000125/a20q1_8kx93019xexhibit991x.htm,0000721371-19-000125
https://www.sec.gov/Archives/edgar/data/721371/000072137119000061/a19q4_8kx63019xexhibit991x.htm,0000721371-19-000061
https://www.sec.gov/Archives/edgar/data/721371/000072137119000051/exhibit991news_release32.htm,0000721371-19-000051
https://www.sec.gov/Archives/edgar/data/721371/000072137119000028/a19q3_8kx33119xexhibit991x.htm,0000721371-19-000028
https://www.sec.gov/Archives/edgar/data/721371/000072137119000008/a19q2_8kx123118xexhibit991.htm,0000721371-19-000008
https://www.sec.gov/Archives/edgar/data/1402057/000140205723000168/cdw-2023930earningsrelease.htm,0001402057-23-000168
https://www.sec.gov/Archives/edgar/data/1402057/000140205723000168/cdw-2023930dividendrelease.htm,0001402057-23-000168
https://www.sec.gov/Archives/edgar/data/1402057/000140205723000130/cdw-2023630earningsrelease.htm,0001402057-23-000130
https://www.sec.gov/Archives/edgar/data/1402057/000140205723000130/cdw-2023630dividendrelease.htm,0001402057-23-000130
https://www.sec.gov/Archives/edgar/data/1402057/000140205723000126/cdw-73123exhibit991.htm,0001402057-23-000126
https://www.sec.gov/Archives/edgar/data/1402057/000140205723000089/cdw-2023331earningsrelease.htm,0001402057-23-000089
https://www.sec.gov/Archives/edgar/data/1402057/000140205723000089/cdw-2023331dividendrelease.htm,0001402057-23-000089
https://www.sec.gov/Archives/edgar/data/1402057/000140205723000083/cdw-2023331prexreleaseearn.htm,0001402057-23-000083
https://www.sec.gov/Archives/edgar/data/1402057/000140205723000006/cdw-20221231earningsrelease.htm,0001402057-23-000006
https://www.sec.gov/Archives/edgar/data/1402057/000140205723000006/cdw-20221231dividendreleas.htm,0001402057-23-000006
https://www.sec.gov/Archives/edgar/data/1402057/000119312523001991/d413175dex991.htm,0001193125-23-001991
https://www.sec.gov/Archives/edgar/data/1402057/000140205722000158/cdw-2022930earningsrelease.htm,0001402057-22-000158
https://www.sec.gov/Archives/edgar/data/1402057/000140205722000158/cdw-2022930dividendrelease.htm,0001402057-22-000158
https://www.sec.gov/Archives/edgar/data/1402057/000140205722000119/cdw-2022630earningsrelease.htm,0001402057-22-000119
https://www.sec.gov/Archives/edgar/data/1402057/000140205722000119/cdw-2022630dividendrelease.htm,0001402057-22-000119
https://www.sec.gov/Archives/edgar/data/1402057/000140205722000082/cdw-2022331earningsrelease.htm,0001402057-22-000082
https://www.sec.gov/Archives/edgar/data/1402057/000140205722000082/cdw-2022331dividendrelease.htm,0001402057-22-000082
https://www.sec.gov/Archives/edgar/data/1402057/000140205722000001/cdw-20211231earningsrelease.htm,0001402057-22-000001
https://www.sec.gov/Archives/edgar/data/1402057/000140205722000001/cdw-20211231dividendrelease.htm,0001402057-22-000001
https://www.sec.gov/Archives/edgar/data/1402057/000119312521346094/d260620dex991.htm,0001193125-21-346094
https://www.sec.gov/Archives/edgar/data/1402057/000119312521342250/d255471dex991.htm,0001193125-21-342250
https://www.sec.gov/Archives/edgar/data/1402057/000140205721000152/cdw-2021930earningsrelease.htm,0001402057-21-000152
https://www.sec.gov/Archives/edgar/data/1402057/000140205721000152/cdw-2021930dividendrelease.htm,0001402057-21-000152
https://www.sec.gov/Archives/edgar/data/1402057/000119312521300529/d118731dex991.htm,0001193125-21-300529
https://www.sec.gov/Archives/edgar/data/1402057/000119312521300529/d118731dex992.htm,0001193125-21-300529
https://www.sec.gov/Archives/edgar/data/1402057/000119312521241155/d137933dex991.htm,0001193125-21-241155
https://www.sec.gov/Archives/edgar/data/1402057/000140205721000108/cdw-2021630earningsrelease.htm,0001402057-21-000108
https://www.sec.gov/Archives/edgar/data/1402057/000140205721000108/cdw-2021630dividendrelease.htm,0001402057-21-000108
https://www.sec.gov/Archives/edgar/data/1402057/000119312521150764/d826655dex991.htm,0001193125-21-150764
https://www.sec.gov/Archives/edgar/data/1402057/000140205721000071/cdw-2021331earningsrelease.htm,0001402057-21-000071
https://www.sec.gov/Archives/edgar/data/1402057/000140205721000071/cdw-2021331dividendrelease.htm,0001402057-21-000071
https://www.sec.gov/Archives/edgar/data/1402057/000140205721000007/cdw-20201231earningsrelease.htm,0001402057-21-000007
https://www.sec.gov/Archives/edgar/data/1402057/000140205721000007/cdw-20201231dividendrelease.htm,0001402057-21-000007
https://www.sec.gov/Archives/edgar/data/1402057/000140205720000154/cdw-2020930earningsrel.htm,0001402057-20-000154
https://www.sec.gov/Archives/edgar/data/1402057/000140205720000154/cdw-2020930dividendrel.htm,0001402057-20-000154
https://www.sec.gov/Archives/edgar/data/1402057/000119312520219159/d82287dex991.htm,0001193125-20-219159
https://www.sec.gov/Archives/edgar/data/1402057/000140205720000123/cdw-2020630earningsrel.htm,0001402057-20-000123
https://www.sec.gov/Archives/edgar/data/1402057/000140205720000123/cdw-2020630dividendrel.htm,0001402057-20-000123
https://www.sec.gov/Archives/edgar/data/1402057/000140205720000091/cdw-2020331earningsrel.htm,0001402057-20-000091
https://www.sec.gov/Archives/edgar/data/1402057/000140205720000091/cdw-2020331dividendrel.htm,0001402057-20-000091
https://www.sec.gov/Archives/edgar/data/1402057/000119312520113611/d896371dex991.htm,0001193125-20-113611
https://www.sec.gov/Archives/edgar/data/1402057/000119312520108753/d911666dex991.htm,0001193125-20-108753
https://www.sec.gov/Archives/edgar/data/1402057/000140205720000008/cdw-20191231earningsre.htm,0001402057-20-000008
https://www.sec.gov/Archives/edgar/data/1402057/000140205720000008/cdw-20191231dividendre.htm,0001402057-20-000008
https://www.sec.gov/Archives/edgar/data/1402057/000119312519321925/d853800dex991.htm,0001193125-19-321925
https://www.sec.gov/Archives/edgar/data/1402057/000117184319007010/exh_991.htm,0001171843-19-007010
https://www.sec.gov/Archives/edgar/data/1402057/000117184319007010/exh_992.htm,0001171843-19-007010
https://www.sec.gov/Archives/edgar/data/1402057/000119312519248376/d804799dex991.htm,0001193125-19-248376
https://www.sec.gov/Archives/edgar/data/1402057/000117184319005010/exh_991.htm,0001171843-19-005010
https://www.sec.gov/Archives/edgar/data/1402057/000117184319005010/exh_992.htm,0001171843-19-005010
https://www.sec.gov/Archives/edgar/data/1402057/000117184319002793/exh_991.htm,0001171843-19-002793
https://www.sec.gov/Archives/edgar/data/1402057/000117184319002793/exh_992.htm,0001171843-19-002793
https://www.sec.gov/Archives/edgar/data/1402057/000117184319000786/exh_991.htm,0001171843-19-000786
https://www.sec.gov/Archives/edgar/data/1402057/000117184319000786/exh_992.htm,0001171843-19-000786
https://www.sec.gov/Archives/edgar/data/1140859/000114085923000147/exhibit991-q42023.htm,0001140859-23-000147
https://www.sec.gov/Archives/edgar/data/1140859/000110465923096698/tm2324358d1_ex99-1.htm,0001104659-23-096698
https://www.sec.gov/Archives/edgar/data/1140859/000114085923000125/exhibit991-wbltpressrelease.htm,0001140859-23-000125
https://www.sec.gov/Archives/edgar/data/1140859/000114085923000113/exhibit991-q32023.htm,0001140859-23-000113
https://www.sec.gov/Archives/edgar/data/1140859/000110465923069978/tm2318245d1_ex99-1.htm,0001104659-23-069978
https://www.sec.gov/Archives/edgar/data/1140859/000114085923000082/exhibit991-q22023.htm,0001140859-23-000082
https://www.sec.gov/Archives/edgar/data/1140859/000110465923047465/tm2313271d1_ex99-1.htm,0001104659-23-047465
https://www.sec.gov/Archives/edgar/data/1140859/000114085923000025/exhibit991-q12023.htm,0001140859-23-000025
https://www.sec.gov/Archives/edgar/data/1140859/000110465923005999/tm234123d1_ex99-1.htm,0001104659-23-005999
https://www.sec.gov/Archives/edgar/data/1140859/000110465923000085/tm2233673d1_ex99-1.htm,0001104659-23-000085
https://www.sec.gov/Archives/edgar/data/1140859/000114085922000095/ex991-abcelectsredondamill.htm,0001140859-22-000095
https://www.sec.gov/Archives/edgar/data/1140859/000114085922000071/ex991-revised10xkforregsta.htm,0001140859-22-000071
https://www.sec.gov/Archives/edgar/data/1140859/000114085922000064/exhibit991-q42022.htm,0001140859-22-000064
https://www.sec.gov/Archives/edgar/data/1140859/000114085922000054/exhibit991-kimpressrelease.htm,0001140859-22-000054
https://www.sec.gov/Archives/edgar/data/1140859/000110465922099264/tm2225544d1_ex99-1.htm,0001104659-22-099264
https://www.sec.gov/Archives/edgar/data/1140859/000114085922000039/exhibit991-q32022.htm,0001140859-22-000039
https://www.sec.gov/Archives/edgar/data/1140859/000114085922000019/abc-stipulationofdismissal.htm,0001140859-22-000019
https://www.sec.gov/Archives/edgar/data/1140859/000114085922000015/exhibit991-q22022.htm,0001140859-22-000015
https://www.sec.gov/Archives/edgar/data/1140859/000114085922000009/exhibit991-listofparticipa.htm,0001140859-22-000009
https://www.sec.gov/Archives/edgar/data/1140859/000114085922000009/exhibit992-jointpressrelea.htm,0001140859-22-000009
https://www.sec.gov/Archives/edgar/data/1140859/000114085922000004/exhibit991-q12022.htm,0001140859-22-000004
https://www.sec.gov/Archives/edgar/data/1140859/000114085921000056/exhibit991-restatedsegment.htm,0001140859-21-000056
https://www.sec.gov/Archives/edgar/data/1140859/000114085921000054/exhibit991-q42021.htm,0001140859-21-000054
https://www.sec.gov/Archives/edgar/data/1140859/000114085921000047/retirementpressrelease.htm,0001140859-21-000047
https://www.sec.gov/Archives/edgar/data/1140859/000114085921000042/exhibit991-q32021.htm,0001140859-21-000042
https://www.sec.gov/Archives/edgar/data/1140859/000114085921000033/exhibit991-settlementagree.htm,0001140859-21-000033
https://www.sec.gov/Archives/edgar/data/1140859/000114085921000033/exhibit992-distributorsett.htm,0001140859-21-000033
https://www.sec.gov/Archives/edgar/data/1140859/000114085921000033/exhibit993-nypressrelease.htm,0001140859-21-000033
https://www.sec.gov/Archives/edgar/data/1140859/000095015721000585/ex99-1.htm,0000950157-21-000585
https://www.sec.gov/Archives/edgar/data/1140859/000114085921000022/exhibit991-q22021.htm,0001140859-21-000022
https://www.sec.gov/Archives/edgar/data/1140859/000110465921045547/tm214933d4_ex99-1.htm,0001104659-21-045547
https://www.sec.gov/Archives/edgar/data/1140859/000110465921042433/tm2111048d1_ex99-1.htm,0001104659-21-042433
https://www.sec.gov/Archives/edgar/data/1140859/000110465921040294/tm219678d1_ex99-1.htm,0001104659-21-040294
https://www.sec.gov/Archives/edgar/data/1140859/000110465921040294/tm219678d1_ex99-2.htm,0001104659-21-040294
https://www.sec.gov/Archives/edgar/data/1140859/000110465921040294/tm219678d1_ex99-3.htm,0001104659-21-040294
https://www.sec.gov/Archives/edgar/data/1140859/000114085921000003/exhibit991-q12021.htm,0001140859-21-000003
https://www.sec.gov/Archives/edgar/data/1140859/000095015721000022/ex99-1.htm,0000950157-21-000022
https://www.sec.gov/Archives/edgar/data/1140859/000095015721000022/ex99-2.htm,0000950157-21-000022
https://www.sec.gov/Archives/edgar/data/1140859/000095015721000010/ex99-1.htm,0000950157-21-000010
https://www.sec.gov/Archives/edgar/data/1140859/000114085920000046/exhibit991-q42020.htm,0001140859-20-000046
https://www.sec.gov/Archives/edgar/data/1140859/000114085920000032/exhibit991-q32020.htm,0001140859-20-000032
https://www.sec.gov/Archives/edgar/data/1140859/000110465920063800/tm2020153d1_ex99-1.htm,0001104659-20-063800
https://www.sec.gov/Archives/edgar/data/1140859/000110465920060861/tm2011103d5_ex99-1.htm,0001104659-20-060861
https://www.sec.gov/Archives/edgar/data/1140859/000114085920000020/exhibit991-q22020.htm,0001140859-20-000020
https://www.sec.gov/Archives/edgar/data/1140859/000114085920000006/exhibit991-q12020.htm,0001140859-20-000006
https://www.sec.gov/Archives/edgar/data/1140859/000114085920000002/exhibit991-newsrelease.htm,0001140859-20-000002
https://www.sec.gov/Archives/edgar/data/1140859/000114085919000036/exhibit991-q42019.htm,0001140859-19-000036
https://www.sec.gov/Archives/edgar/data/1140859/000114085919000027/exhibit991-q32019.htm,0001140859-19-000027
https://www.sec.gov/Archives/edgar/data/1140859/000114085919000013/exhibit991-q22019.htm,0001140859-19-000013
https://www.sec.gov/Archives/edgar/data/1140859/000114085919000005/exhibit991-q12019.htm,0001140859-19-000005
https://www.sec.gov/Archives/edgar/data/1071739/000107173923000215/a20231212ex991pressrelease.htm,0001071739-23-000215
https://www.sec.gov/Archives/edgar/data/1071739/000107173923000213/a20231115exhibit991.htm,0001071739-23-000213
https://www.sec.gov/Archives/edgar/data/1071739/000107173923000211/a20231024ex991pressrelease.htm,0001071739-23-000211
https://www.sec.gov/Archives/edgar/data/1071739/000107173923000182/a20230728ex991pressrelease.htm,0001071739-23-000182
https://www.sec.gov/Archives/edgar/data/1071739/000107173923000114/a20230425ex991pressrelease.htm,0001071739-23-000114
https://www.sec.gov/Archives/edgar/data/1071739/000107173923000024/a20230207ex991pressrelease.htm,0001071739-23-000024
https://www.sec.gov/Archives/edgar/data/1071739/000107173922000388/a20221214exhibit991.htm,0001071739-22-000388
https://www.sec.gov/Archives/edgar/data/1071739/000107173922000370/a20221116exhibit991.htm,0001071739-22-000370
https://www.sec.gov/Archives/edgar/data/1071739/000107173922000362/a20221025ex991pressrelease.htm,0001071739-22-000362
https://www.sec.gov/Archives/edgar/data/1071739/000107173922000287/a20220726ex991pressrelease.htm,0001071739-22-000287
https://www.sec.gov/Archives/edgar/data/1071739/000107173922000178/a20220426ex991pressrelease.htm,0001071739-22-000178
https://www.sec.gov/Archives/edgar/data/1071739/000107173922000163/a20220415exhibit991.htm,0001071739-22-000163
https://www.sec.gov/Archives/edgar/data/1071739/000114036122010555/brhc10035561_ex99-1.htm,0001140361-22-010555
https://www.sec.gov/Archives/edgar/data/1071739/000107173922000077/a20220224ex991pressrelease.htm,0001071739-22-000077
https://www.sec.gov/Archives/edgar/data/1071739/000107173922000047/a20220208ex991pressrelease.htm,0001071739-22-000047
https://www.sec.gov/Archives/edgar/data/1071739/000107173922000017/a20220111exhibit991.htm,0001071739-22-000017
https://www.sec.gov/Archives/edgar/data/1071739/000114036122000513/ny20001858x4_ex99-1.htm,0001140361-22-000513
https://www.sec.gov/Archives/edgar/data/1071739/000114036121041462/brhc10031842_ex99-1.htm,0001140361-21-041462
https://www.sec.gov/Archives/edgar/data/1071739/000114036121041462/brhc10031842_ex99-2.htm,0001140361-21-041462
https://www.sec.gov/Archives/edgar/data/1071739/000107173921000247/a20211210ex991pressrelease.htm,0001071739-21-000247
https://www.sec.gov/Archives/edgar/data/1071739/000107173921000227/a20211026ex991pressrelease.htm,0001071739-21-000227
https://www.sec.gov/Archives/edgar/data/1071739/000107173921000217/a20211008exhibit991.htm,0001071739-21-000217
https://www.sec.gov/Archives/edgar/data/1071739/000107173921000193/a20210907exhibit991.htm,0001071739-21-000193
https://www.sec.gov/Archives/edgar/data/1071739/000114036121026236/ny20000117x3_ex99-1.htm,0001140361-21-026236
https://www.sec.gov/Archives/edgar/data/1071739/000114036121026236/ny20000117x3_ex99-2.htm,0001140361-21-026236
https://www.sec.gov/Archives/edgar/data/1071739/000107173921000184/a20210727ex991pressrelease.htm,0001071739-21-000184
https://www.sec.gov/Archives/edgar/data/1071739/000107173921000179/a20210715exhibit991.htm,0001071739-21-000179
https://www.sec.gov/Archives/edgar/data/1071739/000114036121022342/nt10023682x4_ex99-1.htm,0001140361-21-022342
https://www.sec.gov/Archives/edgar/data/1071739/000114036121022342/nt10023682x4_ex99-2.htm,0001140361-21-022342
https://www.sec.gov/Archives/edgar/data/1071739/000107173921000148/a20210614exhibit991.htm,0001071739-21-000148
https://www.sec.gov/Archives/edgar/data/1071739/000107173921000135/a20210507exhibit991.htm,0001071739-21-000135
https://www.sec.gov/Archives/edgar/data/1071739/000107173921000093/a20210427ex991pressrelease.htm,0001071739-21-000093
https://www.sec.gov/Archives/edgar/data/1071739/000107173921000049/a20210311ex991pressrelease.htm,0001071739-21-000049
https://www.sec.gov/Archives/edgar/data/1071739/000114036121005316/nt10019947x6_ex99-1.htm,0001140361-21-005316
https://www.sec.gov/Archives/edgar/data/1071739/000114036121004392/nt10019947x3_ex99-1.htm,0001140361-21-004392
https://www.sec.gov/Archives/edgar/data/1071739/000114036121004020/nt10019947x2_ex99-1.htm,0001140361-21-004020
https://www.sec.gov/Archives/edgar/data/1071739/000114036121004020/nt10019947x2_ex99-2.htm,0001140361-21-004020
https://www.sec.gov/Archives/edgar/data/1071739/000114036121004020/nt10019947x2_ex99-3.htm,0001140361-21-004020
https://www.sec.gov/Archives/edgar/data/1071739/000107173921000023/a20210209ex991pressrelease.htm,0001071739-21-000023
https://www.sec.gov/Archives/edgar/data/1071739/000114036121000027/brhc10018579_ex99-1.htm,0001140361-21-000027
https://www.sec.gov/Archives/edgar/data/1071739/000114036121000027/brhc10018579_ex99-2.htm,0001140361-21-000027
https://www.sec.gov/Archives/edgar/data/1071739/000107173920000275/a20201218ex991pressrelease.htm,0001071739-20-000275
https://www.sec.gov/Archives/edgar/data/1071739/000107173920000228/a20201027exhibit991pre.htm,0001071739-20-000228
https://www.sec.gov/Archives/edgar/data/1071739/000114036120021449/nt10014913x2_ex99-1.htm,0001140361-20-021449
https://www.sec.gov/Archives/edgar/data/1071739/000114036120021449/nt10014913x2_ex99-2.htm,0001140361-20-021449
https://www.sec.gov/Archives/edgar/data/1071739/000107173920000191/exhibit991q22020.htm,0001071739-20-000191
https://www.sec.gov/Archives/edgar/data/1071739/000107173920000119/exhibit991q12020.htm,0001071739-20-000119
https://www.sec.gov/Archives/edgar/data/1071739/000114036120002399/nc10008370x2_ex99-1.htm,0001140361-20-002399
https://www.sec.gov/Archives/edgar/data/1071739/000114036120002336/nc10008370x1_ex99-1.htm,0001140361-20-002336
https://www.sec.gov/Archives/edgar/data/1071739/000107173920000033/exhibit991q42019.htm,0001071739-20-000033
https://www.sec.gov/Archives/edgar/data/1071739/000114036120001310/ex99_1.htm,0001140361-20-001310
https://www.sec.gov/Archives/edgar/data/1071739/000107173920000020/exhibit99120200121.htm,0001071739-20-000020
https://www.sec.gov/Archives/edgar/data/1071739/000107173920000016/exhibit99120200114.htm,0001071739-20-000016
https://www.sec.gov/Archives/edgar/data/1071739/000107173920000012/exhibit99102200108.htm,0001071739-20-000012
https://www.sec.gov/Archives/edgar/data/1071739/000107173919000192/exhibit99120191218.htm,0001071739-19-000192
https://www.sec.gov/Archives/edgar/data/1071739/000107173919000152/exhibit99120191202.htm,0001071739-19-000152
https://www.sec.gov/Archives/edgar/data/1071739/000107173919000147/exhibit99120191121.htm,0001071739-19-000147
https://www.sec.gov/Archives/edgar/data/1071739/000107173919000137/exhibit99120191115.htm,0001071739-19-000137
https://www.sec.gov/Archives/edgar/data/1071739/000107173919000137/exhibit99220191115.htm,0001071739-19-000137
https://www.sec.gov/Archives/edgar/data/1071739/000107173919000127/exhibit99120191101.htm,0001071739-19-000127
https://www.sec.gov/Archives/edgar/data/1071739/000107173919000127/exhibit99220191101.htm,0001071739-19-000127
https://www.sec.gov/Archives/edgar/data/1071739/000107173919000102/exhibit991q32019.htm,0001071739-19-000102
https://www.sec.gov/Archives/edgar/data/1071739/000107173919000081/exhibit991q22019.htm,0001071739-19-000081
https://www.sec.gov/Archives/edgar/data/1071739/000114036119008384/nc10001322x1_ex99-1.htm,0001140361-19-008384
https://www.sec.gov/Archives/edgar/data/1071739/000107173919000057/exhibit991q12019.htm,0001071739-19-000057
https://www.sec.gov/Archives/edgar/data/1071739/000119312519087588/d612092dex991.htm,0001193125-19-087588
https://www.sec.gov/Archives/edgar/data/1071739/000119312519087588/d612092dex992.htm,0001193125-19-087588
https://www.sec.gov/Archives/edgar/data/1071739/000107173919000021/exhibit99120190207.htm,0001071739-19-000021
https://www.sec.gov/Archives/edgar/data/1071739/000107173919000019/exhibit991q42018.htm,0001071739-19-000019
https://www.sec.gov/Archives/edgar/data/1100682/000115752323001678/a53773748ex99_1.htm,0001157523-23-001678
https://www.sec.gov/Archives/edgar/data/1100682/000115752323001294/a53513759ex99_1.htm,0001157523-23-001294
https://www.sec.gov/Archives/edgar/data/1100682/000115752323000819/a53397649ex99_1.htm,0001157523-23-000819
https://www.sec.gov/Archives/edgar/data/1100682/000115752323000326/a53335402_ex991.htm,0001157523-23-000326
https://www.sec.gov/Archives/edgar/data/1100682/000115752322001470/a52958171ex99_1.htm,0001157523-22-001470
https://www.sec.gov/Archives/edgar/data/1100682/000115752322000999/a52799763ex99_1.htm,0001157523-22-000999
https://www.sec.gov/Archives/edgar/data/1100682/000115752322000551/a52706413ex99_1.htm,0001157523-22-000551
https://www.sec.gov/Archives/edgar/data/1100682/000115752322000208/a52579962ex99_1.htm,0001157523-22-000208
https://www.sec.gov/Archives/edgar/data/1100682/000110068222000002/aex991xcrljpm2022present.htm,0001100682-22-000002
https://www.sec.gov/Archives/edgar/data/1100682/000095010321017730/dp161684_ex9901.htm,0000950103-21-017730
https://www.sec.gov/Archives/edgar/data/1100682/000115752321001314/a52520056ex99_1.htm,0001157523-21-001314
https://www.sec.gov/Archives/edgar/data/1100682/000115752321000990/a52470970ex99_1.htm,0001157523-21-000990
https://www.sec.gov/Archives/edgar/data/1100682/000095010321007423/dp151239_ex9901.htm,0000950103-21-007423
https://www.sec.gov/Archives/edgar/data/1100682/000115752321000575/a52422315ex99_1.htm,0001157523-21-000575
https://www.sec.gov/Archives/edgar/data/1100682/000095010321004764/dp148583_ex9901.htm,0000950103-21-004764
https://www.sec.gov/Archives/edgar/data/1100682/000095010321004449/dp148253_ex9901.htm,0000950103-21-004449
https://www.sec.gov/Archives/edgar/data/1100682/000095010321003699/dp147490_ex9901.htm,0000950103-21-003699
https://www.sec.gov/Archives/edgar/data/1100682/000095010321003699/dp147490_ex9902.htm,0000950103-21-003699
https://www.sec.gov/Archives/edgar/data/1100682/000095010321002397/dp146258_ex9901.htm,0000950103-21-002397
https://www.sec.gov/Archives/edgar/data/1100682/000115752321000195/a52380137ex99_1.htm,0001157523-21-000195
https://www.sec.gov/Archives/edgar/data/1100682/000115752320001375/a52316019ex99_1.htm,0001157523-20-001375
https://www.sec.gov/Archives/edgar/data/1100682/000115752320001126/a52261111ex99_1.htm,0001157523-20-001126
https://www.sec.gov/Archives/edgar/data/1100682/000115752320000692/a52216255ex99_1.htm,0001157523-20-000692
https://www.sec.gov/Archives/edgar/data/1100682/000115752320000178/a52171442ex99_1.htm,0001157523-20-000178
https://www.sec.gov/Archives/edgar/data/1100682/000115752319002196/a52123800ex99_1.htm,0001157523-19-002196
https://www.sec.gov/Archives/edgar/data/1100682/000110068219000026/exhibit991.htm,0001100682-19-000026
https://www.sec.gov/Archives/edgar/data/1100682/000110068219000023/exhibit991.htm,0001100682-19-000023
https://www.sec.gov/Archives/edgar/data/1100682/000110068219000023/exhibit992.htm,0001100682-19-000023
https://www.sec.gov/Archives/edgar/data/1100682/000115752319001633/a52021899ex99_1.htm,0001157523-19-001633
https://www.sec.gov/Archives/edgar/data/1100682/000115752319001112/a51980449ex99_1.htm,0001157523-19-001112
https://www.sec.gov/Archives/edgar/data/1100682/000156459019014899/crl-ex991_6.htm,0001564590-19-014899
https://www.sec.gov/Archives/edgar/data/1100682/000119312519042570/d707216dex991.htm,0001193125-19-042570
https://www.sec.gov/Archives/edgar/data/1100682/000115752319000322/a51939858ex99_1.htm,0001157523-19-000322
https://www.sec.gov/Archives/edgar/data/936395/000093639523000041/ex9912023q4earningspressre.htm,0000936395-23-000041
https://www.sec.gov/Archives/edgar/data/936395/000093639523000041/ex9922023q4earningsprese.htm,0000936395-23-000041
https://www.sec.gov/Archives/edgar/data/936395/000093639523000037/release_eltodxfinal1.htm,0000936395-23-000037
https://www.sec.gov/Archives/edgar/data/936395/000093639523000030/ex9912023q3earningspressre.htm,0000936395-23-000030
https://www.sec.gov/Archives/edgar/data/936395/000093639523000030/ex9922023q3earningsprese.htm,0000936395-23-000030
https://www.sec.gov/Archives/edgar/data/936395/000093639523000030/exhibit993pressreleasepuma.htm,0000936395-23-000030
https://www.sec.gov/Archives/edgar/data/936395/000093639523000024/ex9912023q2earningspressre.htm,0000936395-23-000024
https://www.sec.gov/Archives/edgar/data/936395/000093639523000024/a2023q2earningspresentat.htm,0000936395-23-000024
https://www.sec.gov/Archives/edgar/data/936395/000119312523093438/d475504dex991.htm,0001193125-23-093438
https://www.sec.gov/Archives/edgar/data/936395/000093639523000009/ex9912023q1earningspressre.htm,0000936395-23-000009
https://www.sec.gov/Archives/edgar/data/936395/000093639523000009/ex9922023q1earningsprese.htm,0000936395-23-000009
https://www.sec.gov/Archives/edgar/data/936395/000093639522000058/ex9912022q4earningspressre.htm,0000936395-22-000058
https://www.sec.gov/Archives/edgar/data/936395/000093639522000058/ex9922022q4earningsprese.htm,0000936395-22-000058
https://www.sec.gov/Archives/edgar/data/936395/000093639522000055/ex991pressreleasenov222022.htm,0000936395-22-000055
https://www.sec.gov/Archives/edgar/data/936395/000093639522000049/ex991-2022q3earningspressr.htm,0000936395-22-000049
https://www.sec.gov/Archives/edgar/data/936395/000093639522000049/ex992q322_earningsxprese.htm,0000936395-22-000049
https://www.sec.gov/Archives/edgar/data/936395/000093639522000042/ex991-2022q2earningspressr.htm,0000936395-22-000042
https://www.sec.gov/Archives/edgar/data/936395/000093639522000042/ex992q222_earningsxprese.htm,0000936395-22-000042
https://www.sec.gov/Archives/edgar/data/936395/000093639522000024/ex991-2022q1earningspressr.htm,0000936395-22-000024
https://www.sec.gov/Archives/edgar/data/936395/000093639522000024/q12022_earningspresentat.htm,0000936395-22-000024
https://www.sec.gov/Archives/edgar/data/936395/000093639522000016/ex991-20220215pressrelease.htm,0000936395-22-000016
https://www.sec.gov/Archives/edgar/data/936395/000093639522000006/ex9912022-01_offerpricingx.htm,0000936395-22-000006
https://www.sec.gov/Archives/edgar/data/936395/000093639522000004/a2022-01_offeringxv1.htm,0000936395-22-000004
https://www.sec.gov/Archives/edgar/data/936395/000119312521356718/d249941dex991.htm,0001193125-21-356718
https://www.sec.gov/Archives/edgar/data/936395/000093639521000048/ex991-2021q4earningspressr.htm,0000936395-21-000048
https://www.sec.gov/Archives/edgar/data/936395/000093639521000048/q42021_earningsxpresenta.htm,0000936395-21-000048
https://www.sec.gov/Archives/edgar/data/936395/000093639521000036/ex991-2021q3earningspressr.htm,0000936395-21-000036
https://www.sec.gov/Archives/edgar/data/936395/000093639521000036/q321_earningsxpresentati.htm,0000936395-21-000036
https://www.sec.gov/Archives/edgar/data/936395/000093639521000036/ex993-pressreleaseprojectv.htm,0000936395-21-000036
https://www.sec.gov/Archives/edgar/data/936395/000093639521000027/ex991-2021q2earningspressr.htm,0000936395-21-000027
https://www.sec.gov/Archives/edgar/data/936395/000093639521000027/q221_earningsxpresentati.htm,0000936395-21-000027
https://www.sec.gov/Archives/edgar/data/936395/000093639521000006/ex991-2021q1earningspressr.htm,0000936395-21-000006
https://www.sec.gov/Archives/edgar/data/936395/000093639521000006/q121_earningsxpresentati.htm,0000936395-21-000006
https://www.sec.gov/Archives/edgar/data/936395/000093639520000038/ex991-2020q4pressrelea.htm,0000936395-20-000038
https://www.sec.gov/Archives/edgar/data/936395/000093639520000038/q420_earningsxpresentati.htm,0000936395-20-000038
https://www.sec.gov/Archives/edgar/data/936395/000093639520000033/ex991-2020q3earningspr.htm,0000936395-20-000033
https://www.sec.gov/Archives/edgar/data/936395/000093639520000033/q320_earningsxpresentati.htm,0000936395-20-000033
https://www.sec.gov/Archives/edgar/data/936395/000093639520000030/a200701ahmedpressrelase.htm,0000936395-20-000030
https://www.sec.gov/Archives/edgar/data/936395/000093639520000025/ex991-2020q2earningspr.htm,0000936395-20-000025
https://www.sec.gov/Archives/edgar/data/936395/000093639520000025/ex992q220earningspresent.htm,0000936395-20-000025
https://www.sec.gov/Archives/edgar/data/936395/000093639520000006/ex991-2020q1earningspr.htm,0000936395-20-000006
https://www.sec.gov/Archives/edgar/data/936395/000093639520000006/ex992q120earningspresent.htm,0000936395-20-000006
https://www.sec.gov/Archives/edgar/data/936395/000093639519000051/ex991-2019q4pressrelea.htm,0000936395-19-000051
https://www.sec.gov/Archives/edgar/data/936395/000093639519000051/ex992q419earningspre.htm,0000936395-19-000051
https://www.sec.gov/Archives/edgar/data/936395/000093639519000045/ex991191003pressrelease.htm,0000936395-19-000045
https://www.sec.gov/Archives/edgar/data/936395/000093639519000036/ex991-2019q3earningspr.htm,0000936395-19-000036
https://www.sec.gov/Archives/edgar/data/936395/000093639519000036/ex992q319earningspresent.htm,0000936395-19-000036
https://www.sec.gov/Archives/edgar/data/936395/000093639519000033/ex991pressreleasekumar.htm,0000936395-19-000033
https://www.sec.gov/Archives/edgar/data/936395/000093639519000017/ex991-2019q2earningspressr.htm,0000936395-19-000017
https://www.sec.gov/Archives/edgar/data/936395/000093639519000017/ex992q2019earnpresent.htm,0000936395-19-000017
https://www.sec.gov/Archives/edgar/data/936395/000093639519000005/ex991-2019q1earningspressr.htm,0000936395-19-000005
https://www.sec.gov/Archives/edgar/data/936395/000093639519000005/ex992-earningspresentati.htm,0000936395-19-000005
https://www.sec.gov/Archives/edgar/data/1739940/000095015923000317/ex99-1.htm,0000950159-23-000317
https://www.sec.gov/Archives/edgar/data/1739940/000095015923000272/ex99-1.htm,0000950159-23-000272
https://www.sec.gov/Archives/edgar/data/1739940/000095015923000227/ex99-1.htm,0000950159-23-000227
https://www.sec.gov/Archives/edgar/data/1739940/000095015923000159/ex99-1.htm,0000950159-23-000159
https://www.sec.gov/Archives/edgar/data/1739940/000095015923000157/ex99-1.htm,0000950159-23-000157
https://www.sec.gov/Archives/edgar/data/1739940/000095015923000017/ex99-1.htm,0000950159-23-000017
https://www.sec.gov/Archives/edgar/data/1739940/000095015922000227/ex99-1.htm,0000950159-22-000227
https://www.sec.gov/Archives/edgar/data/1739940/000095015922000182/ex99-1.htm,0000950159-22-000182
https://www.sec.gov/Archives/edgar/data/1739940/000095015922000171/ex99-1.htm,0000950159-22-000171
https://www.sec.gov/Archives/edgar/data/1739940/000095015922000107/ex99-1.htm,0000950159-22-000107
https://www.sec.gov/Archives/edgar/data/1739940/000095015922000018/ex99-1.htm,0000950159-22-000018
https://www.sec.gov/Archives/edgar/data/1739940/000095015921000310/ex99-1.htm,0000950159-21-000310
https://www.sec.gov/Archives/edgar/data/1739940/000095015921000290/ex99-1.htm,0000950159-21-000290
https://www.sec.gov/Archives/edgar/data/1739940/000095015921000207/ex99-1.htm,0000950159-21-000207
https://www.sec.gov/Archives/edgar/data/1739940/000095015921000192/ex99-1.htm,0000950159-21-000192
https://www.sec.gov/Archives/edgar/data/1739940/000095015921000142/ex99-1.htm,0000950159-21-000142
https://www.sec.gov/Archives/edgar/data/1739940/000095015921000014/ex99-1.htm,0000950159-21-000014
https://www.sec.gov/Archives/edgar/data/1739940/000095015921000006/ex99-1.htm,0000950159-21-000006
https://www.sec.gov/Archives/edgar/data/1739940/000095015920000273/ex99-1.htm,0000950159-20-000273
https://www.sec.gov/Archives/edgar/data/1739940/000095015920000238/ex99-1.htm,0000950159-20-000238
https://www.sec.gov/Archives/edgar/data/1739940/000095015920000161/ex99-1.htm,0000950159-20-000161
https://www.sec.gov/Archives/edgar/data/1739940/000095015920000110/ex99-1.htm,0000950159-20-000110
https://www.sec.gov/Archives/edgar/data/1739940/000095015920000034/ex99-1.htm,0000950159-20-000034
https://www.sec.gov/Archives/edgar/data/1739940/000095015919000208/ex99-1.htm,0000950159-19-000208
https://www.sec.gov/Archives/edgar/data/1739940/000095015919000204/ex99-1.htm,0000950159-19-000204
https://www.sec.gov/Archives/edgar/data/1739940/000095015919000178/ex99.htm,0000950159-19-000178
https://www.sec.gov/Archives/edgar/data/1739940/000095015919000155/ex99-1.htm,0000950159-19-000155
https://www.sec.gov/Archives/edgar/data/1739940/000095015919000114/ex99-1.htm,0000950159-19-000114
https://www.sec.gov/Archives/edgar/data/1739940/000095015919000073/ex99_1.htm,0000950159-19-000073
https://www.sec.gov/Archives/edgar/data/1739940/000095015919000028/ex99-1.htm,0000950159-19-000028
https://www.sec.gov/Archives/edgar/data/858877/000119312523277891/d850595dex991.htm,0001193125-23-277891
https://www.sec.gov/Archives/edgar/data/858877/000119312523239165/d464532dex991.htm,0001193125-23-239165
https://www.sec.gov/Archives/edgar/data/858877/000119312523239165/d464532dex992.htm,0001193125-23-239165
https://www.sec.gov/Archives/edgar/data/858877/000119312523214316/d511414dex991.htm,0001193125-23-214316
https://www.sec.gov/Archives/edgar/data/858877/000119312523147021/d479322dex991.htm,0001193125-23-147021
https://www.sec.gov/Archives/edgar/data/858877/000119312523040212/d417697dex991.htm,0001193125-23-040212
https://www.sec.gov/Archives/edgar/data/858877/000119312522286782/d385857dex991.htm,0001193125-22-286782
https://www.sec.gov/Archives/edgar/data/858877/000119312522223250/d391322dex991.htm,0001193125-22-223250
https://www.sec.gov/Archives/edgar/data/858877/000119312522154039/d354715dex991.htm,0001193125-22-154039
https://www.sec.gov/Archives/edgar/data/858877/000119312522044372/d235176dex991.htm,0001193125-22-044372
https://www.sec.gov/Archives/edgar/data/858877/000119312521332467/d233827dex991.htm,0001193125-21-332467
https://www.sec.gov/Archives/edgar/data/858877/000119312521250360/d198426dex991.htm,0001193125-21-250360
https://www.sec.gov/Archives/edgar/data/858877/000119312521166614/d149159dex991.htm,0001193125-21-166614
https://www.sec.gov/Archives/edgar/data/858877/000119312521034339/d124648dex991.htm,0001193125-21-034339
https://www.sec.gov/Archives/edgar/data/858877/000119312520291658/d27843dex991.htm,0001193125-20-291658
https://www.sec.gov/Archives/edgar/data/858877/000119312520217658/d50157dex991.htm,0001193125-20-217658
https://www.sec.gov/Archives/edgar/data/858877/000119312520141598/d932273dex991.htm,0001193125-20-141598
https://www.sec.gov/Archives/edgar/data/858877/000119312520033208/d885601dex991.htm,0001193125-20-033208
https://www.sec.gov/Archives/edgar/data/858877/000119312519291002/d827567dex991.htm,0001193125-19-291002
https://www.sec.gov/Archives/edgar/data/858877/000119312519221195/d779819dex991.htm,0001193125-19-221195
https://www.sec.gov/Archives/edgar/data/858877/000119312519190942/d776281dex991.htm,0001193125-19-190942
https://www.sec.gov/Archives/edgar/data/858877/000119312519147994/d727489dex991.htm,0001193125-19-147994
https://www.sec.gov/Archives/edgar/data/858877/000119312519037964/d680163dex991.htm,0001193125-19-037964
https://www.sec.gov/Archives/edgar/data/1058290/000105829023000329/exhibit9919302023.htm,0001058290-23-000329
https://www.sec.gov/Archives/edgar/data/1058290/000105829023000329/exhibit9929302023.htm,0001058290-23-000329
https://www.sec.gov/Archives/edgar/data/1058290/000105829023000329/exhibit9939302023.htm,0001058290-23-000329
https://www.sec.gov/Archives/edgar/data/1058290/000105829023000255/exhibit9916302023.htm,0001058290-23-000255
https://www.sec.gov/Archives/edgar/data/1058290/000105829023000255/exhibit9926302023.htm,0001058290-23-000255
https://www.sec.gov/Archives/edgar/data/1058290/000105829023000255/exhibit9936302023.htm,0001058290-23-000255
https://www.sec.gov/Archives/edgar/data/1058290/000105829023000132/exhibit9913312023.htm,0001058290-23-000132
https://www.sec.gov/Archives/edgar/data/1058290/000105829023000132/exhibit9923312023.htm,0001058290-23-000132
https://www.sec.gov/Archives/edgar/data/1058290/000105829023000132/exhibit9933312023.htm,0001058290-23-000132
https://www.sec.gov/Archives/edgar/data/1058290/000105829023000019/exhibit99112312022.htm,0001058290-23-000019
https://www.sec.gov/Archives/edgar/data/1058290/000105829023000019/exhibit99212312022.htm,0001058290-23-000019
https://www.sec.gov/Archives/edgar/data/1058290/000105829023000019/exhibit99312312022.htm,0001058290-23-000019
https://www.sec.gov/Archives/edgar/data/1058290/000105829023000008/exhibit9911923.htm,0001058290-23-000008
https://www.sec.gov/Archives/edgar/data/1058290/000105829022000320/exhibit9919302022.htm,0001058290-22-000320
https://www.sec.gov/Archives/edgar/data/1058290/000105829022000320/exhibit9929302022.htm,0001058290-22-000320
https://www.sec.gov/Archives/edgar/data/1058290/000105829022000320/exhibit9939302022.htm,0001058290-22-000320
https://www.sec.gov/Archives/edgar/data/1058290/000105829022000238/exhibit9916302022.htm,0001058290-22-000238
https://www.sec.gov/Archives/edgar/data/1058290/000105829022000238/exhibit99263022.htm,0001058290-22-000238
https://www.sec.gov/Archives/edgar/data/1058290/000105829022000238/exhibit99363022.htm,0001058290-22-000238
https://www.sec.gov/Archives/edgar/data/1058290/000105829022000111/exhibit9913312022.htm,0001058290-22-000111
https://www.sec.gov/Archives/edgar/data/1058290/000105829022000111/exhibit99233122.htm,0001058290-22-000111
https://www.sec.gov/Archives/edgar/data/1058290/000105829022000111/exhibit99333122.htm,0001058290-22-000111
https://www.sec.gov/Archives/edgar/data/1058290/000105829022000015/exhibit99112312021.htm,0001058290-22-000015
https://www.sec.gov/Archives/edgar/data/1058290/000105829022000015/exhibit99212312021.htm,0001058290-22-000015
https://www.sec.gov/Archives/edgar/data/1058290/000105829022000015/exhibit99312312021.htm,0001058290-22-000015
https://www.sec.gov/Archives/edgar/data/1058290/000105829021000278/exhibit9919302021.htm,0001058290-21-000278
https://www.sec.gov/Archives/edgar/data/1058290/000105829021000278/exhibit9929302021.htm,0001058290-21-000278
https://www.sec.gov/Archives/edgar/data/1058290/000105829021000278/exhibit9939302021.htm,0001058290-21-000278
https://www.sec.gov/Archives/edgar/data/1058290/000105829021000211/exhibit9916302021.htm,0001058290-21-000211
https://www.sec.gov/Archives/edgar/data/1058290/000105829021000211/exhibit9926302021.htm,0001058290-21-000211
https://www.sec.gov/Archives/edgar/data/1058290/000105829021000211/exhibit9936302021.htm,0001058290-21-000211
https://www.sec.gov/Archives/edgar/data/1058290/000105829021000102/exhibit9913312021.htm,0001058290-21-000102
https://www.sec.gov/Archives/edgar/data/1058290/000105829021000102/exhibit9923312021.htm,0001058290-21-000102
https://www.sec.gov/Archives/edgar/data/1058290/000105829021000102/exhibit9933312021.htm,0001058290-21-000102
https://www.sec.gov/Archives/edgar/data/1058290/000105829021000022/exhibit99112312020.htm,0001058290-21-000022
https://www.sec.gov/Archives/edgar/data/1058290/000105829021000022/exhibit992123120.htm,0001058290-21-000022
https://www.sec.gov/Archives/edgar/data/1058290/000105829021000022/exhibit993123120.htm,0001058290-21-000022
https://www.sec.gov/Archives/edgar/data/1058290/000105829020000135/exhibit9919302020.htm,0001058290-20-000135
https://www.sec.gov/Archives/edgar/data/1058290/000105829020000135/exhibit99293020.htm,0001058290-20-000135
https://www.sec.gov/Archives/edgar/data/1058290/000105829020000135/exhibit99393020.htm,0001058290-20-000135
https://www.sec.gov/Archives/edgar/data/1058290/000105829020000047/exhibit9916302020.htm,0001058290-20-000047
https://www.sec.gov/Archives/edgar/data/1058290/000105829020000047/exhibit9926302020.htm,0001058290-20-000047
https://www.sec.gov/Archives/edgar/data/1058290/000105829020000029/exhibit9913312020.htm,0001058290-20-000029
https://www.sec.gov/Archives/edgar/data/1058290/000105829020000029/exhibit9923312020.htm,0001058290-20-000029
https://www.sec.gov/Archives/edgar/data/1058290/000105829020000020/exhibit991492020.htm,0001058290-20-000020
https://www.sec.gov/Archives/edgar/data/1058290/000105829020000004/exhibit99112312019.htm,0001058290-20-000004
https://www.sec.gov/Archives/edgar/data/1058290/000105829020000004/exhibit99212312019.htm,0001058290-20-000004
https://www.sec.gov/Archives/edgar/data/1058290/000105829019000034/exhibit9919302019.htm,0001058290-19-000034
https://www.sec.gov/Archives/edgar/data/1058290/000105829019000034/exhibit9929302019.htm,0001058290-19-000034
https://www.sec.gov/Archives/edgar/data/1058290/000105829019000024/exhibit9916302019.htm,0001058290-19-000024
https://www.sec.gov/Archives/edgar/data/1058290/000105829019000024/exhibit9926302019.htm,0001058290-19-000024
https://www.sec.gov/Archives/edgar/data/1058290/000105829019000014/exhibit9913312019.htm,0001058290-19-000014
https://www.sec.gov/Archives/edgar/data/1058290/000105829019000006/exhibit991123118.htm,0001058290-19-000006
https://www.sec.gov/Archives/edgar/data/1058290/000105829019000006/exhibit992123118.htm,0001058290-19-000006
https://www.sec.gov/Archives/edgar/data/820318/000119312523294380/d30432dex991.htm,0001193125-23-294380
https://www.sec.gov/Archives/edgar/data/820318/000119312523288416/d613403dex991.htm,0001193125-23-288416
https://www.sec.gov/Archives/edgar/data/820318/000119312523271381/d479671dex991.htm,0001193125-23-271381
https://www.sec.gov/Archives/edgar/data/820318/000119312523271381/d479671dex992.htm,0001193125-23-271381
https://www.sec.gov/Archives/edgar/data/820318/000119312523271381/d479671dex993.htm,0001193125-23-271381
https://www.sec.gov/Archives/edgar/data/820318/000119312523253029/d561787dex991.htm,0001193125-23-253029
https://www.sec.gov/Archives/edgar/data/820318/000119312523237086/d527715dex991.htm,0001193125-23-237086
https://www.sec.gov/Archives/edgar/data/820318/000119312523213587/d515308dex991.htm,0001193125-23-213587
https://www.sec.gov/Archives/edgar/data/820318/000119312523213587/d515308dex992.htm,0001193125-23-213587
https://www.sec.gov/Archives/edgar/data/820318/000119312523213587/d515308dex993.htm,0001193125-23-213587
https://www.sec.gov/Archives/edgar/data/820318/000119312523155919/d610462dex991.htm,0001193125-23-155919
https://www.sec.gov/Archives/edgar/data/820318/000119312523139932/d426278dex991.htm,0001193125-23-139932
https://www.sec.gov/Archives/edgar/data/820318/000119312523045851/d399250dex991.htm,0001193125-23-045851
https://www.sec.gov/Archives/edgar/data/820318/000119312523027572/d342820dex991.htm,0001193125-23-027572
https://www.sec.gov/Archives/edgar/data/820318/000119312523027571/d444935dex991.htm,0001193125-23-027571
https://www.sec.gov/Archives/edgar/data/820318/000119312522280764/d380306dex991.htm,0001193125-22-280764
https://www.sec.gov/Archives/edgar/data/820318/000119312522280764/d380306dex992.htm,0001193125-22-280764
https://www.sec.gov/Archives/edgar/data/820318/000119312522241521/d402890dex991.htm,0001193125-22-241521
https://www.sec.gov/Archives/edgar/data/820318/000119312522241521/d402890dex992.htm,0001193125-22-241521
https://www.sec.gov/Archives/edgar/data/820318/000119312522240836/d347635dex991.htm,0001193125-22-240836
https://www.sec.gov/Archives/edgar/data/820318/000119312522228112/d397361dex991.htm,0001193125-22-228112
https://www.sec.gov/Archives/edgar/data/820318/000119312522228112/d397361dex992.htm,0001193125-22-228112
https://www.sec.gov/Archives/edgar/data/820318/000119312522227538/d218421dex991.htm,0001193125-22-227538
https://www.sec.gov/Archives/edgar/data/820318/000119312522186770/d307343dex991.htm,0001193125-22-186770
https://www.sec.gov/Archives/edgar/data/820318/000119312522183458/d338403dex991.htm,0001193125-22-183458
https://www.sec.gov/Archives/edgar/data/820318/000119312522145674/d298236dex991.htm,0001193125-22-145674
https://www.sec.gov/Archives/edgar/data/820318/000119312522145674/d298236dex992.htm,0001193125-22-145674
https://www.sec.gov/Archives/edgar/data/820318/000119312522137818/d228839dex991.htm,0001193125-22-137818
https://www.sec.gov/Archives/edgar/data/820318/000119312522083438/d334919dex991.htm,0001193125-22-083438
https://www.sec.gov/Archives/edgar/data/820318/000119312522031889/d250294dex991.htm,0001193125-22-031889
https://www.sec.gov/Archives/edgar/data/820318/000119312522031889/d250294dex992.htm,0001193125-22-031889
https://www.sec.gov/Archives/edgar/data/820318/000119312521353969/d243415dex991.htm,0001193125-21-353969
https://www.sec.gov/Archives/edgar/data/820318/000119312521346011/d230792dex991.htm,0001193125-21-346011
https://www.sec.gov/Archives/edgar/data/820318/000119312521346011/d230792dex992.htm,0001193125-21-346011
https://www.sec.gov/Archives/edgar/data/820318/000119312521342944/d236848dex991.htm,0001193125-21-342944
https://www.sec.gov/Archives/edgar/data/820318/000119312521323826/d244671dex991.htm,0001193125-21-323826
https://www.sec.gov/Archives/edgar/data/820318/000119312521323826/d244671dex992.htm,0001193125-21-323826
https://www.sec.gov/Archives/edgar/data/820318/000119312521268894/d193309dex991.htm,0001193125-21-268894
https://www.sec.gov/Archives/edgar/data/820318/000119312521246796/d208804dex991.htm,0001193125-21-246796
https://www.sec.gov/Archives/edgar/data/820318/000119312521241180/d103542dex991.htm,0001193125-21-241180
https://www.sec.gov/Archives/edgar/data/820318/000119312521241180/d103542dex992.htm,0001193125-21-241180
https://www.sec.gov/Archives/edgar/data/820318/000119312521237904/d205223dex991.htm,0001193125-21-237904
https://www.sec.gov/Archives/edgar/data/820318/000119312521198741/d136843dex991.htm,0001193125-21-198741
https://www.sec.gov/Archives/edgar/data/820318/000119312521186742/d76571dex991.htm,0001193125-21-186742
https://www.sec.gov/Archives/edgar/data/820318/000119312521167254/d186566dex991.htm,0001193125-21-167254
https://www.sec.gov/Archives/edgar/data/820318/000119312521160858/d539218dex991.htm,0001193125-21-160858
https://www.sec.gov/Archives/edgar/data/820318/000119312521159354/d548742dex991.htm,0001193125-21-159354
https://www.sec.gov/Archives/edgar/data/820318/000119312521152524/d247763dex991.htm,0001193125-21-152524
https://www.sec.gov/Archives/edgar/data/820318/000119312521152512/d383883dex991.htm,0001193125-21-152512
https://www.sec.gov/Archives/edgar/data/820318/000119312521095186/d130942dex991.htm,0001193125-21-095186
https://www.sec.gov/Archives/edgar/data/820318/000119312521085483/d153030dex991.htm,0001193125-21-085483
https://www.sec.gov/Archives/edgar/data/820318/000119312521082234/d120694dex991.htm,0001193125-21-082234
https://www.sec.gov/Archives/edgar/data/820318/000119312521082234/d120694dex992.htm,0001193125-21-082234
https://www.sec.gov/Archives/edgar/data/820318/000119312521079572/d144802dex991.htm,0001193125-21-079572
https://www.sec.gov/Archives/edgar/data/820318/000119312521073334/d133047dex991.htm,0001193125-21-073334
https://www.sec.gov/Archives/edgar/data/820318/000119312521040190/d83109dex991.htm,0001193125-21-040190
https://www.sec.gov/Archives/edgar/data/820318/000117184321000848/exh_991.htm,0001171843-21-000848
https://www.sec.gov/Archives/edgar/data/820318/000117184321000848/exh_992.htm,0001171843-21-000848
https://www.sec.gov/Archives/edgar/data/820318/000117184320007625/exh_991.htm,0001171843-20-007625
https://www.sec.gov/Archives/edgar/data/820318/000117184320007625/exh_992.htm,0001171843-20-007625
https://www.sec.gov/Archives/edgar/data/820318/000117184320006858/exh_991.htm,0001171843-20-006858
https://www.sec.gov/Archives/edgar/data/820318/000119312520247285/d92472dex991.htm,0001193125-20-247285
https://www.sec.gov/Archives/edgar/data/820318/000119312520231336/d895523dex991.htm,0001193125-20-231336
https://www.sec.gov/Archives/edgar/data/820318/000117184320005892/exh_991.htm,0001171843-20-005892
https://www.sec.gov/Archives/edgar/data/820318/000117184320005892/exh_992.htm,0001171843-20-005892
https://www.sec.gov/Archives/edgar/data/820318/000119312520188771/d936973dex991.htm,0001193125-20-188771
https://www.sec.gov/Archives/edgar/data/820318/000119312520183371/d78395dex991.htm,0001193125-20-183371
https://www.sec.gov/Archives/edgar/data/820318/000119312520183371/d78395dex992.htm,0001193125-20-183371
https://www.sec.gov/Archives/edgar/data/820318/000119312520182949/d53753dex991.htm,0001193125-20-182949
https://www.sec.gov/Archives/edgar/data/820318/000119312520182949/d53753dex992.htm,0001193125-20-182949
https://www.sec.gov/Archives/edgar/data/820318/000119312520182942/d942419dex991.htm,0001193125-20-182942
https://www.sec.gov/Archives/edgar/data/820318/000119312520182936/d931566dex991.htm,0001193125-20-182936
https://www.sec.gov/Archives/edgar/data/820318/000119312520155799/d938285dex991.htm,0001193125-20-155799
https://www.sec.gov/Archives/edgar/data/820318/000119312520145328/d930712dex991.htm,0001193125-20-145328
https://www.sec.gov/Archives/edgar/data/820318/000117184320003585/exh_991.htm,0001171843-20-003585
https://www.sec.gov/Archives/edgar/data/820318/000117184320003585/exh_992.htm,0001171843-20-003585
https://www.sec.gov/Archives/edgar/data/820318/000117184320000834/exh_991.htm,0001171843-20-000834
https://www.sec.gov/Archives/edgar/data/820318/000117184320000834/exh_992.htm,0001171843-20-000834
https://www.sec.gov/Archives/edgar/data/820318/000119312519304778/d836388dex991.htm,0001193125-19-304778
https://www.sec.gov/Archives/edgar/data/820318/000119312519289368/d833112dex991.htm,0001193125-19-289368
https://www.sec.gov/Archives/edgar/data/820318/000117184319007425/exh_991.htm,0001171843-19-007425
https://www.sec.gov/Archives/edgar/data/820318/000119312519253627/d806984dex991.htm,0001193125-19-253627
https://www.sec.gov/Archives/edgar/data/820318/000119312519253049/d808405dex991.htm,0001193125-19-253049
https://www.sec.gov/Archives/edgar/data/820318/000119312519250134/d796902dex991.htm,0001193125-19-250134
https://www.sec.gov/Archives/edgar/data/820318/000119312519248114/d735094dex991.htm,0001193125-19-248114
https://www.sec.gov/Archives/edgar/data/820318/000119312519222521/d792454dex991.htm,0001193125-19-222521
https://www.sec.gov/Archives/edgar/data/820318/000119312519219508/d780813dex991.htm,0001193125-19-219508
https://www.sec.gov/Archives/edgar/data/820318/000117184319005433/exh_991.htm,0001171843-19-005433
https://www.sec.gov/Archives/edgar/data/820318/000119312519209907/d785268dex991.htm,0001193125-19-209907
https://www.sec.gov/Archives/edgar/data/820318/000119312519202673/d778671dex991.htm,0001193125-19-202673
https://www.sec.gov/Archives/edgar/data/820318/000119312519191239/d768377dex991.htm,0001193125-19-191239
https://www.sec.gov/Archives/edgar/data/820318/000119312519153259/d751962dex991.htm,0001193125-19-153259
https://www.sec.gov/Archives/edgar/data/820318/000119312519152064/d744153dex991.htm,0001193125-19-152064
https://www.sec.gov/Archives/edgar/data/820318/000119312519130884/d739855dex991.htm,0001193125-19-130884
https://www.sec.gov/Archives/edgar/data/820318/000117184319002791/exh_991.htm,0001171843-19-002791
https://www.sec.gov/Archives/edgar/data/820318/000119312519086709/d726560dex991.htm,0001193125-19-086709
https://www.sec.gov/Archives/edgar/data/820318/000119312519071038/d719157dex991.htm,0001193125-19-071038
https://www.sec.gov/Archives/edgar/data/820318/000119312519064743/d715892dex991.htm,0001193125-19-064743
https://www.sec.gov/Archives/edgar/data/820318/000119312519025503/d671046dex991.htm,0001193125-19-025503
https://www.sec.gov/Archives/edgar/data/820318/000117184319000624/exh_991.htm,0001171843-19-000624
https://www.sec.gov/Archives/edgar/data/711404/000071140423000068/cooperq42023pressrelease.htm,0000711404-23-000068
https://www.sec.gov/Archives/edgar/data/711404/000071140423000056/pr-coopercompaniesappoints.htm,0000711404-23-000056
https://www.sec.gov/Archives/edgar/data/711404/000071140423000047/pr-coopercompaniestransfer.htm,0000711404-23-000047
https://www.sec.gov/Archives/edgar/data/711404/000071140423000040/cooperq32023pressrelease.htm,0000711404-23-000040
https://www.sec.gov/Archives/edgar/data/711404/000071140423000029/cooperq22023pressrelease.htm,0000711404-23-000029
https://www.sec.gov/Archives/edgar/data/711404/000071140423000008/cooperq12023pressrelease.htm,0000711404-23-000008
https://www.sec.gov/Archives/edgar/data/711404/000071140422000046/cooperq42022pressrelease.htm,0000711404-22-000046
https://www.sec.gov/Archives/edgar/data/711404/000119312522257592/d308938dex991.htm,0001193125-22-257592
https://www.sec.gov/Archives/edgar/data/711404/000071140422000038/cooperq32022pressrelease.htm,0000711404-22-000038
https://www.sec.gov/Archives/edgar/data/711404/000071140422000023/cooperq22022pressrelease.htm,0000711404-22-000023
https://www.sec.gov/Archives/edgar/data/711404/000071140422000010/cooperq12022pressrelease.htm,0000711404-22-000010
https://www.sec.gov/Archives/edgar/data/711404/000119312522029799/d310069dex991.htm,0001193125-22-029799
https://www.sec.gov/Archives/edgar/data/711404/000119312522029799/d310069dex992.htm,0001193125-22-029799
https://www.sec.gov/Archives/edgar/data/711404/000119312521361145/d272863dex991.htm,0001193125-21-361145
https://www.sec.gov/Archives/edgar/data/711404/000071140421000030/cooperq42021pressrelease.htm,0000711404-21-000030
https://www.sec.gov/Archives/edgar/data/711404/000119312521326207/d204711dex991.htm,0001193125-21-326207
https://www.sec.gov/Archives/edgar/data/711404/000119312521326207/d204711dex992.htm,0001193125-21-326207
https://www.sec.gov/Archives/edgar/data/711404/000071140421000021/cooperq32021pressrelease.htm,0000711404-21-000021
https://www.sec.gov/Archives/edgar/data/711404/000071140421000014/cooperq22021pressrelease.htm,0000711404-21-000014
https://www.sec.gov/Archives/edgar/data/711404/000119312521159178/d101696dex991.htm,0001193125-21-159178
https://www.sec.gov/Archives/edgar/data/711404/000071140421000006/cooperq12021pressrelease.htm,0000711404-21-000006
https://www.sec.gov/Archives/edgar/data/711404/000119312520314930/d49425dex991.htm,0001193125-20-314930
https://www.sec.gov/Archives/edgar/data/711404/000071140420000037/cooperq42020pressrelea.htm,0000711404-20-000037
https://www.sec.gov/Archives/edgar/data/711404/000119312520291748/d934234dex991.htm,0001193125-20-291748
https://www.sec.gov/Archives/edgar/data/711404/000071140420000026/cooperq32020pressrelea.htm,0000711404-20-000026
https://www.sec.gov/Archives/edgar/data/711404/000119312520187858/d939147dex991.htm,0001193125-20-187858
https://www.sec.gov/Archives/edgar/data/711404/000071140420000016/cooperq22020pressrelea.htm,0000711404-20-000016
https://www.sec.gov/Archives/edgar/data/711404/000156459020014844/coo-ex991_6.htm,0001564590-20-014844
https://www.sec.gov/Archives/edgar/data/711404/000071140420000006/cooperq12020pressrelea.htm,0000711404-20-000006
https://www.sec.gov/Archives/edgar/data/711404/000071140419000045/cooperq42019pressrelea.htm,0000711404-19-000045
https://www.sec.gov/Archives/edgar/data/711404/000071140419000034/cooperq32019pressrelease.htm,0000711404-19-000034
https://www.sec.gov/Archives/edgar/data/711404/000071140419000022/cooperq22019pressrelease.htm,0000711404-19-000022
https://www.sec.gov/Archives/edgar/data/711404/000071140419000008/cooperq12019pressrelease.htm,0000711404-19-000008
https://www.sec.gov/Archives/edgar/data/24741/000143774923028803/ex_555824.htm,0001437749-23-028803
https://www.sec.gov/Archives/edgar/data/24741/000143774923020585/ex_515130.htm,0001437749-23-020585
https://www.sec.gov/Archives/edgar/data/24741/000120677423000767/glw4212771-ex991.htm,0001206774-23-000767
https://www.sec.gov/Archives/edgar/data/24741/000143774923010959/ex_459690.htm,0001437749-23-010959
https://www.sec.gov/Archives/edgar/data/24741/000143774923002082/ex_426807.htm,0001437749-23-002082
https://www.sec.gov/Archives/edgar/data/24741/000143774922024657/ex_404491.htm,0001437749-22-024657
https://www.sec.gov/Archives/edgar/data/24741/000143774922017731/ex_372944.htm,0001437749-22-017731
https://www.sec.gov/Archives/edgar/data/24741/000143774922009689/ex_339452.htm,0001437749-22-009689
https://www.sec.gov/Archives/edgar/data/24741/000143774922001651/ex_280341.htm,0001437749-22-001651
https://www.sec.gov/Archives/edgar/data/24741/000120677421002838/corning3993251-ex991.htm,0001206774-21-002838
https://www.sec.gov/Archives/edgar/data/24741/000143774921024260/ex_268495.htm,0001437749-21-024260
https://www.sec.gov/Archives/edgar/data/24741/000143774921017620/ex_246199.htm,0001437749-21-017620
https://www.sec.gov/Archives/edgar/data/24741/000120677421001642/corning3926021-ex991.htm,0001206774-21-001642
https://www.sec.gov/Archives/edgar/data/24741/000143774921009849/ex_236930.htm,0001437749-21-009849
https://www.sec.gov/Archives/edgar/data/24741/000119312521105621/d146015dex991.htm,0001193125-21-105621
https://www.sec.gov/Archives/edgar/data/24741/000119312521027351/d32076dex991.htm,0001193125-21-027351
https://www.sec.gov/Archives/edgar/data/24741/000002474121000007/glw-20210127xex99.htm,0000024741-21-000007
https://www.sec.gov/Archives/edgar/data/24741/000002474120000061/glw-20201027xex99.htm,0000024741-20-000061
https://www.sec.gov/Archives/edgar/data/24741/000002474120000050/glw-20200728xex99.htm,0000024741-20-000050
https://www.sec.gov/Archives/edgar/data/24741/000002474120000022/glw-20200428xex99.htm,0000024741-20-000022
https://www.sec.gov/Archives/edgar/data/24741/000002474120000009/glw-20200129xex99.htm,0000024741-20-000009
https://www.sec.gov/Archives/edgar/data/24741/000002474119000057/glw-20191029xex99.htm,0000024741-19-000057
https://www.sec.gov/Archives/edgar/data/24741/000002474119000048/glw-20190730xex99.htm,0000024741-19-000048
https://www.sec.gov/Archives/edgar/data/24741/000002474119000020/glw-20190430xex99.htm,0000024741-19-000020
https://www.sec.gov/Archives/edgar/data/24741/000002474119000010/glw-20190129xex99.htm,0000024741-19-000010
https://www.sec.gov/Archives/edgar/data/1535527/000153552723000024/crwd-20231128xex991.htm,0001535527-23-000024
https://www.sec.gov/Archives/edgar/data/1535527/000153552723000018/crwd-20230830xex991.htm,0001535527-23-000018
https://www.sec.gov/Archives/edgar/data/1535527/000153552723000012/crwd-20230531xex991.htm,0001535527-23-000012
https://www.sec.gov/Archives/edgar/data/1535527/000153552723000006/crwd-20230307xex991.htm,0001535527-23-000006
https://www.sec.gov/Archives/edgar/data/1535527/000153552722000023/crwd-20221031xex991.htm,0001535527-22-000023
https://www.sec.gov/Archives/edgar/data/1535527/000153552722000016/crwd-20220731xex991.htm,0001535527-22-000016
https://www.sec.gov/Archives/edgar/data/1535527/000153552722000010/crwd-20220430xex991.htm,0001535527-22-000010
https://www.sec.gov/Archives/edgar/data/1535527/000153552722000004/crwd-20220309xex991.htm,0001535527-22-000004
https://www.sec.gov/Archives/edgar/data/1535527/000153552721000026/crwd-20211201xex991.htm,0001535527-21-000026
https://www.sec.gov/Archives/edgar/data/1535527/000153552721000017/crwd-20210831xex991.htm,0001535527-21-000017
https://www.sec.gov/Archives/edgar/data/1535527/000153552721000011/crwd-20210603xex991.htm,0001535527-21-000011
https://www.sec.gov/Archives/edgar/data/1535527/000153552721000005/crwd-20210316xex991.htm,0001535527-21-000005
https://www.sec.gov/Archives/edgar/data/1535527/000110465921035670/tm219494d1_ex99-1.htm,0001104659-21-035670
https://www.sec.gov/Archives/edgar/data/1535527/000153552720000023/crwd-20201202xex991.htm,0001535527-20-000023
https://www.sec.gov/Archives/edgar/data/1535527/000153552720000017/crwd-20200902xex991.htm,0001535527-20-000017
https://www.sec.gov/Archives/edgar/data/1535527/000153552720000010/crwd-20200602xex991.htm,0001535527-20-000010
https://www.sec.gov/Archives/edgar/data/1535527/000153552720000004/crwd-20200319xex991.htm,0001535527-20-000004
https://www.sec.gov/Archives/edgar/data/1535527/000153552719000007/crwd-20191205xex991.htm,0001535527-19-000007
https://www.sec.gov/Archives/edgar/data/1535527/000155837019008509/ex-99d1.htm,0001558370-19-008509
https://www.sec.gov/Archives/edgar/data/1535527/000155837019006148/ex-99d1.htm,0001558370-19-006148
https://www.sec.gov/Archives/edgar/data/64803/000006480323000049/cvs_ex99x1investorday.htm,0000064803-23-000049
https://www.sec.gov/Archives/edgar/data/64803/000006480323000046/cvs_ex99x1q3-23.htm,0000064803-23-000046
https://www.sec.gov/Archives/edgar/data/64803/000094787123000994/ss2584510_ex9901.htm,0000947871-23-000994
https://www.sec.gov/Archives/edgar/data/64803/000006480323000040/ex991starratingspressrelea.htm,0000064803-23-000040
https://www.sec.gov/Archives/edgar/data/64803/000094787123000898/ss2413675_ex9901.htm,0000947871-23-000898
https://www.sec.gov/Archives/edgar/data/64803/000006480323000032/cvs_ex99x1q2-23.htm,0000064803-23-000032
https://www.sec.gov/Archives/edgar/data/64803/000006480323000021/cvs-20230525_d2.htm iXBRL,0000064803-23-000021
https://www.sec.gov/Archives/edgar/data/64803/000006480323000015/cvs_ex99x1q1-23.htm,0000064803-23-000015
https://www.sec.gov/Archives/edgar/data/64803/000094787123000511/ss2023948_ex9901.htm,0000947871-23-000511
https://www.sec.gov/Archives/edgar/data/64803/000094787123000139/ss1747226_ex9901.htm,0000947871-23-000139
https://www.sec.gov/Archives/edgar/data/64803/000006480323000008/cvs_ex99x1q4-22.htm,0000064803-23-000008
https://www.sec.gov/Archives/edgar/data/64803/000094787123000133/ss1747225_ex9901.htm,0000947871-23-000133
https://www.sec.gov/Archives/edgar/data/64803/000094787123000133/ss1747225_ex9902.htm,0000947871-23-000133
https://www.sec.gov/Archives/edgar/data/64803/000094787123000080/ss1693564_ex9901.htm,0000947871-23-000080
https://www.sec.gov/Archives/edgar/data/64803/000006480322000037/cvs_ex99x1q3-22.htm,0000064803-22-000037
https://www.sec.gov/Archives/edgar/data/64803/000119312522238311/d344935dex991.htm,0001193125-22-238311
https://www.sec.gov/Archives/edgar/data/64803/000119312522238311/d344935dex992.htm,0001193125-22-238311
https://www.sec.gov/Archives/edgar/data/64803/000119312522238304/d351652dex991.htm,0001193125-22-238304
https://www.sec.gov/Archives/edgar/data/64803/000006480322000028/cvs_ex99x1q2-22.htm,0000064803-22-000028
https://www.sec.gov/Archives/edgar/data/64803/000006480322000015/cvs_ex99x1q1-22.htm,0000064803-22-000015
https://www.sec.gov/Archives/edgar/data/64803/000094787122000426/ss899640_ex9901.htm,0000947871-22-000426
https://www.sec.gov/Archives/edgar/data/64803/000094787122000347/ss850270_ex9901.htm,0000947871-22-000347
https://www.sec.gov/Archives/edgar/data/64803/000006480322000007/cvs_ex99x1q4-21.htm,0000064803-22-000007
https://www.sec.gov/Archives/edgar/data/64803/000006480321000036/cvs_ex99x1xinvestorday.htm,0000064803-21-000036
https://www.sec.gov/Archives/edgar/data/64803/000094787121001217/ss621297_ex9901.htm,0000947871-21-001217
https://www.sec.gov/Archives/edgar/data/64803/000006480321000033/cvs_ex99x1q3-21.htm,0000064803-21-000033
https://www.sec.gov/Archives/edgar/data/64803/000119312521254013/d187995dex991.htm,0001193125-21-254013
https://www.sec.gov/Archives/edgar/data/64803/000119312521254013/d187995dex992.htm,0001193125-21-254013
https://www.sec.gov/Archives/edgar/data/64803/000119312521239928/d193280dex991.htm,0001193125-21-239928
https://www.sec.gov/Archives/edgar/data/64803/000006480321000027/cvs_ex99x1q2-21.htm,0000064803-21-000027
https://www.sec.gov/Archives/edgar/data/64803/000094787121000575/ss278538_ex9901.htm,0000947871-21-000575
https://www.sec.gov/Archives/edgar/data/64803/000006480321000016/cvs_ex99x1q1-21.htm,0000064803-21-000016
https://www.sec.gov/Archives/edgar/data/64803/000006480321000010/cvs_ex99x1q4-20.htm,0000064803-21-000010
https://www.sec.gov/Archives/edgar/data/64803/000119312520323177/d30843dex991.htm,0001193125-20-323177
https://www.sec.gov/Archives/edgar/data/64803/000119312520323177/d30843dex992.htm,0001193125-20-323177
https://www.sec.gov/Archives/edgar/data/64803/000119312520311338/d282549dex991.htm,0001193125-20-311338
https://www.sec.gov/Archives/edgar/data/64803/000094787120000854/ss185054_ex9901.htm,0000947871-20-000854
https://www.sec.gov/Archives/edgar/data/64803/000006480320000040/cvs_ex99x1q3-20.htm,0000064803-20-000040
https://www.sec.gov/Archives/edgar/data/64803/000094787120000764/ss182410_ex9901.htm,0000947871-20-000764
https://www.sec.gov/Archives/edgar/data/64803/000119312520231317/d946237dex991.htm,0001193125-20-231317
https://www.sec.gov/Archives/edgar/data/64803/000119312520231317/d946237dex992.htm,0001193125-20-231317
https://www.sec.gov/Archives/edgar/data/64803/000119312520217104/d87775dex991.htm,0001193125-20-217104
https://www.sec.gov/Archives/edgar/data/64803/000006480320000029/cvsex991q2-20.htm,0000064803-20-000029
https://www.sec.gov/Archives/edgar/data/64803/000006480320000014/cvsex991q1-20.htm,0000064803-20-000014
https://www.sec.gov/Archives/edgar/data/64803/000006480320000004/cvsex991q4-19.htm,0000064803-20-000004
https://www.sec.gov/Archives/edgar/data/64803/000094787120000064/ss164834_ex9901.htm,0000947871-20-000064
https://www.sec.gov/Archives/edgar/data/64803/000006480319000047/cvsex991q3-19.htm,0000064803-19-000047
https://www.sec.gov/Archives/edgar/data/64803/000119312519226402/d13436dex991.htm,0001193125-19-226402
https://www.sec.gov/Archives/edgar/data/64803/000119312519226402/d13436dex992.htm,0001193125-19-226402
https://www.sec.gov/Archives/edgar/data/64803/000119312519224092/d794324dex991.htm,0001193125-19-224092
https://www.sec.gov/Archives/edgar/data/64803/000119312519222479/d791446dex991.htm,0001193125-19-222479
https://www.sec.gov/Archives/edgar/data/64803/000119312519221234/d774110dex991.htm,0001193125-19-221234
https://www.sec.gov/Archives/edgar/data/64803/000119312519216135/d787537dex991.htm,0001193125-19-216135
https://www.sec.gov/Archives/edgar/data/64803/000006480319000042/exhibit991-item1businessa01.htm,0000064803-19-000042
https://www.sec.gov/Archives/edgar/data/64803/000006480319000042/exhibit992-exhibit131.htm iXBRL,0000064803-19-000042
https://www.sec.gov/Archives/edgar/data/64803/000006480319000042/exhibit993-proforma.htm,0000064803-19-000042
https://www.sec.gov/Archives/edgar/data/64803/000006480319000036/cvs_ex99x1.htm,0000064803-19-000036
https://www.sec.gov/Archives/edgar/data/64803/000006480319000024/cvs_ex99x1.htm,0000064803-19-000024
https://www.sec.gov/Archives/edgar/data/64803/000006480319000018/cvs_ex99x1.htm,0000064803-19-000018
https://www.sec.gov/Archives/edgar/data/64803/000006480319000006/cvs_ex99x1.htm,0000064803-19-000006
https://www.sec.gov/Archives/edgar/data/313616/000031361623000258/dhr-20231023xex991.htm,0000313616-23-000258
https://www.sec.gov/Archives/edgar/data/313616/000031361623000252/exhibit991-informationstat.htm,0000313616-23-000252
https://www.sec.gov/Archives/edgar/data/313616/000031361623000252/exhibit992.htm,0000313616-23-000252
https://www.sec.gov/Archives/edgar/data/313616/000031361623000249/ex991danaher_btrxnotice.htm,0000313616-23-000249
https://www.sec.gov/Archives/edgar/data/313616/000031361623000218/dhr-20230725xex991.htm,0000313616-23-000218
https://www.sec.gov/Archives/edgar/data/313616/000031361623000129/dhr-20230425xex991.htm,0000313616-23-000129
https://www.sec.gov/Archives/edgar/data/313616/000031361623000006/dhr-20230124xex991.htm,0000313616-23-000006
https://www.sec.gov/Archives/edgar/data/313616/000031361623000002/dhr-20230109xex991.htm,0000313616-23-000002
https://www.sec.gov/Archives/edgar/data/313616/000031361623000002/selecteddanaherpresentat.htm,0000313616-23-000002
https://www.sec.gov/Archives/edgar/data/313616/000031361622000227/dhr-20221020xex991.htm,0000313616-22-000227
https://www.sec.gov/Archives/edgar/data/313616/000031361622000173/dhr-20220721xex991.htm,0000313616-22-000173
https://www.sec.gov/Archives/edgar/data/313616/000031361622000111/dhr-20220421xex991.htm,0000313616-22-000111
https://www.sec.gov/Archives/edgar/data/313616/000031361622000005/dhr-20220127xex991.htm,0000313616-22-000005
https://www.sec.gov/Archives/edgar/data/313616/000031361622000003/dhr-20220111xex991.htm,0000313616-22-000003
https://www.sec.gov/Archives/edgar/data/313616/000031361622000003/selecteddanaherpresentat.htm,0000313616-22-000003
https://www.sec.gov/Archives/edgar/data/313616/000031361621000114/dhr-20211021xex991.htm,0000313616-21-000114
https://www.sec.gov/Archives/edgar/data/313616/000031361621000102/dhr-2021722xex991.htm,0000313616-21-000102
https://www.sec.gov/Archives/edgar/data/313616/000031361621000061/dhr-2021422xex991.htm,0000313616-21-000061
https://www.sec.gov/Archives/edgar/data/313616/000031361621000057/dhr-2021413xex991.htm,0000313616-21-000057
https://www.sec.gov/Archives/edgar/data/313616/000031361621000006/dhr-2021128xex991.htm,0000313616-21-000006
https://www.sec.gov/Archives/edgar/data/313616/000031361621000004/jpmpresoslidesfinalv2.htm,0000313616-21-000004
https://www.sec.gov/Archives/edgar/data/313616/000031361621000004/dhr-202113xex991.htm,0000313616-21-000004
https://www.sec.gov/Archives/edgar/data/313616/000031361620000144/dhr-20201022xex991.htm,0000313616-20-000144
https://www.sec.gov/Archives/edgar/data/313616/000031361620000123/dhr-2020723xex991.htm,0000313616-20-000123
https://www.sec.gov/Archives/edgar/data/313616/000031361620000091/dhr-202056xex991.htm,0000313616-20-000091
https://www.sec.gov/Archives/edgar/data/313616/000031361620000089/dhr-202056x8kexx991.htm,0000313616-20-000089
https://www.sec.gov/Archives/edgar/data/313616/000031361620000081/dhr-2020413xex991.htm,0000313616-20-000081
https://www.sec.gov/Archives/edgar/data/313616/000031361620000079/ex-992auditedannualcom.htm,0000313616-20-000079
https://www.sec.gov/Archives/edgar/data/313616/000031361620000005/dhr-2020130xex991.htm,0000313616-20-000005
https://www.sec.gov/Archives/edgar/data/313616/000031361620000002/dhr-2020113xex991.htm,0000313616-20-000002
https://www.sec.gov/Archives/edgar/data/313616/000031361619000176/ex991-unauditedproform.htm,0000313616-19-000176
https://www.sec.gov/Archives/edgar/data/313616/000031361619000174/dhr-20191218xex991.htm,0000313616-19-000174
https://www.sec.gov/Archives/edgar/data/313616/000031361619000170/dhr-2019122xexx991.htm,0000313616-19-000170
https://www.sec.gov/Archives/edgar/data/313616/000031361619000150/dhr-20191024xex991.htm,0000313616-19-000150
https://www.sec.gov/Archives/edgar/data/313616/000031361619000146/nvst-8kxex991.htm,0000313616-19-000146
https://www.sec.gov/Archives/edgar/data/313616/000031361619000129/dhr-2019718xex991.htm,0000313616-19-000129
https://www.sec.gov/Archives/edgar/data/313616/000031361619000070/dhr-2019418xex991.htm,0000313616-19-000070
https://www.sec.gov/Archives/edgar/data/313616/000119312519049954/d702051dex991.htm,0001193125-19-049954
https://www.sec.gov/Archives/edgar/data/313616/000031361619000006/dhr-2019129xex991.htm,0000313616-19-000006
https://www.sec.gov/Archives/edgar/data/313616/000031361619000004/exhibit991.htm,0000313616-19-000004
https://www.sec.gov/Archives/edgar/data/1561550/000156155023000053/ex-991x20230930x8k.htm,0001561550-23-000053
https://www.sec.gov/Archives/edgar/data/1561550/000156155023000035/ex-991x20230630x8k.htm,0001561550-23-000035
https://www.sec.gov/Archives/edgar/data/1561550/000156155023000020/ex-991x20230331x8k.htm,0001561550-23-000020
https://www.sec.gov/Archives/edgar/data/1561550/000156155023000003/ex-991x20221231x8k.htm,0001561550-23-000003
https://www.sec.gov/Archives/edgar/data/1561550/000156155022000043/ex-991x20220930x8k.htm,0001561550-22-000043
https://www.sec.gov/Archives/edgar/data/1561550/000156155022000033/ex-991x20220630x8k.htm,0001561550-22-000033
https://www.sec.gov/Archives/edgar/data/1561550/000156155022000023/ex-991x20220331x8k.htm,0001561550-22-000023
https://www.sec.gov/Archives/edgar/data/1561550/000156155022000004/ex-991x20211231x8k.htm,0001561550-22-000004
https://www.sec.gov/Archives/edgar/data/1561550/000156155021000024/ex-991x20210930x8k.htm,0001561550-21-000024
https://www.sec.gov/Archives/edgar/data/1561550/000156155021000015/ex-991x20210630x8k.htm,0001561550-21-000015
https://www.sec.gov/Archives/edgar/data/1561550/000156155021000004/ex-991x20210331x8k.htm,0001561550-21-000004
https://www.sec.gov/Archives/edgar/data/1561550/000156459021005553/ddog-ex991_6.htm,0001564590-21-005553
https://www.sec.gov/Archives/edgar/data/1561550/000156459020052986/ddog-ex991_6.htm,0001564590-20-052986
https://www.sec.gov/Archives/edgar/data/1561550/000156459020037808/ddog-ex991_6.htm,0001564590-20-037808
https://www.sec.gov/Archives/edgar/data/1561550/000156459020024231/ddog-ex991_6.htm,0001564590-20-024231
https://www.sec.gov/Archives/edgar/data/1561550/000156459020004607/ddog-ex991_6.htm,0001564590-20-004607
https://www.sec.gov/Archives/edgar/data/1561550/000156459019042935/ddog-ex991_6.htm,0001564590-19-042935
https://www.sec.gov/Archives/edgar/data/927066/000092706623000207/dva-93023ex991.htm,0000927066-23-000207
https://www.sec.gov/Archives/edgar/data/927066/000092706623000175/dva-63023ex991.htm,0000927066-23-000175
https://www.sec.gov/Archives/edgar/data/927066/000092706623000102/dva-33123ex991.htm,0000927066-23-000102
https://www.sec.gov/Archives/edgar/data/927066/000092706623000009/dva-123122ex991.htm,0000927066-23-000009
https://www.sec.gov/Archives/edgar/data/927066/000092706622000164/dva-93022ex991.htm,0000927066-22-000164
https://www.sec.gov/Archives/edgar/data/927066/000092706622000131/dva-63022ex991.htm,0000927066-22-000131
https://www.sec.gov/Archives/edgar/data/927066/000092706622000075/dva-33122ex991.htm,0000927066-22-000075
https://www.sec.gov/Archives/edgar/data/927066/000092706622000006/dva-123121ex991.htm,0000927066-22-000006
https://www.sec.gov/Archives/edgar/data/927066/000092706622000002/ex991standstillagreementdt.htm,0000927066-22-000002
https://www.sec.gov/Archives/edgar/data/927066/000092706621000164/dva-93021ex991.htm,0000927066-21-000164
https://www.sec.gov/Archives/edgar/data/927066/000092706621000135/dva-63021ex991.htm,0000927066-21-000135
https://www.sec.gov/Archives/edgar/data/927066/000092706621000072/dva-33121ex991.htm,0000927066-21-000072
https://www.sec.gov/Archives/edgar/data/927066/000092706621000019/ex991-pressreleaseupsizepr.htm,0000927066-21-000019
https://www.sec.gov/Archives/edgar/data/927066/000092706621000016/ex991-pressreleaselaunch.htm,0000927066-21-000016
https://www.sec.gov/Archives/edgar/data/927066/000092706621000004/dva-123120ex991.htm,0000927066-21-000004
https://www.sec.gov/Archives/edgar/data/927066/000092706620000219/ex991-stipulationofset.htm,0000927066-20-000219
https://www.sec.gov/Archives/edgar/data/927066/000092706620000219/ex992-noticeofproposed.htm,0000927066-20-000219
https://www.sec.gov/Archives/edgar/data/927066/000092706620000213/dva-93020ex991.htm,0000927066-20-000213
https://www.sec.gov/Archives/edgar/data/927066/000092706620000171/ex991-pressreleaseanno.htm,0000927066-20-000171
https://www.sec.gov/Archives/edgar/data/927066/000092706620000167/ex991-pressreleaselaun.htm,0000927066-20-000167
https://www.sec.gov/Archives/edgar/data/927066/000092706620000162/dva-63020ex991.htm,0000927066-20-000162
https://www.sec.gov/Archives/edgar/data/927066/000092706620000112/ex991-pressreleasenoup.htm,0000927066-20-000112
https://www.sec.gov/Archives/edgar/data/927066/000092706620000109/ex991-pressreleaselaun.htm,0000927066-20-000109
https://www.sec.gov/Archives/edgar/data/927066/000092706620000071/dva-33120ex991.htm,0000927066-20-000071
https://www.sec.gov/Archives/edgar/data/927066/000092706620000061/ex991-pressrelease4132.htm,0000927066-20-000061
https://www.sec.gov/Archives/edgar/data/927066/000092706620000057/ex991-pressrelease.htm,0000927066-20-000057
https://www.sec.gov/Archives/edgar/data/927066/000092706620000010/dva-123119ex991.htm,0000927066-20-000010
https://www.sec.gov/Archives/edgar/data/927066/000092706619000172/dva-93019ex991.htm,0000927066-19-000172
https://www.sec.gov/Archives/edgar/data/927066/000092706619000131/dva-63019ex991.htm,0000927066-19-000131
https://www.sec.gov/Archives/edgar/data/927066/000119312519198406/d755798dex991.htm,0001193125-19-198406
https://www.sec.gov/Archives/edgar/data/927066/000092706619000111/dmgsale-ex991version3.htm,0000927066-19-000111
https://www.sec.gov/Archives/edgar/data/927066/000092706619000111/pressrelease-ex992version3.htm,0000927066-19-000111
https://www.sec.gov/Archives/edgar/data/927066/000092706619000108/dmgsale-ex991.htm,0000927066-19-000108
https://www.sec.gov/Archives/edgar/data/927066/000092706619000108/pressrelease-ex992.htm,0000927066-19-000108
https://www.sec.gov/Archives/edgar/data/927066/000092706619000058/dva-33119ex991.htm,0000927066-19-000058
https://www.sec.gov/Archives/edgar/data/927066/000119312519123788/d726706dex991.htm,0001193125-19-123788
https://www.sec.gov/Archives/edgar/data/927066/000092706619000022/dva-123118ex991.htm,0000927066-19-000022
https://www.sec.gov/Archives/edgar/data/1571996/000119312523297664/d625155dex991.htm,0001193125-23-297664
https://www.sec.gov/Archives/edgar/data/1571996/000119312523297664/d625155dex992.htm,0001193125-23-297664
https://www.sec.gov/Archives/edgar/data/1571996/000119312523288428/d56618dex991.htm,0001193125-23-288428
https://www.sec.gov/Archives/edgar/data/1571996/000157199623000039/exhibit991earnings8kq3fy24.htm,0001571996-23-000039
https://www.sec.gov/Archives/edgar/data/1571996/000119312523251131/d541426dex991.htm,0001193125-23-251131
https://www.sec.gov/Archives/edgar/data/1571996/000157199623000029/exhibit991earnings8kq2fy24.htm,0001571996-23-000029
https://www.sec.gov/Archives/edgar/data/1571996/000119312523180570/d475980dex991.htm,0001193125-23-180570
https://www.sec.gov/Archives/edgar/data/1571996/000119312523180570/d475980dex992.htm,0001193125-23-180570
https://www.sec.gov/Archives/edgar/data/1571996/000119312523167472/d505540dex991.htm,0001193125-23-167472
https://www.sec.gov/Archives/edgar/data/1571996/000157199623000014/exhibit991earnings8kq1fy24.htm,0001571996-23-000014
https://www.sec.gov/Archives/edgar/data/1571996/000157199623000002/exhibit991earnings8kq4fy23.htm,0001571996-23-000002
https://www.sec.gov/Archives/edgar/data/1571996/000119312523024781/d459652dex991.htm,0001193125-23-024781
https://www.sec.gov/Archives/edgar/data/1571996/000119312523006528/d449158dex991.htm,0001193125-23-006528
https://www.sec.gov/Archives/edgar/data/1571996/000157199622000041/exhibit991earnings8kq3fy23.htm,0001571996-22-000041
https://www.sec.gov/Archives/edgar/data/1571996/000157199622000028/exhibit991earnings8kq2fy23.htm,0001571996-22-000028
https://www.sec.gov/Archives/edgar/data/1571996/000157199622000013/exhibit991earnings8kq1fy23.htm,0001571996-22-000013
https://www.sec.gov/Archives/edgar/data/1571996/000157199622000004/exhibit991earnings8kq4fy22.htm,0001571996-22-000004
https://www.sec.gov/Archives/edgar/data/1571996/000119312521362482/d421776dex991.htm,0001193125-21-362482
https://www.sec.gov/Archives/edgar/data/1571996/000119312521362482/d421776dex992.htm,0001193125-21-362482
https://www.sec.gov/Archives/edgar/data/1571996/000119312521349218/d256684dex991.htm,0001193125-21-349218
https://www.sec.gov/Archives/edgar/data/1571996/000119312521349218/d256684dex992.htm,0001193125-21-349218
https://www.sec.gov/Archives/edgar/data/1571996/000119312521349218/d256684dex993.htm,0001193125-21-349218
https://www.sec.gov/Archives/edgar/data/1571996/000157199621000060/exhibit991earnings8kq3fy22.htm,0001571996-21-000060
https://www.sec.gov/Archives/edgar/data/1571996/000119312521315488/d146470dex991.htm,0001193125-21-315488
https://www.sec.gov/Archives/edgar/data/1571996/000119312521315488/d146470dex992.htm,0001193125-21-315488
https://www.sec.gov/Archives/edgar/data/1571996/000157199621000052/pressreleaseoct292021.htm,0001571996-21-000052
https://www.sec.gov/Archives/edgar/data/1571996/000119312521304052/d181178dex991.htm,0001193125-21-304052
https://www.sec.gov/Archives/edgar/data/1571996/000157199621000050/pressreleaseoctober192021.htm,0001571996-21-000050
https://www.sec.gov/Archives/edgar/data/1571996/000119312521294210/d81504dex991.htm,0001193125-21-294210
https://www.sec.gov/Archives/edgar/data/1571996/000119312521280190/d224760dex991.htm,0001193125-21-280190
https://www.sec.gov/Archives/edgar/data/1571996/000119312521276810/d204906dex991.htm,0001193125-21-276810
https://www.sec.gov/Archives/edgar/data/1571996/000157199621000037/exhibit991earnings8kq2fy22.htm,0001571996-21-000037
https://www.sec.gov/Archives/edgar/data/1571996/000119312521197644/d150378dex991.htm,0001193125-21-197644
https://www.sec.gov/Archives/edgar/data/1571996/000157199621000019/exhibit991earnings8kq1fy22.htm,0001571996-21-000019
https://www.sec.gov/Archives/edgar/data/1571996/000157199621000010/pressreleaseforboomi.htm,0001571996-21-000010
https://www.sec.gov/Archives/edgar/data/1571996/000119312521116271/d142017dex991.htm,0001193125-21-116271
https://www.sec.gov/Archives/edgar/data/1571996/000157199621000003/exhibit991earnings8kq4fy21.htm,0001571996-21-000003
https://www.sec.gov/Archives/edgar/data/1571996/000157199620000048/exhibit991earningsq3fy.htm,0001571996-20-000048
https://www.sec.gov/Archives/edgar/data/1571996/000157199620000041/exhibit991earnings8kq2.htm,0001571996-20-000041
https://www.sec.gov/Archives/edgar/data/1571996/000157199620000028/exhibit991earnings8kq1.htm,0001571996-20-000028
https://www.sec.gov/Archives/edgar/data/1571996/000157199620000019/exhibit991.htm,0001571996-20-000019
https://www.sec.gov/Archives/edgar/data/1571996/000157199620000019/exhibit992.htm,0001571996-20-000019
https://www.sec.gov/Archives/edgar/data/1571996/000157199620000009/exhibit991earnings8kfy.htm,0001571996-20-000009
https://www.sec.gov/Archives/edgar/data/1571996/000157199620000005/exhibit991pressrelease.htm,0001571996-20-000005
https://www.sec.gov/Archives/edgar/data/1571996/000157199619000044/exhibit991pressrelease.htm,0001571996-19-000044
https://www.sec.gov/Archives/edgar/data/1571996/000157199619000042/exhibit991earnings8kq3.htm,0001571996-19-000042
https://www.sec.gov/Archives/edgar/data/1571996/000157199619000036/exhibit991earnings8k.htm,0001571996-19-000036
https://www.sec.gov/Archives/edgar/data/1571996/000119312519226939/d793920dex991.htm,0001193125-19-226939
https://www.sec.gov/Archives/edgar/data/1571996/000119312519226939/d793920dex992.htm,0001193125-19-226939
https://www.sec.gov/Archives/edgar/data/1571996/000119312519226939/d793920dex993.htm,0001193125-19-226939
https://www.sec.gov/Archives/edgar/data/1571996/000157199619000021/exhibit991earnings8k.htm,0001571996-19-000021
https://www.sec.gov/Archives/edgar/data/1571996/000119312519066045/d719989dex991.htm,0001193125-19-066045
https://www.sec.gov/Archives/edgar/data/1571996/000119312519066045/d719989dex992.htm,0001193125-19-066045
https://www.sec.gov/Archives/edgar/data/1571996/000157199619000002/exhibit991earnings8k.htm,0001571996-19-000002
https://www.sec.gov/Archives/edgar/data/1093557/000109355723000219/dxcmq3202399-1_9302023.htm,0001093557-23-000219
https://www.sec.gov/Archives/edgar/data/1093557/000109355723000191/a99-108282023.htm,0001093557-23-000191
https://www.sec.gov/Archives/edgar/data/1093557/000109355723000173/dxcmq2202399-1_6302023.htm,0001093557-23-000173
https://www.sec.gov/Archives/edgar/data/1093557/000109355723000157/dxcm991_investordayx62323.htm,0001093557-23-000157
https://www.sec.gov/Archives/edgar/data/1093557/000119312523137248/d300995dex991.htm,0001193125-23-137248
https://www.sec.gov/Archives/edgar/data/1093557/000119312523133137/d488055dex991.htm,0001193125-23-133137
https://www.sec.gov/Archives/edgar/data/1093557/000119312523131265/d462275dex991.htm,0001193125-23-131265
https://www.sec.gov/Archives/edgar/data/1093557/000109355723000117/dxcmq1202399-1_3312023.htm,0001093557-23-000117
https://www.sec.gov/Archives/edgar/data/1093557/000109355723000022/dxcmq4202299-1_12312022.htm,0001093557-23-000022
https://www.sec.gov/Archives/edgar/data/1093557/000109355723000004/a991jpmorgan192023.htm,0001093557-23-000004
https://www.sec.gov/Archives/edgar/data/1093557/000109355722000170/dxcmq3202299-1_9302022.htm,0001093557-22-000170
https://www.sec.gov/Archives/edgar/data/1093557/000109355722000142/dxcmq2202299-1_6302022.htm,0001093557-22-000142
https://www.sec.gov/Archives/edgar/data/1093557/000109355722000096/dxcmq1202299-1_3312022.htm,0001093557-22-000096
https://www.sec.gov/Archives/edgar/data/1093557/000109355722000010/dxcmq4202199-1_12312021.htm,0001093557-22-000010
https://www.sec.gov/Archives/edgar/data/1093557/000119312522005104/d201549dex9901.htm,0001193125-22-005104
https://www.sec.gov/Archives/edgar/data/1093557/000109355721000246/dxcmq3202199-1_9302021.htm,0001093557-21-000246
https://www.sec.gov/Archives/edgar/data/1093557/000109355721000190/dxcmq2202199-1_6302021.htm,0001093557-21-000190
https://www.sec.gov/Archives/edgar/data/1093557/000109355721000125/dxcmq1202199-1.htm,0001093557-21-000125
https://www.sec.gov/Archives/edgar/data/1093557/000109355721000089/dxcm99-1_cfox031921.htm,0001093557-21-000089
https://www.sec.gov/Archives/edgar/data/1093557/000109355721000022/dxcmq4202099-1.htm,0001093557-21-000022
https://www.sec.gov/Archives/edgar/data/1093557/000119312521005793/d105768dex9901.htm,0001193125-21-005793
https://www.sec.gov/Archives/edgar/data/1093557/000109355720000292/dxcmq3202099-1.htm,0001093557-20-000292
https://www.sec.gov/Archives/edgar/data/1093557/000119312520277129/d198463dex991.htm,0001193125-20-277129
https://www.sec.gov/Archives/edgar/data/1093557/000109355720000278/exhibit990110132020.htm,0001093557-20-000278
https://www.sec.gov/Archives/edgar/data/1093557/000119312520217131/d917767dex9901.htm,0001193125-20-217131
https://www.sec.gov/Archives/edgar/data/1093557/000109355720000215/dxcmq2202099-1.htm,0001093557-20-000215
https://www.sec.gov/Archives/edgar/data/1093557/000119312520182596/d70160dex991.htm,0001193125-20-182596
https://www.sec.gov/Archives/edgar/data/1093557/000119312520139830/d926670dex991.htm,0001193125-20-139830
https://www.sec.gov/Archives/edgar/data/1093557/000119312520138228/d926674dex991.htm,0001193125-20-138228
https://www.sec.gov/Archives/edgar/data/1093557/000109355720000140/dxcmq1202099-1.htm,0001093557-20-000140
https://www.sec.gov/Archives/edgar/data/1093557/000109355720000028/dxcmq4201999-1.htm,0001093557-20-000028
https://www.sec.gov/Archives/edgar/data/1093557/000119312520005913/d868619dex9901.htm,0001193125-20-005913
https://www.sec.gov/Archives/edgar/data/1093557/000109355719000235/dxcmq3201999-1new.htm,0001093557-19-000235
https://www.sec.gov/Archives/edgar/data/1093557/000109355719000209/ex9901.htm,0001093557-19-000209
https://www.sec.gov/Archives/edgar/data/1093557/000109355719000209/ex9902.htm,0001093557-19-000209
https://www.sec.gov/Archives/edgar/data/1093557/000109355719000179/dxcmq2201999-1.htm,0001093557-19-000179
https://www.sec.gov/Archives/edgar/data/1093557/000109355719000118/dxcmq1201999-1.htm,0001093557-19-000118
https://www.sec.gov/Archives/edgar/data/1093557/000109355719000039/dxcmq4201899-1.htm,0001093557-19-000039
https://www.sec.gov/Archives/edgar/data/1093557/000119312519003192/d674442dex9901.htm,0001193125-19-003192
https://www.sec.gov/Archives/edgar/data/1099800/000109980023000042/a2023icpr_vfinalx2.htm,0001099800-23-000042
https://www.sec.gov/Archives/edgar/data/1099800/000109980023000037/ex-991q32023.htm,0001099800-23-000037
https://www.sec.gov/Archives/edgar/data/1099800/000109980023000032/ex-991q22023.htm,0001099800-23-000032
https://www.sec.gov/Archives/edgar/data/1099800/000109980023000019/ex-991q12023.htm,0001099800-23-000019
https://www.sec.gov/Archives/edgar/data/1099800/000109980023000003/ex-991q42022.htm,0001099800-23-000003
https://www.sec.gov/Archives/edgar/data/1099800/000119312522301136/d423822dex991.htm,0001193125-22-301136
https://www.sec.gov/Archives/edgar/data/1099800/000119312522274553/d414194dex991.htm,0001193125-22-274553
https://www.sec.gov/Archives/edgar/data/1099800/000109980022000023/ex-991q32022.htm,0001099800-22-000023
https://www.sec.gov/Archives/edgar/data/1099800/000109980022000016/ex-991q22022.htm,0001099800-22-000016
https://www.sec.gov/Archives/edgar/data/1099800/000109980022000007/ex-991q12022.htm,0001099800-22-000007
https://www.sec.gov/Archives/edgar/data/1099800/000109980022000002/ex-991q42021.htm,0001099800-22-000002
https://www.sec.gov/Archives/edgar/data/1099800/000109980021000024/ex-991q32021.htm,0001099800-21-000024
https://www.sec.gov/Archives/edgar/data/1099800/000109980021000020/ex-991q22021.htm,0001099800-21-000020
https://www.sec.gov/Archives/edgar/data/1099800/000119312521151848/d410667dex991.htm,0001193125-21-151848
https://www.sec.gov/Archives/edgar/data/1099800/000109980021000010/ex-991q12021.htm,0001099800-21-000010
https://www.sec.gov/Archives/edgar/data/1099800/000109980021000004/ex-991q42020.htm,0001099800-21-000004
https://www.sec.gov/Archives/edgar/data/1099800/000109980020000022/ex-991q32020.htm,0001099800-20-000022
https://www.sec.gov/Archives/edgar/data/1099800/000109980020000017/ex-991q22020.htm,0001099800-20-000017
https://www.sec.gov/Archives/edgar/data/1099800/000119312520193022/d904963dex991.htm,0001193125-20-193022
https://www.sec.gov/Archives/edgar/data/1099800/000119312520191882/d99327dex991.htm,0001193125-20-191882
https://www.sec.gov/Archives/edgar/data/1099800/000119312520137597/d923809dex991.htm,0001193125-20-137597
https://www.sec.gov/Archives/edgar/data/1099800/000109980020000007/ex-991q12020.htm,0001099800-20-000007
https://www.sec.gov/Archives/edgar/data/1099800/000109980020000002/ex-991q42019.htm,0001099800-20-000002
https://www.sec.gov/Archives/edgar/data/1099800/000109980019000022/ex-991q32019.htm,0001099800-19-000022
https://www.sec.gov/Archives/edgar/data/1099800/000109980019000017/ex-991q22019.htm,0001099800-19-000017
https://www.sec.gov/Archives/edgar/data/1099800/000109980019000008/ex-991q12019.htm,0001099800-19-000008
https://www.sec.gov/Archives/edgar/data/1099800/000109980019000002/ex-991q42018.htm,0001099800-19-000002
https://www.sec.gov/Archives/edgar/data/1099800/000119312519009348/d689431dex991.htm,0001193125-19-009348
https://www.sec.gov/Archives/edgar/data/1156039/000119312523258013/d568311dex991.htm,0001193125-23-258013
https://www.sec.gov/Archives/edgar/data/1156039/000119312523205527/d492032dex991.htm,0001193125-23-205527
https://www.sec.gov/Archives/edgar/data/1156039/000119312523189147/d528939dex991.htm,0001193125-23-189147
https://www.sec.gov/Archives/edgar/data/1156039/000119312523105591/d490195dex991.htm,0001193125-23-105591
https://www.sec.gov/Archives/edgar/data/1156039/000119312523014676/d418386dex991.htm,0001193125-23-014676
https://www.sec.gov/Archives/edgar/data/1156039/000119312522267819/d306813dex991.htm,0001193125-22-267819
https://www.sec.gov/Archives/edgar/data/1156039/000119312522264838/d401070dex991.htm,0001193125-22-264838
https://www.sec.gov/Archives/edgar/data/1156039/000119312522197362/d383286dex991.htm,0001193125-22-197362
https://www.sec.gov/Archives/edgar/data/1156039/000119312522110122/d542944dex991.htm,0001193125-22-110122
https://www.sec.gov/Archives/edgar/data/1156039/000119312522017585/d279540dex991.htm,0001193125-22-017585
https://www.sec.gov/Archives/edgar/data/1156039/000119312521302489/d114360dex991.htm,0001193125-21-302489
https://www.sec.gov/Archives/edgar/data/1156039/000119312521236343/d169797dex991.htm,0001193125-21-236343
https://www.sec.gov/Archives/edgar/data/1156039/000119312521220025/d204038dex991.htm,0001193125-21-220025
https://www.sec.gov/Archives/edgar/data/1156039/000119312521123532/d125940dex991.htm,0001193125-21-123532
https://www.sec.gov/Archives/edgar/data/1156039/000119312521018334/d100984dex991.htm,0001193125-21-018334
https://www.sec.gov/Archives/edgar/data/1156039/000119312520279045/d895566dex991.htm,0001193125-20-279045
https://www.sec.gov/Archives/edgar/data/1156039/000119312520201725/d74401dex991.htm,0001193125-20-201725
https://www.sec.gov/Archives/edgar/data/1156039/000119312520124220/d914315dex991.htm,0001193125-20-124220
https://www.sec.gov/Archives/edgar/data/1156039/000119312520017551/d869167dex991.htm,0001193125-20-017551
https://www.sec.gov/Archives/edgar/data/1156039/000119312519272013/d820068dex991.htm,0001193125-19-272013
https://www.sec.gov/Archives/edgar/data/1156039/000119312519259881/d787668dex991.htm,0001193125-19-259881
https://www.sec.gov/Archives/edgar/data/1156039/000119312519200472/d764074dex991.htm,0001193125-19-200472
https://www.sec.gov/Archives/edgar/data/1156039/000119312519115614/d735687dex991.htm,0001193125-19-115614
https://www.sec.gov/Archives/edgar/data/1156039/000119312519021591/d655691dex991.htm,0001193125-19-021591
https://www.sec.gov/Archives/edgar/data/1048695/000104869523000037/ex991-item5021122023.htm,0001048695-23-000037
https://www.sec.gov/Archives/edgar/data/1048695/000104869523000034/ex991-q423earningsreleasef.htm,0001048695-23-000034
https://www.sec.gov/Archives/edgar/data/1048695/000104869523000032/ex991-item5029292023.htm,0001048695-23-000032
https://www.sec.gov/Archives/edgar/data/1048695/000104869523000026/ex991-q323earningsreleasef.htm,0001048695-23-000026
https://www.sec.gov/Archives/edgar/data/1048695/000104869523000016/ex991-q223earningsreleasef.htm,0001048695-23-000016
https://www.sec.gov/Archives/edgar/data/1048695/000104869523000016/ex992-lettertoemployeesfro.htm,0001048695-23-000016
https://www.sec.gov/Archives/edgar/data/1048695/000104869523000007/q123earningsreleasefinanci.htm,0001048695-23-000007
https://www.sec.gov/Archives/edgar/data/1048695/000104869522000029/q422earningsreleasefinanci.htm,0001048695-22-000029
https://www.sec.gov/Archives/edgar/data/1048695/000104869522000027/pressrelease1072022.htm,0001048695-22-000027
https://www.sec.gov/Archives/edgar/data/1048695/000104869522000023/q322earningsreleasefinanci.htm,0001048695-22-000023
https://www.sec.gov/Archives/edgar/data/1048695/000104869522000012/q222earningsreleasefinanci.htm,0001048695-22-000012
https://www.sec.gov/Archives/edgar/data/1048695/000104869522000005/q122earningsreleasefinanci.htm,0001048695-22-000005
https://www.sec.gov/Archives/edgar/data/1048695/000104869522000003/pressrelease1102022.htm,0001048695-22-000003
https://www.sec.gov/Archives/edgar/data/1048695/000104869521000035/q421earningsreleasefinanci.htm,0001048695-21-000035
https://www.sec.gov/Archives/edgar/data/1048695/000114036121031767/brhc10029102_ex99-1.htm,0001140361-21-031767
https://www.sec.gov/Archives/edgar/data/1048695/000104869521000031/q321earningsreleasefinanci.htm,0001048695-21-000031
https://www.sec.gov/Archives/edgar/data/1048695/000104869521000029/pressrelease6172021.htm,0001048695-21-000029
https://www.sec.gov/Archives/edgar/data/1048695/000104869521000017/q221earningsreleasefinanci.htm,0001048695-21-000017
https://www.sec.gov/Archives/edgar/data/1048695/000104869521000002/q121earningsreleasefinanci.htm,0001048695-21-000002
https://www.sec.gov/Archives/edgar/data/1048695/000114036121001982/nc10019264x1_ex99-1.htm,0001140361-21-001982
https://www.sec.gov/Archives/edgar/data/1048695/000114036121000498/nc10018716x1_ex99-1.htm,0001140361-21-000498
https://www.sec.gov/Archives/edgar/data/1048695/000114036121000498/nc10018716x1_ex99-2.htm,0001140361-21-000498
https://www.sec.gov/Archives/edgar/data/1048695/000114036120024941/brhc10016767_ex99-1.htm,0001140361-20-024941
https://www.sec.gov/Archives/edgar/data/1048695/000114036120024941/brhc10016767_ex99-2.htm,0001140361-20-024941
https://www.sec.gov/Archives/edgar/data/1048695/000104869520000039/q420earningsreleasefin.htm,0001048695-20-000039
https://www.sec.gov/Archives/edgar/data/1048695/000104869520000037/pressrelease9242020.htm,0001048695-20-000037
https://www.sec.gov/Archives/edgar/data/1048695/000104869520000032/q320earningsreleasefin.htm,0001048695-20-000032
https://www.sec.gov/Archives/edgar/data/1048695/000104869520000023/q220earningsreleasefin.htm,0001048695-20-000023
https://www.sec.gov/Archives/edgar/data/1048695/000104869520000018/exhibit991-pressreleas.htm,0001048695-20-000018
https://www.sec.gov/Archives/edgar/data/1048695/000114036120004468/ex99_1.htm,0001140361-20-004468
https://www.sec.gov/Archives/edgar/data/1048695/000104869520000007/q120earningsreleasefin.htm,0001048695-20-000007
https://www.sec.gov/Archives/edgar/data/1048695/000114036120001429/nc10007101x3_ex99-1.htm,0001140361-20-001429
https://www.sec.gov/Archives/edgar/data/1048695/000104869519000036/pressrelease12192019.htm,0001048695-19-000036
https://www.sec.gov/Archives/edgar/data/1048695/000104869519000032/q419earningsreleasefin.htm,0001048695-19-000032
https://www.sec.gov/Archives/edgar/data/1048695/000104869519000023/q319earningsreleasefinanci.htm,0001048695-19-000023
https://www.sec.gov/Archives/edgar/data/1048695/000119312519142363/d745009dex991.htm,0001193125-19-142363
https://www.sec.gov/Archives/edgar/data/1048695/000104869519000012/q219earningsreleasefinanci.htm,0001048695-19-000012
https://www.sec.gov/Archives/edgar/data/1048695/000119312519070884/d713823dex991.htm,0001193125-19-070884
https://www.sec.gov/Archives/edgar/data/1048695/000104869519000005/q119earningsreleasefinanci.htm,0001048695-19-000005
https://www.sec.gov/Archives/edgar/data/1048695/000104869519000002/exhibit991-pressrelease.htm,0001048695-19-000002
https://www.sec.gov/Archives/edgar/data/814547/000115752323001687/a53786138ex99_1.htm,0001157523-23-001687
https://www.sec.gov/Archives/edgar/data/814547/000119312523220226/d454725dex991.htm,0001193125-23-220226
https://www.sec.gov/Archives/edgar/data/814547/000115752323001229/a53503438ex99_1.htm,0001157523-23-001229
https://www.sec.gov/Archives/edgar/data/814547/000119312523144515/d252388dex991.htm,0001193125-23-144515
https://www.sec.gov/Archives/edgar/data/814547/000115752323000638/a53388941ex99_1.htm,0001157523-23-000638
https://www.sec.gov/Archives/edgar/data/814547/000115752323000102/a53291868ex99_1.htm,0001157523-23-000102
https://www.sec.gov/Archives/edgar/data/814547/000119312523004827/d313877dex991.htm,0001193125-23-004827
https://www.sec.gov/Archives/edgar/data/814547/000115752322001577/a52965271ex991.htm,0001157523-22-001577
https://www.sec.gov/Archives/edgar/data/814547/000115752322001010/a52800607ex99_1.htm,0001157523-22-001010
https://www.sec.gov/Archives/edgar/data/814547/000115752322000484/a52699251ex99_1.htm,0001157523-22-000484
https://www.sec.gov/Archives/edgar/data/814547/000156459022002668/d294953dex991.htm,0001564590-22-002668
https://www.sec.gov/Archives/edgar/data/814547/000119312522005793/d124012dex991.htm,0001193125-22-005793
https://www.sec.gov/Archives/edgar/data/814547/000119312521356940/d253352dex991.htm,0001193125-21-356940
https://www.sec.gov/Archives/edgar/data/814547/000119312521356250/d251104dex991.htm,0001193125-21-356250
https://www.sec.gov/Archives/edgar/data/814547/000156459021056201/d226892dex991.htm,0001564590-21-056201
https://www.sec.gov/Archives/edgar/data/814547/000156459021040253/d209977dex991.htm,0001564590-21-040253
https://www.sec.gov/Archives/edgar/data/814547/000156459021024120/d349689dex991.htm,0001564590-21-024120
https://www.sec.gov/Archives/edgar/data/814547/000156459021003030/d258133dex991.htm,0001564590-21-003030
https://www.sec.gov/Archives/edgar/data/814547/000156459020052992/d77267dex991.htm,0001564590-20-052992
https://www.sec.gov/Archives/edgar/data/814547/000119312520232242/d936329dex991.htm,0001193125-20-232242
https://www.sec.gov/Archives/edgar/data/814547/000156459020034353/d941465dex991.htm,0001564590-20-034353
https://www.sec.gov/Archives/edgar/data/814547/000156459020019755/d920562dex991.htm,0001564590-20-019755
https://www.sec.gov/Archives/edgar/data/814547/000119312520019650/d881734dex991.htm,0001193125-20-019650
https://www.sec.gov/Archives/edgar/data/814547/000119312519305422/d841918dex991.htm,0001193125-19-305422
https://www.sec.gov/Archives/edgar/data/814547/000119312519304835/d838673dex991.htm,0001193125-19-304835
https://www.sec.gov/Archives/edgar/data/814547/000110465919059508/tm1921787d1_ex99-1.htm,0001104659-19-059508
https://www.sec.gov/Archives/edgar/data/814547/000119312519228655/d795578dex991.htm,0001193125-19-228655
https://www.sec.gov/Archives/edgar/data/814547/000114420419036893/tv526315_ex99-1.htm,0001144204-19-036893
https://www.sec.gov/Archives/edgar/data/814547/000119312519179399/d745155dex991.htm,0001193125-19-179399
https://www.sec.gov/Archives/edgar/data/814547/000114420419022384/tv520195_ex99-1.htm,0001144204-19-022384
https://www.sec.gov/Archives/edgar/data/814547/000114420419003771/tv512005_ex99-1.htm,0001144204-19-003771
https://www.sec.gov/Archives/edgar/data/1274494/000127449423000024/ex991pressreleaseq3-2023.htm,0001274494-23-000024
https://www.sec.gov/Archives/edgar/data/1274494/000127449423000021/ex991pressreleaseq2-2023.htm,0001274494-23-000021
https://www.sec.gov/Archives/edgar/data/1274494/000127449423000009/ex991pressreleaseq1-2023.htm,0001274494-23-000009
https://www.sec.gov/Archives/edgar/data/1274494/000127449423000001/ex991pressreleaseq4-2022fi.htm,0001274494-23-000001
https://www.sec.gov/Archives/edgar/data/1274494/000127449422000038/ex991pressreleaseq3-2022.htm,0001274494-22-000038
https://www.sec.gov/Archives/edgar/data/1274494/000127449422000032/ex991pressreleaseq2-2022.htm,0001274494-22-000032
https://www.sec.gov/Archives/edgar/data/1274494/000127449422000023/ex991pressreleasejapanplat.htm,0001274494-22-000023
https://www.sec.gov/Archives/edgar/data/1274494/000127449422000017/aex991pressreleaseq1x2022.htm,0001274494-22-000017
https://www.sec.gov/Archives/edgar/data/1274494/000127449422000008/ex991pressreleaseq4-2021fi.htm,0001274494-22-000008
https://www.sec.gov/Archives/edgar/data/1274494/000127449421000030/aex991pressreleaseq3x2021.htm,0001274494-21-000030
https://www.sec.gov/Archives/edgar/data/1274494/000127449421000022/aex991pressreleaseq2x2021.htm,0001274494-21-000022
https://www.sec.gov/Archives/edgar/data/1274494/000127449421000014/aex991pressreleaseapptofdi.htm,0001274494-21-000014
https://www.sec.gov/Archives/edgar/data/1274494/000162828021008203/aex991pressreleaseq1x2021.htm,0001628280-21-008203
https://www.sec.gov/Archives/edgar/data/1274494/000162828021005137/aex991pressreleaseapptofof.htm,0001628280-21-005137
https://www.sec.gov/Archives/edgar/data/1274494/000162828021003286/ex991pressreleaseq4-20inan.htm,0001628280-21-003286
https://www.sec.gov/Archives/edgar/data/1274494/000162828021000753/a8-kex991pressreleasejan21.htm,0001628280-21-000753
https://www.sec.gov/Archives/edgar/data/1274494/000127449420000062/aex991noticeofproposed.htm,0001274494-20-000062
https://www.sec.gov/Archives/edgar/data/1274494/000127449420000057/a8-kex991pressreleaseq.htm,0001274494-20-000057
https://www.sec.gov/Archives/edgar/data/1274494/000127449420000053/a8-kex991pressrelease0.htm,0001274494-20-000053
https://www.sec.gov/Archives/edgar/data/1274494/000127449420000034/a8-kex991pressreleaseq.htm,0001274494-20-000034
https://www.sec.gov/Archives/edgar/data/1274494/000127449420000029/a8-kex991pressreleasee.htm,0001274494-20-000029
https://www.sec.gov/Archives/edgar/data/1274494/000162828020006971/a8-kex991pressreleaseq.htm,0001628280-20-006971
https://www.sec.gov/Archives/edgar/data/1274494/000127449420000008/ex991pressreleaseq4-20.htm,0001274494-20-000008
https://www.sec.gov/Archives/edgar/data/1274494/000127449420000008/ex992pressreleaseq4-20.htm,0001274494-20-000008
https://www.sec.gov/Archives/edgar/data/1274494/000127449420000003/ex991pressreleasesettl.htm,0001274494-20-000003
https://www.sec.gov/Archives/edgar/data/1274494/000127449419000034/ex991pressreleaseq3-20.htm,0001274494-19-000034
https://www.sec.gov/Archives/edgar/data/1274494/000127449419000030/ex991pressreleaseq2-20198xk.htm,0001274494-19-000030
https://www.sec.gov/Archives/edgar/data/1274494/000127449419000014/ex991pressreleaseq1-20198xk.htm,0001274494-19-000014
https://www.sec.gov/Archives/edgar/data/1274494/000127449419000002/ex991pressreleaseq4-20188xk.htm,0001274494-19-000002
https://www.sec.gov/Archives/edgar/data/1262039/000126203923000035/ftntq3-2023ex991.htm,0001262039-23-000035
https://www.sec.gov/Archives/edgar/data/1262039/000126203923000027/ftntq2-2023ex991.htm,0001262039-23-000027
https://www.sec.gov/Archives/edgar/data/1262039/000126203923000013/ftntq1-2023ex991.htm,0001262039-23-000013
https://www.sec.gov/Archives/edgar/data/1262039/000126203923000003/ftntq4-2022ex991.htm,0001262039-23-000003
https://www.sec.gov/Archives/edgar/data/1262039/000126203922000035/ftntq3-2022ex991.htm,0001262039-22-000035
https://www.sec.gov/Archives/edgar/data/1262039/000126203922000026/ftntq2-2022ex991.htm,0001262039-22-000026
https://www.sec.gov/Archives/edgar/data/1262039/000126203922000015/ftntq1-2022ex991.htm,0001262039-22-000015
https://www.sec.gov/Archives/edgar/data/1262039/000126203922000005/ftntq4-2021ex991.htm,0001262039-22-000005
https://www.sec.gov/Archives/edgar/data/1262039/000126203921000027/ftntq3-2021ex991.htm,0001262039-21-000027
https://www.sec.gov/Archives/edgar/data/1262039/000126203921000024/ex991jamesstavridisappt.htm,0001262039-21-000024
https://www.sec.gov/Archives/edgar/data/1262039/000126203921000019/ftntq2-2021ex991.htm,0001262039-21-000019
https://www.sec.gov/Archives/edgar/data/1262039/000126203921000011/ftntq1-2021ex991.htm,0001262039-21-000011
https://www.sec.gov/Archives/edgar/data/1262039/000126203921000005/ftntq4-2020ex991.htm,0001262039-21-000005
https://www.sec.gov/Archives/edgar/data/1262039/000126203920000063/ftntq3-2020ex991.htm,0001262039-20-000063
https://www.sec.gov/Archives/edgar/data/1262039/000126203920000056/ex991kengoldmanappt.htm,0001262039-20-000056
https://www.sec.gov/Archives/edgar/data/1262039/000126203920000051/ftntq2-2020ex991.htm,0001262039-20-000051
https://www.sec.gov/Archives/edgar/data/1262039/000126203920000029/ftntq1-2020ex991.htm,0001262039-20-000029
https://www.sec.gov/Archives/edgar/data/1262039/000126203920000015/ftntq1-2020ex991ftntbo.htm,0001262039-20-000015
https://www.sec.gov/Archives/edgar/data/1262039/000126203920000004/ftntq4-2019ex991.htm,0001262039-20-000004
https://www.sec.gov/Archives/edgar/data/1262039/000126203919000032/ftntq3-2019ex991.htm,0001262039-19-000032
https://www.sec.gov/Archives/edgar/data/1262039/000126203919000025/ftntq3-2019ex991ftntbo.htm,0001262039-19-000025
https://www.sec.gov/Archives/edgar/data/1262039/000126203919000021/ftntq2-2019ex991.htm,0001262039-19-000021
https://www.sec.gov/Archives/edgar/data/1262039/000126203919000010/ftntq1-2019ex991.htm,0001262039-19-000010
https://www.sec.gov/Archives/edgar/data/1262039/000126203919000002/ftntq4-2018ex991.htm,0001262039-19-000002
https://www.sec.gov/Archives/edgar/data/749251/000074925123000050/it-09302023xex991.htm,0000749251-23-000050
https://www.sec.gov/Archives/edgar/data/749251/000074925123000037/it-06302023xex991.htm,0000749251-23-000037
https://www.sec.gov/Archives/edgar/data/749251/000074925123000019/it-03312023xex991.htm,0000749251-23-000019
https://www.sec.gov/Archives/edgar/data/749251/000074925123000003/it-12312022xex991.htm,0000749251-23-000003
https://www.sec.gov/Archives/edgar/data/749251/000074925122000033/it-09302022xex991.htm,0000749251-22-000033
https://www.sec.gov/Archives/edgar/data/749251/000074925122000027/it-06302022xex991.htm,0000749251-22-000027
https://www.sec.gov/Archives/edgar/data/749251/000074925122000016/it-03312022xex991.htm,0000749251-22-000016
https://www.sec.gov/Archives/edgar/data/749251/000074925122000003/it-12312021xex991.htm,0000749251-22-000003
https://www.sec.gov/Archives/edgar/data/749251/000074925121000036/it-09302021xex991.htm,0000749251-21-000036
https://www.sec.gov/Archives/edgar/data/749251/000074925121000028/it-06302021xex991.htm,0000749251-21-000028
https://www.sec.gov/Archives/edgar/data/749251/000119312521190619/d181974dex991.htm,0001193125-21-190619
https://www.sec.gov/Archives/edgar/data/749251/000074925121000018/it-03312021xex991.htm,0000749251-21-000018
https://www.sec.gov/Archives/edgar/data/749251/000074925121000004/it-12312020xex991.htm,0000749251-21-000004
https://www.sec.gov/Archives/edgar/data/749251/000074925120000033/it-09302020xex991.htm,0000749251-20-000033
https://www.sec.gov/Archives/edgar/data/749251/000119312520244749/d897668dex991.htm,0001193125-20-244749
https://www.sec.gov/Archives/edgar/data/749251/000074925120000025/it-06302020xex991.htm,0000749251-20-000025
https://www.sec.gov/Archives/edgar/data/749251/000119312520171888/d948406dex991.htm,0001193125-20-171888
https://www.sec.gov/Archives/edgar/data/749251/000074925120000013/it-03312020ex991.htm,0000749251-20-000013
https://www.sec.gov/Archives/edgar/data/749251/000119312520084265/d847377dex991.htm,0001193125-20-084265
https://www.sec.gov/Archives/edgar/data/749251/000119312520067184/d847474dex991.htm,0001193125-20-067184
https://www.sec.gov/Archives/edgar/data/749251/000074925120000005/it-12312019xex991.htm,0000749251-20-000005
https://www.sec.gov/Archives/edgar/data/749251/000074925119000023/it-09302019xex991.htm,0000749251-19-000023
https://www.sec.gov/Archives/edgar/data/749251/000074925119000014/it-06302019xex991.htm,0000749251-19-000014
https://www.sec.gov/Archives/edgar/data/749251/000074925119000008/a3312019-ex991.htm,0000749251-19-000008
https://www.sec.gov/Archives/edgar/data/749251/000119312519039149/d697994dex991.htm,0001193125-19-039149
https://www.sec.gov/Archives/edgar/data/749251/000074925119000002/a12312018-ex991.htm,0000749251-19-000002
https://www.sec.gov/Archives/edgar/data/1932393/000193239323000124/release3q23earnings.htm,0001932393-23-000124
https://www.sec.gov/Archives/edgar/data/1932393/000193239323000111/release2q23earnings.htm,0001932393-23-000111
https://www.sec.gov/Archives/edgar/data/1932393/000095014223001385/eh230356804_ex99.htm,0000950142-23-001385
https://www.sec.gov/Archives/edgar/data/1932393/000193239323000086/release1q23earnings.htm,0001932393-23-000086
https://www.sec.gov/Archives/edgar/data/1932393/000193239323000007/a4q22earningsrelease_earni.htm,0001932393-23-000007
https://www.sec.gov/Archives/edgar/data/1932393/000193239323000004/gehcex991_11023.htm,0001932393-23-000004
https://www.sec.gov/Archives/edgar/data/1932393/000119312523001161/d386556dex991.htm,0001193125-23-001161
https://www.sec.gov/Archives/edgar/data/1932393/000119312522301053/d432941dex991.htm,0001193125-22-301053
https://www.sec.gov/Archives/edgar/data/849399/000084939923000027/ex9901q2fy24.htm,0000849399-23-000027
https://www.sec.gov/Archives/edgar/data/849399/000084939923000016/ex9901q1fy24.htm,0000849399-23-000016
https://www.sec.gov/Archives/edgar/data/849399/000084939923000011/ex9901q4fy23.htm,0000849399-23-000011
https://www.sec.gov/Archives/edgar/data/849399/000084939923000005/ex9901q3fy23.htm,0000849399-23-000005
https://www.sec.gov/Archives/edgar/data/849399/000084939922000023/ex9901q2fy23.htm,0000849399-22-000023
https://www.sec.gov/Archives/edgar/data/849399/000110465922115277/tm2229813d1_ex99-01.htm,0001104659-22-115277
https://www.sec.gov/Archives/edgar/data/849399/000110465922099111/tm2225494d3_ex99-01.htm,0001104659-22-099111
https://www.sec.gov/Archives/edgar/data/849399/000110465922098068/tm228427d2_ex99-1.htm,0001104659-22-098068
https://www.sec.gov/Archives/edgar/data/849399/000110465922098068/tm228427d2_ex99-2.htm,0001104659-22-098068
https://www.sec.gov/Archives/edgar/data/849399/000110465922098068/tm228427d2_ex99-3.htm,0001104659-22-098068
https://www.sec.gov/Archives/edgar/data/849399/000110465922098068/tm228427d2_ex99-4.htm,0001104659-22-098068
https://www.sec.gov/Archives/edgar/data/849399/000110465922098068/tm228427d2_ex99-5.htm,0001104659-22-098068
https://www.sec.gov/Archives/edgar/data/849399/000110465922098068/tm228427d2_ex99-6.htm,0001104659-22-098068
https://www.sec.gov/Archives/edgar/data/849399/000110465922097212/tm2225056d1_ex99-01.htm,0001104659-22-097212
https://www.sec.gov/Archives/edgar/data/849399/000084939922000016/ex9901q1fy23.htm,0000849399-22-000016
https://www.sec.gov/Archives/edgar/data/849399/000110465922062423/tm2215791d1_ex99-1.htm,0001104659-22-062423
https://www.sec.gov/Archives/edgar/data/849399/000110465922062423/tm2215791d1_ex99-2.htm,0001104659-22-062423
https://www.sec.gov/Archives/edgar/data/849399/000084939922000010/ex9901q4fy22.htm,0000849399-22-000010
https://www.sec.gov/Archives/edgar/data/849399/000110465922054938/tm2214286d1_ex99-01.htm,0001104659-22-054938
https://www.sec.gov/Archives/edgar/data/849399/000110465922034216/tm229447d1_ex99-01.htm,0001104659-22-034216
https://www.sec.gov/Archives/edgar/data/849399/000110465922025143/tm227166d1_ex99-01.htm,0001104659-22-025143
https://www.sec.gov/Archives/edgar/data/849399/000110465922025143/tm227166d1_ex99-02.htm,0001104659-22-025143
https://www.sec.gov/Archives/edgar/data/849399/000110465922011747/tm225535d1_ex99-01.htm,0001104659-22-011747
https://www.sec.gov/Archives/edgar/data/849399/000084939922000005/ex9901q3fy22.htm,0000849399-22-000005
https://www.sec.gov/Archives/edgar/data/849399/000110465922008265/tm224670d1_ex99-01.htm,0001104659-22-008265
https://www.sec.gov/Archives/edgar/data/849399/000110465922003653/tm222724d1_ex99-01.htm,0001104659-22-003653
https://www.sec.gov/Archives/edgar/data/849399/000110465922003653/tm222724d1_ex99-02.htm,0001104659-22-003653
https://www.sec.gov/Archives/edgar/data/849399/000110465921139724/tm2133089d1_ex99-01.htm,0001104659-21-139724
https://www.sec.gov/Archives/edgar/data/849399/000084939921000019/ex9901q2fy22.htm,0000849399-21-000019
https://www.sec.gov/Archives/edgar/data/849399/000110465921102969/tm2123199d1_ex99-01.htm,0001104659-21-102969
https://www.sec.gov/Archives/edgar/data/849399/000115752321000930/a52466374ex99_01.htm,0001157523-21-000930
https://www.sec.gov/Archives/edgar/data/849399/000110465921092314/tm2122266d1_ex99-1.htm,0001104659-21-092314
https://www.sec.gov/Archives/edgar/data/849399/000115752321000641/a52426307_ex9901.htm,0001157523-21-000641
https://www.sec.gov/Archives/edgar/data/849399/000115752321000144/a52373793_ex9901.htm,0001157523-21-000144
https://www.sec.gov/Archives/edgar/data/849399/000110465921005332/tm213213d1_ex99-1.htm,0001104659-21-005332
https://www.sec.gov/Archives/edgar/data/849399/000110465920132874/tm2037836d1_ex99-01.htm,0001104659-20-132874
https://www.sec.gov/Archives/edgar/data/849399/000115752320001452/a52321368ex99_01.htm,0001157523-20-001452
https://www.sec.gov/Archives/edgar/data/849399/000115752320001152/a52262050_ex9901.htm,0001157523-20-001152
https://www.sec.gov/Archives/edgar/data/849399/000110465920082096/tm2024178d1_ex99-01.htm,0001104659-20-082096
https://www.sec.gov/Archives/edgar/data/849399/000115752320000745/a52220620_ex9901.htm,0001157523-20-000745
https://www.sec.gov/Archives/edgar/data/849399/000110465920025423/tm2010925d1_ex99-01.htm,0001104659-20-025423
https://www.sec.gov/Archives/edgar/data/849399/000115752320000166/a52169472_ex9901.htm,0001157523-20-000166
https://www.sec.gov/Archives/edgar/data/849399/000110465920002689/tm201508d1_ex99-01.htm,0001104659-20-002689
https://www.sec.gov/Archives/edgar/data/849399/000110465919062646/tm1922451d1_ex99-01.htm,0001104659-19-062646
https://www.sec.gov/Archives/edgar/data/849399/000084939919000017/exh9902nlok10419profor.htm,0000849399-19-000017
https://www.sec.gov/Archives/edgar/data/849399/000115752319002234/a52124959ex99_01.htm,0001157523-19-002234
https://www.sec.gov/Archives/edgar/data/849399/000115752319002234/a52124959ex99_02.htm,0001157523-19-002234
https://www.sec.gov/Archives/edgar/data/849399/000110465919059239/tm1921662d1_ex99-01.htm,0001104659-19-059239
https://www.sec.gov/Archives/edgar/data/849399/000110465919044918/a19-16742_1ex99d1.htm,0001104659-19-044918
https://www.sec.gov/Archives/edgar/data/849399/000115752319001784/a52076085ex99_01.htm,0001157523-19-001784
https://www.sec.gov/Archives/edgar/data/849399/000115752319001183/a51981918ex99_01.htm,0001157523-19-001183
https://www.sec.gov/Archives/edgar/data/849399/000115752319001183/a51981918ex99_02.htm,0001157523-19-001183
https://www.sec.gov/Archives/edgar/data/849399/000119312519024436/d691232dex9901.htm,0001193125-19-024436
https://www.sec.gov/Archives/edgar/data/849399/000115752319000204/a51933078ex99_01.htm,0001157523-19-000204
https://www.sec.gov/Archives/edgar/data/849399/000119312519004649/d684694dex9901.htm,0001193125-19-004649
https://www.sec.gov/Archives/edgar/data/882095/000088209523000029/exhibit991earningspressrel.htm,0000882095-23-000029
https://www.sec.gov/Archives/edgar/data/882095/000110465923092665/tm2323971d1_ex99-1.htm,0001104659-23-092665
https://www.sec.gov/Archives/edgar/data/882095/000088209523000022/exhibit991earningspressrel.htm,0000882095-23-000022
https://www.sec.gov/Archives/edgar/data/882095/000088209523000014/exhibit991earningspressrel.htm,0000882095-23-000014
https://www.sec.gov/Archives/edgar/data/882095/000088209523000003/exhibit991earningspressrel.htm,0000882095-23-000003
https://www.sec.gov/Archives/edgar/data/882095/000088209522000022/exhibit991earningspressrel.htm,0000882095-22-000022
https://www.sec.gov/Archives/edgar/data/882095/000088209522000016/exhibit991earningspressrel.htm,0000882095-22-000016
https://www.sec.gov/Archives/edgar/data/882095/000088209522000010/exhibit991earningspressrel.htm,0000882095-22-000010
https://www.sec.gov/Archives/edgar/data/882095/000110465922030888/tm228518d1_ex99-1.htm,0001104659-22-030888
https://www.sec.gov/Archives/edgar/data/882095/000110465922030888/tm228518d1_ex99-2.htm,0001104659-22-030888
https://www.sec.gov/Archives/edgar/data/882095/000088209522000003/exhibit991earningspressrel.htm,0000882095-22-000003
https://www.sec.gov/Archives/edgar/data/882095/000088209521000024/exhibit991earningspressrel.htm,0000882095-21-000024
https://www.sec.gov/Archives/edgar/data/882095/000088209521000018/exhibit991earningspressrel.htm,0000882095-21-000018
https://www.sec.gov/Archives/edgar/data/882095/000088209521000010/exhibit991earningspressrel.htm,0000882095-21-000010
https://www.sec.gov/Archives/edgar/data/882095/000088209521000005/exhibit991earningspressrel.htm,0000882095-21-000005
https://www.sec.gov/Archives/edgar/data/882095/000088209521000002/exhibit991guidancepressrel.htm,0000882095-21-000002
https://www.sec.gov/Archives/edgar/data/882095/000110465920133195/tm2037941d1_ex99-1.htm,0001104659-20-133195
https://www.sec.gov/Archives/edgar/data/882095/000088209520000023/exhibit991earningspres.htm,0000882095-20-000023
https://www.sec.gov/Archives/edgar/data/882095/000110465920117765/tm2030810d13_ex99-1.htm,0001104659-20-117765
https://www.sec.gov/Archives/edgar/data/882095/000110465920117064/tm2030810d15_ex99-1.htm,0001104659-20-117064
https://www.sec.gov/Archives/edgar/data/882095/000095010320017822/dp136480_ex9901.htm,0000950103-20-017822
https://www.sec.gov/Archives/edgar/data/882095/000088209520000016/exhibit991earningspres.htm,0000882095-20-000016
https://www.sec.gov/Archives/edgar/data/882095/000110465920073779/tm2022696d1_ex99-1.htm,0001104659-20-073779
https://www.sec.gov/Archives/edgar/data/882095/000088209520000009/exhibit991earningspressrel.htm,0000882095-20-000009
https://www.sec.gov/Archives/edgar/data/882095/000110465920027472/tm2011253d2_ex99-1.htm,0001104659-20-027472
https://www.sec.gov/Archives/edgar/data/882095/000088209520000003/exhibit991earningspres.htm,0000882095-20-000003
https://www.sec.gov/Archives/edgar/data/882095/000110465920009228/tm206314d1_ex99-1.htm,0001104659-20-009228
https://www.sec.gov/Archives/edgar/data/882095/000088209519000024/exhibit991earningspressrel.htm,0000882095-19-000024
https://www.sec.gov/Archives/edgar/data/882095/000114420419048251/tm19202621_ex99-1.htm,0001144204-19-048251
https://www.sec.gov/Archives/edgar/data/882095/000141057819000939/tv528250_ex99-1.htm,0001410578-19-000939
https://www.sec.gov/Archives/edgar/data/882095/000088209519000017/exhibit991earningspressrel.htm,0000882095-19-000017
https://www.sec.gov/Archives/edgar/data/882095/000110465919040899/a19-12835_1ex99d1.htm,0001104659-19-040899
https://www.sec.gov/Archives/edgar/data/882095/000110465919040673/a19-12923_2ex99d1.htm,0001104659-19-040673
https://www.sec.gov/Archives/edgar/data/882095/000110465919040672/a19-12923_1ex99d1.htm,0001104659-19-040672
https://www.sec.gov/Archives/edgar/data/882095/000110465919032209/a19-10759_1ex99d1.htm,0001104659-19-032209
https://www.sec.gov/Archives/edgar/data/882095/000088209519000011/exhibit991earningspressrel.htm,0000882095-19-000011
https://www.sec.gov/Archives/edgar/data/882095/000110465919025972/a19-9225_1ex99d1.htm,0001104659-19-025972
https://www.sec.gov/Archives/edgar/data/882095/000088209519000003/exhibit991earningspressrel.htm,0000882095-19-000003
https://www.sec.gov/Archives/edgar/data/1609711/000160971123000165/gddyex991-20230930xq3earni.htm,0001609711-23-000165
https://www.sec.gov/Archives/edgar/data/1609711/000160971123000127/gddyex991-20230630xq2earni.htm,0001609711-23-000127
https://www.sec.gov/Archives/edgar/data/1609711/000160971123000122/ex991-closingpressrelease2.htm,0001609711-23-000122
https://www.sec.gov/Archives/edgar/data/1609711/000160971123000116/exhibit991-repricing.htm,0001609711-23-000116
https://www.sec.gov/Archives/edgar/data/1609711/000160971123000080/gddyex991-20230331xq1earni.htm,0001609711-23-000080
https://www.sec.gov/Archives/edgar/data/1609711/000160971123000028/a12312022-ex991q4earningsr.htm,0001609711-23-000028
https://www.sec.gov/Archives/edgar/data/1609711/000160971123000009/exhibit991-bodupdates.htm,0001609711-23-000009
https://www.sec.gov/Archives/edgar/data/1609711/000160971122000141/ex991-closingpressrelease2.htm,0001609711-22-000141
https://www.sec.gov/Archives/edgar/data/1609711/000160971122000130/gddyex991-20220930xq3earni.htm,0001609711-22-000130
https://www.sec.gov/Archives/edgar/data/1609711/000160971122000126/exhibit991.htm,0001609711-22-000126
https://www.sec.gov/Archives/edgar/data/1609711/000160971122000118/exhibit991pressrelease.htm,0001609711-22-000118
https://www.sec.gov/Archives/edgar/data/1609711/000160971122000101/gddyex991-20220630xq2earni.htm,0001609711-22-000101
https://www.sec.gov/Archives/edgar/data/1609711/000160971122000097/gddy-20220715_d2.htm iXBRL,0001609711-22-000097
https://www.sec.gov/Archives/edgar/data/1609711/000160971122000060/gddyex991-20220331xq1earni.htm,0001609711-22-000060
https://www.sec.gov/Archives/edgar/data/1609711/000160971122000019/pressreleaseasr21422.htm,0001609711-22-000019
https://www.sec.gov/Archives/edgar/data/1609711/000160971122000017/a12312021-ex991q4earningsr.htm,0001609711-22-000017
https://www.sec.gov/Archives/edgar/data/1609711/000160971122000003/cooannouncement1052022.htm,0001609711-22-000003
https://www.sec.gov/Archives/edgar/data/1609711/000160971121000122/gddyblogpostnov222021.htm,0001609711-21-000122
https://www.sec.gov/Archives/edgar/data/1609711/000160971121000114/gddyex991-20210930xq3earni.htm,0001609711-21-000114
https://www.sec.gov/Archives/edgar/data/1609711/000160971121000107/asr_announcementxvfinal.htm,0001609711-21-000107
https://www.sec.gov/Archives/edgar/data/1609711/000160971121000101/gddyex991-20210630xq2earni.htm,0001609711-21-000101
https://www.sec.gov/Archives/edgar/data/1609711/000160971121000059/gddyex991-20210331xq1earni.htm,0001609711-21-000059
https://www.sec.gov/Archives/edgar/data/1609711/000160971121000059/cfoclopressrelease.htm,0001609711-21-000059
https://www.sec.gov/Archives/edgar/data/1609711/000160971121000026/ex991-godaddyxprojecttoyst.htm,0001609711-21-000026
https://www.sec.gov/Archives/edgar/data/1609711/000160971121000026/ex992-godaddyxprojecttoyst.htm,0001609711-21-000026
https://www.sec.gov/Archives/edgar/data/1609711/000160971121000008/a12312020-ex991q4earningsr.htm,0001609711-21-000008
https://www.sec.gov/Archives/edgar/data/1609711/000160971121000008/a12312020-ex992xexecutiver.htm,0001609711-21-000008
https://www.sec.gov/Archives/edgar/data/1609711/000160971120000141/gddyex991-20200930xq3e.htm,0001609711-20-000141
https://www.sec.gov/Archives/edgar/data/1609711/000160971120000105/gddy8kexhibit991-20200.htm,0001609711-20-000105
https://www.sec.gov/Archives/edgar/data/1609711/000119312520177094/d934654dex991.htm,0001193125-20-177094
https://www.sec.gov/Archives/edgar/data/1609711/000160971120000056/gddy8kexhibit991-20200.htm,0001609711-20-000056
https://www.sec.gov/Archives/edgar/data/1609711/000160971120000013/a12312019-exhibit991q4.htm,0001609711-20-000013
https://www.sec.gov/Archives/edgar/data/1609711/000160971119000226/gddy8kexhibit991-20190930x.htm,0001609711-19-000226
https://www.sec.gov/Archives/edgar/data/1609711/000160971119000190/gddyexhibit991-ceochange.htm,0001609711-19-000190
https://www.sec.gov/Archives/edgar/data/1609711/000160971119000185/gddy8kexhibit991-20190630x.htm,0001609711-19-000185
https://www.sec.gov/Archives/edgar/data/1609711/000160971119000111/ex991-proposednotesofferin.htm,0001609711-19-000111
https://www.sec.gov/Archives/edgar/data/1609711/000160971119000111/ex992-notespricingpr.htm,0001609711-19-000111
https://www.sec.gov/Archives/edgar/data/1609711/000160971119000087/gddy8kexhibit991-20190331x.htm,0001609711-19-000087
https://www.sec.gov/Archives/edgar/data/1609711/000160971119000015/ex991_gdxpr2252019.htm,0001609711-19-000015
https://www.sec.gov/Archives/edgar/data/1609711/000160971119000010/a12312018-exhibit991q4earn.htm,0001609711-19-000010
https://www.sec.gov/Archives/edgar/data/860730/000119312523274071/d263099dex991.htm,0001193125-23-274071
https://www.sec.gov/Archives/edgar/data/860730/000119312523261204/d551352dex991.htm,0001193125-23-261204
https://www.sec.gov/Archives/edgar/data/860730/000119312523195360/d536904dex991.htm,0001193125-23-195360
https://www.sec.gov/Archives/edgar/data/860730/000119312523184269/d522417dex991.htm,0001193125-23-184269
https://www.sec.gov/Archives/edgar/data/860730/000119312523155487/d495615dex991.htm iXBRL,0001193125-23-155487
https://www.sec.gov/Archives/edgar/data/860730/000119312523109258/d431466dex991.htm,0001193125-23-109258
https://www.sec.gov/Archives/edgar/data/860730/000119312523016833/d268135dex991.htm,0001193125-23-016833
https://www.sec.gov/Archives/edgar/data/860730/000119312522269593/d514243dex991.htm,0001193125-22-269593
https://www.sec.gov/Archives/edgar/data/860730/000119312522266319/d311683dex991.htm,0001193125-22-266319
https://www.sec.gov/Archives/edgar/data/860730/000119312522199606/d383183dex991.htm,0001193125-22-199606
https://www.sec.gov/Archives/edgar/data/860730/000119312522114235/d326102dex991.htm,0001193125-22-114235
https://www.sec.gov/Archives/edgar/data/860730/000119312522062405/d278308dex991.htm,0001193125-22-062405
https://www.sec.gov/Archives/edgar/data/860730/000119312522019075/d292652dex991.htm,0001193125-22-019075
https://www.sec.gov/Archives/edgar/data/860730/000119312522019075/d292652dex992.htm,0001193125-22-019075
https://www.sec.gov/Archives/edgar/data/860730/000119312521304715/d209654dex991.htm,0001193125-21-304715
https://www.sec.gov/Archives/edgar/data/860730/000119312521225096/d140971dex991.htm,0001193125-21-225096
https://www.sec.gov/Archives/edgar/data/860730/000119312521219158/d141111dex991.htm,0001193125-21-219158
https://www.sec.gov/Archives/edgar/data/860730/000119312521125676/d166528dex991.htm,0001193125-21-125676
https://www.sec.gov/Archives/edgar/data/860730/000119312521025346/d66612dex991.htm,0001193125-21-025346
https://www.sec.gov/Archives/edgar/data/860730/000119312520276104/d59375dex991.htm,0001193125-20-276104
https://www.sec.gov/Archives/edgar/data/860730/000119312520266399/d49783dex991.htm,0001193125-20-266399
https://www.sec.gov/Archives/edgar/data/860730/000119312520196820/d887683dex991.htm,0001193125-20-196820
https://www.sec.gov/Archives/edgar/data/860730/000119312520112965/d921064dex991.htm,0001193125-20-112965
https://www.sec.gov/Archives/edgar/data/860730/000119312520030658/d870001dex991.htm,0001193125-20-030658
https://www.sec.gov/Archives/edgar/data/860730/000119312520030658/d870001dex992.htm,0001193125-20-030658
https://www.sec.gov/Archives/edgar/data/860730/000119312520016154/d879257dex991.htm,0001193125-20-016154
https://www.sec.gov/Archives/edgar/data/860730/000119312519277113/d826383dex991.htm,0001193125-19-277113
https://www.sec.gov/Archives/edgar/data/860730/000119312519206299/d757920dex991.htm,0001193125-19-206299
https://www.sec.gov/Archives/edgar/data/860730/000119312519127530/d738191dex991.htm,0001193125-19-127530
https://www.sec.gov/Archives/edgar/data/860730/000119312519050027/d709968dex991.htm,0001193125-19-050027
https://www.sec.gov/Archives/edgar/data/860730/000119312519019842/d689916dex991.htm,0001193125-19-019842
https://www.sec.gov/Archives/edgar/data/860730/000119312519010996/d673403dex991.htm,0001193125-19-010996
https://www.sec.gov/Archives/edgar/data/860730/000119312519010996/d673403dex992.htm,0001193125-19-010996
https://www.sec.gov/Archives/edgar/data/1000228/000119312523297629/d27795dex991.htm,0001193125-23-297629
https://www.sec.gov/Archives/edgar/data/1000228/000119312523278944/d297418dex991.htm,0001193125-23-278944
https://www.sec.gov/Archives/edgar/data/1000228/000100022823000046/exhibit991.htm,0001000228-23-000046
https://www.sec.gov/Archives/edgar/data/1000228/000119312523269356/d502600dex991.htm,0001193125-23-269356
https://www.sec.gov/Archives/edgar/data/1000228/000119312523256465/d489139dex991.htm,0001193125-23-256465
https://www.sec.gov/Archives/edgar/data/1000228/000100022823000041/exhibit991.htm,0001000228-23-000041
https://www.sec.gov/Archives/edgar/data/1000228/000119312523186248/d534011dex991.htm,0001193125-23-186248
https://www.sec.gov/Archives/edgar/data/1000228/000100022823000024/exhibit991.htm,0001000228-23-000024
https://www.sec.gov/Archives/edgar/data/1000228/000119312523049547/d447730dex991.htm,0001193125-23-049547
https://www.sec.gov/Archives/edgar/data/1000228/000100022823000006/exhibit991.htm,0001000228-23-000006
https://www.sec.gov/Archives/edgar/data/1000228/000100022822000066/exhibit991.htm,0001000228-22-000066
https://www.sec.gov/Archives/edgar/data/1000228/000100022822000053/exhibit991.htm,0001000228-22-000053
https://www.sec.gov/Archives/edgar/data/1000228/000100022822000030/exhibit991.htm,0001000228-22-000030
https://www.sec.gov/Archives/edgar/data/1000228/000119312522094333/d337149dex991.htm,0001193125-22-094333
https://www.sec.gov/Archives/edgar/data/1000228/000100022822000013/exhibit991.htm,0001000228-22-000013
https://www.sec.gov/Archives/edgar/data/1000228/000119312522002148/d207148dex991.htm,0001193125-22-002148
https://www.sec.gov/Archives/edgar/data/1000228/000119312521350793/d263555dex991.htm,0001193125-21-350793
https://www.sec.gov/Archives/edgar/data/1000228/000100022821000078/exhibit991.htm,0001000228-21-000078
https://www.sec.gov/Archives/edgar/data/1000228/000119312521253351/d169457dex991.htm,0001193125-21-253351
https://www.sec.gov/Archives/edgar/data/1000228/000100022821000058/exhibit991.htm,0001000228-21-000058
https://www.sec.gov/Archives/edgar/data/1000228/000100022821000033/exhibit991.htm,0001000228-21-000033
https://www.sec.gov/Archives/edgar/data/1000228/000119312521072310/d131793dex991.htm,0001193125-21-072310
https://www.sec.gov/Archives/edgar/data/1000228/000100022821000016/exhibit991.htm,0001000228-21-000016
https://www.sec.gov/Archives/edgar/data/1000228/000119312521035462/d120021dex991.htm,0001193125-21-035462
https://www.sec.gov/Archives/edgar/data/1000228/000100022820000064/exhibit991.htm,0001000228-20-000064
https://www.sec.gov/Archives/edgar/data/1000228/000100022820000053/exhibit991.htm,0001000228-20-000053
https://www.sec.gov/Archives/edgar/data/1000228/000119312520178254/d948426dex991.htm,0001193125-20-178254
https://www.sec.gov/Archives/edgar/data/1000228/000100022820000031/exhibit991.htm,0001000228-20-000031
https://www.sec.gov/Archives/edgar/data/1000228/000119312520112187/d910136dex991.htm,0001193125-20-112187
https://www.sec.gov/Archives/edgar/data/1000228/000100022820000014/exhibit991.htm,0001000228-20-000014
https://www.sec.gov/Archives/edgar/data/1000228/000100022819000065/exhibit991.htm,0001000228-19-000065
https://www.sec.gov/Archives/edgar/data/1000228/000119312519270398/d81064dex991.htm,0001193125-19-270398
https://www.sec.gov/Archives/edgar/data/1000228/000119312519270398/d81064dex992.htm,0001193125-19-270398
https://www.sec.gov/Archives/edgar/data/1000228/000100022819000047/exhibit991_2q19.htm,0001000228-19-000047
https://www.sec.gov/Archives/edgar/data/1000228/000100022819000028/exhibit991_1q19.htm,0001000228-19-000028
https://www.sec.gov/Archives/edgar/data/1000228/000100022819000012/exhibit991_4q18.htm,0001000228-19-000012
https://www.sec.gov/Archives/edgar/data/1000228/000119312519032454/d702540dex991.htm,0001193125-19-032454
https://www.sec.gov/Archives/edgar/data/1645590/000164559023000110/ex991-pressreleasemariemye.htm,0001645590-23-000110
https://www.sec.gov/Archives/edgar/data/1645590/000164559023000105/ex-991x11282023x8k.htm,0001645590-23-000105
https://www.sec.gov/Archives/edgar/data/1645590/000164559023000103/hpesam2023pressrelease.htm,0001645590-23-000103
https://www.sec.gov/Archives/edgar/data/1645590/000164559023000093/ex991-newsroomblogpostnews.htm,0001645590-23-000093
https://www.sec.gov/Archives/edgar/data/1645590/000164559023000082/ex-991x8292023x8k.htm,0001645590-23-000082
https://www.sec.gov/Archives/edgar/data/1645590/000164559023000079/ex991-pressreleaserobbiati.htm,0001645590-23-000079
https://www.sec.gov/Archives/edgar/data/1645590/000164559023000076/ex991pressreleasebethanyma.htm,0001645590-23-000076
https://www.sec.gov/Archives/edgar/data/1645590/000164559023000054/ex-991x5302023x8k.htm,0001645590-23-000054
https://www.sec.gov/Archives/edgar/data/1645590/000164559023000029/ex-991x322023x8k.htm,0001645590-23-000029
https://www.sec.gov/Archives/edgar/data/1645590/000164559023000029/ex-992x322023x8k.htm,0001645590-23-000029
https://www.sec.gov/Archives/edgar/data/1645590/000164559023000011/ex-991x02092023x8k.htm,0001645590-23-000011
https://www.sec.gov/Archives/edgar/data/1645590/000164559023000005/ex991pressrelease.htm,0001645590-23-000005
https://www.sec.gov/Archives/edgar/data/1645590/000164559022000067/ex-991x10312022x8kng.htm,0001645590-22-000067
https://www.sec.gov/Archives/edgar/data/1645590/000164559022000060/ex-991pressreleasesam.htm,0001645590-22-000060
https://www.sec.gov/Archives/edgar/data/1645590/000164559022000055/ex-991pressrelease.htm,0001645590-22-000055
https://www.sec.gov/Archives/edgar/data/1645590/000164559022000047/ex-991x7312022x8k.htm,0001645590-22-000047
https://www.sec.gov/Archives/edgar/data/1645590/000164559022000025/ex-991x4302022x8k.htm,0001645590-22-000025
https://www.sec.gov/Archives/edgar/data/1645590/000164559022000010/ex-991x1312022x8k.htm,0001645590-22-000010
https://www.sec.gov/Archives/edgar/data/1645590/000164559021000063/ex-991x10312021x8kng.htm,0001645590-21-000063
https://www.sec.gov/Archives/edgar/data/1645590/000164559021000061/exh991pressrelease10-28x21.htm,0001645590-21-000061
https://www.sec.gov/Archives/edgar/data/1645590/000164559021000053/ex-991x7312021x8kng.htm,0001645590-21-000053
https://www.sec.gov/Archives/edgar/data/1645590/000164559021000048/exh991pressrelease7-1x21.htm,0001645590-21-000048
https://www.sec.gov/Archives/edgar/data/1645590/000164559021000038/ex-991x4302021x8kng.htm,0001645590-21-000038
https://www.sec.gov/Archives/edgar/data/1645590/000164559021000013/ex-991x1312021x8kng.htm,0001645590-21-000013
https://www.sec.gov/Archives/edgar/data/1645590/000164559021000004/ex-991x02042021x8kng.htm,0001645590-21-000004
https://www.sec.gov/Archives/edgar/data/1645590/000164559020000053/ex-991x10312020x8kng.htm,0001645590-20-000053
https://www.sec.gov/Archives/edgar/data/1645590/000164559020000045/exh991pressrelease10-1.htm,0001645590-20-000045
https://www.sec.gov/Archives/edgar/data/1645590/000164559020000043/exh991pressrelease9-21.htm,0001645590-20-000043
https://www.sec.gov/Archives/edgar/data/1645590/000164559020000037/ex-991x7312020x8kng.htm,0001645590-20-000037
https://www.sec.gov/Archives/edgar/data/1645590/000114036120016321/nt10013377x6_ex99-1.htm,0001140361-20-016321
https://www.sec.gov/Archives/edgar/data/1645590/000164559020000032/exh991pressrelease.htm,0001645590-20-000032
https://www.sec.gov/Archives/edgar/data/1645590/000164559020000032/hpe_silverxpeakxinvestor.htm,0001645590-20-000032
https://www.sec.gov/Archives/edgar/data/1645590/000164559020000019/ex-991x4302020x8kng.htm,0001645590-20-000019
https://www.sec.gov/Archives/edgar/data/1645590/000164559020000006/ex-991x1312020x8k.htm,0001645590-20-000006
https://www.sec.gov/Archives/edgar/data/1645590/000164559020000004/ex-991x02122020x8k.htm,0001645590-20-000004
https://www.sec.gov/Archives/edgar/data/1645590/000164559020000002/ex99prbodchangenoskian.htm,0001645590-20-000002
https://www.sec.gov/Archives/edgar/data/1645590/000164559019000042/ex-991x10312019x8k.htm,0001645590-19-000042
https://www.sec.gov/Archives/edgar/data/1645590/000164559019000037/sam2019pressrelease.htm,0001645590-19-000037
https://www.sec.gov/Archives/edgar/data/1645590/000141057819001424/tv529979_ex99-1.htm,0001410578-19-001424
https://www.sec.gov/Archives/edgar/data/1645590/000164559019000028/ex-991x7312019x8k.htm,0001645590-19-000028
https://www.sec.gov/Archives/edgar/data/1645590/000164559019000021/hpekurtzpressrelease.htm,0001645590-19-000021
https://www.sec.gov/Archives/edgar/data/1645590/000164559019000012/ex-991x4302019x8k.htm,0001645590-19-000012
https://www.sec.gov/Archives/edgar/data/1645590/000110465919030135/a19-10089_1ex99d1.htm,0001104659-19-030135
https://www.sec.gov/Archives/edgar/data/1645590/000110465919030135/a19-10089_1ex99d2.htm,0001104659-19-030135
https://www.sec.gov/Archives/edgar/data/1645590/000164559019000008/ex-991x1312019x8k.htm,0001645590-19-000008
https://www.sec.gov/Archives/edgar/data/1645590/000164559019000006/ex-991x02132019x8k.htm,0001645590-19-000006
https://www.sec.gov/Archives/edgar/data/1645590/000164559019000003/hpebodpressrelease.htm,0001645590-19-000003
https://www.sec.gov/Archives/edgar/data/47217/000004721723000091/hp103123exhibit991q423.htm,0000047217-23-000091
https://www.sec.gov/Archives/edgar/data/47217/000004721723000086/a2023samexhibit991.htm,0000047217-23-000086
https://www.sec.gov/Archives/edgar/data/47217/000004721723000060/hp73123exhibit991q323.htm,0000047217-23-000060
https://www.sec.gov/Archives/edgar/data/47217/000114036123034085/brhc20055698_ex99-1.htm,0001140361-23-034085
https://www.sec.gov/Archives/edgar/data/47217/000114036123034085/brhc20055698_ex99-2.htm,0001140361-23-034085
https://www.sec.gov/Archives/edgar/data/47217/000114036123031447/brhc20054892_ex99-1.htm,0001140361-23-031447
https://www.sec.gov/Archives/edgar/data/47217/000004721723000035/hp43023exhibit991q223.htm,0000047217-23-000035
https://www.sec.gov/Archives/edgar/data/47217/000004721723000015/hp13123exhibit991q123.htm,0000047217-23-000015
https://www.sec.gov/Archives/edgar/data/47217/000004721722000061/hp103122exhibit991q422.htm,0000047217-22-000061
https://www.sec.gov/Archives/edgar/data/47217/000004721722000047/hp073122exhibit991q322.htm,0000047217-22-000047
https://www.sec.gov/Archives/edgar/data/47217/000095010322014548/dp178974_ex9901.htm,0000950103-22-014548
https://www.sec.gov/Archives/edgar/data/47217/000114036122026395/ny20004428x6_ex99-1.htm,0001140361-22-026395
https://www.sec.gov/Archives/edgar/data/47217/000114036122022344/ny20004428x3_ex99-1.htm,0001140361-22-022344
https://www.sec.gov/Archives/edgar/data/47217/000004721722000032/hp43022exhibit991q222.htm,0000047217-22-000032
https://www.sec.gov/Archives/edgar/data/47217/000114036122012297/ny20003591x4_ex99-1.htm,0001140361-22-012297
https://www.sec.gov/Archives/edgar/data/47217/000095010322005264/dp169896_ex9901.htm,0000950103-22-005264
https://www.sec.gov/Archives/edgar/data/47217/000004721722000006/hp13122exhibit991q122ng.htm,0000047217-22-000006
https://www.sec.gov/Archives/edgar/data/47217/000004721721000055/hp-103121exhibit991q421ng.htm,0000047217-21-000055
https://www.sec.gov/Archives/edgar/data/47217/000114036121035009/brhc10029949_ex99-1.htm,0001140361-21-035009
https://www.sec.gov/Archives/edgar/data/47217/000004721721000043/hp-73121exhibit991q321ng.htm,0000047217-21-000043
https://www.sec.gov/Archives/edgar/data/47217/000004721721000024/hp-4x30x21exhibit991q221.htm,0000047217-21-000024
https://www.sec.gov/Archives/edgar/data/47217/000004721721000003/hp-1x31x21exhibit991q121ng.htm,0000047217-21-000003
https://www.sec.gov/Archives/edgar/data/47217/000114036121001455/brhc10019011_ex99-1.htm,0001140361-21-001455
https://www.sec.gov/Archives/edgar/data/47217/000004721720000039/hp-exhibit991q420ng.htm,0000047217-20-000039
https://www.sec.gov/Archives/edgar/data/47217/000114036120020028/brhc10014997_ex99-1.htm,0001140361-20-020028
https://www.sec.gov/Archives/edgar/data/47217/000004721720000027/hp-exhibit991q320ng.htm,0000047217-20-000027
https://www.sec.gov/Archives/edgar/data/47217/000114036120014890/nc10013143x1_ex99-1.htm,0001140361-20-014890
https://www.sec.gov/Archives/edgar/data/47217/000114036120014091/nc10012855x1_ex99-1.htm,0001140361-20-014091
https://www.sec.gov/Archives/edgar/data/47217/000114036120013484/nt10012606x5_ex99-1.htm,0001140361-20-013484
https://www.sec.gov/Archives/edgar/data/47217/000114036120013484/nt10012606x5_ex99-2.htm,0001140361-20-013484
https://www.sec.gov/Archives/edgar/data/47217/000114036120013351/nt10012606x3_ex99-1.htm,0001140361-20-013351
https://www.sec.gov/Archives/edgar/data/47217/000004721720000012/hp-exhibit991q220.htm,0000047217-20-000012
https://www.sec.gov/Archives/edgar/data/47217/000114036120004271/nt10009105x14_ex99-1.htm,0001140361-20-004271
https://www.sec.gov/Archives/edgar/data/47217/000114036120003924/nt10009105x3_ex99-1.htm,0001140361-20-003924
https://www.sec.gov/Archives/edgar/data/47217/000114036120003924/nt10009105x3_ex99-2.htm,0001140361-20-003924
https://www.sec.gov/Archives/edgar/data/47217/000004721720000004/hp-exhibit991q1fy20.htm,0000047217-20-000004
https://www.sec.gov/Archives/edgar/data/47217/000093041320000467/c95307_ex99-1.htm,0000930413-20-000467
https://www.sec.gov/Archives/edgar/data/47217/000004721719000061/hp-exhibit991q4fy19.htm,0000047217-19-000061
https://www.sec.gov/Archives/edgar/data/47217/000004721719000052/sam2019-pressreleasefinal.htm,0000047217-19-000052
https://www.sec.gov/Archives/edgar/data/47217/000119312519226886/d795838dex991.htm,0001193125-19-226886
https://www.sec.gov/Archives/edgar/data/47217/000004721719000044/hp-073119xexhibit991q319.htm,0000047217-19-000044
https://www.sec.gov/Archives/edgar/data/47217/000004721719000025/hp-exhibit991q2.htm,0000047217-19-000025
https://www.sec.gov/Archives/edgar/data/47217/000004721719000011/hp-exhibit991q1fy19.htm,0000047217-19-000011
https://www.sec.gov/Archives/edgar/data/49071/000162828023038312/exhibit991-closing8xk.htm,0001628280-23-038312
https://www.sec.gov/Archives/edgar/data/49071/000162828023036761/exhibit991-8xk.htm,0001628280-23-036761
https://www.sec.gov/Archives/edgar/data/49071/000004907123000062/hum-2023q38kxex99x1brief.htm,0000049071-23-000062
https://www.sec.gov/Archives/edgar/data/49071/000004907123000062/hum-2023q38kxex99x2detailed.htm,0000049071-23-000062
https://www.sec.gov/Archives/edgar/data/49071/000004907123000058/exhibit991pressrelease.htm,0000049071-23-000058
https://www.sec.gov/Archives/edgar/data/49071/000004907123000046/hum-2023q28kxex99x1brief.htm,0000049071-23-000046
https://www.sec.gov/Archives/edgar/data/49071/000004907123000046/hum-2023q28kxex99x2detailed.htm,0000049071-23-000046
https://www.sec.gov/Archives/edgar/data/49071/000004907123000022/hum-2023q18kxex99x1brief.htm,0000049071-23-000022
https://www.sec.gov/Archives/edgar/data/49071/000004907123000022/hum-2023q18kxex99x2detailed.htm,0000049071-23-000022
https://www.sec.gov/Archives/edgar/data/49071/000119312523069153/d484848dex991.htm,0001193125-23-069153
https://www.sec.gov/Archives/edgar/data/49071/000119312523054410/d461254dex991.htm,0001193125-23-054410
https://www.sec.gov/Archives/edgar/data/49071/000004907123000007/hum-2022q48kxex99x1brief.htm,0000049071-23-000007
https://www.sec.gov/Archives/edgar/data/49071/000004907123000007/hum-2022q48kxex99x2detailed.htm,0000049071-23-000007
https://www.sec.gov/Archives/edgar/data/49071/000119312522291138/d383861dex991.htm,0001193125-22-291138
https://www.sec.gov/Archives/edgar/data/49071/000119312522280280/d377817dex991.htm,0001193125-22-280280
https://www.sec.gov/Archives/edgar/data/49071/000004907122000069/hum-2022q38kxex99x1brief.htm,0000049071-22-000069
https://www.sec.gov/Archives/edgar/data/49071/000004907122000069/hum-2022q38kxex99x2detailed.htm,0000049071-22-000069
https://www.sec.gov/Archives/edgar/data/49071/000004907122000060/exhibit991directorelection.htm,0000049071-22-000060
https://www.sec.gov/Archives/edgar/data/49071/000004907122000060/exhibit992investorday.htm,0000049071-22-000060
https://www.sec.gov/Archives/edgar/data/49071/000004907122000054/hum-2022q28kxex99x1brief.htm,0000049071-22-000054
https://www.sec.gov/Archives/edgar/data/49071/000004907122000054/hum-2022q28kxex99x2detailed.htm,0000049071-22-000054
https://www.sec.gov/Archives/edgar/data/49071/000004907122000029/hum-2022q18kxex99x1brief.htm,0000049071-22-000029
https://www.sec.gov/Archives/edgar/data/49071/000004907122000029/hum-2022q18kxex99x2detailed.htm,0000049071-22-000029
https://www.sec.gov/Archives/edgar/data/49071/000119312522112157/d330407dex991.htm,0001193125-22-112157
https://www.sec.gov/Archives/edgar/data/49071/000119312522082811/d335183dex991.htm,0001193125-22-082811
https://www.sec.gov/Archives/edgar/data/49071/000119312522081176/d297975dex991.htm,0001193125-22-081176
https://www.sec.gov/Archives/edgar/data/49071/000004907122000024/exhibit991.htm,0000049071-22-000024
https://www.sec.gov/Archives/edgar/data/49071/000089534522000208/ff815015_ex991.htm,0000895345-22-000208
https://www.sec.gov/Archives/edgar/data/49071/000004907122000010/hum-2021q48kxex99x1brief.htm,0000049071-22-000010
https://www.sec.gov/Archives/edgar/data/49071/000004907122000010/hum-2021q48kxex99x2detailed.htm,0000049071-22-000010
https://www.sec.gov/Archives/edgar/data/49071/000004907121000134/hum-2021q38kxex99x1brief.htm,0000049071-21-000134
https://www.sec.gov/Archives/edgar/data/49071/000004907121000134/hum-2021q38kxex99x2detailed.htm,0000049071-21-000134
https://www.sec.gov/Archives/edgar/data/49071/000119312521235039/d161015dex991.htm,0001193125-21-235039
https://www.sec.gov/Archives/edgar/data/49071/000119312521231838/d180470dex991.htm,0001193125-21-231838
https://www.sec.gov/Archives/edgar/data/49071/000004907121000110/hum-2021q28kxex99x1brief.htm,0000049071-21-000110
https://www.sec.gov/Archives/edgar/data/49071/000004907121000110/hum-2021q28kxex99x2.htm,0000049071-21-000110
https://www.sec.gov/Archives/edgar/data/49071/000004907121000079/hum-2021q18kxex99x1.htm,0000049071-21-000079
https://www.sec.gov/Archives/edgar/data/49071/000004907121000079/hum-2021q18kxex99x2.htm,0000049071-21-000079
https://www.sec.gov/Archives/edgar/data/49071/000004907121000079/exhibit993kindredathome-.htm,0000049071-21-000079
https://www.sec.gov/Archives/edgar/data/49071/000004907121000079/exhibit994kindredathomea.htm,0000049071-21-000079
https://www.sec.gov/Archives/edgar/data/49071/000004907121000034/hum8k_ex99x1linked.htm,0000049071-21-000034
https://www.sec.gov/Archives/edgar/data/49071/000004907121000022/hum-2020q48kxex99x1.htm,0000049071-21-000022
https://www.sec.gov/Archives/edgar/data/49071/000004907121000022/hum-2020q48kxex99x2.htm,0000049071-21-000022
https://www.sec.gov/Archives/edgar/data/49071/000004907121000022/a4q2020earningsslidedeck.htm,0000049071-21-000022
https://www.sec.gov/Archives/edgar/data/49071/000004907120000132/hum-2020q38kxex99x1.htm,0000049071-20-000132
https://www.sec.gov/Archives/edgar/data/49071/000004907120000132/hum-2020q38kxex99x2.htm,0000049071-20-000132
https://www.sec.gov/Archives/edgar/data/49071/000004907120000120/hum8k_ex99x1linked.htm,0000049071-20-000120
https://www.sec.gov/Archives/edgar/data/49071/000004907120000104/hum-2020q28kxex99x1.htm,0000049071-20-000104
https://www.sec.gov/Archives/edgar/data/49071/000004907120000104/hum-2020q28kxex99x2.htm,0000049071-20-000104
https://www.sec.gov/Archives/edgar/data/49071/000004907120000081/hum-2020q18kxex99x1.htm,0000049071-20-000081
https://www.sec.gov/Archives/edgar/data/49071/000004907120000081/hum-2020q18kxex99x2.htm,0000049071-20-000081
https://www.sec.gov/Archives/edgar/data/49071/000004907120000071/form8kex99x1linked.htm,0000049071-20-000071
https://www.sec.gov/Archives/edgar/data/49071/000004907120000064/hum8kex99x1linked.htm,0000049071-20-000064
https://www.sec.gov/Archives/edgar/data/49071/000004907120000028/hum8k_ex99x1linked.htm,0000049071-20-000028
https://www.sec.gov/Archives/edgar/data/49071/000004907120000018/hum-2019q48kxex99x1.htm,0000049071-20-000018
https://www.sec.gov/Archives/edgar/data/49071/000004907120000018/hum-2019q48kxex99x2.htm,0000049071-20-000018
https://www.sec.gov/Archives/edgar/data/49071/000004907120000018/a4q2019earningsslidedeck.htm,0000049071-20-000018
https://www.sec.gov/Archives/edgar/data/49071/000004907119000122/hum8k_ex99x1linked.htm,0000049071-19-000122
https://www.sec.gov/Archives/edgar/data/49071/000004907119000103/hum-2019q38kxex99x1lin.htm,0000049071-19-000103
https://www.sec.gov/Archives/edgar/data/49071/000004907119000103/hum-2019q38kxex99x2lin.htm,0000049071-19-000103
https://www.sec.gov/Archives/edgar/data/49071/000004907119000093/hum8k_ex99x1linkedt.htm,0000049071-19-000093
https://www.sec.gov/Archives/edgar/data/49071/000119312519222527/d793619dex991.htm,0001193125-19-222527
https://www.sec.gov/Archives/edgar/data/49071/000119312519218110/d787420dex991.htm,0001193125-19-218110
https://www.sec.gov/Archives/edgar/data/49071/000004907119000083/hum-2019q28kxex99x1linkedt.htm,0000049071-19-000083
https://www.sec.gov/Archives/edgar/data/49071/000004907119000083/hum-2019q28kxex99x2linkedt.htm,0000049071-19-000083
https://www.sec.gov/Archives/edgar/data/49071/000119312519130862/d739159dex991.htm,0001193125-19-130862
https://www.sec.gov/Archives/edgar/data/49071/000119312519130862/d739159dex992.htm,0001193125-19-130862
https://www.sec.gov/Archives/edgar/data/49071/000119312519028836/d689286dex991.htm,0001193125-19-028836
https://www.sec.gov/Archives/edgar/data/49071/000119312519028836/d689286dex992.htm,0001193125-19-028836
https://www.sec.gov/Archives/edgar/data/49071/000119312519028836/d689286dex993.htm,0001193125-19-028836
https://www.sec.gov/Archives/edgar/data/51143/000110465923125363/tm2332699d1_ex99-1.htm,0001104659-23-125363
https://www.sec.gov/Archives/edgar/data/51143/000005114323000028/ibm-3q23xearningsxprepar.htm,0000051143-23-000028
https://www.sec.gov/Archives/edgar/data/51143/000005114323000028/ibm-3q23xearningsxpresen.htm,0000051143-23-000028
https://www.sec.gov/Archives/edgar/data/51143/000005114323000026/ibm-20231025xex991.htm,0000051143-23-000026
https://www.sec.gov/Archives/edgar/data/51143/000005114323000026/ibm-20231025xex992.htm,0000051143-23-000026
https://www.sec.gov/Archives/edgar/data/51143/000110465923085847/tm2322351d1_ex99-1.htm,0001104659-23-085847
https://www.sec.gov/Archives/edgar/data/51143/000005114323000015/ibm-2023x07x20xex991.htm,0000051143-23-000015
https://www.sec.gov/Archives/edgar/data/51143/000005114323000015/ibm-2023x07x20xex992.htm,0000051143-23-000015
https://www.sec.gov/Archives/edgar/data/51143/000005114323000010/ibm-20230719xex991.htm,0000051143-23-000010
https://www.sec.gov/Archives/edgar/data/51143/000005114323000010/ibm-20230719xex992.htm,0000051143-23-000010
https://www.sec.gov/Archives/edgar/data/51143/000155837023006321/ibm-20230419xex99d1.htm,0001558370-23-006321
https://www.sec.gov/Archives/edgar/data/51143/000155837023006321/ibm-20230419xex99d2.htm,0001558370-23-006321
https://www.sec.gov/Archives/edgar/data/51143/000155837023006218/ibm-20230419xex99d1.htm,0001558370-23-006218
https://www.sec.gov/Archives/edgar/data/51143/000155837023006218/ibm-20230419xex99d2.htm,0001558370-23-006218
https://www.sec.gov/Archives/edgar/data/51143/000155837023000608/ibm-20230125xex99d1.htm,0001558370-23-000608
https://www.sec.gov/Archives/edgar/data/51143/000155837023000608/ibm-20230125xex99d2.htm,0001558370-23-000608
https://www.sec.gov/Archives/edgar/data/51143/000155837023000529/ibm-20230125xex99d1.htm,0001558370-23-000529
https://www.sec.gov/Archives/edgar/data/51143/000155837023000529/ibm-20230125xex99d2.htm,0001558370-23-000529
https://www.sec.gov/Archives/edgar/data/51143/000155837022015133/ibm-20221019xex99d1.htm,0001558370-22-015133
https://www.sec.gov/Archives/edgar/data/51143/000155837022015133/ibm-20221019xex99d2.htm,0001558370-22-015133
https://www.sec.gov/Archives/edgar/data/51143/000155837022015079/ibm-20221019xex99d1.htm,0001558370-22-015079
https://www.sec.gov/Archives/edgar/data/51143/000155837022015079/ibm-20221019xex99d2.htm,0001558370-22-015079
https://www.sec.gov/Archives/edgar/data/51143/000155837022010829/ibm-20220718xex99d1.htm,0001558370-22-010829
https://www.sec.gov/Archives/edgar/data/51143/000155837022010829/ibm-20220718xex99d2.htm,0001558370-22-010829
https://www.sec.gov/Archives/edgar/data/51143/000155837022010793/ibm-20220718xex99d1.htm,0001558370-22-010793
https://www.sec.gov/Archives/edgar/data/51143/000155837022010793/ibm-20220718xex99d2.htm,0001558370-22-010793
https://www.sec.gov/Archives/edgar/data/51143/000155837022010793/ibm-20220718xex99d3.htm,0001558370-22-010793
https://www.sec.gov/Archives/edgar/data/51143/000155837022005646/ibm-20220419xex99d1.htm,0001558370-22-005646
https://www.sec.gov/Archives/edgar/data/51143/000155837022005646/ibm-20220419xex99d2.htm,0001558370-22-005646
https://www.sec.gov/Archives/edgar/data/51143/000155837022005584/ibm-20220419xex99d1.htm,0001558370-22-005584
https://www.sec.gov/Archives/edgar/data/51143/000155837022005584/ibm-20220419xex99d2.htm,0001558370-22-005584
https://www.sec.gov/Archives/edgar/data/51143/000155837022005584/ibm-20220419xex99d3.htm,0001558370-22-005584
https://www.sec.gov/Archives/edgar/data/51143/000155837022004921/ibm-20220331xex99d1.htm,0001558370-22-004921
https://www.sec.gov/Archives/edgar/data/51143/000155837022000425/ibm-20220124xex99d1.htm,0001558370-22-000425
https://www.sec.gov/Archives/edgar/data/51143/000155837022000425/ibm-20220124xex99d2.htm,0001558370-22-000425
https://www.sec.gov/Archives/edgar/data/51143/000155837022000384/ibm-20220124xex99d1.htm,0001558370-22-000384
https://www.sec.gov/Archives/edgar/data/51143/000155837022000384/ibm-20220124xex99d2.htm,0001558370-22-000384
https://www.sec.gov/Archives/edgar/data/51143/000155837022000384/ibm-20220124xex99d3.htm,0001558370-22-000384
https://www.sec.gov/Archives/edgar/data/51143/000155837021017039/ibm-20211227xex99d1.htm,0001558370-21-017039
https://www.sec.gov/Archives/edgar/data/51143/000155837021017039/ibm-20211227xex99d2.htm,0001558370-21-017039
https://www.sec.gov/Archives/edgar/data/51143/000155837021016363/ibm-20211129xex99d1.htm,0001558370-21-016363
https://www.sec.gov/Archives/edgar/data/51143/000155837021014643/ibm-20211103xex99d1.htm,0001558370-21-014643
https://www.sec.gov/Archives/edgar/data/51143/000155837021014643/ibm-20211103xex99d2.htm,0001558370-21-014643
https://www.sec.gov/Archives/edgar/data/51143/000155837021014643/ibm-20211103xex99d3.htm,0001558370-21-014643
https://www.sec.gov/Archives/edgar/data/51143/000155837021013351/ibm-20211020xex99d1.htm,0001558370-21-013351
https://www.sec.gov/Archives/edgar/data/51143/000155837021013351/ibm-20211020xex99d2.htm,0001558370-21-013351
https://www.sec.gov/Archives/edgar/data/51143/000155837021013312/ibm-20211020xex99d1.htm,0001558370-21-013312
https://www.sec.gov/Archives/edgar/data/51143/000155837021013312/ibm-20211020xex99d2.htm,0001558370-21-013312
https://www.sec.gov/Archives/edgar/data/51143/000155837021013312/ibm-20211020xex99d3.htm,0001558370-21-013312
https://www.sec.gov/Archives/edgar/data/51143/000110465921126749/tm2130095d1_ex99-1.htm,0001104659-21-126749
https://www.sec.gov/Archives/edgar/data/51143/000110465921125064/tm2128856d3_ex99-1.htm,0001104659-21-125064
https://www.sec.gov/Archives/edgar/data/51143/000155837021012961/ibm-20211004xex99d1.htm,0001558370-21-012961
https://www.sec.gov/Archives/edgar/data/51143/000155837021012961/ibm-20211004xex99d2.htm,0001558370-21-012961
https://www.sec.gov/Archives/edgar/data/51143/000155837021012961/ibm-20211004xex99d3.htm,0001558370-21-012961
https://www.sec.gov/Archives/edgar/data/51143/000110465921121014/tm2128856d1_ex99-1.htm,0001104659-21-121014
https://www.sec.gov/Archives/edgar/data/51143/000155837021012847/ibm-20210928xex99d1.htm,0001558370-21-012847
https://www.sec.gov/Archives/edgar/data/51143/000155837021012847/ibm-20210928xex99d2.htm,0001558370-21-012847
https://www.sec.gov/Archives/edgar/data/51143/000155837021012847/ibm-20210928xex99d3.htm,0001558370-21-012847
https://www.sec.gov/Archives/edgar/data/51143/000155837021009019/ibm-20210719xex99d1.htm,0001558370-21-009019
https://www.sec.gov/Archives/edgar/data/51143/000155837021009019/ibm-20210719xex99d2.htm,0001558370-21-009019
https://www.sec.gov/Archives/edgar/data/51143/000155837021009005/ibm-20210719xex99d1.htm,0001558370-21-009005
https://www.sec.gov/Archives/edgar/data/51143/000155837021009005/ibm-20210719xex99d2.htm,0001558370-21-009005
https://www.sec.gov/Archives/edgar/data/51143/000155837021009005/ibm-20210719xex99d3.htm,0001558370-21-009005
https://www.sec.gov/Archives/edgar/data/51143/000155837021004495/ibm-20210419xex99d1.htm,0001558370-21-004495
https://www.sec.gov/Archives/edgar/data/51143/000155837021004495/ibm-20210419xex99d2.htm,0001558370-21-004495
https://www.sec.gov/Archives/edgar/data/51143/000155837021004470/ibm-20210419xex99d1.htm,0001558370-21-004470
https://www.sec.gov/Archives/edgar/data/51143/000155837021004470/ibm-20210419xex99d2.htm,0001558370-21-004470
https://www.sec.gov/Archives/edgar/data/51143/000155837021004470/ibm-20210419xex99d3.htm,0001558370-21-004470
https://www.sec.gov/Archives/edgar/data/51143/000110465921027214/tm217754d1_ex99-1.htm,0001104659-21-027214
https://www.sec.gov/Archives/edgar/data/51143/000155837021000349/ibm-20210121xex99d1.htm,0001558370-21-000349
https://www.sec.gov/Archives/edgar/data/51143/000155837021000349/ibm-20210121xex99d2.htm,0001558370-21-000349
https://www.sec.gov/Archives/edgar/data/51143/000155837021000327/ibm-20210121xex99d1.htm,0001558370-21-000327
https://www.sec.gov/Archives/edgar/data/51143/000155837021000327/ibm-20210121xex99d2.htm,0001558370-21-000327
https://www.sec.gov/Archives/edgar/data/51143/000155837021000327/ibm-20210121xex99d3.htm,0001558370-21-000327
https://www.sec.gov/Archives/edgar/data/51143/000110465920137423/tm2038625d2_ex99-1.htm,0001104659-20-137423
https://www.sec.gov/Archives/edgar/data/51143/000110465920136302/tm2038625d1_ex99-1.htm,0001104659-20-136302
https://www.sec.gov/Archives/edgar/data/51143/000110465920136302/tm2038625d1_ex99-2.htm,0001104659-20-136302
https://www.sec.gov/Archives/edgar/data/51143/000155837020011577/ibm-20201019xex99d1.htm,0001558370-20-011577
https://www.sec.gov/Archives/edgar/data/51143/000155837020011577/ibm-20201019xex99d2.htm,0001558370-20-011577
https://www.sec.gov/Archives/edgar/data/51143/000155837020011556/ibm-20201019xex99d1.htm,0001558370-20-011556
https://www.sec.gov/Archives/edgar/data/51143/000155837020011556/ibm-20201019xex99d2.htm,0001558370-20-011556
https://www.sec.gov/Archives/edgar/data/51143/000155837020011556/ibm-20201019xex99d3.htm,0001558370-20-011556
https://www.sec.gov/Archives/edgar/data/51143/000110465920113260/tm2032661d1_ex99-1.htm,0001104659-20-113260
https://www.sec.gov/Archives/edgar/data/51143/000110465920113260/tm2032661d1_ex99-2.htm,0001104659-20-113260
https://www.sec.gov/Archives/edgar/data/51143/000110465920113260/tm2032661d1_ex99-3.htm,0001104659-20-113260
https://www.sec.gov/Archives/edgar/data/51143/000155837020008273/ibm-20200720xex99d1.htm,0001558370-20-008273
https://www.sec.gov/Archives/edgar/data/51143/000155837020008273/ibm-20200720xex99d2.htm,0001558370-20-008273
https://www.sec.gov/Archives/edgar/data/51143/000155837020008241/ibm-20200720xex99d1.htm,0001558370-20-008241
https://www.sec.gov/Archives/edgar/data/51143/000155837020008241/ibm-20200720xex99d2.htm,0001558370-20-008241
https://www.sec.gov/Archives/edgar/data/51143/000155837020008241/ibm-20200720xex99d3.htm,0001558370-20-008241
https://www.sec.gov/Archives/edgar/data/51143/000155837020004097/ibm-20200420xex99d1.htm,0001558370-20-004097
https://www.sec.gov/Archives/edgar/data/51143/000155837020004097/ibm-20200420xex99d2.htm,0001558370-20-004097
https://www.sec.gov/Archives/edgar/data/51143/000155837020004097/ibm-20200420xex99d3.htm,0001558370-20-004097
https://www.sec.gov/Archives/edgar/data/51143/000155837020004062/ibm-20200420xex99d1.htm,0001558370-20-004062
https://www.sec.gov/Archives/edgar/data/51143/000155837020004062/ibm-20200420xex99d2.htm,0001558370-20-004062
https://www.sec.gov/Archives/edgar/data/51143/000155837020004062/ibm-20200420xex99d3.htm,0001558370-20-004062
https://www.sec.gov/Archives/edgar/data/51143/000110465920008982/tm205825d2_ex99-1.htm,0001104659-20-008982
https://www.sec.gov/Archives/edgar/data/51143/000155837020000218/ex-99d1.htm,0001558370-20-000218
https://www.sec.gov/Archives/edgar/data/51143/000155837020000218/ex-99d2.htm,0001558370-20-000218
https://www.sec.gov/Archives/edgar/data/51143/000155837020000200/ex-99d1.htm,0001558370-20-000200
https://www.sec.gov/Archives/edgar/data/51143/000155837020000200/ex-99d2.htm,0001558370-20-000200
https://www.sec.gov/Archives/edgar/data/51143/000155837020000200/ex-99d3.htm,0001558370-20-000200
https://www.sec.gov/Archives/edgar/data/51143/000110465919062171/tm1922448d1_ex99-1.htm,0001104659-19-062171
https://www.sec.gov/Archives/edgar/data/51143/000155837019008942/ibm-20191016ex9911f4bd5.htm,0001558370-19-008942
https://www.sec.gov/Archives/edgar/data/51143/000155837019008942/ibm-20191016ex992ea58a7.htm,0001558370-19-008942
https://www.sec.gov/Archives/edgar/data/51143/000155837019008923/ibm-20191016ex9918007bd.htm,0001558370-19-008923
https://www.sec.gov/Archives/edgar/data/51143/000155837019008923/ibm-20191016ex9927c0e19.htm,0001558370-19-008923
https://www.sec.gov/Archives/edgar/data/51143/000155837019008923/ibm-20191016ex993ebceb4.htm,0001558370-19-008923
https://www.sec.gov/Archives/edgar/data/51143/000114420419045696/tv529917_ex99-1.htm,0001144204-19-045696
https://www.sec.gov/Archives/edgar/data/51143/000155837019006914/ibm-20190802ex9912624c9.htm,0001558370-19-006914
https://www.sec.gov/Archives/edgar/data/51143/000155837019006914/ibm-20190802ex992876660.htm,0001558370-19-006914
https://www.sec.gov/Archives/edgar/data/51143/000155837019006914/ibm-20190802ex993f8f7ca.htm,0001558370-19-006914
https://www.sec.gov/Archives/edgar/data/51143/000155837019006902/ibm-20190802ex99134cd25.htm,0001558370-19-006902
https://www.sec.gov/Archives/edgar/data/51143/000155837019006902/ibm-20190802ex992a5b699.htm,0001558370-19-006902
https://www.sec.gov/Archives/edgar/data/51143/000155837019006151/ex-99d1.htm,0001558370-19-006151
https://www.sec.gov/Archives/edgar/data/51143/000155837019006151/ex-99d2.htm,0001558370-19-006151
https://www.sec.gov/Archives/edgar/data/51143/000155837019006130/ex-99d1.htm,0001558370-19-006130
https://www.sec.gov/Archives/edgar/data/51143/000155837019006130/ex-99d2.htm,0001558370-19-006130
https://www.sec.gov/Archives/edgar/data/51143/000155837019006130/ex-99d3.htm,0001558370-19-006130
https://www.sec.gov/Archives/edgar/data/51143/000095014219001515/eh1900893_ex9901.htm,0000950142-19-001515
https://www.sec.gov/Archives/edgar/data/51143/000095014219001515/eh1900893_ex9902.htm,0000950142-19-001515
https://www.sec.gov/Archives/edgar/data/51143/000110465919022020/a19-7798_2ex99d1.htm,0001104659-19-022020
https://www.sec.gov/Archives/edgar/data/51143/000110465919022020/a19-7798_2ex99d2.htm,0001104659-19-022020
https://www.sec.gov/Archives/edgar/data/51143/000110465919021671/a19-7798_1ex99d1.htm,0001104659-19-021671
https://www.sec.gov/Archives/edgar/data/51143/000110465919021671/a19-7798_1ex99d2.htm,0001104659-19-021671
https://www.sec.gov/Archives/edgar/data/51143/000110465919021671/a19-7798_1ex99d3.htm,0001104659-19-021671
https://www.sec.gov/Archives/edgar/data/51143/000110465919019996/a19-7644_1ex99d1.htm,0001104659-19-019996
https://www.sec.gov/Archives/edgar/data/51143/000110465919019996/a19-7644_1ex99d2.htm,0001104659-19-019996
https://www.sec.gov/Archives/edgar/data/51143/000110465919019983/a19-7803_1ex99d1.htm,0001104659-19-019983
https://www.sec.gov/Archives/edgar/data/51143/000110465919019983/a19-7803_1ex99d2.htm,0001104659-19-019983
https://www.sec.gov/Archives/edgar/data/51143/000110465919010648/a19-5376_1ex99d1.htm,0001104659-19-010648
https://www.sec.gov/Archives/edgar/data/51143/000110465919005863/a19-3850_1ex99d1.htm,0001104659-19-005863
https://www.sec.gov/Archives/edgar/data/51143/000110465919002994/a19-2327_2ex99d1.htm,0001104659-19-002994
https://www.sec.gov/Archives/edgar/data/51143/000110465919002994/a19-2327_2ex99d2.htm,0001104659-19-002994
https://www.sec.gov/Archives/edgar/data/51143/000110465919002755/a19-2327_1ex99d1.htm,0001104659-19-002755
https://www.sec.gov/Archives/edgar/data/51143/000110465919002755/a19-2327_1ex99d2.htm,0001104659-19-002755
https://www.sec.gov/Archives/edgar/data/51143/000110465919002755/a19-2327_1ex99d3.htm,0001104659-19-002755
https://www.sec.gov/Archives/edgar/data/51143/000110465919000561/a19-1075_1ex99d1.htm,0001104659-19-000561
https://www.sec.gov/Archives/edgar/data/874716/000115752323001588/a53720791_ex991.htm,0001157523-23-001588
https://www.sec.gov/Archives/edgar/data/874716/000115752323001198/a53494439ex99_1.htm,0001157523-23-001198
https://www.sec.gov/Archives/edgar/data/874716/000087471623000092/ex991-prnewdirector20230712.htm,0000874716-23-000092
https://www.sec.gov/Archives/edgar/data/874716/000115752323000670/a53391037ex99_1.htm,0001157523-23-000670
https://www.sec.gov/Archives/edgar/data/874716/000095017023001820/idxx-ex99_1.htm,0000950170-23-001820
https://www.sec.gov/Archives/edgar/data/874716/000095012322010618/d396244dex991.htm,0000950123-22-010618
https://www.sec.gov/Archives/edgar/data/874716/000156459022027326/d305711dex991.htm,0001564590-22-027326
https://www.sec.gov/Archives/edgar/data/874716/000156459022017653/d358240dex991.htm,0001564590-22-017653
https://www.sec.gov/Archives/edgar/data/874716/000156459022003449/d305505dex991.htm,0001564590-22-003449
https://www.sec.gov/Archives/edgar/data/874716/000156459021053288/d223244dex991.htm,0001564590-21-053288
https://www.sec.gov/Archives/edgar/data/874716/000156459021039326/d202579dex991.htm,0001564590-21-039326
https://www.sec.gov/Archives/edgar/data/874716/000156459021022976/d154540dex991.htm,0001564590-21-022976
https://www.sec.gov/Archives/edgar/data/874716/000156459021003657/d127889dex991.htm,0001564590-21-003657
https://www.sec.gov/Archives/edgar/data/874716/000156459020053289/d18764dex991.htm,0001564590-20-053289
https://www.sec.gov/Archives/edgar/data/874716/000156459020048502/d79548dex991.htm,0001564590-20-048502
https://www.sec.gov/Archives/edgar/data/874716/000156459020035026/d47789dex991.htm,0001564590-20-035026
https://www.sec.gov/Archives/edgar/data/874716/000156459020019936/d180557dex991.htm,0001564590-20-019936
https://www.sec.gov/Archives/edgar/data/874716/000119312520020269/d856413dex991.htm,0001193125-20-020269
https://www.sec.gov/Archives/edgar/data/874716/000110465919058050/tm1921493d1_ex99-1.htm,0001104659-19-058050
https://www.sec.gov/Archives/edgar/data/874716/000110465919055983/tm19207851_ex99-1.htm,0001104659-19-055983
https://www.sec.gov/Archives/edgar/data/874716/000114420419037040/tv526451_ex99-1.htm,0001144204-19-037040
https://www.sec.gov/Archives/edgar/data/874716/000114420419035672/tv525751_ex99-1.htm,0001144204-19-035672
https://www.sec.gov/Archives/edgar/data/874716/000087471619000025/exhibit991.htm,0000874716-19-000025
https://www.sec.gov/Archives/edgar/data/874716/000114420419033248/tv524627_ex99-1.htm,0001144204-19-033248
https://www.sec.gov/Archives/edgar/data/874716/000114420419022658/tv520258_ex99-1.htm,0001144204-19-022658
https://www.sec.gov/Archives/edgar/data/874716/000114420419004216/tv512174_ex99-1.htm,0001144204-19-004216
https://www.sec.gov/Archives/edgar/data/879169/000087916923000038/incy-q32023xexx991.htm,0000879169-23-000038
https://www.sec.gov/Archives/edgar/data/879169/000087916923000022/incy-q22023xexx991.htm,0000879169-23-000022
https://www.sec.gov/Archives/edgar/data/879169/000087916923000014/incy-q12023xexx991.htm,0000879169-23-000014
https://www.sec.gov/Archives/edgar/data/879169/000087916923000005/incy-q42022xexx991.htm,0000879169-23-000005
https://www.sec.gov/Archives/edgar/data/879169/000087916922000007/incy-q32022xexx991.htm,0000879169-22-000007
https://www.sec.gov/Archives/edgar/data/879169/000155837022011546/incy-20220802xex99d1.htm,0001558370-22-011546
https://www.sec.gov/Archives/edgar/data/879169/000155837022006719/incy-20220503xex99d1.htm,0001558370-22-006719
https://www.sec.gov/Archives/edgar/data/879169/000155837022000883/incy-20220208xex99d1.htm,0001558370-22-000883
https://www.sec.gov/Archives/edgar/data/879169/000110465921133095/tm2131721d1_ex99-1.htm,0001104659-21-133095
https://www.sec.gov/Archives/edgar/data/879169/000155837021013984/incy-20211102xex99d1.htm,0001558370-21-013984
https://www.sec.gov/Archives/edgar/data/879169/000155837021009865/incy-20210803xex99d1.htm,0001558370-21-009865
https://www.sec.gov/Archives/edgar/data/879169/000110465921060485/tm2114920d1_ex99-1.htm,0001104659-21-060485
https://www.sec.gov/Archives/edgar/data/879169/000110465921016324/tm215720d1_ex99-1.htm,0001104659-21-016324
https://www.sec.gov/Archives/edgar/data/879169/000110465920121572/tm2034985d1_ex99-1.htm,0001104659-20-121572
https://www.sec.gov/Archives/edgar/data/879169/000110465920089933/tm2026363d1_ex99-1.htm,0001104659-20-089933
https://www.sec.gov/Archives/edgar/data/879169/000110465920056506/tm2016119d2_ex99-1.htm,0001104659-20-056506
https://www.sec.gov/Archives/edgar/data/879169/000110465920019696/tm207724d1_ex99-1.htm,0001104659-20-019696
https://www.sec.gov/Archives/edgar/data/879169/000110465920004738/tm203494d1_ex99-1.htm,0001104659-20-004738
https://www.sec.gov/Archives/edgar/data/879169/000110465919057085/tm1921260d1_ex99-1.htm,0001104659-19-057085
https://www.sec.gov/Archives/edgar/data/879169/000110465919042478/a19-16256_1ex99d1.htm,0001104659-19-042478
https://www.sec.gov/Archives/edgar/data/879169/000110465919024856/a19-8991_2ex99d1.htm,0001104659-19-024856
https://www.sec.gov/Archives/edgar/data/879169/000110465919008358/a19-4674_1ex99d1.htm,0001104659-19-008358
https://www.sec.gov/Archives/edgar/data/1145197/000114519723000073/podd2023-09x30ex991.htm,0001145197-23-000073
https://www.sec.gov/Archives/edgar/data/1145197/000114519723000063/podd-2023x10x03ex991.htm,0001145197-23-000063
https://www.sec.gov/Archives/edgar/data/1145197/000114519723000058/podd2023-06x30ex991.htm,0001145197-23-000058
https://www.sec.gov/Archives/edgar/data/1145197/000114519723000055/podd-2023x08x08ex991.htm,0001145197-23-000055
https://www.sec.gov/Archives/edgar/data/1145197/000114519723000038/podd-2023x05x04ex991.htm,0001145197-23-000038
https://www.sec.gov/Archives/edgar/data/1145197/000114519723000037/podd2023-03x31ex991.htm,0001145197-23-000037
https://www.sec.gov/Archives/edgar/data/1145197/000114519723000019/podd202212-31ex991.htm,0001145197-23-000019
https://www.sec.gov/Archives/edgar/data/1145197/000114519722000062/podd-2022x11x14ex991.htm,0001145197-22-000062
https://www.sec.gov/Archives/edgar/data/1145197/000114519722000059/podd2022-09x30ex991.htm,0001145197-22-000059
https://www.sec.gov/Archives/edgar/data/1145197/000114519722000052/podd-2022x10x17ex991.htm,0001145197-22-000052
https://www.sec.gov/Archives/edgar/data/1145197/000114519722000045/podd2022-06x30ex991.htm,0001145197-22-000045
https://www.sec.gov/Archives/edgar/data/1145197/000114519722000030/podd-2022x5x5ex991.htm,0001145197-22-000030
https://www.sec.gov/Archives/edgar/data/1145197/000114519722000025/podd2022-03x31ex991.htm,0001145197-22-000025
https://www.sec.gov/Archives/edgar/data/1145197/000114519722000011/podd202112-31ex991.htm,0001145197-22-000011
https://www.sec.gov/Archives/edgar/data/1145197/000114519722000005/podd-2022x02x07ex991.htm,0001145197-22-000005
https://www.sec.gov/Archives/edgar/data/1145197/000114519722000003/podd-2022x1x28ex991.htm,0001145197-22-000003
https://www.sec.gov/Archives/edgar/data/1145197/000114519721000040/podd-2021x9x30ex991.htm,0001145197-21-000040
https://www.sec.gov/Archives/edgar/data/1145197/000114519721000034/podd-2021x10x18ex991.htm,0001145197-21-000034
https://www.sec.gov/Archives/edgar/data/1145197/000114519721000029/podd-2021x6x30ex991.htm,0001145197-21-000029
https://www.sec.gov/Archives/edgar/data/1145197/000114519721000015/podd-2021x3x31ex991.htm,0001145197-21-000015
https://www.sec.gov/Archives/edgar/data/1145197/000119312521140464/d170094dex991.htm,0001193125-21-140464
https://www.sec.gov/Archives/edgar/data/1145197/000119312521120403/d149137dex991.htm,0001193125-21-120403
https://www.sec.gov/Archives/edgar/data/1145197/000114519721000008/podd202012-31ex991.htm,0001145197-21-000008
https://www.sec.gov/Archives/edgar/data/1145197/000114519720000035/podd_2020-09x30xexx991.htm,0001145197-20-000035
https://www.sec.gov/Archives/edgar/data/1145197/000114519720000030/podd2020-10x20exx991.htm,0001145197-20-000030
https://www.sec.gov/Archives/edgar/data/1145197/000114519720000023/podd2020-06x30exx991.htm,0001145197-20-000023
https://www.sec.gov/Archives/edgar/data/1145197/000114036120011493/nt10011845x4_ex99-1.htm,0001140361-20-011493
https://www.sec.gov/Archives/edgar/data/1145197/000114036120011444/nt10011845x3_ex99-1.htm,0001140361-20-011444
https://www.sec.gov/Archives/edgar/data/1145197/000115752320000706/a52216303ex99_1.htm,0001157523-20-000706
https://www.sec.gov/Archives/edgar/data/1145197/000115752320000262/a52178776ex99_1.htm,0001157523-20-000262
https://www.sec.gov/Archives/edgar/data/1145197/000115752319002191/a52122775ex99_1.htm,0001157523-19-002191
https://www.sec.gov/Archives/edgar/data/1145197/000119312519236986/d770194dex991.htm,0001193125-19-236986
https://www.sec.gov/Archives/edgar/data/1145197/000119312519235798/d793477dex991.htm,0001193125-19-235798
https://www.sec.gov/Archives/edgar/data/1145197/000115752319001704/a52056296ex99_1.htm,0001157523-19-001704
https://www.sec.gov/Archives/edgar/data/1145197/000114519719000029/exhibit991insuletappointsj.htm,0001145197-19-000029
https://www.sec.gov/Archives/edgar/data/1145197/000115752319001053/a51978402_ex991.htm,0001157523-19-001053
https://www.sec.gov/Archives/edgar/data/1145197/000115752319000435/a51945444ex99_1.htm,0001157523-19-000435
https://www.sec.gov/Archives/edgar/data/1145197/000115752319000154/a51931512ex99_1.htm,0001157523-19-000154
https://www.sec.gov/Archives/edgar/data/1145197/000115752319000039/a51922220ex99_1.htm,0001157523-19-000039
https://www.sec.gov/Archives/edgar/data/50863/000005086323000100/q323_earningsrelease.htm,0000050863-23-000100
https://www.sec.gov/Archives/edgar/data/50863/000005086323000092/a10052023form8-kex991.htm,0000050863-23-000092
https://www.sec.gov/Archives/edgar/data/50863/000005086323000078/titaniumpressrelease.htm,0000050863-23-000078
https://www.sec.gov/Archives/edgar/data/50863/000005086323000068/q223_earningsrelease.htm,0000050863-23-000068
https://www.sec.gov/Archives/edgar/data/50863/000005086323000027/q123_earningsrelease.htm,0000050863-23-000027
https://www.sec.gov/Archives/edgar/data/50863/000005086323000005/q422_earningsrelease.htm,0000050863-23-000005
https://www.sec.gov/Archives/edgar/data/50863/000119312522290385/d310344dex991.htm,0001193125-22-290385
https://www.sec.gov/Archives/edgar/data/50863/000005086322000037/q322_earningsrelease.htm,0000050863-22-000037
https://www.sec.gov/Archives/edgar/data/50863/000119312522226986/d388434dex991.htm,0001193125-22-226986
https://www.sec.gov/Archives/edgar/data/50863/000119312522226986/d388434dex992.htm,0001193125-22-226986
https://www.sec.gov/Archives/edgar/data/50863/000119312522218541/d359017dex991.htm,0001193125-22-218541
https://www.sec.gov/Archives/edgar/data/50863/000005086322000029/q222_earningsrelease.htm,0000050863-22-000029
https://www.sec.gov/Archives/edgar/data/50863/000005086322000019/q122_earningsrelease.htm,0000050863-22-000019
https://www.sec.gov/Archives/edgar/data/50863/000005086322000019/exhibit992f-pagesresegment.htm,0000050863-22-000019
https://www.sec.gov/Archives/edgar/data/50863/000119312522045883/d302059dex991.htm,0001193125-22-045883
https://www.sec.gov/Archives/edgar/data/50863/000119312522045883/d302059dex992.htm,0001193125-22-045883
https://www.sec.gov/Archives/edgar/data/50863/000119312522045883/d302059dex993.htm,0001193125-22-045883
https://www.sec.gov/Archives/edgar/data/50863/000119312522045883/d302059dex994.htm,0001193125-22-045883
https://www.sec.gov/Archives/edgar/data/50863/000119312522045883/d302059dex995.htm,0001193125-22-045883
https://www.sec.gov/Archives/edgar/data/50863/000119312522043022/d318338dex991.htm,0001193125-22-043022
https://www.sec.gov/Archives/edgar/data/50863/000005086322000006/q421_earningsrelease.htm,0000050863-22-000006
https://www.sec.gov/Archives/edgar/data/50863/000119312522005658/d270836dex991.htm,0001193125-22-005658
https://www.sec.gov/Archives/edgar/data/50863/000119312522005658/d270836dex992.htm,0001193125-22-005658
https://www.sec.gov/Archives/edgar/data/50863/000119312521369552/d282616dex991.htm,0001193125-21-369552
https://www.sec.gov/Archives/edgar/data/50863/000119312521350395/d444210dex991.htm,0001193125-21-350395
https://www.sec.gov/Archives/edgar/data/50863/000005086321000037/q321_earningsrelease.htm,0000050863-21-000037
https://www.sec.gov/Archives/edgar/data/50863/000119312521224438/d199788dex991.htm,0001193125-21-224438
https://www.sec.gov/Archives/edgar/data/50863/000005086321000029/q221_earningsrelease.htm,0000050863-21-000029
https://www.sec.gov/Archives/edgar/data/50863/000119312521218615/d195336dex991.htm,0001193125-21-218615
https://www.sec.gov/Archives/edgar/data/50863/000119312521196285/d178883dex991.htm,0001193125-21-196285
https://www.sec.gov/Archives/edgar/data/50863/000005086321000017/q121_earningsrelease.htm,0000050863-21-000017
https://www.sec.gov/Archives/edgar/data/50863/000119312521091374/d153275dex991.htm,0001193125-21-091374
https://www.sec.gov/Archives/edgar/data/50863/000119312521091374/d153275dex992.htm,0001193125-21-091374
https://www.sec.gov/Archives/edgar/data/50863/000005086321000009/q420_earningsrelease.htm,0000050863-21-000009
https://www.sec.gov/Archives/edgar/data/50863/000119312521009142/d82915dex991.htm,0001193125-21-009142
https://www.sec.gov/Archives/edgar/data/50863/000005086320000042/q320earningsrelease.htm,0000050863-20-000042
https://www.sec.gov/Archives/edgar/data/50863/000119312520272580/d76122dex991.htm,0001193125-20-272580
https://www.sec.gov/Archives/edgar/data/50863/000119312520224772/d17569dex991.htm,0001193125-20-224772
https://www.sec.gov/Archives/edgar/data/50863/000119312520199804/d95148dex991.htm,0001193125-20-199804
https://www.sec.gov/Archives/edgar/data/50863/000005086320000025/q220earningsrelease.htm,0000050863-20-000025
https://www.sec.gov/Archives/edgar/data/50863/000119312520171288/d910255dex991.htm,0001193125-20-171288
https://www.sec.gov/Archives/edgar/data/50863/000005086320000016/q1-2020earningsrelease.htm,0000050863-20-000016
https://www.sec.gov/Archives/edgar/data/50863/000005086320000007/q4-2019earningsrelease.htm,0000050863-20-000007
https://www.sec.gov/Archives/edgar/data/50863/000119312520011010/d874338dex991.htm,0001193125-20-011010
https://www.sec.gov/Archives/edgar/data/50863/000119312519299901/d833064dex991.htm,0001193125-19-299901
https://www.sec.gov/Archives/edgar/data/50863/000119312519296610/d817506dex991.htm,0001193125-19-296610
https://www.sec.gov/Archives/edgar/data/50863/000119312519292429/d822085dex991.htm,0001193125-19-292429
https://www.sec.gov/Archives/edgar/data/50863/000005086319000028/q3-2019earningsrelease.htm,0000050863-19-000028
https://www.sec.gov/Archives/edgar/data/50863/000005086319000022/q2-2019earningsrelease.htm,0000050863-19-000022
https://www.sec.gov/Archives/edgar/data/50863/000005086319000022/q2-2019pressrelease.htm,0000050863-19-000022
https://www.sec.gov/Archives/edgar/data/50863/000119312519142117/d741646dex991.htm,0001193125-19-142117
https://www.sec.gov/Archives/edgar/data/50863/000119312519142117/d741646dex992.htm,0001193125-19-142117
https://www.sec.gov/Archives/edgar/data/50863/000119312519142117/d741646dex993.htm,0001193125-19-142117
https://www.sec.gov/Archives/edgar/data/50863/000119312519142117/d741646dex994.htm,0001193125-19-142117
https://www.sec.gov/Archives/edgar/data/50863/000119312519142117/d741646dex995.htm,0001193125-19-142117
https://www.sec.gov/Archives/edgar/data/50863/000005086319000012/q1-2019_earningsrelease.htm,0000050863-19-000012
https://www.sec.gov/Archives/edgar/data/50863/000119312519096036/d642676dex991.htm,0001193125-19-096036
https://www.sec.gov/Archives/edgar/data/50863/000119312519085353/d710430dex991.htm,0001193125-19-085353
https://www.sec.gov/Archives/edgar/data/50863/000119312519023301/d702987dex991.htm,0001193125-19-023301
https://www.sec.gov/Archives/edgar/data/50863/000005086319000003/q4-2018_earningsrelease.htm,0000050863-19-000003
https://www.sec.gov/Archives/edgar/data/896878/000089687823000039/fy24q1earningspressrelease.htm,0000896878-23-000039
https://www.sec.gov/Archives/edgar/data/896878/000089687823000031/fy23q4earningspressrelease.htm,0000896878-23-000031
https://www.sec.gov/Archives/edgar/data/896878/000089687823000028/exhibitx.htm,0000896878-23-000028
https://www.sec.gov/Archives/edgar/data/896878/000089687823000019/fy23q3earningspressrelease.htm,0000896878-23-000019
https://www.sec.gov/Archives/edgar/data/896878/000089687823000016/fy23boardappointmentspress.htm,0000896878-23-000016
https://www.sec.gov/Archives/edgar/data/896878/000089687823000009/fy23q2earningspressrelease.htm,0000896878-23-000009
https://www.sec.gov/Archives/edgar/data/896878/000089687823000009/cfotransitionpressrelease.htm,0000896878-23-000009
https://www.sec.gov/Archives/edgar/data/896878/000089687822000035/fy23q1earningspressrelease.htm,0000896878-22-000035
https://www.sec.gov/Archives/edgar/data/896878/000089687822000030/nov1pressrelease-ex9901.htm,0000896878-22-000030
https://www.sec.gov/Archives/edgar/data/896878/000089687822000025/fy22q4earningspressrelease.htm,0000896878-22-000025
https://www.sec.gov/Archives/edgar/data/896878/000089687822000019/fy22q3earningspressrelease.htm,0000896878-22-000019
https://www.sec.gov/Archives/edgar/data/896878/000089687822000007/fy22q2earningspressrelease.htm,0000896878-22-000007
https://www.sec.gov/Archives/edgar/data/896878/000089687822000005/feb142022preannounceearnin.htm,0000896878-22-000005
https://www.sec.gov/Archives/edgar/data/896878/000089687822000003/exhibit9901descriptionofno.htm,0000896878-22-000003
https://www.sec.gov/Archives/edgar/data/896878/000089687821000258/fy22q1earningspressrelease.htm,0000896878-21-000258
https://www.sec.gov/Archives/edgar/data/896878/000119312521314683/d147355dex991.htm,0001193125-21-314683
https://www.sec.gov/Archives/edgar/data/896878/000119312521271682/d226456dex991.htm,0001193125-21-271682
https://www.sec.gov/Archives/edgar/data/896878/000089687821000205/fy21q4earningspressrelease.htm,0000896878-21-000205
https://www.sec.gov/Archives/edgar/data/896878/000089687821000114/fy21q3earningspressrelease.htm,0000896878-21-000114
https://www.sec.gov/Archives/edgar/data/896878/000089687821000108/q32021preannounceearningsr.htm,0000896878-21-000108
https://www.sec.gov/Archives/edgar/data/896878/000089687821000057/fy21q2earningspressrelease.htm,0000896878-21-000057
https://www.sec.gov/Archives/edgar/data/896878/000089687821000049/feb92021preannounceearning.htm,0000896878-21-000049
https://www.sec.gov/Archives/edgar/data/896878/000162828020017160/guidanceupdaterelease-.htm,0001628280-20-017160
https://www.sec.gov/Archives/edgar/data/896878/000119312520309090/d51747dex9901.htm,0001193125-20-309090
https://www.sec.gov/Archives/edgar/data/896878/000089687820000221/fy21q1earningspressrel.htm,0000896878-20-000221
https://www.sec.gov/Archives/edgar/data/896878/000089687820000202/a8-koctober202020press.htm,0000896878-20-000202
https://www.sec.gov/Archives/edgar/data/896878/000089687820000143/fy20q4earningspressrel.htm,0000896878-20-000143
https://www.sec.gov/Archives/edgar/data/896878/000089687820000063/fy20q3earningspressrel.htm,0000896878-20-000063
https://www.sec.gov/Archives/edgar/data/896878/000089687820000053/fy20q3guidanceupdatepr.htm,0000896878-20-000053
https://www.sec.gov/Archives/edgar/data/896878/000119312520046491/d802959dex9901.htm,0001193125-20-046491
https://www.sec.gov/Archives/edgar/data/896878/000119312520046463/d802957dex9901.htm,0001193125-20-046463
https://www.sec.gov/Archives/edgar/data/896878/000089687819000172/fy20q1earningspressrelease.htm,0000896878-19-000172
https://www.sec.gov/Archives/edgar/data/896878/000089687819000128/fy19q4earningspressrelease.htm,0000896878-19-000128
https://www.sec.gov/Archives/edgar/data/896878/000089687819000076/fy19q3earningspressrelease.htm,0000896878-19-000076
https://www.sec.gov/Archives/edgar/data/896878/000089687819000062/fy19q3taxunitsexhibit9901.htm,0000896878-19-000062
https://www.sec.gov/Archives/edgar/data/896878/000089687819000040/fy19q2earningspressrelease.htm,0000896878-19-000040
https://www.sec.gov/Archives/edgar/data/896878/000089687819000040/fy19q2turbotaxunitsrelease.htm,0000896878-19-000040
https://www.sec.gov/Archives/edgar/data/1035267/000103526723000203/q423ex991directorchanges-p.htm,0001035267-23-000203
https://www.sec.gov/Archives/edgar/data/1035267/000103526723000192/q323ex-991earningsrelease.htm,0001035267-23-000192
https://www.sec.gov/Archives/edgar/data/1035267/000103526723000155/q223ex-991earningsrelease.htm,0001035267-23-000155
https://www.sec.gov/Archives/edgar/data/1035267/000103526723000142/q223ex-991executiveleaders.htm,0001035267-23-000142
https://www.sec.gov/Archives/edgar/data/1035267/000103526723000087/q123ex-991earningsrelease.htm,0001035267-23-000087
https://www.sec.gov/Archives/edgar/data/1035267/000103526723000006/q422ex-991earningsrelease.htm,0001035267-23-000006
https://www.sec.gov/Archives/edgar/data/1035267/000103526723000003/q422ex-991q4prexreleaseq4o.htm,0001035267-23-000003
https://www.sec.gov/Archives/edgar/data/1035267/000103526723000003/q422ex-992q4prereleaseq4on.htm,0001035267-23-000003
https://www.sec.gov/Archives/edgar/data/1035267/000103526722000165/q322ex-991earningsrelease.htm,0001035267-22-000165
https://www.sec.gov/Archives/edgar/data/1035267/000103526722000123/q222ex-991earningsrelease.htm,0001035267-22-000123
https://www.sec.gov/Archives/edgar/data/1035267/000103526722000081/a2022q1ex-991.htm,0001035267-22-000081
https://www.sec.gov/Archives/edgar/data/1035267/000103526722000006/a20211231ex-991.htm,0001035267-22-000006
https://www.sec.gov/Archives/edgar/data/1035267/000103526722000003/a20211231ex-991q4prexrelea.htm,0001035267-22-000003
https://www.sec.gov/Archives/edgar/data/1035267/000103526722000003/a20211231ex-992q4prerelease.htm,0001035267-22-000003
https://www.sec.gov/Archives/edgar/data/1035267/000103526721000174/a20210930ex-991.htm,0001035267-21-000174
https://www.sec.gov/Archives/edgar/data/1035267/000103526721000174/a20210930ex-992leadershipc.htm,0001035267-21-000174
https://www.sec.gov/Archives/edgar/data/1035267/000103526721000115/a20210630ex-991.htm,0001035267-21-000115
https://www.sec.gov/Archives/edgar/data/1035267/000103526721000094/a20210426ex-991pressrelease.htm,0001035267-21-000094
https://www.sec.gov/Archives/edgar/data/1035267/000103526721000063/a20210331ex-991.htm,0001035267-21-000063
https://www.sec.gov/Archives/edgar/data/1035267/000103526721000011/a20201231ex-991.htm,0001035267-21-000011
https://www.sec.gov/Archives/edgar/data/1035267/000103526721000008/a20201231ex-991q4prexrelea.htm,0001035267-21-000008
https://www.sec.gov/Archives/edgar/data/1035267/000103526721000008/a20201231ex-992q4prerelease.htm,0001035267-21-000008
https://www.sec.gov/Archives/edgar/data/1035267/000103526720000163/a20200930ex-991.htm,0001035267-20-000163
https://www.sec.gov/Archives/edgar/data/1035267/000103526720000107/a20200630ex-991.htm,0001035267-20-000107
https://www.sec.gov/Archives/edgar/data/1035267/000103526720000085/a20200427ex-991pressre.htm,0001035267-20-000085
https://www.sec.gov/Archives/edgar/data/1035267/000103526720000085/a20200428ex-992pressre.htm,0001035267-20-000085
https://www.sec.gov/Archives/edgar/data/1035267/000103526720000073/a20200331ex-991.htm,0001035267-20-000073
https://www.sec.gov/Archives/edgar/data/1035267/000103526720000071/a20200331ex-991prelimi.htm,0001035267-20-000071
https://www.sec.gov/Archives/edgar/data/1035267/000103526720000019/a20200203ex-991pressre.htm,0001035267-20-000019
https://www.sec.gov/Archives/edgar/data/1035267/000103526720000011/a20191231ex-991.htm,0001035267-20-000011
https://www.sec.gov/Archives/edgar/data/1035267/000103526720000003/a20191231ex-991q4prere.htm,0001035267-20-000003
https://www.sec.gov/Archives/edgar/data/1035267/000103526720000003/a20191231ex-992q4prere.htm,0001035267-20-000003
https://www.sec.gov/Archives/edgar/data/1035267/000103526719000137/a20190930ex-991.htm,0001035267-19-000137
https://www.sec.gov/Archives/edgar/data/1035267/000103526719000108/ex991pressrelease-dram.htm,0001035267-19-000108
https://www.sec.gov/Archives/edgar/data/1035267/000103526719000084/a20190630ex-991.htm,0001035267-19-000084
https://www.sec.gov/Archives/edgar/data/1035267/000103526719000082/ex991pressrelease-salbrogn.htm,0001035267-19-000082
https://www.sec.gov/Archives/edgar/data/1035267/000103526719000036/a20190331ex-991.htm,0001035267-19-000036
https://www.sec.gov/Archives/edgar/data/1035267/000103526719000005/a20181231ex-991.htm,0001035267-19-000005
https://www.sec.gov/Archives/edgar/data/1035267/000103526719000002/a20181231ex-991q4prerelease.htm,0001035267-19-000002
https://www.sec.gov/Archives/edgar/data/1035267/000103526719000002/a20181231ex-992q4prerelease.htm,0001035267-19-000002
https://www.sec.gov/Archives/edgar/data/1478242/000119312523277584/d361737dex991.htm,0001193125-23-277584
https://www.sec.gov/Archives/edgar/data/1478242/000119312523277584/d361737dex992.htm,0001193125-23-277584
https://www.sec.gov/Archives/edgar/data/1478242/000115752323001589/a53720237ex99_1.htm,0001157523-23-001589
https://www.sec.gov/Archives/edgar/data/1478242/000119312523242586/d476623dex991.htm,0001193125-23-242586
https://www.sec.gov/Archives/edgar/data/1478242/000115752323001201/a53494444_ex991.htm,0001157523-23-001201
https://www.sec.gov/Archives/edgar/data/1478242/000119312523148426/d512840dex991.htm,0001193125-23-148426
https://www.sec.gov/Archives/edgar/data/1478242/000119312523148426/d512840dex992.htm,0001193125-23-148426
https://www.sec.gov/Archives/edgar/data/1478242/000115752323000632/a53388394ex99_1.htm,0001157523-23-000632
https://www.sec.gov/Archives/edgar/data/1478242/000115752323000245/a53313602ex99_1.htm,0001157523-23-000245
https://www.sec.gov/Archives/edgar/data/1478242/000115752322001388/a52952667ex99_1.htm,0001157523-22-001388
https://www.sec.gov/Archives/edgar/data/1478242/000115752322000882/a52786734ex99_1.htm,0001157523-22-000882
https://www.sec.gov/Archives/edgar/data/1478242/000115752322000479/a52698477ex99_1.htm,0001157523-22-000479
https://www.sec.gov/Archives/edgar/data/1478242/000147824222000045/exhibit991.htm,0001478242-22-000045
https://www.sec.gov/Archives/edgar/data/1478242/000115752322000202/a52579363ex99_1.htm,0001157523-22-000202
https://www.sec.gov/Archives/edgar/data/1478242/000119312522018468/d264955dex991.htm,0001193125-22-018468
https://www.sec.gov/Archives/edgar/data/1478242/000119312522018468/d264955dex992.htm,0001193125-22-018468
https://www.sec.gov/Archives/edgar/data/1478242/000115752321001229/a52512936ex99_1.htm,0001157523-21-001229
https://www.sec.gov/Archives/edgar/data/1478242/000115752321000922/a52465996ex991.htm,0001157523-21-000922
https://www.sec.gov/Archives/edgar/data/1478242/000115752321000493/a52415838ex991.htm,0001157523-21-000493
https://www.sec.gov/Archives/edgar/data/1478242/000119312521103179/d161289dex991.htm,0001193125-21-103179
https://www.sec.gov/Archives/edgar/data/1478242/000119312521046591/d133451dex991.htm,0001193125-21-046591
https://www.sec.gov/Archives/edgar/data/1478242/000119312521043173/d40194dex991.htm,0001193125-21-043173
https://www.sec.gov/Archives/edgar/data/1478242/000115752321000159/a52376428ex99_1.htm,0001157523-21-000159
https://www.sec.gov/Archives/edgar/data/1478242/000115752320001324/a52309461ex99_1.htm,0001157523-20-001324
https://www.sec.gov/Archives/edgar/data/1478242/000115752320001010/a52253783ex99_1.htm,0001157523-20-001010
https://www.sec.gov/Archives/edgar/data/1478242/000119312520196645/d97337dex991.htm,0001193125-20-196645
https://www.sec.gov/Archives/edgar/data/1478242/000119312520165828/d891907dex991.htm,0001193125-20-165828
https://www.sec.gov/Archives/edgar/data/1478242/000119312520164102/d891835dex991.htm,0001193125-20-164102
https://www.sec.gov/Archives/edgar/data/1478242/000115752320000582/a52210503ex99_1.htm,0001157523-20-000582
https://www.sec.gov/Archives/edgar/data/1478242/000119312520096895/d842125dex991.htm,0001193125-20-096895
https://www.sec.gov/Archives/edgar/data/1478242/000115752320000189/a52172159ex99_1.htm,0001157523-20-000189
https://www.sec.gov/Archives/edgar/data/1478242/000115752319002131/a52119672ex99_1.htm,0001157523-19-002131
https://www.sec.gov/Archives/edgar/data/1478242/000115752319001627/a52021503ex99_1.htm,0001157523-19-001627
https://www.sec.gov/Archives/edgar/data/1478242/000115752319001605/a52019897ex99_1.htm,0001157523-19-001605
https://www.sec.gov/Archives/edgar/data/1478242/000115752319001568/a52017401ex99_1.htm,0001157523-19-001568
https://www.sec.gov/Archives/edgar/data/1478242/000119312519139882/d741796dex991.htm,0001193125-19-139882
https://www.sec.gov/Archives/edgar/data/1478242/000119312519139882/d741796dex992.htm,0001193125-19-139882
https://www.sec.gov/Archives/edgar/data/1478242/000115752319000998/a51977393ex99_1.htm,0001157523-19-000998
https://www.sec.gov/Archives/edgar/data/1478242/000119312519047131/d712095dex991.htm,0001193125-19-047131
https://www.sec.gov/Archives/edgar/data/1478242/000115752319000336/a51940273ex99_1.htm,0001157523-19-000336
https://www.sec.gov/Archives/edgar/data/898293/000119312523305726/d693093dex991.htm,0001193125-23-305726
https://www.sec.gov/Archives/edgar/data/898293/000119312523294910/d887670dex991.htm,0001193125-23-294910
https://www.sec.gov/Archives/edgar/data/898293/000119312523271452/d922912dex991.htm,0001193125-23-271452
https://www.sec.gov/Archives/edgar/data/898293/000119312523244751/d508757dex991.htm,0001193125-23-244751
https://www.sec.gov/Archives/edgar/data/898293/000119312523243669/d502382dex991.htm,0001193125-23-243669
https://www.sec.gov/Archives/edgar/data/898293/000119312523224929/d475923dex991.htm,0001193125-23-224929
https://www.sec.gov/Archives/edgar/data/898293/000119312523167407/d507192dex991.htm,0001193125-23-167407
https://www.sec.gov/Archives/edgar/data/898293/000119312523071992/d483057dex991.htm,0001193125-23-071992
https://www.sec.gov/Archives/edgar/data/898293/000119312522305399/d202777dex991.htm,0001193125-22-305399
https://www.sec.gov/Archives/edgar/data/898293/000119312522281200/d320977dex991.htm,0001193125-22-281200
https://www.sec.gov/Archives/edgar/data/898293/000119312522251750/d345991dex991.htm,0001193125-22-251750
https://www.sec.gov/Archives/edgar/data/898293/000119312522175181/d328669dex991.htm,0001193125-22-175181
https://www.sec.gov/Archives/edgar/data/898293/000119312522076742/d286222dex991.htm,0001193125-22-076742
https://www.sec.gov/Archives/edgar/data/898293/000119312521358576/d270988dex991.htm,0001193125-21-358576
https://www.sec.gov/Archives/edgar/data/898293/000119312521286091/d187257dex991.htm,0001193125-21-286091
https://www.sec.gov/Archives/edgar/data/898293/000119312521280806/d164547dex991.htm,0001193125-21-280806
https://www.sec.gov/Archives/edgar/data/898293/000119312521192718/d175659dex991.htm,0001193125-21-192718
https://www.sec.gov/Archives/edgar/data/898293/000119312521082188/d153948dex991.htm,0001193125-21-082188
https://www.sec.gov/Archives/edgar/data/898293/000119312520319591/d64108dex991.htm,0001193125-20-319591
https://www.sec.gov/Archives/edgar/data/898293/000119312520252857/d37345dex991.htm,0001193125-20-252857
https://www.sec.gov/Archives/edgar/data/898293/000119312520173257/d907124dex991.htm,0001193125-20-173257
https://www.sec.gov/Archives/edgar/data/898293/000119312520072300/d896571dex991.htm,0001193125-20-072300
https://www.sec.gov/Archives/edgar/data/898293/000119312520048088/d897395dex991.htm,0001193125-20-048088
https://www.sec.gov/Archives/edgar/data/898293/000119312519315664/d820828dex991.htm,0001193125-19-315664
https://www.sec.gov/Archives/edgar/data/898293/000119312519271647/d741588dex991.htm,0001193125-19-271647
https://www.sec.gov/Archives/edgar/data/898293/000119312519252827/d783672dex991.htm,0001193125-19-252827
https://www.sec.gov/Archives/edgar/data/898293/000119312519175663/d724907dex991.htm,0001193125-19-175663
https://www.sec.gov/Archives/edgar/data/898293/000119312519074800/d632294dex991.htm,0001193125-19-074800
https://www.sec.gov/Archives/edgar/data/200406/000020040623000115/pressrelease_ewoodsxfinal.htm,0000200406-23-000115
https://www.sec.gov/Archives/edgar/data/200406/000020040623000112/ebrpressrelease.htm,0000200406-23-000112
https://www.sec.gov/Archives/edgar/data/200406/000020040623000109/exhibit991-pressrelease.htm,0000200406-23-000109
https://www.sec.gov/Archives/edgar/data/200406/000020040623000096/a1023238-kexhibit991.htm,0000200406-23-000096
https://www.sec.gov/Archives/edgar/data/200406/000020040623000094/a2023q3exhibit991.htm,0000200406-23-000094
https://www.sec.gov/Archives/edgar/data/200406/000020040623000094/a2023q3exhibit992.htm,0000200406-23-000094
https://www.sec.gov/Archives/edgar/data/200406/000020040623000091/post-splitguidanceex991.htm,0000200406-23-000091
https://www.sec.gov/Archives/edgar/data/200406/000020040623000091/post-splitguidanceex992.htm,0000200406-23-000091
https://www.sec.gov/Archives/edgar/data/200406/000162828023026095/exhibit991-8xk072823.htm,0001628280-23-026095
https://www.sec.gov/Archives/edgar/data/200406/000162828023025388/exhibit991-8xk.htm,0001628280-23-025388
https://www.sec.gov/Archives/edgar/data/200406/000020040623000073/a2023q2exhibit991.htm,0000200406-23-000073
https://www.sec.gov/Archives/edgar/data/200406/000020040623000073/a2023q2exhibit992.htm,0000200406-23-000073
https://www.sec.gov/Archives/edgar/data/200406/000020040623000043/a2023q1exhibit991.htm,0000200406-23-000043
https://www.sec.gov/Archives/edgar/data/200406/000020040623000043/a2023q1exhibit992.htm,0000200406-23-000043
https://www.sec.gov/Archives/edgar/data/200406/000020040623000043/a2023q1exhibit993.htm,0000200406-23-000043
https://www.sec.gov/Archives/edgar/data/200406/000020040623000037/a44238-kexhibit991.htm,0000200406-23-000037
https://www.sec.gov/Archives/edgar/data/200406/000020040623000008/pressrelease.htm,0000200406-23-000008
https://www.sec.gov/Archives/edgar/data/200406/000020040623000005/a2022q4exhibit991.htm,0000200406-23-000005
https://www.sec.gov/Archives/edgar/data/200406/000020040623000005/a2022q4exhibit992.htm,0000200406-23-000005
https://www.sec.gov/Archives/edgar/data/200406/000119312522311072/d428734dex991.htm,0001193125-22-311072
https://www.sec.gov/Archives/edgar/data/200406/000020040622000089/pressrelease.htm,0000200406-22-000089
https://www.sec.gov/Archives/edgar/data/200406/000119312522274491/d395813dex991.htm,0001193125-22-274491
https://www.sec.gov/Archives/edgar/data/200406/000020040622000081/a2022q3exhibit991.htm,0000200406-22-000081
https://www.sec.gov/Archives/edgar/data/200406/000020040622000081/a2022q3exhibit992.htm,0000200406-22-000081
https://www.sec.gov/Archives/edgar/data/200406/000020040622000076/final_sharebuybackprx91322.htm,0000200406-22-000076
https://www.sec.gov/Archives/edgar/data/200406/000020040622000063/a2022q2exhibit991.htm,0000200406-22-000063
https://www.sec.gov/Archives/edgar/data/200406/000020040622000063/a2022q2exhibit992.htm,0000200406-22-000063
https://www.sec.gov/Archives/edgar/data/200406/000020040622000038/a2022q1exhibit991.htm,0000200406-22-000038
https://www.sec.gov/Archives/edgar/data/200406/000020040622000038/a2022q1exhibit992.htm,0000200406-22-000038
https://www.sec.gov/Archives/edgar/data/200406/000020040622000017/confidential-boddraftann.htm,0000200406-22-000017
https://www.sec.gov/Archives/edgar/data/200406/000020040622000012/a2021q4exhibit991.htm,0000200406-22-000012
https://www.sec.gov/Archives/edgar/data/200406/000020040622000012/a2021q4exhibit992.htm,0000200406-22-000012
https://www.sec.gov/Archives/edgar/data/200406/000020040621000072/pressrelease20211112.htm,0000200406-21-000072
https://www.sec.gov/Archives/edgar/data/200406/000020040621000067/a2021q3exhibit991.htm,0000200406-21-000067
https://www.sec.gov/Archives/edgar/data/200406/000020040621000067/a2021q3exhibit992.htm,0000200406-21-000067
https://www.sec.gov/Archives/edgar/data/200406/000020040621000067/a2021q3exhibit993.htm,0000200406-21-000067
https://www.sec.gov/Archives/edgar/data/200406/000020040621000063/a92pressreleasestoffelsdra.htm,0000200406-21-000063
https://www.sec.gov/Archives/edgar/data/200406/000020040621000061/exhibit99.htm,0000200406-21-000061
https://www.sec.gov/Archives/edgar/data/200406/000020040621000053/a2021q2exhibit991final.htm,0000200406-21-000053
https://www.sec.gov/Archives/edgar/data/200406/000020040621000053/a2021q2exhibit992final.htm,0000200406-21-000053
https://www.sec.gov/Archives/edgar/data/200406/000020040621000024/a2021q1exhibit991final.htm,0000200406-21-000024
https://www.sec.gov/Archives/edgar/data/200406/000020040621000024/a2021q1exhibit992final.htm,0000200406-21-000024
https://www.sec.gov/Archives/edgar/data/200406/000020040621000006/a2020q4exhibit991.htm,0000200406-21-000006
https://www.sec.gov/Archives/edgar/data/200406/000020040621000006/a2020q4exhibit992.htm,0000200406-21-000006
https://www.sec.gov/Archives/edgar/data/200406/000020040620000061/exhibit991-20201203west.htm,0000200406-20-000061
https://www.sec.gov/Archives/edgar/data/200406/000020040620000054/a2020q3exhibit991.htm,0000200406-20-000054
https://www.sec.gov/Archives/edgar/data/200406/000020040620000054/a2020q3exhibit992.htm,0000200406-20-000054
https://www.sec.gov/Archives/edgar/data/200406/000020040620000047/a2020q2exhibit991.htm,0000200406-20-000047
https://www.sec.gov/Archives/edgar/data/200406/000020040620000047/a2020q2exhibit992.htm,0000200406-20-000047
https://www.sec.gov/Archives/edgar/data/200406/000020040620000026/a2020q1exhibit991.htm,0000200406-20-000026
https://www.sec.gov/Archives/edgar/data/200406/000020040620000026/a2020q1exhibit992.htm,0000200406-20-000026
https://www.sec.gov/Archives/edgar/data/200406/000020040620000004/a2019q4exhibit991.htm,0000200406-20-000004
https://www.sec.gov/Archives/edgar/data/200406/000020040620000004/a2019q4exhibit992.htm,0000200406-20-000004
https://www.sec.gov/Archives/edgar/data/200406/000020040619000071/a20191230exhibit991.htm,0000200406-19-000071
https://www.sec.gov/Archives/edgar/data/200406/000020040619000069/a20191205exhibit991.htm,0000200406-19-000069
https://www.sec.gov/Archives/edgar/data/200406/000020040619000063/a2019q3exhibit992tobeu.htm,0000200406-19-000063
https://www.sec.gov/Archives/edgar/data/200406/000020040619000061/a2019q3exhibit991.htm,0000200406-19-000061
https://www.sec.gov/Archives/edgar/data/200406/000020040619000061/a2019q3exhibit992.htm,0000200406-19-000061
https://www.sec.gov/Archives/edgar/data/200406/000020040619000057/exhibit991august262019.htm,0000200406-19-000057
https://www.sec.gov/Archives/edgar/data/200406/000020040619000049/a2019q2exhibit9915.htm,0000200406-19-000049
https://www.sec.gov/Archives/edgar/data/200406/000020040619000049/a2019q2exhibit992o.htm,0000200406-19-000049
https://www.sec.gov/Archives/edgar/data/200406/000020040619000028/a20190425ex991pressrelease.htm,0000200406-19-000028
https://www.sec.gov/Archives/edgar/data/200406/000020040619000025/a2019q1exhibit9915.htm,0000200406-19-000025
https://www.sec.gov/Archives/edgar/data/200406/000020040619000025/a2019q1exhibit992o.htm,0000200406-19-000025
https://www.sec.gov/Archives/edgar/data/200406/000020040619000020/a20190401aspdivestitureex9.htm,0000200406-19-000020
https://www.sec.gov/Archives/edgar/data/200406/000020040619000019/ex991aurisacquisition.htm,0000200406-19-000019
https://www.sec.gov/Archives/edgar/data/200406/000020040619000004/a2018q4exhibit9915.htm,0000200406-19-000004
https://www.sec.gov/Archives/edgar/data/200406/000020040619000004/a2018q4exhibit992o.htm,0000200406-19-000004
https://www.sec.gov/Archives/edgar/data/200406/000020040619000002/a20190117ex991ciz.htm,0000200406-19-000002
https://www.sec.gov/Archives/edgar/data/1601046/000160104623000099/exhibit991-q423pressrelease.htm,0001601046-23-000099
https://www.sec.gov/Archives/edgar/data/1601046/000160104623000070/exhibit991-q323pressrelease.htm,0001601046-23-000070
https://www.sec.gov/Archives/edgar/data/1601046/000160104623000038/exhibit991-q223pressrelease.htm,0001601046-23-000038
https://www.sec.gov/Archives/edgar/data/1601046/000160104623000008/exhibit991-q123pressrelease.htm,0001601046-23-000008
https://www.sec.gov/Archives/edgar/data/1601046/000160104622000089/exhibit991-q422pressrelease.htm,0001601046-22-000089
https://www.sec.gov/Archives/edgar/data/1601046/000160104622000063/exhibit991-q322pressrelease.htm,0001601046-22-000063
https://www.sec.gov/Archives/edgar/data/1601046/000160104622000041/exhibit991-q222pressrelease.htm,0001601046-22-000041
https://www.sec.gov/Archives/edgar/data/1601046/000160104622000006/exhibit991-managementchang.htm,0001601046-22-000006
https://www.sec.gov/Archives/edgar/data/1601046/000160104622000004/exhibit991-pressreleasexne.htm,0001601046-22-000004
https://www.sec.gov/Archives/edgar/data/1601046/000160104622000002/exhibit991-q122pressrelease.htm,0001601046-22-000002
https://www.sec.gov/Archives/edgar/data/1601046/000160104621000138/exhibit991-q421pressrelease.htm,0001601046-21-000138
https://www.sec.gov/Archives/edgar/data/1601046/000160104621000059/exhibit991-q321pressrelease.htm,0001601046-21-000059
https://www.sec.gov/Archives/edgar/data/1601046/000160104621000035/exhibit991-pressreleasexne.htm,0001601046-21-000035
https://www.sec.gov/Archives/edgar/data/1601046/000160104621000032/exhibit991-q221pressrelease.htm,0001601046-21-000032
https://www.sec.gov/Archives/edgar/data/1601046/000160104621000003/exhibit991-q121pressrelease.htm,0001601046-21-000003
https://www.sec.gov/Archives/edgar/data/1601046/000160104620000087/exhibit991-q420pressre.htm,0001601046-20-000087
https://www.sec.gov/Archives/edgar/data/1601046/000160104620000058/exhibit991-chiefoperat.htm,0001601046-20-000058
https://www.sec.gov/Archives/edgar/data/1601046/000160104620000053/exhibit991-q320pressre.htm,0001601046-20-000053
https://www.sec.gov/Archives/edgar/data/1601046/000160104620000031/exhibit991-q220pressre.htm,0001601046-20-000031
https://www.sec.gov/Archives/edgar/data/1601046/000160104620000009/exhibit991-updatedreve.htm,0001601046-20-000009
https://www.sec.gov/Archives/edgar/data/1601046/000160104620000002/exhibit991-q120pressre.htm,0001601046-20-000002
https://www.sec.gov/Archives/edgar/data/1601046/000160104619000112/exhibit991.htm,0001601046-19-000112
https://www.sec.gov/Archives/edgar/data/1601046/000160104619000093/exhibit991-q419pressre.htm,0001601046-19-000093
https://www.sec.gov/Archives/edgar/data/1601046/000160104619000051/exhibit991-pressrelease.htm,0001601046-19-000051
https://www.sec.gov/Archives/edgar/data/1601046/000160104619000035/exhibit991-q319pressre.htm,0001601046-19-000035
https://www.sec.gov/Archives/edgar/data/1601046/000160104619000033/keys-10312018xex991.htm,0001601046-19-000033
https://www.sec.gov/Archives/edgar/data/1601046/000160104619000033/keys-10312018xex992.htm,0001601046-19-000033
https://www.sec.gov/Archives/edgar/data/1601046/000160104619000033/keys-10312018xex993.htm iXBRL,0001601046-19-000033
https://www.sec.gov/Archives/edgar/data/1601046/000160104619000023/exhibit991-q219pressrelease.htm,0001601046-19-000023
https://www.sec.gov/Archives/edgar/data/1601046/000160104619000017/exhibit991-pressrelease.htm,0001601046-19-000017
https://www.sec.gov/Archives/edgar/data/1601046/000160104619000013/exhibit991-pressrelease.htm,0001601046-19-000013
https://www.sec.gov/Archives/edgar/data/1601046/000160104619000004/exhibit991-q119pressrelease.htm,0001601046-19-000004
https://www.sec.gov/Archives/edgar/data/1601046/000160104619000002/a991.htm,0001601046-19-000002
https://www.sec.gov/Archives/edgar/data/319201/000119312523270369/d529224dex991.htm,0001193125-23-270369
https://www.sec.gov/Archives/edgar/data/319201/000031920123000037/exhibit991earningsrelease9.htm,0000319201-23-000037
https://www.sec.gov/Archives/edgar/data/319201/000119312523229585/d846497dex991.htm,0001193125-23-229585
https://www.sec.gov/Archives/edgar/data/319201/000119312523202902/d526577dex991.htm,0001193125-23-202902
https://www.sec.gov/Archives/edgar/data/319201/000031920123000027/exhibit991earningsrelease7.htm,0000319201-23-000027
https://www.sec.gov/Archives/edgar/data/319201/000119312523192257/d513576dex991.htm,0001193125-23-192257
https://www.sec.gov/Archives/edgar/data/319201/000119312523137082/d487745dex991.htm,0001193125-23-137082
https://www.sec.gov/Archives/edgar/data/319201/000031920123000016/exhibit991earningsrelease0.htm,0000319201-23-000016
https://www.sec.gov/Archives/edgar/data/319201/000119312523024406/d837621dex991.htm,0001193125-23-024406
https://www.sec.gov/Archives/edgar/data/319201/000031920123000008/exhibit991earningsrelease1.htm,0000319201-23-000008
https://www.sec.gov/Archives/edgar/data/319201/000119312522277886/d381333dex991.htm,0001193125-22-277886
https://www.sec.gov/Archives/edgar/data/319201/000162828022027085/exhibit991earningsrelease0.htm,0001628280-22-027085
https://www.sec.gov/Archives/edgar/data/319201/000119312522213582/d367870dex991.htm,0001193125-22-213582
https://www.sec.gov/Archives/edgar/data/319201/000031920122000018/exhibit991earningsrelease7.htm,0000319201-22-000018
https://www.sec.gov/Archives/edgar/data/319201/000119312522188683/d318314dex991.htm,0001193125-22-188683
https://www.sec.gov/Archives/edgar/data/319201/000119312522188683/d318314dex992.htm,0001193125-22-188683
https://www.sec.gov/Archives/edgar/data/319201/000119312522181527/d314553dex991.htm,0001193125-22-181527
https://www.sec.gov/Archives/edgar/data/319201/000119312522178111/d353105dex991.htm,0001193125-22-178111
https://www.sec.gov/Archives/edgar/data/319201/000119312522178111/d353105dex992.htm,0001193125-22-178111
https://www.sec.gov/Archives/edgar/data/319201/000119312522175500/d341367dex991.htm,0001193125-22-175500
https://www.sec.gov/Archives/edgar/data/319201/000119312522175500/d341367dex992.htm,0001193125-22-175500
https://www.sec.gov/Archives/edgar/data/319201/000119312522170195/d306474dex991.htm,0001193125-22-170195
https://www.sec.gov/Archives/edgar/data/319201/000119312522142326/d352938dex991.htm,0001193125-22-142326
https://www.sec.gov/Archives/edgar/data/319201/000031920122000010/exhibit991earningsrelease0.htm,0000319201-22-000010
https://www.sec.gov/Archives/edgar/data/319201/000162828022001687/dividend02-02x2022.htm,0001628280-22-001687
https://www.sec.gov/Archives/edgar/data/319201/000031920122000004/exhibit991earningsrelease1.htm,0000319201-22-000004
https://www.sec.gov/Archives/edgar/data/319201/000162828021022013/dividend11-04x2021.htm,0001628280-21-022013
https://www.sec.gov/Archives/edgar/data/319201/000031920121000034/exhibit991earningsrelease0.htm,0000319201-21-000034
https://www.sec.gov/Archives/edgar/data/319201/000162828021016091/dividend08-05x2021.htm,0001628280-21-016091
https://www.sec.gov/Archives/edgar/data/319201/000031920121000025/exhibit991earningsrelease7.htm,0000319201-21-000025
https://www.sec.gov/Archives/edgar/data/319201/000162828021009547/maydividendpressrelease.htm,0001628280-21-009547
https://www.sec.gov/Archives/edgar/data/319201/000031920121000014/exhibit991earningsrelease0.htm,0000319201-21-000014
https://www.sec.gov/Archives/edgar/data/319201/000162828021001688/febdividendpressrelease.htm,0001628280-21-001688
https://www.sec.gov/Archives/edgar/data/319201/000031920121000005/exhibit991earningsrelease1.htm,0000319201-21-000005
https://www.sec.gov/Archives/edgar/data/319201/000031920120000061/novdividendpressrelease.htm,0000319201-20-000061
https://www.sec.gov/Archives/edgar/data/319201/000031920120000054/exhibit991earningsrele.htm,0000319201-20-000054
https://www.sec.gov/Archives/edgar/data/319201/000031920120000043/augustdividendpressrel.htm,0000319201-20-000043
https://www.sec.gov/Archives/edgar/data/319201/000031920120000039/earningsrelease63020.htm,0000319201-20-000039
https://www.sec.gov/Archives/edgar/data/319201/000162828020007005/dividendpressrelease05.htm,0001628280-20-007005
https://www.sec.gov/Archives/edgar/data/319201/000031920120000023/exhibit991earningsrele.htm,0000319201-20-000023
https://www.sec.gov/Archives/edgar/data/319201/000119312520046328/d855621dex991.htm,0001193125-20-046328
https://www.sec.gov/Archives/edgar/data/319201/000119312520046328/d855621dex992.htm,0001193125-20-046328
https://www.sec.gov/Archives/edgar/data/319201/000031920120000014/directorpressrelease.htm,0000319201-20-000014
https://www.sec.gov/Archives/edgar/data/319201/000031920120000014/februarydividenpressre.htm,0000319201-20-000014
https://www.sec.gov/Archives/edgar/data/319201/000031920120000005/exhibit991earningsrele.htm,0000319201-20-000005
https://www.sec.gov/Archives/edgar/data/319201/000162828019013821/dividendrelease2.htm,0001628280-19-013821
https://www.sec.gov/Archives/edgar/data/319201/000031920119000036/exhibit991earningsrelease0.htm,0000319201-19-000036
https://www.sec.gov/Archives/edgar/data/319201/000031920119000026/earningsrelease63019.htm,0000319201-19-000026
https://www.sec.gov/Archives/edgar/data/319201/000162828019009789/augustdividendpressrelease.htm,0001628280-19-009789
https://www.sec.gov/Archives/edgar/data/319201/000162828019007850/hanleypressrelease.htm,0001628280-19-007850
https://www.sec.gov/Archives/edgar/data/319201/000031920119000015/exhibit991earningsrelease0.htm,0000319201-19-000015
https://www.sec.gov/Archives/edgar/data/319201/000162828019005830/maydividendpressrelease.htm,0001628280-19-005830
https://www.sec.gov/Archives/edgar/data/319201/000119312519076707/d721701dex991.htm,0001193125-19-076707
https://www.sec.gov/Archives/edgar/data/319201/000119312519076707/d721701dex992.htm,0001193125-19-076707
https://www.sec.gov/Archives/edgar/data/319201/000119312519045576/d694530dex991.htm,0001193125-19-045576
https://www.sec.gov/Archives/edgar/data/319201/000119312519045576/d694530dex992.htm,0001193125-19-045576
https://www.sec.gov/Archives/edgar/data/319201/000119312519045576/d694530dex993.htm,0001193125-19-045576
https://www.sec.gov/Archives/edgar/data/319201/000119312519045576/d694530dex994.htm,0001193125-19-045576
https://www.sec.gov/Archives/edgar/data/319201/000162828019000790/victorpengpressrelease.htm,0001628280-19-000790
https://www.sec.gov/Archives/edgar/data/319201/000162828019000790/dividendrelease01-31x19.htm,0001628280-19-000790
https://www.sec.gov/Archives/edgar/data/319201/000031920119000006/exhibit991earningsrelease1.htm,0000319201-19-000006
https://www.sec.gov/Archives/edgar/data/920148/000092014823000078/form8-kerex991forq32023.htm,0000920148-23-000078
https://www.sec.gov/Archives/edgar/data/920148/000092014823000076/formpr101223ex991dividenda.htm,0000920148-23-000076
https://www.sec.gov/Archives/edgar/data/920148/000092014823000074/formpr3q23ex991earningsann.htm,0000920148-23-000074
https://www.sec.gov/Archives/edgar/data/920148/000092014823000072/formpr91423ex991investorda.htm,0000920148-23-000072
https://www.sec.gov/Archives/edgar/data/920148/000092014823000072/lhinvestordaynyse.htm,0000920148-23-000072
https://www.sec.gov/Archives/edgar/data/920148/000092014823000060/formpr73123ex991investorday.htm,0000920148-23-000060
https://www.sec.gov/Archives/edgar/data/920148/000092014823000058/form8-kerex991forq22023.htm,0000920148-23-000058
https://www.sec.gov/Archives/edgar/data/920148/000092014823000056/formpr71223ex991dividendan.htm,0000920148-23-000056
https://www.sec.gov/Archives/edgar/data/920148/000092014823000050/formpr7323ex991fortreaclos.htm,0000920148-23-000050
https://www.sec.gov/Archives/edgar/data/920148/000092014823000048/formpr2q23ex991earningsann.htm,0000920148-23-000048
https://www.sec.gov/Archives/edgar/data/920148/000092014823000046/formpr61223ex991spininform.htm,0000920148-23-000046
https://www.sec.gov/Archives/edgar/data/920148/000092014823000046/formpr61223ex992projectsil.htm,0000920148-23-000046
https://www.sec.gov/Archives/edgar/data/920148/000092014823000044/formpr6923ex991spininforma.htm,0000920148-23-000044
https://www.sec.gov/Archives/edgar/data/920148/000092014823000042/formpr6823ex991projectsilv.htm,0000920148-23-000042
https://www.sec.gov/Archives/edgar/data/920148/000092014823000040/formpr6723ex991boardmember.htm,0000920148-23-000040
https://www.sec.gov/Archives/edgar/data/920148/000092014823000025/formpr2023shareholdermeeti.htm,0000920148-23-000025
https://www.sec.gov/Archives/edgar/data/920148/000092014823000023/form8-kerex991forq12023.htm,0000920148-23-000023
https://www.sec.gov/Archives/edgar/data/920148/000092014823000021/formpr4623ex991dividendann.htm,0000920148-23-000021
https://www.sec.gov/Archives/edgar/data/920148/000092014823000019/formpr1q23ex991earningsann.htm,0000920148-23-000019
https://www.sec.gov/Archives/edgar/data/920148/000092014823000012/former2162023ex991forq42022.htm,0000920148-23-000012
https://www.sec.gov/Archives/edgar/data/920148/000092014823000008/formpr4q22ex991earningsann.htm,0000920148-23-000008
https://www.sec.gov/Archives/edgar/data/920148/000092014823000006/formpr11223ex991dividendan.htm,0000920148-23-000006
https://www.sec.gov/Archives/edgar/data/920148/000092014823000004/formpr1523ex991kirchgraber.htm,0000920148-23-000004
https://www.sec.gov/Archives/edgar/data/920148/000092014823000002/formpr1323ex991jpmorganhcc.htm,0000920148-23-000002
https://www.sec.gov/Archives/edgar/data/920148/000092014822000057/formpr103122ex991creditsui.htm,0000920148-22-000057
https://www.sec.gov/Archives/edgar/data/920148/000092014822000055/form8-kerex991forq32022.htm,0000920148-22-000055
https://www.sec.gov/Archives/edgar/data/920148/000092014822000052/formpr101322ex991boardmemb.htm,0000920148-22-000052
https://www.sec.gov/Archives/edgar/data/920148/000092014822000049/formpr101222ex991dividenda.htm,0000920148-22-000049
https://www.sec.gov/Archives/edgar/data/920148/000092014822000047/form10322ex991ascensionclo.htm,0000920148-22-000047
https://www.sec.gov/Archives/edgar/data/920148/000092014822000045/formpr3q22ex991earningsann.htm,0000920148-22-000045
https://www.sec.gov/Archives/edgar/data/920148/000092014822000043/formpr9622ex991bairdglobal.htm,0000920148-22-000043
https://www.sec.gov/Archives/edgar/data/920148/000092014822000038/form8-kerex991forq22022.htm,0000920148-22-000038
https://www.sec.gov/Archives/edgar/data/920148/000092014822000038/exhibit992prlabcorptospino.htm,0000920148-22-000038
https://www.sec.gov/Archives/edgar/data/920148/000092014822000034/formpr2q22ex991earningsann.htm,0000920148-22-000034
https://www.sec.gov/Archives/edgar/data/920148/000092014822000032/form71422ex991dividendanno.htm,0000920148-22-000032
https://www.sec.gov/Archives/edgar/data/920148/000092014822000029/formpr51722ex991ubsglobalh.htm,0000920148-22-000029
https://www.sec.gov/Archives/edgar/data/920148/000092014822000027/formpr2022shareholdermeeti.htm,0000920148-22-000027
https://www.sec.gov/Archives/edgar/data/920148/000092014822000022/form8-kerex991forq12022.htm,0000920148-22-000022
https://www.sec.gov/Archives/edgar/data/920148/000092014822000020/form4722ex991dividendannou.htm,0000920148-22-000020
https://www.sec.gov/Archives/edgar/data/920148/000092014822000018/formpr1q22ex991earningsann.htm,0000920148-22-000018
https://www.sec.gov/Archives/edgar/data/920148/000092014822000011/former2102022ex991forq42021.htm,0000920148-22-000011
https://www.sec.gov/Archives/edgar/data/920148/000092014822000008/form2922ex991ascensionacqu.htm,0000920148-22-000008
https://www.sec.gov/Archives/edgar/data/920148/000092014822000006/formpr4q21ex991earningsann.htm,0000920148-22-000006
https://www.sec.gov/Archives/edgar/data/920148/000092014822000004/formpr1422ex991jpmorganhcc.htm,0000920148-22-000004
https://www.sec.gov/Archives/edgar/data/920148/000092014821000074/form12921ex991businessupda.htm,0000920148-21-000074
https://www.sec.gov/Archives/edgar/data/920148/000092014821000071/formpr1192021ex991creditsu.htm,0000920148-21-000071
https://www.sec.gov/Archives/edgar/data/920148/000092014821000066/form8-kerex991forq32021.htm,0000920148-21-000066
https://www.sec.gov/Archives/edgar/data/920148/000092014821000062/formprq32021ex991earningsa.htm,0000920148-21-000062
https://www.sec.gov/Archives/edgar/data/920148/000092014821000060/form91321ex991vectraacquis.htm,0000920148-21-000060
https://www.sec.gov/Archives/edgar/data/920148/000092014821000058/formpr982021ex991morgansta.htm,0000920148-21-000058
https://www.sec.gov/Archives/edgar/data/920148/000092014821000053/form81221ex991oviaacquisit.htm,0000920148-21-000053
https://www.sec.gov/Archives/edgar/data/920148/000092014821000048/form8-kerex991forq22021.htm,0000920148-21-000048
https://www.sec.gov/Archives/edgar/data/920148/000092014821000045/formprq22021ex991earningsa.htm,0000920148-21-000045
https://www.sec.gov/Archives/edgar/data/920148/000092014821000043/formpr5182021ex991ubsgloba.htm,0000920148-21-000043
https://www.sec.gov/Archives/edgar/data/920148/000119312521160766/d467972dex991.htm,0001193125-21-160766
https://www.sec.gov/Archives/edgar/data/920148/000119312521158515/d467022dex991.htm,0001193125-21-158515
https://www.sec.gov/Archives/edgar/data/920148/000092014821000038/form8-kerex991forq12021.htm,0000920148-21-000038
https://www.sec.gov/Archives/edgar/data/920148/000092014821000036/formprshareholdermeetingan.htm,0000920148-21-000036
https://www.sec.gov/Archives/edgar/data/920148/000092014821000031/formprq12021ex991earningsa.htm,0000920148-21-000031
https://www.sec.gov/Archives/edgar/data/920148/000092014821000028/formpr3262021ex991boardmem.htm,0000920148-21-000028
https://www.sec.gov/Archives/edgar/data/920148/000092014821000024/formpr31921ex991keybancinv.htm,0000920148-21-000024
https://www.sec.gov/Archives/edgar/data/920148/000092014821000015/formpr22321ex991citihealth.htm,0000920148-21-000015
https://www.sec.gov/Archives/edgar/data/920148/000092014821000012/former2112021ex991forq42020.htm,0000920148-21-000012
https://www.sec.gov/Archives/edgar/data/920148/000092014821000006/formprq42020ex991earningsa.htm,0000920148-21-000006
https://www.sec.gov/Archives/edgar/data/920148/000092014821000003/formpr152021ex991jpmorganh.htm,0000920148-21-000003
https://www.sec.gov/Archives/edgar/data/920148/000092014820000064/formpr11252020ex991eve.htm,0000920148-20-000064
https://www.sec.gov/Archives/edgar/data/920148/000092014820000061/formpr1122020ex991cred.htm,0000920148-20-000061
https://www.sec.gov/Archives/edgar/data/920148/000092014820000055/form8-kerex991forq32020.htm,0000920148-20-000055
https://www.sec.gov/Archives/edgar/data/920148/000092014820000052/form8-kpr9282020ex991e.htm,0000920148-20-000052
https://www.sec.gov/Archives/edgar/data/920148/000092014820000049/form8-kpr9102020ex991a.htm,0000920148-20-000049
https://www.sec.gov/Archives/edgar/data/920148/000092014820000047/form8-kpr912020ex991ba.htm,0000920148-20-000047
https://www.sec.gov/Archives/edgar/data/920148/000092014820000036/form8-kerex991forq22020.htm,0000920148-20-000036
https://www.sec.gov/Archives/edgar/data/920148/000092014820000031/form8-kpr762020ex991ea.htm,0000920148-20-000031
https://www.sec.gov/Archives/edgar/data/920148/000092014820000025/exhibit991pr562020bofa.htm,0000920148-20-000025
https://www.sec.gov/Archives/edgar/data/920148/000092014820000023/exhibit991pr552020shar.htm,0000920148-20-000023
https://www.sec.gov/Archives/edgar/data/920148/000092014820000021/form8-ker4292020ex991.htm,0000920148-20-000021
https://www.sec.gov/Archives/edgar/data/920148/000092014820000018/exhibit991pr462020.htm,0000920148-20-000018
https://www.sec.gov/Archives/edgar/data/920148/000092014820000014/exhibit991pr322020.htm,0000920148-20-000014
https://www.sec.gov/Archives/edgar/data/920148/000092014820000006/form8-ker2132020ex991.htm,0000920148-20-000006
https://www.sec.gov/Archives/edgar/data/920148/000092014820000004/exhibit991pr1132020ear.htm,0000920148-20-000004
https://www.sec.gov/Archives/edgar/data/920148/000092014820000002/exhibit991pr162020jpmo.htm,0000920148-20-000002
https://www.sec.gov/Archives/edgar/data/920148/000119312519305378/d841237dex991.htm,0001193125-19-305378
https://www.sec.gov/Archives/edgar/data/920148/000119312519305378/d841237dex992.htm,0001193125-19-305378
https://www.sec.gov/Archives/edgar/data/920148/000119312519300570/d840101dex991.htm,0001193125-19-300570
https://www.sec.gov/Archives/edgar/data/920148/000119312519295235/d835026dex991.htm,0001193125-19-295235
https://www.sec.gov/Archives/edgar/data/920148/000119312519295227/d824233dex991.htm,0001193125-19-295227
https://www.sec.gov/Archives/edgar/data/920148/000119312519294314/d826109dex991.htm,0001193125-19-294314
https://www.sec.gov/Archives/edgar/data/920148/000119312519294314/d826109dex992.htm,0001193125-19-294314
https://www.sec.gov/Archives/edgar/data/920148/000119312519285296/d828873dex991.htm,0001193125-19-285296
https://www.sec.gov/Archives/edgar/data/920148/000092014819000088/form8-ker102419ex991.htm,0000920148-19-000088
https://www.sec.gov/Archives/edgar/data/920148/000092014819000086/ex991pr102219.htm,0000920148-19-000086
https://www.sec.gov/Archives/edgar/data/920148/000092014819000084/ex991pr101519zerocoupon.htm,0000920148-19-000084
https://www.sec.gov/Archives/edgar/data/920148/000119312519261142/d787091dex991.htm,0001193125-19-261142
https://www.sec.gov/Archives/edgar/data/920148/000092014819000082/ex99191119prcontingent.htm,0000920148-19-000082
https://www.sec.gov/Archives/edgar/data/920148/000092014819000080/ex99182919prmorganstanleyc.htm,0000920148-19-000080
https://www.sec.gov/Archives/edgar/data/920148/000092014819000078/exhibit991pr82919.htm,0000920148-19-000078
https://www.sec.gov/Archives/edgar/data/920148/000092014819000069/exhibit991er72519-01.htm,0000920148-19-000069
https://www.sec.gov/Archives/edgar/data/920148/000092014819000066/ex991pr72219.htm,0000920148-19-000066
https://www.sec.gov/Archives/edgar/data/920148/000092014819000064/exhibit991pr7119-01.htm,0000920148-19-000064
https://www.sec.gov/Archives/edgar/data/920148/000092014819000062/ex991pr62519.htm,0000920148-19-000062
https://www.sec.gov/Archives/edgar/data/920148/000092014819000060/ex99161819pr-actual.htm,0000920148-19-000060
https://www.sec.gov/Archives/edgar/data/920148/000092014819000058/exhibit991pr6719-01.htm,0000920148-19-000058
https://www.sec.gov/Archives/edgar/data/920148/000119312519165518/d758193dex991.htm,0001193125-19-165518
https://www.sec.gov/Archives/edgar/data/920148/000119312519164256/d755218dex991.htm,0001193125-19-164256
https://www.sec.gov/Archives/edgar/data/920148/000119312519164256/d755218dex992.htm,0001193125-19-164256
https://www.sec.gov/Archives/edgar/data/920148/000092014819000055/exhibit991pr51019-01.htm,0000920148-19-000055
https://www.sec.gov/Archives/edgar/data/920148/000092014819000050/ex9915219pr.htm,0000920148-19-000050
https://www.sec.gov/Archives/edgar/data/920148/000092014819000048/ex991er43019.htm,0000920148-19-000048
https://www.sec.gov/Archives/edgar/data/920148/000119312519109448/d733628dex991.htm,0001193125-19-109448
https://www.sec.gov/Archives/edgar/data/920148/000092014819000043/exhibit991-011.htm,0000920148-19-000043
https://www.sec.gov/Archives/edgar/data/920148/000092014819000041/ex991pr4119conversion.htm,0000920148-19-000041
https://www.sec.gov/Archives/edgar/data/920148/000092014819000039/ex99132819pr.htm,0000920148-19-000039
https://www.sec.gov/Archives/edgar/data/920148/000092014819000037/ex991pr31119contingentinte.htm,0000920148-19-000037
https://www.sec.gov/Archives/edgar/data/920148/000092014819000035/exhibit991pr3519-01.htm,0000920148-19-000035
https://www.sec.gov/Archives/edgar/data/920148/000092014819000028/exhibit991pr21919-01.htm,0000920148-19-000028
https://www.sec.gov/Archives/edgar/data/920148/000092014819000025/lhq4188k02072019final.htm,0000920148-19-000025
https://www.sec.gov/Archives/edgar/data/920148/000092014819000024/ex991er2719.htm,0000920148-19-000024
https://www.sec.gov/Archives/edgar/data/920148/000092014819000019/ex991pr12219.htm,0000920148-19-000019
https://www.sec.gov/Archives/edgar/data/920148/000092014819000017/exhibit991-01.htm,0000920148-19-000017
https://www.sec.gov/Archives/edgar/data/920148/000092014819000015/exhibit991pr11519-01.htm,0000920148-19-000015
https://www.sec.gov/Archives/edgar/data/920148/000092014819000013/labcorplh37thannualjpmor.htm,0000920148-19-000013
https://www.sec.gov/Archives/edgar/data/920148/000092014819000006/ex991pr1319conversion.htm,0000920148-19-000006
https://www.sec.gov/Archives/edgar/data/920148/000092014819000005/exhibit991pr1319am-01.htm,0000920148-19-000005
https://www.sec.gov/Archives/edgar/data/707549/000070754923000112/lrcx_exhibitx991xq1x2024.htm,0000707549-23-000112
https://www.sec.gov/Archives/edgar/data/707549/000070754923000105/lrcx_exx991xpraugust2023.htm,0000707549-23-000105
https://www.sec.gov/Archives/edgar/data/707549/000070754923000091/lrcx_exhibitx991xq4x2023.htm,0000707549-23-000091
https://www.sec.gov/Archives/edgar/data/707549/000070754923000077/lrcx_exhibitx991xq3x2023.htm,0000707549-23-000077
https://www.sec.gov/Archives/edgar/data/707549/000070754923000036/lrcx_exx991xprfeb212023.htm,0000707549-23-000036
https://www.sec.gov/Archives/edgar/data/707549/000070754923000011/lrcx_exx991xprfebruary2023.htm,0000707549-23-000011
https://www.sec.gov/Archives/edgar/data/707549/000070754923000005/lrcx_exhibitx991xq2x2023.htm,0000707549-23-000005
https://www.sec.gov/Archives/edgar/data/707549/000070754922000119/lrcx_exhibitx991xq1x2023.htm,0000707549-22-000119
https://www.sec.gov/Archives/edgar/data/707549/000070754922000097/lrcx_exhibitx991xq4x2022.htm,0000707549-22-000097
https://www.sec.gov/Archives/edgar/data/707549/000070754922000079/ex991share_repurchxmayx11x.htm,0000707549-22-000079
https://www.sec.gov/Archives/edgar/data/707549/000070754922000063/lrcx_exhibitx991xq3x2022.htm,0000707549-22-000063
https://www.sec.gov/Archives/edgar/data/707549/000070754922000009/lrcx_exhibitx991xq2x2022.htm,0000707549-22-000009
https://www.sec.gov/Archives/edgar/data/707549/000070754921000152/lrcx_exhibitx991xq1x2022.htm,0000707549-21-000152
https://www.sec.gov/Archives/edgar/data/707549/000070754921000124/lrcx_exhibitx991xq4x2021.htm,0000707549-21-000124
https://www.sec.gov/Archives/edgar/data/707549/000070754921000085/lrcx_exhibitx991xq3x2021.htm,0000707549-21-000085
https://www.sec.gov/Archives/edgar/data/707549/000070754921000078/ex991mar21.htm,0000707549-21-000078
https://www.sec.gov/Archives/edgar/data/707549/000070754921000010/lrcx_exhibitx991xq2x2021.htm,0000707549-21-000010
https://www.sec.gov/Archives/edgar/data/707549/000070754920000216/ex991dec20.htm,0000707549-20-000216
https://www.sec.gov/Archives/edgar/data/707549/000070754920000179/ex991nov32020.htm,0000707549-20-000179
https://www.sec.gov/Archives/edgar/data/707549/000070754920000167/lrcxexhibit991q12021.htm,0000707549-20-000167
https://www.sec.gov/Archives/edgar/data/707549/000070754920000158/ex991sep20.htm,0000707549-20-000158
https://www.sec.gov/Archives/edgar/data/707549/000070754920000119/lrcxexhibit991q42020.htm,0000707549-20-000119
https://www.sec.gov/Archives/edgar/data/707549/000070754920000103/ex991jun20.htm,0000707549-20-000103
https://www.sec.gov/Archives/edgar/data/707549/000070754920000077/lrcxexhibit991q32020.htm,0000707549-20-000077
https://www.sec.gov/Archives/edgar/data/707549/000070754920000068/ex991mar20.htm,0000707549-20-000068
https://www.sec.gov/Archives/edgar/data/707549/000070754920000065/exhibit991pressrelease.htm,0000707549-20-000065
https://www.sec.gov/Archives/edgar/data/707549/000070754920000011/lrcxexhibit991q22020.htm,0000707549-20-000011
https://www.sec.gov/Archives/edgar/data/707549/000070754919000202/ex991dec19.htm,0000707549-19-000202
https://www.sec.gov/Archives/edgar/data/707549/000070754919000159/lrcxexhibit991q12020.htm,0000707549-19-000159
https://www.sec.gov/Archives/edgar/data/707549/000070754919000153/ex991sep19.htm,0000707549-19-000153
https://www.sec.gov/Archives/edgar/data/707549/000070754919000117/lrcxexhibit991q42019.htm,0000707549-19-000117
https://www.sec.gov/Archives/edgar/data/707549/000070754919000103/ex991jun19.htm,0000707549-19-000103
https://www.sec.gov/Archives/edgar/data/707549/000070754919000066/lrcx_exhibitx991xq3x2019.htm,0000707549-19-000066
https://www.sec.gov/Archives/edgar/data/707549/000070754919000061/lrcx_exhibitx991x8kxmarx20.htm,0000707549-19-000061
https://www.sec.gov/Archives/edgar/data/707549/000070754919000004/lrcx_exhibitx991xq2x2019.htm,0000707549-19-000004
https://www.sec.gov/Archives/edgar/data/707549/000070754919000004/lrcx_exhibitx992xq2x2019.htm,0000707549-19-000004
https://www.sec.gov/Archives/edgar/data/59478/000005947823000282/q323lillysalesandearningsp.htm,0000059478-23-000282
https://www.sec.gov/Archives/edgar/data/59478/000005947823000219/q223lillysalesandearningsp.htm,0000059478-23-000219
https://www.sec.gov/Archives/edgar/data/59478/000005947823000160/q123lillysalesandearningsp.htm,0000059478-23-000160
https://www.sec.gov/Archives/edgar/data/59478/000005947823000025/q422lillysalesandearningsp.htm,0000059478-23-000025
https://www.sec.gov/Archives/edgar/data/59478/000005947822000277/lly-2023financialguidancep.htm,0000059478-22-000277
https://www.sec.gov/Archives/edgar/data/59478/000005947822000248/q322lillysalesandearningsp.htm,0000059478-22-000248
https://www.sec.gov/Archives/edgar/data/59478/000005947822000194/q222lillysalesandearningsp.htm,0000059478-22-000194
https://www.sec.gov/Archives/edgar/data/59478/000005947822000143/pressreleaserehedley.htm,0000059478-22-000143
https://www.sec.gov/Archives/edgar/data/59478/000005947822000130/q122lillysalesandearningsp.htm,0000059478-22-000130
https://www.sec.gov/Archives/edgar/data/59478/000005947822000016/q421lillysalesandearningsp.htm,0000059478-22-000016
https://www.sec.gov/Archives/edgar/data/59478/000119312521357380/d212746dex991.htm,0001193125-21-357380
https://www.sec.gov/Archives/edgar/data/59478/000005947821000213/q321lillysalesandearningsp.htm,0000059478-21-000213
https://www.sec.gov/Archives/edgar/data/59478/000005947821000190/bertozzi_bodxresignationxf.htm,0000059478-21-000190
https://www.sec.gov/Archives/edgar/data/59478/000005947821000175/ecandbuchangespressrelease.htm,0000059478-21-000175
https://www.sec.gov/Archives/edgar/data/59478/000005947821000168/q221lillysalesandearningsp.htm,0000059478-21-000168
https://www.sec.gov/Archives/edgar/data/59478/000005947821000117/q121lillysalesandearningsp.htm,0000059478-21-000117
https://www.sec.gov/Archives/edgar/data/59478/000005947821000081/johnsonbodpressrelease-fin.htm,0000059478-21-000081
https://www.sec.gov/Archives/edgar/data/59478/000119312521033302/d111779dex991.htm,0001193125-21-033302
https://www.sec.gov/Archives/edgar/data/59478/000005947821000010/q420lillysalesandearningsp.htm,0000059478-21-000010
https://www.sec.gov/Archives/edgar/data/59478/000005947821000004/sulzbergerbodpressrelease-.htm,0000059478-21-000004
https://www.sec.gov/Archives/edgar/data/59478/000005947820000190/lly-2021financialguida.htm,0000059478-20-000190
https://www.sec.gov/Archives/edgar/data/59478/000005947820000152/q320lillysalesandearni.htm,0000059478-20-000152
https://www.sec.gov/Archives/edgar/data/59478/000005947820000128/q220lillysalesandearni.htm,0000059478-20-000128
https://www.sec.gov/Archives/edgar/data/59478/000005947820000100/q120lillysalesandearningsp.htm,0000059478-20-000100
https://www.sec.gov/Archives/edgar/data/59478/000005947820000012/q419lillysalesandearni.htm,0000059478-20-000012
https://www.sec.gov/Archives/edgar/data/59478/000005947819000322/lilly2020financialguid.htm,0000059478-19-000322
https://www.sec.gov/Archives/edgar/data/59478/000005947819000274/ex-991xllyx20181231x10.htm iXBRL,0000059478-19-000274
https://www.sec.gov/Archives/edgar/data/59478/000005947819000269/q319lillysalesandearni.htm,0000059478-19-000269
https://www.sec.gov/Archives/edgar/data/59478/000005947819000269/retirementpressreleasefi.htm,0000059478-19-000269
https://www.sec.gov/Archives/edgar/data/59478/000005947819000228/q219lillysalesandearningsp.htm,0000059478-19-000228
https://www.sec.gov/Archives/edgar/data/59478/000005947819000216/srleadershipchangesprfin.htm,0000059478-19-000216
https://www.sec.gov/Archives/edgar/data/59478/000005947819000171/q119lillysalesandearningsp.htm,0000059478-19-000171
https://www.sec.gov/Archives/edgar/data/59478/000005947819000131/exhibit991-elilillyandcomp.htm,0000059478-19-000131
https://www.sec.gov/Archives/edgar/data/59478/000110465919007149/a18-39904_33ex99d1.htm,0001104659-19-007149
https://www.sec.gov/Archives/edgar/data/59478/000005947819000044/q418lillysalesandearningsp.htm,0000059478-19-000044
https://www.sec.gov/Archives/edgar/data/59478/000119312519003653/d685541dex991.htm,0001193125-19-003653
https://www.sec.gov/Archives/edgar/data/59478/000119312519003653/d685541dex992.htm,0001193125-19-003653
https://www.sec.gov/Archives/edgar/data/1633978/000162828023037563/lite_ex991xq1fy24.htm,0001628280-23-037563
https://www.sec.gov/Archives/edgar/data/1633978/000119312523272452/d587006dex991.htm,0001193125-23-272452
https://www.sec.gov/Archives/edgar/data/1633978/000119312523265658/d575524dex991.htm,0001193125-23-265658
https://www.sec.gov/Archives/edgar/data/1633978/000162828023029741/lite_ex991xq4fy23.htm,0001628280-23-029741
https://www.sec.gov/Archives/edgar/data/1633978/000119312523168966/d317553dex991.htm,0001193125-23-168966
https://www.sec.gov/Archives/edgar/data/1633978/000119312523168966/d317553dex992.htm,0001193125-23-168966
https://www.sec.gov/Archives/edgar/data/1633978/000162828023016629/lite_ex991xq3fy23.htm,0001628280-23-016629
https://www.sec.gov/Archives/edgar/data/1633978/000162828023010935/lite_preliminaryearningsxp.htm,0001628280-23-010935
https://www.sec.gov/Archives/edgar/data/1633978/000119312523048742/d438104dex991.htm,0001193125-23-048742
https://www.sec.gov/Archives/edgar/data/1633978/000162828023002866/lite_ex991xq2fy23.htm,0001628280-23-002866
https://www.sec.gov/Archives/edgar/data/1633978/000162828022028758/lite_ex991xq1fy23.htm,0001628280-22-028758
https://www.sec.gov/Archives/edgar/data/1633978/000162828022022980/lite_ex991xq4fy22.htm,0001628280-22-022980
https://www.sec.gov/Archives/edgar/data/1633978/000119312522210674/d359505dex991.htm,0001193125-22-210674
https://www.sec.gov/Archives/edgar/data/1633978/000119312522206587/d388317dex991.htm,0001193125-22-206587
https://www.sec.gov/Archives/edgar/data/1633978/000162828022012145/lite_ex991xq3fy22.htm,0001628280-22-012145
https://www.sec.gov/Archives/edgar/data/1633978/000119312522069350/d287629dex991.htm,0001193125-22-069350
https://www.sec.gov/Archives/edgar/data/1633978/000119312522069350/d287629dex992.htm,0001193125-22-069350
https://www.sec.gov/Archives/edgar/data/1633978/000162828022001736/lite_ex991xq2fy22.htm,0001628280-22-001736
https://www.sec.gov/Archives/edgar/data/1633978/000119312522014413/d294402dex991.htm,0001193125-22-014413
https://www.sec.gov/Archives/edgar/data/1633978/000119312521319601/d248799dex991.htm,0001193125-21-319601
https://www.sec.gov/Archives/edgar/data/1633978/000162828021021618/lite_ex991xq1fy22.htm,0001628280-21-021618
https://www.sec.gov/Archives/edgar/data/1633978/000162828021017219/lite_ex991xq4fy21.htm,0001628280-21-017219
https://www.sec.gov/Archives/edgar/data/1633978/000163397821000030/a991newrelease672021.htm,0001633978-21-000030
https://www.sec.gov/Archives/edgar/data/1633978/000163397821000008/lite_ex991xq3fy21.htm,0001633978-21-000008
https://www.sec.gov/Archives/edgar/data/1633978/000119312521075438/d25927dex991.htm,0001193125-21-075438
https://www.sec.gov/Archives/edgar/data/1633978/000163397821000002/lite_ex991xq2fy21.htm,0001633978-21-000002
https://www.sec.gov/Archives/edgar/data/1633978/000110465921005024/tm213409d1_ex99-1.htm,0001104659-21-005024
https://www.sec.gov/Archives/edgar/data/1633978/000110465921005024/tm213409d1_ex99-2.htm,0001104659-21-005024
https://www.sec.gov/Archives/edgar/data/1633978/000163397820000017/liteex991q1fy21.htm,0001633978-20-000017
https://www.sec.gov/Archives/edgar/data/1633978/000163397820000012/a991newrelease.htm,0001633978-20-000012
https://www.sec.gov/Archives/edgar/data/1633978/000163397820000010/liteex991q4fy20.htm,0001633978-20-000010
https://www.sec.gov/Archives/edgar/data/1633978/000162828020006358/liteex991q3fy20.htm,0001628280-20-006358
https://www.sec.gov/Archives/edgar/data/1633978/000163397820000002/liteex991q2fy20.htm,0001633978-20-000002
https://www.sec.gov/Archives/edgar/data/1633978/000163397820000002/q22020lumentumholdingsin.htm,0001633978-20-000002
https://www.sec.gov/Archives/edgar/data/1633978/000119312519312875/d839568dex991.htm,0001193125-19-312875
https://www.sec.gov/Archives/edgar/data/1633978/000119312519312875/d839568dex992.htm,0001193125-19-312875
https://www.sec.gov/Archives/edgar/data/1633978/000163397819000070/liteex991q1fy20.htm,0001633978-19-000070
https://www.sec.gov/Archives/edgar/data/1633978/000163397819000070/q12020andfullyearlumentu.htm,0001633978-19-000070
https://www.sec.gov/Archives/edgar/data/1633978/000163397819000068/lite_ex991xq4fy19.htm,0001633978-19-000068
https://www.sec.gov/Archives/edgar/data/1633978/000163397819000068/q42019andfullyearlumentu.htm,0001633978-19-000068
https://www.sec.gov/Archives/edgar/data/1633978/000163397819000029/lite_ex991xq3fy19.htm,0001633978-19-000029
https://www.sec.gov/Archives/edgar/data/1633978/000163397819000029/q32019lumentumholdingsin.htm,0001633978-19-000029
https://www.sec.gov/Archives/edgar/data/1633978/000119312519031591/d696158dex991.htm,0001193125-19-031591
https://www.sec.gov/Archives/edgar/data/1633978/000163397819000001/lite_ex991xq2fy19.htm,0001633978-19-000001
https://www.sec.gov/Archives/edgar/data/1633978/000163397819000001/liteex992q2fy19.htm,0001633978-19-000001
https://www.sec.gov/Archives/edgar/data/927653/000092765323000081/mck_exhibit991x9302023.htm,0000927653-23-000081
https://www.sec.gov/Archives/edgar/data/927653/000092765323000060/mck_exhibit991x6302023.htm,0000927653-23-000060
https://www.sec.gov/Archives/edgar/data/927653/000119312523168978/d481928dex991.htm,0001193125-23-168978
https://www.sec.gov/Archives/edgar/data/927653/000119312523162158/d689078dex991.htm,0001193125-23-162158
https://www.sec.gov/Archives/edgar/data/927653/000092765323000036/mck_exhibit991x3312023.htm,0000927653-23-000036
https://www.sec.gov/Archives/edgar/data/927653/000119312523040194/d419477dex991.htm,0001193125-23-040194
https://www.sec.gov/Archives/edgar/data/927653/000092765323000015/mck_exhibit991x12312022.htm,0000927653-23-000015
https://www.sec.gov/Archives/edgar/data/927653/000092765322000095/mck_exhibit991x9302022.htm,0000927653-22-000095
https://www.sec.gov/Archives/edgar/data/927653/000092765322000082/ex991-502boardofdirectorap.htm,0000927653-22-000082
https://www.sec.gov/Archives/edgar/data/927653/000092765322000074/mck_exhibit991x6302022.htm,0000927653-22-000074
https://www.sec.gov/Archives/edgar/data/927653/000092765322000047/mck_exhibit991x3312022.htm,0000927653-22-000047
https://www.sec.gov/Archives/edgar/data/927653/000092765322000027/ex991-502boardofdirectorap.htm,0000927653-22-000027
https://www.sec.gov/Archives/edgar/data/927653/000092765322000024/ex991statesandterritoriesl.htm,0000927653-22-000024
https://www.sec.gov/Archives/edgar/data/927653/000092765322000024/ex992pressrelease-jointnew.htm,0000927653-22-000024
https://www.sec.gov/Archives/edgar/data/927653/000092765322000015/mck_exhibit991x12312021.htm,0000927653-22-000015
https://www.sec.gov/Archives/edgar/data/927653/000092765322000003/ex991-502boardofdirectorap.htm,0000927653-22-000003
https://www.sec.gov/Archives/edgar/data/927653/000092765321000095/mck_exhibit991x09302021.htm,0000927653-21-000095
https://www.sec.gov/Archives/edgar/data/927653/000092765321000077/ex991-502boardofdirectorsa.htm,0000927653-21-000077
https://www.sec.gov/Archives/edgar/data/927653/000119312521244658/d142323dex991.htm,0001193125-21-244658
https://www.sec.gov/Archives/edgar/data/927653/000092765321000063/mck_exhibit991x06302021.htm,0000927653-21-000063
https://www.sec.gov/Archives/edgar/data/927653/000092765321000047/ex991noticeoffullredemptio.htm,0000927653-21-000047
https://www.sec.gov/Archives/edgar/data/927653/000092765321000033/mck_exhibit991x3312021.htm,0000927653-21-000033
https://www.sec.gov/Archives/edgar/data/927653/000092765321000022/ex991-50204x19x21mckessona.htm,0000927653-21-000022
https://www.sec.gov/Archives/edgar/data/927653/000092765321000010/mck_exhibit991x12312020.htm,0000927653-21-000010
https://www.sec.gov/Archives/edgar/data/927653/000119312520309508/d17547dex991.htm,0001193125-20-309508
https://www.sec.gov/Archives/edgar/data/927653/000092765320000090/mckexhibit9919302020.htm,0000927653-20-000090
https://www.sec.gov/Archives/edgar/data/927653/000092765320000072/ex991-50210x19x20board.htm,0000927653-20-000072
https://www.sec.gov/Archives/edgar/data/927653/000092765320000067/mckexhibit991projectsu.htm,0000927653-20-000067
https://www.sec.gov/Archives/edgar/data/927653/000092765320000058/mckexhibit9916302020ne.htm,0000927653-20-000058
https://www.sec.gov/Archives/edgar/data/927653/000092765320000036/exhibit991pressrelease.htm,0000927653-20-000036
https://www.sec.gov/Archives/edgar/data/927653/000092765320000028/mckexhibit9913312020.htm,0000927653-20-000028
https://www.sec.gov/Archives/edgar/data/927653/000092765320000023/exhibit991pressrelease.htm,0000927653-20-000023
https://www.sec.gov/Archives/edgar/data/927653/000119312520072880/d846210dex991.htm,0001193125-20-072880
https://www.sec.gov/Archives/edgar/data/927653/000119312520072880/d846210dex992.htm,0001193125-20-072880
https://www.sec.gov/Archives/edgar/data/927653/000119312520072880/d846210dex993.htm,0001193125-20-072880
https://www.sec.gov/Archives/edgar/data/927653/000119312520063349/d846212dex991.htm,0001193125-20-063349
https://www.sec.gov/Archives/edgar/data/927653/000119312520029095/d881002dex991.htm,0001193125-20-029095
https://www.sec.gov/Archives/edgar/data/927653/000092765320000013/mckexhibit99112312019.htm,0000927653-20-000013
https://www.sec.gov/Archives/edgar/data/927653/000092765320000003/ex991pressrelease1-13x.htm,0000927653-20-000003
https://www.sec.gov/Archives/edgar/data/927653/000119312519316867/d844741dex991.htm,0001193125-19-316867
https://www.sec.gov/Archives/edgar/data/927653/000119312519312338/d837526dex991.htm,0001193125-19-312338
https://www.sec.gov/Archives/edgar/data/927653/000119312519278328/d805714dex991.htm,0001193125-19-278328
https://www.sec.gov/Archives/edgar/data/927653/000119312519270101/d801665dex991.htm,0001193125-19-270101
https://www.sec.gov/Archives/edgar/data/927653/000119312519208717/d780900dex991.htm,0001193125-19-208717
https://www.sec.gov/Archives/edgar/data/927653/000119312519174800/d764819dex991.htm,0001193125-19-174800
https://www.sec.gov/Archives/edgar/data/927653/000119312519140444/d743681dex991.htm,0001193125-19-140444
https://www.sec.gov/Archives/edgar/data/927653/000119312519122602/d737061dex991.htm,0001193125-19-122602
https://www.sec.gov/Archives/edgar/data/927653/000119312519023975/d697550dex991.htm,0001193125-19-023975
https://www.sec.gov/Archives/edgar/data/1613103/000161310323000144/exhibit991-fy24q2earningsr.htm,0001613103-23-000144
https://www.sec.gov/Archives/edgar/data/1613103/000161310323000117/exhibit991-fy24q1earningsr.htm,0001613103-23-000117
https://www.sec.gov/Archives/edgar/data/1613103/000161310323000043/exhibit991-pressreleasedat.htm,0001613103-23-000043
https://www.sec.gov/Archives/edgar/data/1613103/000161310323000032/exhibit991-fy23q4earningsr.htm,0001613103-23-000032
https://www.sec.gov/Archives/edgar/data/1613103/000161310323000003/exhibit991-fy23q3earningsr.htm,0001613103-23-000003
https://www.sec.gov/Archives/edgar/data/1613103/000161310322000058/exhibit991-fy23q2earningsr.htm,0001613103-22-000058
https://www.sec.gov/Archives/edgar/data/1613103/000161310322000034/exhibit991-fy23q1earningsr.htm,0001613103-22-000034
https://www.sec.gov/Archives/edgar/data/1613103/000161310322000027/exhibit991-pressreleasedat.htm,0001613103-22-000027
https://www.sec.gov/Archives/edgar/data/1613103/000161310322000016/exhibit991-fy22q4earningsr.htm,0001613103-22-000016
https://www.sec.gov/Archives/edgar/data/1613103/000161310322000016/exhibit992-jointpressrelea.htm,0001613103-22-000016
https://www.sec.gov/Archives/edgar/data/1613103/000161310322000006/exhibit991-fy22q3earningsr.htm,0001613103-22-000006
https://www.sec.gov/Archives/edgar/data/1613103/000161310321000067/exhibit991-pressrelease121.htm,0001613103-21-000067
https://www.sec.gov/Archives/edgar/data/1613103/000161310321000058/exhibit991-fy22q2earningsr.htm,0001613103-21-000058
https://www.sec.gov/Archives/edgar/data/1613103/000161310321000037/exhibit991-fy22q1earningsr.htm,0001613103-21-000037
https://www.sec.gov/Archives/edgar/data/1613103/000161310321000020/exhibit991-fy21q4earningsr.htm,0001613103-21-000020
https://www.sec.gov/Archives/edgar/data/1613103/000161310321000005/exhibit991-fy21q3earningsr.htm,0001613103-21-000005
https://www.sec.gov/Archives/edgar/data/1613103/000161310321000002/pressreleaseofmedtronicplc.htm,0001613103-21-000002
https://www.sec.gov/Archives/edgar/data/1613103/000161310320000053/exhibit991-pressrelease121.htm,0001613103-20-000053
https://www.sec.gov/Archives/edgar/data/1613103/000161310320000047/exhibit991-fy21q2earni.htm,0001613103-20-000047
https://www.sec.gov/Archives/edgar/data/1613103/000161310320000026/exhibit991-fy21q1earni.htm,0001613103-20-000026
https://www.sec.gov/Archives/edgar/data/1613103/000161310320000024/pressrelease8242020.htm,0001613103-20-000024
https://www.sec.gov/Archives/edgar/data/1613103/000161310320000018/exhibit991-fy20q4earni.htm,0001613103-20-000018
https://www.sec.gov/Archives/edgar/data/1613103/000161310320000010/exhibit991-covidx19pan.htm,0001613103-20-000010
https://www.sec.gov/Archives/edgar/data/1613103/000161310320000002/exhibit991-fy20q3earni.htm,0001613103-20-000002
https://www.sec.gov/Archives/edgar/data/1613103/000161310319000053/exhibit991-fy20q2earni.htm,0001613103-19-000053
https://www.sec.gov/Archives/edgar/data/1613103/000161310319000035/pressrelease8282019.htm,0001613103-19-000035
https://www.sec.gov/Archives/edgar/data/1613103/000161310319000032/exhibit991-fy20q1earningsr.htm,0001613103-19-000032
https://www.sec.gov/Archives/edgar/data/1613103/000119312519191945/d776788dex991.htm,0001193125-19-191945
https://www.sec.gov/Archives/edgar/data/1613103/000119312519191945/d776788dex992.htm,0001193125-19-191945
https://www.sec.gov/Archives/edgar/data/1613103/000119312519181304/d691156dex991.htm,0001193125-19-181304
https://www.sec.gov/Archives/edgar/data/1613103/000119312519179260/d767342dex991.htm,0001193125-19-179260
https://www.sec.gov/Archives/edgar/data/1613103/000161310319000025/exhibit991-blackoutnotice.htm,0001613103-19-000025
https://www.sec.gov/Archives/edgar/data/1613103/000161310319000023/exhibit991-fy19q4earningsr.htm,0001613103-19-000023
https://www.sec.gov/Archives/edgar/data/1613103/000161310319000015/exhibit991mdtboardelectsgo.htm,0001613103-19-000015
https://www.sec.gov/Archives/edgar/data/1613103/000119312519066295/d710754dex991.htm,0001193125-19-066295
https://www.sec.gov/Archives/edgar/data/1613103/000119312519065821/d716060dex991.htm,0001193125-19-065821
https://www.sec.gov/Archives/edgar/data/1613103/000119312519065821/d716060dex992.htm,0001193125-19-065821
https://www.sec.gov/Archives/edgar/data/1613103/000119312519065821/d716060dex993.htm,0001193125-19-065821
https://www.sec.gov/Archives/edgar/data/1613103/000119312519044648/d711231dex991.htm,0001193125-19-044648
https://www.sec.gov/Archives/edgar/data/1613103/000161310319000008/exhibit991-fy19q3earningsr.htm,0001613103-19-000008
https://www.sec.gov/Archives/edgar/data/310158/000110465923111585/tm2328962d1_ex99-1.htm,0001104659-23-111585
https://www.sec.gov/Archives/edgar/data/310158/000110465923111585/tm2328962d1_ex99-2.htm,0001104659-23-111585
https://www.sec.gov/Archives/edgar/data/310158/000110465923086030/tm2322190d1_ex99-1.htm,0001104659-23-086030
https://www.sec.gov/Archives/edgar/data/310158/000110465923086030/tm2322190d1_ex99-2.htm,0001104659-23-086030
https://www.sec.gov/Archives/edgar/data/310158/000110465923050654/tm2313695d1_ex99-1.htm,0001104659-23-050654
https://www.sec.gov/Archives/edgar/data/310158/000110465923050654/tm2313695d1_ex99-2.htm,0001104659-23-050654
https://www.sec.gov/Archives/edgar/data/310158/000110465923009552/tm235007d1_ex99-1.htm,0001104659-23-009552
https://www.sec.gov/Archives/edgar/data/310158/000110465923009552/tm235007d1_ex99-2.htm,0001104659-23-009552
https://www.sec.gov/Archives/edgar/data/310158/000110465922111729/tm2227726d1_ex99-1.htm,0001104659-22-111729
https://www.sec.gov/Archives/edgar/data/310158/000110465922111729/tm2227726d1_ex99-2.htm,0001104659-22-111729
https://www.sec.gov/Archives/edgar/data/310158/000110465922111729/tm2227726d1_ex99-3.htm,0001104659-22-111729
https://www.sec.gov/Archives/edgar/data/310158/000110465922083410/tm2221828d1_ex99-1.htm,0001104659-22-083410
https://www.sec.gov/Archives/edgar/data/310158/000110465922083410/tm2221828d1_ex99-2.htm,0001104659-22-083410
https://www.sec.gov/Archives/edgar/data/310158/000110465922051588/tm2213615d1_ex99-1.htm,0001104659-22-051588
https://www.sec.gov/Archives/edgar/data/310158/000110465922051588/tm2213615d1_ex99-2.htm,0001104659-22-051588
https://www.sec.gov/Archives/edgar/data/310158/000110465922047977/tm2212593d1_ex99-1.htm,0001104659-22-047977
https://www.sec.gov/Archives/edgar/data/310158/000110465922011130/tm222755d1_ex99-1.htm,0001104659-22-011130
https://www.sec.gov/Archives/edgar/data/310158/000110465922011130/tm222755d1_ex99-2.htm,0001104659-22-011130
https://www.sec.gov/Archives/edgar/data/310158/000110465921130675/tm2131077d1_ex99-1.htm,0001104659-21-130675
https://www.sec.gov/Archives/edgar/data/310158/000110465921130675/tm2131077d1_ex99-2.htm,0001104659-21-130675
https://www.sec.gov/Archives/edgar/data/310158/000114036121029043/brhc10028249_ex99-1.htm,0001140361-21-029043
https://www.sec.gov/Archives/edgar/data/310158/000110465921097239/tm2123400d1_ex99-1.htm,0001104659-21-097239
https://www.sec.gov/Archives/edgar/data/310158/000110465921097239/tm2123400d1_ex99-2.htm,0001104659-21-097239
https://www.sec.gov/Archives/edgar/data/310158/000110465921083528/tm2120148d1_ex99-1.htm,0001104659-21-083528
https://www.sec.gov/Archives/edgar/data/310158/000119312521151781/d915811dex991.htm,0001193125-21-151781
https://www.sec.gov/Archives/edgar/data/310158/000110465921056877/tm2114316d1_ex99-1.htm,0001104659-21-056877
https://www.sec.gov/Archives/edgar/data/310158/000110465921056877/tm2114316d1_ex99-2.htm,0001104659-21-056877
https://www.sec.gov/Archives/edgar/data/310158/000114036121003357/brhc10019731_ex99-1.htm,0001140361-21-003357
https://www.sec.gov/Archives/edgar/data/310158/000110465921011912/tm213179d2_ex99-1.htm,0001104659-21-011912
https://www.sec.gov/Archives/edgar/data/310158/000110465921011912/tm213179d2_ex99-2.htm,0001104659-21-011912
https://www.sec.gov/Archives/edgar/data/310158/000110465921009673/tm213179d1_ex99-1.htm,0001104659-21-009673
https://www.sec.gov/Archives/edgar/data/310158/000110465920118364/tm2032785d1_ex99-1.htm,0001104659-20-118364
https://www.sec.gov/Archives/edgar/data/310158/000110465920118364/tm2032785d1_ex99-2.htm,0001104659-20-118364
https://www.sec.gov/Archives/edgar/data/310158/000110465920088675/tm2026006d1_ex99-1.htm,0001104659-20-088675
https://www.sec.gov/Archives/edgar/data/310158/000110465920088675/tm2026006d1_ex99-2.htm,0001104659-20-088675
https://www.sec.gov/Archives/edgar/data/310158/000110465920051922/tm2016917d1_ex99-1.htm,0001104659-20-051922
https://www.sec.gov/Archives/edgar/data/310158/000110465920051922/tm2016917d1_ex99-2.htm,0001104659-20-051922
https://www.sec.gov/Archives/edgar/data/310158/000110465920010958/tm206551d1_ex99-1.htm,0001104659-20-010958
https://www.sec.gov/Archives/edgar/data/310158/000110465920010958/tm206551d1_ex99-2.htm,0001104659-20-010958
https://www.sec.gov/Archives/edgar/data/310158/000110465920010958/tm206551d1_ex99-3.htm,0001104659-20-010958
https://www.sec.gov/Archives/edgar/data/310158/000110465920009359/tm206170d1_ex99-1.htm,0001104659-20-009359
https://www.sec.gov/Archives/edgar/data/310158/000110465919057074/tm1921023d1_ex99-1.htm,0001104659-19-057074
https://www.sec.gov/Archives/edgar/data/310158/000110465919057074/tm1921023d1_ex99-2.htm,0001104659-19-057074
https://www.sec.gov/Archives/edgar/data/310158/000110465919042471/a19-15283_1ex99d1.htm,0001104659-19-042471
https://www.sec.gov/Archives/edgar/data/310158/000110465919042471/a19-15283_1ex99d2.htm,0001104659-19-042471
https://www.sec.gov/Archives/edgar/data/310158/000110465919024842/a19-8996_1ex99d1.htm,0001104659-19-024842
https://www.sec.gov/Archives/edgar/data/310158/000110465919024842/a19-8996_1ex99d2.htm,0001104659-19-024842
https://www.sec.gov/Archives/edgar/data/310158/000110465919004932/a19-3795_1ex99d1.htm,0001104659-19-004932
https://www.sec.gov/Archives/edgar/data/310158/000110465919004932/a19-3795_1ex99d2.htm,0001104659-19-004932
https://www.sec.gov/Archives/edgar/data/310158/000031015819000007/mercknewsrelease012919-mar.htm,0000310158-19-000007
https://www.sec.gov/Archives/edgar/data/1037646/000103764623000039/ex-991pressreleasexdirecto.htm,0001037646-23-000039
https://www.sec.gov/Archives/edgar/data/1037646/000103764623000034/ex-991mtd8xkq32023.htm,0001037646-23-000034
https://www.sec.gov/Archives/edgar/data/1037646/000103764623000026/ex-991pressreleasexdirecto.htm,0001037646-23-000026
https://www.sec.gov/Archives/edgar/data/1037646/000103764623000022/ex-991mtd8xkq22023.htm,0001037646-23-000022
https://www.sec.gov/Archives/edgar/data/1037646/000103764623000010/ex-991mtd8xkq12023.htm,0001037646-23-000010
https://www.sec.gov/Archives/edgar/data/1037646/000103764623000002/ex-991mtd8xkq42022.htm,0001037646-23-000002
https://www.sec.gov/Archives/edgar/data/1037646/000103764622000034/ex-991pressreleasexdirecto.htm,0001037646-22-000034
https://www.sec.gov/Archives/edgar/data/1037646/000103764622000032/ex-991pressreleasexdirecto.htm,0001037646-22-000032
https://www.sec.gov/Archives/edgar/data/1037646/000103764622000029/ex-991mtd8xkq32022.htm,0001037646-22-000029
https://www.sec.gov/Archives/edgar/data/1037646/000103764622000027/ex-991pressreleasexdirector.htm,0001037646-22-000027
https://www.sec.gov/Archives/edgar/data/1037646/000103764622000023/ex-991mtd8xkq22022.htm,0001037646-22-000023
https://www.sec.gov/Archives/edgar/data/1037646/000103764622000013/ex-991mtd8xkq12022.htm,0001037646-22-000013
https://www.sec.gov/Archives/edgar/data/1037646/000103764622000006/ex-991mtd8xkq42021.htm,0001037646-22-000006
https://www.sec.gov/Archives/edgar/data/1037646/000103764621000047/ex-991mtd8xkq32021.htm,0001037646-21-000047
https://www.sec.gov/Archives/edgar/data/1037646/000103764621000036/ex-991mtd8xkq22021.htm,0001037646-21-000036
https://www.sec.gov/Archives/edgar/data/1037646/000103764621000017/ex-991mtd8xkq12021.htm,0001037646-21-000017
https://www.sec.gov/Archives/edgar/data/1037646/000103764621000011/ex-991pressreleasexmarch24.htm,0001037646-21-000011
https://www.sec.gov/Archives/edgar/data/1037646/000103764621000004/ex-991mtd8xkq42020.htm,0001037646-21-000004
https://www.sec.gov/Archives/edgar/data/1037646/000103764620000034/ex-991pressreleasexceotran.htm,0001037646-20-000034
https://www.sec.gov/Archives/edgar/data/1037646/000103764620000028/ex-991mtd8xkq32020.htm,0001037646-20-000028
https://www.sec.gov/Archives/edgar/data/1037646/000103764620000023/ex-991mtd8xkq22020.htm,0001037646-20-000023
https://www.sec.gov/Archives/edgar/data/1037646/000103764620000012/ex-991mtd8xkq12020.htm,0001037646-20-000012
https://www.sec.gov/Archives/edgar/data/1037646/000103764620000007/exhibit991-pressreleas.htm,0001037646-20-000007
https://www.sec.gov/Archives/edgar/data/1037646/000103764620000002/ex-991mtd8xkq42019.htm,0001037646-20-000002
https://www.sec.gov/Archives/edgar/data/1037646/000103764619000047/ex991-pressreleasedate.htm,0001037646-19-000047
https://www.sec.gov/Archives/edgar/data/1037646/000103764619000036/ex-991mtd8xkq32019.htm,0001037646-19-000036
https://www.sec.gov/Archives/edgar/data/1037646/000103764619000030/ex-991mtd8xkq22019.htm,0001037646-19-000030
https://www.sec.gov/Archives/edgar/data/1037646/000103764619000017/ex-991mtd8xkq12019.htm,0001037646-19-000017
https://www.sec.gov/Archives/edgar/data/1037646/000103764619000007/exhibit991-2019x02x088xk502.htm,0001037646-19-000007
https://www.sec.gov/Archives/edgar/data/1037646/000103764619000002/ex-991mtd8xkq42018.htm,0001037646-19-000002
https://www.sec.gov/Archives/edgar/data/827054/000082705423000183/exhibit991q2fy24.htm,0000827054-23-000183
https://www.sec.gov/Archives/edgar/data/827054/000082705423000131/exhibit991q1fy24.htm,0000827054-23-000131
https://www.sec.gov/Archives/edgar/data/827054/000082705423000060/exhibit991q4fy23.htm,0000827054-23-000060
https://www.sec.gov/Archives/edgar/data/827054/000082705423000058/exhibit991-noticeofpropose.htm,0000827054-23-000058
https://www.sec.gov/Archives/edgar/data/827054/000082705423000019/exhibit991q3fy23.htm,0000827054-23-000019
https://www.sec.gov/Archives/edgar/data/827054/000082705422000192/exhibit991q2fy23.htm,0000827054-22-000192
https://www.sec.gov/Archives/edgar/data/827054/000082705422000146/exhibit991q1fy23.htm,0000827054-22-000146
https://www.sec.gov/Archives/edgar/data/827054/000082705422000076/exhibit991q4fy22.htm,0000827054-22-000076
https://www.sec.gov/Archives/edgar/data/827054/000082705422000024/exhibit991q3fy22.htm,0000827054-22-000024
https://www.sec.gov/Archives/edgar/data/827054/000082705421000279/exhibit991q2fy22.htm,0000827054-21-000279
https://www.sec.gov/Archives/edgar/data/827054/000082705421000186/exhibit991q1fy22.htm,0000827054-21-000186
https://www.sec.gov/Archives/edgar/data/827054/000119312521168473/d516516dex991.htm,0001193125-21-168473
https://www.sec.gov/Archives/edgar/data/827054/000119312521168473/d516516dex992.htm,0001193125-21-168473
https://www.sec.gov/Archives/edgar/data/827054/000082705421000097/exhibit991q4fy21.htm,0000827054-21-000097
https://www.sec.gov/Archives/edgar/data/827054/000082705421000024/exhibit991q3fy21.htm,0000827054-21-000024
https://www.sec.gov/Archives/edgar/data/827054/000119312520318090/d73182dex991.htm,0001193125-20-318090
https://www.sec.gov/Archives/edgar/data/827054/000119312520318090/d73182dex992.htm,0001193125-20-318090
https://www.sec.gov/Archives/edgar/data/827054/000119312520298744/d128744dex991.htm,0001193125-20-298744
https://www.sec.gov/Archives/edgar/data/827054/000119312520286863/d71746dex991.htm,0001193125-20-286863
https://www.sec.gov/Archives/edgar/data/827054/000082705420000183/exhibit991q1fy21.htm,0000827054-20-000183
https://www.sec.gov/Archives/edgar/data/827054/000119312520152411/d949407dex991.htm,0001193125-20-152411
https://www.sec.gov/Archives/edgar/data/827054/000119312520152411/d949407dex992.htm,0001193125-20-152411
https://www.sec.gov/Archives/edgar/data/827054/000082705420000100/exhibit991q4fy20.htm,0000827054-20-000100
https://www.sec.gov/Archives/edgar/data/827054/000082705420000083/ex991microchiptechnolo.htm,0000827054-20-000083
https://www.sec.gov/Archives/edgar/data/827054/000082705420000028/exhibit991q3fy20.htm,0000827054-20-000028
https://www.sec.gov/Archives/edgar/data/827054/000082705420000017/ex991.htm,0000827054-20-000017
https://www.sec.gov/Archives/edgar/data/827054/000082705419000286/exhibit991q2fy20.htm,0000827054-19-000286
https://www.sec.gov/Archives/edgar/data/827054/000082705419000193/exhibit991q1fy20.htm,0000827054-19-000193
https://www.sec.gov/Archives/edgar/data/827054/000082705419000112/exhibit991q4fy19.htm,0000827054-19-000112
https://www.sec.gov/Archives/edgar/data/827054/000082705419000016/exhibit991q3fy19.htm,0000827054-19-000016
https://www.sec.gov/Archives/edgar/data/723125/000072312523000071/a2024q1ex991-pressrelease.htm,0000723125-23-000071
https://www.sec.gov/Archives/edgar/data/723125/000110465923121460/tm2331627d1_ex99-1.htm,0001104659-23-121460
https://www.sec.gov/Archives/edgar/data/723125/000072312523000051/a2023q4ex991-pressrelease.htm,0000723125-23-000051
https://www.sec.gov/Archives/edgar/data/723125/000072312523000038/a2023q3ex991-pressrelease.htm,0000723125-23-000038
https://www.sec.gov/Archives/edgar/data/723125/000072312523000018/a2023q2ex991-pressrelease.htm,0000723125-23-000018
https://www.sec.gov/Archives/edgar/data/723125/000072312522000070/a2023q1ex991-pressrelease.htm,0000723125-22-000070
https://www.sec.gov/Archives/edgar/data/723125/000072312522000056/exhibit991-pressreleaseq12.htm,0000723125-22-000056
https://www.sec.gov/Archives/edgar/data/723125/000072312522000044/a2022q4ex991-pressrelease.htm,0000723125-22-000044
https://www.sec.gov/Archives/edgar/data/723125/000072312522000034/a2022q3ex991-pressrelease.htm,0000723125-22-000034
https://www.sec.gov/Archives/edgar/data/723125/000072312522000012/a2022q2ex991-pressrelease.htm,0000723125-22-000012
https://www.sec.gov/Archives/edgar/data/723125/000110465922002742/tm222248d1_ex99-1.htm,0001104659-22-002742
https://www.sec.gov/Archives/edgar/data/723125/000072312521000086/a2022q1ex991-pressrelease.htm,0000723125-21-000086
https://www.sec.gov/Archives/edgar/data/723125/000072312521000060/a2021q4ex991-pressrelease.htm,0000723125-21-000060
https://www.sec.gov/Archives/edgar/data/723125/000072312521000056/exhibit991-pressreleaseq42.htm,0000723125-21-000056
https://www.sec.gov/Archives/edgar/data/723125/000072312521000049/a2021q3ex991-pressrelease.htm,0000723125-21-000049
https://www.sec.gov/Archives/edgar/data/723125/000072312521000028/a2021q2ex991-pressrelease.htm,0000723125-21-000028
https://www.sec.gov/Archives/edgar/data/723125/000072312521000024/exhibit991-pressreleaseq32.htm,0000723125-21-000024
https://www.sec.gov/Archives/edgar/data/723125/000072312521000021/exhibit991-pressreleaseq22.htm,0000723125-21-000021
https://www.sec.gov/Archives/edgar/data/723125/000072312521000018/exhibit991.htm,0000723125-21-000018
https://www.sec.gov/Archives/edgar/data/723125/000072312521000009/a2021q1ex991-pressrelease.htm,0000723125-21-000009
https://www.sec.gov/Archives/edgar/data/723125/000072312520000094/exhibit991-pressrelease.htm,0000723125-20-000094
https://www.sec.gov/Archives/edgar/data/723125/000072312520000079/a2020q4exhibit991-pres.htm,0000723125-20-000079
https://www.sec.gov/Archives/edgar/data/723125/000110465920090285/tm2026510d1_ex99-1.htm,0001104659-20-090285
https://www.sec.gov/Archives/edgar/data/723125/000110465920090285/tm2026510d1_ex99-2.htm,0001104659-20-090285
https://www.sec.gov/Archives/edgar/data/723125/000072312520000063/a2020q3exhibit991-pres.htm,0000723125-20-000063
https://www.sec.gov/Archives/edgar/data/723125/000072312520000050/mbuinvestorupdateexhibit.htm,0000723125-20-000050
https://www.sec.gov/Archives/edgar/data/723125/000072312520000041/investorupdateq320final.htm,0000723125-20-000041
https://www.sec.gov/Archives/edgar/data/723125/000110465920050965/tm2016033d4_ex99-1.htm,0001104659-20-050965
https://www.sec.gov/Archives/edgar/data/723125/000072312520000030/a2020q2exhibit991-pres.htm,0000723125-20-000030
https://www.sec.gov/Archives/edgar/data/723125/000072312520000007/ex991amendedbylaws1152.htm,0000723125-20-000007
https://www.sec.gov/Archives/edgar/data/723125/000072312519000172/a2020q1exhibit991-pres.htm,0000723125-19-000172
https://www.sec.gov/Archives/edgar/data/723125/000072312519000091/a20208-k991marosvaricao.htm,0000723125-19-000091
https://www.sec.gov/Archives/edgar/data/723125/000072312519000068/a2019q4exhibit991-pressrel.htm,0000723125-19-000068
https://www.sec.gov/Archives/edgar/data/723125/000110465919041113/a19-13014_1ex99d1.htm,0001104659-19-041113
https://www.sec.gov/Archives/edgar/data/723125/000072312519000037/ex991pr712019.htm,0000723125-19-000037
https://www.sec.gov/Archives/edgar/data/723125/000072312519000037/ex992amendedbylaws712019.htm,0000723125-19-000037
https://www.sec.gov/Archives/edgar/data/723125/000072312519000032/a2019q3exhibit991-pressrel.htm,0000723125-19-000032
https://www.sec.gov/Archives/edgar/data/723125/000072312519000012/a2019q2exhibit991-pressrel.htm,0000723125-19-000012
https://www.sec.gov/Archives/edgar/data/723125/000072312519000005/ex991amendedandrestatedbyl.htm,0000723125-19-000005
https://www.sec.gov/Archives/edgar/data/723125/000072312519000003/a20188-kex99101142019pr.htm,0000723125-19-000003
https://www.sec.gov/Archives/edgar/data/789019/000119312523265616/d572684dex991.htm,0001193125-23-265616
https://www.sec.gov/Archives/edgar/data/789019/000095017023054848/msft-ex99_1.htm,0000950170-23-054848
https://www.sec.gov/Archives/edgar/data/789019/000110465923109428/tm2328507d1_ex99-1.htm,0001104659-23-109428
https://www.sec.gov/Archives/edgar/data/789019/000119312523254151/d530324dex991.htm,0001193125-23-254151
https://www.sec.gov/Archives/edgar/data/789019/000095017023034400/msft-ex99_1.htm,0000950170-23-034400
https://www.sec.gov/Archives/edgar/data/789019/000119312523115280/d321368dex991.htm,0001193125-23-115280
https://www.sec.gov/Archives/edgar/data/789019/000119312523014230/d406070dex991.htm,0001193125-23-014230
https://www.sec.gov/Archives/edgar/data/789019/000119312523009934/d447690dex991.htm,0001193125-23-009934
https://www.sec.gov/Archives/edgar/data/789019/000119312522268356/d361432dex991.htm,0001193125-22-268356
https://www.sec.gov/Archives/edgar/data/789019/000119312522202034/d372382dex991.htm,0001193125-22-202034
https://www.sec.gov/Archives/edgar/data/789019/000119312522165839/d295016dex991.htm,0001193125-22-165839
https://www.sec.gov/Archives/edgar/data/789019/000119312522120207/d328712dex991.htm,0001193125-22-120207
https://www.sec.gov/Archives/edgar/data/789019/000119312522017041/d299919dex991.htm,0001193125-22-017041
https://www.sec.gov/Archives/edgar/data/789019/000119312522010667/d301984dex991.htm,0001193125-22-010667
https://www.sec.gov/Archives/edgar/data/789019/000119312522010667/d301984dex992.htm,0001193125-22-010667
https://www.sec.gov/Archives/edgar/data/789019/000119312521307941/d239488dex991.htm,0001193125-21-307941
https://www.sec.gov/Archives/edgar/data/789019/000119312521225746/d200100dex991.htm,0001193125-21-225746
https://www.sec.gov/Archives/edgar/data/789019/000119312521210827/d158429dex991.htm,0001193125-21-210827
https://www.sec.gov/Archives/edgar/data/789019/000119312521134213/d179564dex991.htm,0001193125-21-134213
https://www.sec.gov/Archives/edgar/data/789019/000119312521112687/d171120dex991.htm,0001193125-21-112687
https://www.sec.gov/Archives/edgar/data/789019/000119312521112687/d171120dex992.htm,0001193125-21-112687
https://www.sec.gov/Archives/edgar/data/789019/000119312521084239/d130687dex991.htm,0001193125-21-084239
https://www.sec.gov/Archives/edgar/data/789019/000119312521065751/d336741dex991.htm,0001193125-21-065751
https://www.sec.gov/Archives/edgar/data/789019/000119312521065751/d336741dex992.htm,0001193125-21-065751
https://www.sec.gov/Archives/edgar/data/789019/000119312521044940/d11855dex991.htm,0001193125-21-044940
https://www.sec.gov/Archives/edgar/data/789019/000119312521017683/d65802dex991.htm,0001193125-21-017683
https://www.sec.gov/Archives/edgar/data/789019/000119312520278410/d10535dex991.htm,0001193125-20-278410
https://www.sec.gov/Archives/edgar/data/789019/000119312520250163/d62084dex991.htm,0001193125-20-250163
https://www.sec.gov/Archives/edgar/data/789019/000119312520207517/d49621dex991.htm,0001193125-20-207517
https://www.sec.gov/Archives/edgar/data/789019/000119312520197109/d941281dex991.htm,0001193125-20-197109
https://www.sec.gov/Archives/edgar/data/789019/000119312520180036/d854075dex991.htm,0001193125-20-180036
https://www.sec.gov/Archives/edgar/data/789019/000119312520157234/d829164dex991.htm,0001193125-20-157234
https://www.sec.gov/Archives/edgar/data/789019/000119312520142890/d911580dex991.htm,0001193125-20-142890
https://www.sec.gov/Archives/edgar/data/789019/000119312520142890/d911580dex992.htm,0001193125-20-142890
https://www.sec.gov/Archives/edgar/data/789019/000119312520128779/d924162dex991.htm,0001193125-20-128779
https://www.sec.gov/Archives/edgar/data/789019/000119312520126089/d844377dex991.htm,0001193125-20-126089
https://www.sec.gov/Archives/edgar/data/789019/000119312520091746/d909204dex991.htm,0001193125-20-091746
https://www.sec.gov/Archives/edgar/data/789019/000119312520073072/d884867dex991.htm,0001193125-20-073072
https://www.sec.gov/Archives/edgar/data/789019/000119312520050232/d896577dex991.htm,0001193125-20-050232
https://www.sec.gov/Archives/edgar/data/789019/000119312520018383/d875975dex991.htm,0001193125-20-018383
https://www.sec.gov/Archives/edgar/data/789019/000119312519272562/d823675dex991.htm,0001193125-19-272562
https://www.sec.gov/Archives/edgar/data/789019/000119312519249565/d797112dex991.htm,0001193125-19-249565
https://www.sec.gov/Archives/edgar/data/789019/000119312519196501/d777737dex991.htm,0001193125-19-196501
https://www.sec.gov/Archives/edgar/data/789019/000119312519117108/d661527dex991.htm,0001193125-19-117108
https://www.sec.gov/Archives/edgar/data/789019/000119312519022553/d699806dex991.htm,0001193125-19-022553
https://www.sec.gov/Archives/edgar/data/1682852/000168285223000038/exhibit9912023q3pressrelea.htm,0001682852-23-000038
https://www.sec.gov/Archives/edgar/data/1682852/000168285223000030/exhibit991-9112023ibex.htm,0001682852-23-000030
https://www.sec.gov/Archives/edgar/data/1682852/000168285223000025/exhibit9912023q2pressrelea.htm,0001682852-23-000025
https://www.sec.gov/Archives/edgar/data/1682852/000168285223000018/exhibit9912023q1pressrelea.htm,0001682852-23-000018
https://www.sec.gov/Archives/edgar/data/1682852/000168285223000008/exhibit9912022q4pressrelea.htm,0001682852-23-000008
https://www.sec.gov/Archives/edgar/data/1682852/000168285223000004/exhibit991-jpmjan2023.htm,0001682852-23-000004
https://www.sec.gov/Archives/edgar/data/1682852/000168285223000002/exhibit991-01032023lettert.htm,0001682852-23-000002
https://www.sec.gov/Archives/edgar/data/1682852/000168285222000055/exhibit991-12122022pcv.htm,0001682852-22-000055
https://www.sec.gov/Archives/edgar/data/1682852/000168285222000049/exhibit9912022q3pressrelea.htm,0001682852-22-000049
https://www.sec.gov/Archives/edgar/data/1682852/000168285222000045/exhibit991-ctoqotransition.htm,0001682852-22-000045
https://www.sec.gov/Archives/edgar/data/1682852/000119312522223286/d390105dex991.htm,0001193125-22-223286
https://www.sec.gov/Archives/edgar/data/1682852/000168285222000040/exhibit9912022q2pressrelea.htm,0001682852-22-000040
https://www.sec.gov/Archives/edgar/data/1682852/000168285222000033/a991blogpostentitledstocko.htm,0001682852-22-000033
https://www.sec.gov/Archives/edgar/data/1682852/000168285222000020/exhibit9912022q1pressrelea.htm,0001682852-22-000020
https://www.sec.gov/Archives/edgar/data/1682852/000119312522101074/d520384dex991.htm,0001193125-22-101074
https://www.sec.gov/Archives/edgar/data/1682852/000119312522051058/d318366dex991.htm,0001193125-22-051058
https://www.sec.gov/Archives/edgar/data/1682852/000168285222000007/exhibit991-jpmjan2022.htm,0001682852-22-000007
https://www.sec.gov/Archives/edgar/data/1682852/000168285222000004/exhibit991lettertosharehol.htm,0001682852-22-000004
https://www.sec.gov/Archives/edgar/data/1682852/000119312521319285/d603727dex991.htm,0001193125-21-319285
https://www.sec.gov/Archives/edgar/data/1682852/000119312521236922/d209372dex991.htm,0001193125-21-236922
https://www.sec.gov/Archives/edgar/data/1682852/000119312521152536/d343911dex991.htm,0001193125-21-152536
https://www.sec.gov/Archives/edgar/data/1682852/000119312521114845/d113560dex991.htm,0001193125-21-114845
https://www.sec.gov/Archives/edgar/data/1682852/000119312521055687/d118084dex991.htm,0001193125-21-055687
https://www.sec.gov/Archives/edgar/data/1682852/000119312521000332/d101641dex991.htm,0001193125-21-000332
https://www.sec.gov/Archives/edgar/data/1682852/000119312520322279/d20652dex991.htm,0001193125-20-322279
https://www.sec.gov/Archives/edgar/data/1682852/000168285220000026/usgannouncementedgarve.htm,0001682852-20-000026
https://www.sec.gov/Archives/edgar/data/1682852/000119312520304907/d76031dex991.htm,0001193125-20-304907
https://www.sec.gov/Archives/edgar/data/1682852/000119312520293735/d53512dex991.htm,0001193125-20-293735
https://www.sec.gov/Archives/edgar/data/1682852/000119312520293735/d53512dex992.htm,0001193125-20-293735
https://www.sec.gov/Archives/edgar/data/1682852/000119312520280422/d134701dex991.htm,0001193125-20-280422
https://www.sec.gov/Archives/edgar/data/1682852/000119312520216923/d45471dex991.htm,0001193125-20-216923
https://www.sec.gov/Archives/edgar/data/1682852/000119312520209861/d152816dex991.htm,0001193125-20-209861
https://www.sec.gov/Archives/edgar/data/1682852/000119312520204617/d28730dex991.htm,0001193125-20-204617
https://www.sec.gov/Archives/edgar/data/1682852/000119312520201199/d71138dex991.htm,0001193125-20-201199
https://www.sec.gov/Archives/edgar/data/1682852/000119312520199192/d13301dex991.htm,0001193125-20-199192
https://www.sec.gov/Archives/edgar/data/1682852/000119312520192966/d911748dex991.htm,0001193125-20-192966
https://www.sec.gov/Archives/edgar/data/1682852/000119312520160690/d912066dex991.htm,0001193125-20-160690
https://www.sec.gov/Archives/edgar/data/1682852/000119312520147481/d906342dex991.htm,0001193125-20-147481
https://www.sec.gov/Archives/edgar/data/1682852/000119312520144533/d918307dex991.htm,0001193125-20-144533
https://www.sec.gov/Archives/edgar/data/1682852/000119312520143814/d924269dex991.htm,0001193125-20-143814
https://www.sec.gov/Archives/edgar/data/1682852/000119312520135572/d927464dex991.htm,0001193125-20-135572
https://www.sec.gov/Archives/edgar/data/1682852/000119312520109482/d870934dex991.htm,0001193125-20-109482
https://www.sec.gov/Archives/edgar/data/1682852/000119312520105789/d853787dex991.htm,0001193125-20-105789
https://www.sec.gov/Archives/edgar/data/1682852/000119312520089933/d905037dex991.htm,0001193125-20-089933
https://www.sec.gov/Archives/edgar/data/1682852/000119312520074867/d884510dex991.htm,0001193125-20-074867
https://www.sec.gov/Archives/edgar/data/1682852/000119312520074867/d884510dex992.htm,0001193125-20-074867
https://www.sec.gov/Archives/edgar/data/1682852/000119312520049112/d891209dex991.htm,0001193125-20-049112
https://www.sec.gov/Archives/edgar/data/1682852/000119312520033357/d877577dex991.htm,0001193125-20-033357
https://www.sec.gov/Archives/edgar/data/1682852/000119312520022272/d875699dex991.htm,0001193125-20-022272
https://www.sec.gov/Archives/edgar/data/1682852/000119312520001732/d117801dex991.htm,0001193125-20-001732
https://www.sec.gov/Archives/edgar/data/1682852/000119312519285279/d827457dex991.htm,0001193125-19-285279
https://www.sec.gov/Archives/edgar/data/1682852/000119312519243385/d796420dex991.htm,0001193125-19-243385
https://www.sec.gov/Archives/edgar/data/1682852/000119312519243385/d796420dex992.htm,0001193125-19-243385
https://www.sec.gov/Archives/edgar/data/1682852/000119312519243385/d796420dex993.htm,0001193125-19-243385
https://www.sec.gov/Archives/edgar/data/1682852/000168285219000028/exhibit9912q19pressrelease.htm,0001682852-19-000028
https://www.sec.gov/Archives/edgar/data/1682852/000119312519163337/d754931dex991.htm,0001193125-19-163337
https://www.sec.gov/Archives/edgar/data/1682852/000119312519163337/d754931dex992.htm,0001193125-19-163337
https://www.sec.gov/Archives/edgar/data/1682852/000168285219000018/exhibit9911q19pressrelease.htm,0001682852-19-000018
https://www.sec.gov/Archives/edgar/data/1682852/000119312519138827/d742416dex991.htm,0001193125-19-138827
https://www.sec.gov/Archives/edgar/data/1682852/000119312519138827/d742416dex992.htm,0001193125-19-138827
https://www.sec.gov/Archives/edgar/data/1682852/000168285219000004/exhibit991pressrelease0306.htm,0001682852-19-000004
https://www.sec.gov/Archives/edgar/data/1682852/000168285219000004/exhibit992lettertosharehol.htm,0001682852-19-000004
https://www.sec.gov/Archives/edgar/data/1682852/000119312519035877/d707391dex991.htm,0001193125-19-035877
https://www.sec.gov/Archives/edgar/data/1682852/000119312519012102/d690192dex991.htm,0001193125-19-012102
https://www.sec.gov/Archives/edgar/data/1682852/000119312519004268/d679424dex991.htm,0001193125-19-004268
https://www.sec.gov/Archives/edgar/data/1280452/000143774923034560/ex_596163.htm,0001437749-23-034560
https://www.sec.gov/Archives/edgar/data/1280452/000143774923029394/ex_586625.htm,0001437749-23-029394
https://www.sec.gov/Archives/edgar/data/1280452/000143774923029394/ex_587531.htm,0001437749-23-029394
https://www.sec.gov/Archives/edgar/data/1280452/000143774923029394/ex_586668.htm,0001437749-23-029394
https://www.sec.gov/Archives/edgar/data/1280452/000143774923026015/ex_568109.htm,0001437749-23-026015
https://www.sec.gov/Archives/edgar/data/1280452/000143774923021166/ex_546525.htm,0001437749-23-021166
https://www.sec.gov/Archives/edgar/data/1280452/000143774923021166/ex_550790.htm,0001437749-23-021166
https://www.sec.gov/Archives/edgar/data/1280452/000143774923017560/ex_531970.htm,0001437749-23-017560
https://www.sec.gov/Archives/edgar/data/1280452/000143774923012554/ex_510172.htm,0001437749-23-012554
https://www.sec.gov/Archives/edgar/data/1280452/000143774923012554/ex_513452.htm,0001437749-23-012554
https://www.sec.gov/Archives/edgar/data/1280452/000143774923002781/ex_472028.htm,0001437749-23-002781
https://www.sec.gov/Archives/edgar/data/1280452/000143774923002781/ex_472719.htm,0001437749-23-002781
https://www.sec.gov/Archives/edgar/data/1280452/000143774923002781/ex_472042.htm,0001437749-23-002781
https://www.sec.gov/Archives/edgar/data/1280452/000143774922029135/ex_453091.htm,0001437749-22-029135
https://www.sec.gov/Archives/edgar/data/1280452/000143774922024940/ex_435452.htm,0001437749-22-024940
https://www.sec.gov/Archives/edgar/data/1280452/000143774922024940/ex_437180.htm,0001437749-22-024940
https://www.sec.gov/Archives/edgar/data/1280452/000143774922022588/ex_421775.htm,0001437749-22-022588
https://www.sec.gov/Archives/edgar/data/1280452/000143774922018260/ex_399654.htm,0001437749-22-018260
https://www.sec.gov/Archives/edgar/data/1280452/000143774922018260/ex_404309.htm,0001437749-22-018260
https://www.sec.gov/Archives/edgar/data/1280452/000143774922015448/ex_386569.htm,0001437749-22-015448
https://www.sec.gov/Archives/edgar/data/1280452/000143774922010441/ex_366020.htm,0001437749-22-010441
https://www.sec.gov/Archives/edgar/data/1280452/000143774922010441/ex_368046.htm,0001437749-22-010441
https://www.sec.gov/Archives/edgar/data/1280452/000143774922003003/ex_333484.htm,0001437749-22-003003
https://www.sec.gov/Archives/edgar/data/1280452/000143774922003003/ex_334266.htm,0001437749-22-003003
https://www.sec.gov/Archives/edgar/data/1280452/000143774921028658/ex_316065.htm,0001437749-21-028658
https://www.sec.gov/Archives/edgar/data/1280452/000143774921024533/ex_295620.htm,0001437749-21-024533
https://www.sec.gov/Archives/edgar/data/1280452/000143774921024533/ex_298457.htm,0001437749-21-024533
https://www.sec.gov/Archives/edgar/data/1280452/000143774921022193/ex_282491.htm,0001437749-21-022193
https://www.sec.gov/Archives/edgar/data/1280452/000143774921017661/ex_267124.htm,0001437749-21-017661
https://www.sec.gov/Archives/edgar/data/1280452/000143774921017661/ex_267910.htm,0001437749-21-017661
https://www.sec.gov/Archives/edgar/data/1280452/000143774921014609/ex_256152.htm,0001437749-21-014609
https://www.sec.gov/Archives/edgar/data/1280452/000143774921013598/ex_253961.htm,0001437749-21-013598
https://www.sec.gov/Archives/edgar/data/1280452/000143774921010752/ex_243972.htm,0001437749-21-010752
https://www.sec.gov/Archives/edgar/data/1280452/000143774921010752/ex_246366.htm,0001437749-21-010752
https://www.sec.gov/Archives/edgar/data/1280452/000143774921002011/ex_224051.htm,0001437749-21-002011
https://www.sec.gov/Archives/edgar/data/1280452/000143774921002011/ex_224396.htm,0001437749-21-002011
https://www.sec.gov/Archives/edgar/data/1280452/000143774920025409/ex_216365.htm,0001437749-20-025409
https://www.sec.gov/Archives/edgar/data/1280452/000143774920021991/ex_209041.htm,0001437749-20-021991
https://www.sec.gov/Archives/edgar/data/1280452/000143774920019752/ex_202914.htm,0001437749-20-019752
https://www.sec.gov/Archives/edgar/data/1280452/000143774920019674/ex_203631.htm,0001437749-20-019674
https://www.sec.gov/Archives/edgar/data/1280452/000143774920015872/ex_195245.htm,0001437749-20-015872
https://www.sec.gov/Archives/edgar/data/1280452/000143774920013050/ex_189872.htm,0001437749-20-013050
https://www.sec.gov/Archives/edgar/data/1280452/000143774920008695/ex_182526.htm,0001437749-20-008695
https://www.sec.gov/Archives/edgar/data/1280452/000143774920001797/ex_171286.htm,0001437749-20-001797
https://www.sec.gov/Archives/edgar/data/1280452/000143774919024305/ex_166826.htm,0001437749-19-024305
https://www.sec.gov/Archives/edgar/data/1280452/000143774919020436/ex_160601.htm,0001437749-19-020436
https://www.sec.gov/Archives/edgar/data/1280452/000143774919018323/ex_157415.htm,0001437749-19-018323
https://www.sec.gov/Archives/edgar/data/1280452/000143774919015046/ex_151349.htm,0001437749-19-015046
https://www.sec.gov/Archives/edgar/data/1280452/000143774919012115/ex_146636.htm,0001437749-19-012115
https://www.sec.gov/Archives/edgar/data/1280452/000143774919008592/ex_142451.htm,0001437749-19-008592
https://www.sec.gov/Archives/edgar/data/1280452/000143774919002341/ex_134498.htm,0001437749-19-002341
https://www.sec.gov/Archives/edgar/data/68505/000119312523278932/d310967dex991.htm,0001193125-23-278932
https://www.sec.gov/Archives/edgar/data/68505/000006850523000043/msiq32023pressrelease.htm,0000068505-23-000043
https://www.sec.gov/Archives/edgar/data/68505/000006850523000035/msiq22023pressrelease.htm,0000068505-23-000035
https://www.sec.gov/Archives/edgar/data/68505/000006850523000025/msiq12023pressrelease.htm,0000068505-23-000025
https://www.sec.gov/Archives/edgar/data/68505/000006850523000009/msiq42022pressrelease.htm,0000068505-23-000009
https://www.sec.gov/Archives/edgar/data/68505/000006850522000030/msiq32022pressrelease.htm,0000068505-22-000030
https://www.sec.gov/Archives/edgar/data/68505/000006850522000024/msiq22022pressrelease.htm,0000068505-22-000024
https://www.sec.gov/Archives/edgar/data/68505/000006850522000017/msiq12022pressrelease.htm,0000068505-22-000017
https://www.sec.gov/Archives/edgar/data/68505/000006850522000006/msiq42021pressrelease.htm,0000068505-22-000006
https://www.sec.gov/Archives/edgar/data/68505/000119312522010643/d259554dex991.htm,0001193125-22-010643
https://www.sec.gov/Archives/edgar/data/68505/000006850521000025/msiq32021pressrelease.htm,0000068505-21-000025
https://www.sec.gov/Archives/edgar/data/68505/000006850521000019/msiq22021pressrelease.htm,0000068505-21-000019
https://www.sec.gov/Archives/edgar/data/68505/000006850521000013/msiq12021pressrelease.htm,0000068505-21-000013
https://www.sec.gov/Archives/edgar/data/68505/000006850521000005/msiq42020pressrelease.htm,0000068505-21-000005
https://www.sec.gov/Archives/edgar/data/68505/000006850520000026/msiq32020pressrelease.htm,0000068505-20-000026
https://www.sec.gov/Archives/edgar/data/68505/000006850520000018/msiq22020pressrelease.htm,0000068505-20-000018
https://www.sec.gov/Archives/edgar/data/68505/000119312520184064/d939178dex991.htm,0001193125-20-184064
https://www.sec.gov/Archives/edgar/data/68505/000006850520000011/msiq12020pressrelease.htm,0000068505-20-000011
https://www.sec.gov/Archives/edgar/data/68505/000006850520000003/msiq42019pressrelease.htm,0000068505-20-000003
https://www.sec.gov/Archives/edgar/data/68505/000006850519000023/msiq32019pressrelease.htm,0000068505-19-000023
https://www.sec.gov/Archives/edgar/data/68505/000119312519238375/d795783dex991.htm,0001193125-19-238375
https://www.sec.gov/Archives/edgar/data/68505/000119312519238161/d798233dex991.htm,0001193125-19-238161
https://www.sec.gov/Archives/edgar/data/68505/000006850519000017/msiq22019pressrelease.htm,0000068505-19-000017
https://www.sec.gov/Archives/edgar/data/68505/000006850519000011/msiq12019pressrelease.htm,0000068505-19-000011
https://www.sec.gov/Archives/edgar/data/68505/000006850519000003/msiq42018pressrelease1.htm,0000068505-19-000003
https://www.sec.gov/Archives/edgar/data/1002047/000095017023066400/ntap-ex99_1.htm,0000950170-23-066400
https://www.sec.gov/Archives/edgar/data/1002047/000095017023064506/ntap-ex99_1.htm,0000950170-23-064506
https://www.sec.gov/Archives/edgar/data/1002047/000095017023044130/ntap-ex99_1.htm,0000950170-23-044130
https://www.sec.gov/Archives/edgar/data/1002047/000095017023025324/ntap-ex99_1.htm,0000950170-23-025324
https://www.sec.gov/Archives/edgar/data/1002047/000095017023003745/ntap-ex99_1.htm,0000950170-23-003745
https://www.sec.gov/Archives/edgar/data/1002047/000119312523019739/d395436dex991.htm,0001193125-23-019739
https://www.sec.gov/Archives/edgar/data/1002047/000095017022025793/ntap-ex99_1.htm,0000950170-22-025793
https://www.sec.gov/Archives/edgar/data/1002047/000095017022017731/ntap-ex99_1.htm,0000950170-22-017731
https://www.sec.gov/Archives/edgar/data/1002047/000095017022011019/ntap-ex99_1.htm,0000950170-22-011019
https://www.sec.gov/Archives/edgar/data/1002047/000095017022001772/ntap-ex99_1.htm,0000950170-22-001772
https://www.sec.gov/Archives/edgar/data/1002047/000095017021004947/ntap-ex99_1.htm,0000950170-21-004947
https://www.sec.gov/Archives/edgar/data/1002047/000156459021045712/ntap-ex991_6.htm,0001564590-21-045712
https://www.sec.gov/Archives/edgar/data/1002047/000156459021031393/ntap-ex991_6.htm,0001564590-21-031393
https://www.sec.gov/Archives/edgar/data/1002047/000156459021008093/ntap-ex991_6.htm,0001564590-21-008093
https://www.sec.gov/Archives/edgar/data/1002047/000156459021004336/ntap-ex991_6.htm,0001564590-21-004336
https://www.sec.gov/Archives/edgar/data/1002047/000156459020055739/ntap-ex991_6.htm,0001564590-20-055739
https://www.sec.gov/Archives/edgar/data/1002047/000156459020041346/ntap-ex991_6.htm,0001564590-20-041346
https://www.sec.gov/Archives/edgar/data/1002047/000156459020027022/ntap-ex991_6.htm,0001564590-20-027022
https://www.sec.gov/Archives/edgar/data/1002047/000156459020024650/ntap-ex991_15.htm,0001564590-20-024650
https://www.sec.gov/Archives/edgar/data/1002047/000119312520058901/d826527dex991.htm,0001193125-20-058901
https://www.sec.gov/Archives/edgar/data/1002047/000156459020004352/ntap-ex991_6.htm,0001564590-20-004352
https://www.sec.gov/Archives/edgar/data/1002047/000156459020003107/ntap-ex991_6.htm,0001564590-20-003107
https://www.sec.gov/Archives/edgar/data/1002047/000156459019043224/ntap-ex991_8.htm,0001564590-19-043224
https://www.sec.gov/Archives/edgar/data/1002047/000156459019032131/ntap-ex991_7.htm,0001564590-19-032131
https://www.sec.gov/Archives/edgar/data/1002047/000156459019027944/ntap-ex991_7.htm,0001564590-19-027944
https://www.sec.gov/Archives/edgar/data/1002047/000156459019020164/ntap-ex991_6.htm,0001564590-19-020164
https://www.sec.gov/Archives/edgar/data/1002047/000156459019002825/ntap-ex991_6.htm,0001564590-19-002825
https://www.sec.gov/Archives/edgar/data/1045810/000104581023000225/q3fy24pr.htm,0001045810-23-000225
https://www.sec.gov/Archives/edgar/data/1045810/000104581023000225/q3fy24cfocommentary.htm,0001045810-23-000225
https://www.sec.gov/Archives/edgar/data/1045810/000104581023000171/q2fy24pr.htm,0001045810-23-000171
https://www.sec.gov/Archives/edgar/data/1045810/000104581023000171/q2fy24cfocommentary.htm,0001045810-23-000171
https://www.sec.gov/Archives/edgar/data/1045810/000104581023000087/q1fy24pr.htm,0001045810-23-000087
https://www.sec.gov/Archives/edgar/data/1045810/000104581023000087/q1fy24cfocommentary.htm,0001045810-23-000087
https://www.sec.gov/Archives/edgar/data/1045810/000104581023000014/q4fy23pr.htm,0001045810-23-000014
https://www.sec.gov/Archives/edgar/data/1045810/000104581023000014/q4fy23cfocommentary.htm,0001045810-23-000014
https://www.sec.gov/Archives/edgar/data/1045810/000104581022000163/q3fy23pr.htm,0001045810-22-000163
https://www.sec.gov/Archives/edgar/data/1045810/000104581022000163/q3fy23cfocommentary.htm,0001045810-22-000163
https://www.sec.gov/Archives/edgar/data/1045810/000104581022000136/q2fy23pr.htm,0001045810-22-000136
https://www.sec.gov/Archives/edgar/data/1045810/000104581022000136/q2fy23cfocommentary.htm,0001045810-22-000136
https://www.sec.gov/Archives/edgar/data/1045810/000104581022000133/pressrelease.htm,0001045810-22-000133
https://www.sec.gov/Archives/edgar/data/1045810/000104581022000073/q1fy23pr.htm,0001045810-22-000073
https://www.sec.gov/Archives/edgar/data/1045810/000104581022000073/q1fy23cfocommentary.htm,0001045810-22-000073
https://www.sec.gov/Archives/edgar/data/1045810/000104581022000008/q4fy22pr.htm,0001045810-22-000008
https://www.sec.gov/Archives/edgar/data/1045810/000104581022000008/q4fy22cfocommentary.htm,0001045810-22-000008
https://www.sec.gov/Archives/edgar/data/1045810/000104581021000160/q3fy22pr.htm,0001045810-21-000160
https://www.sec.gov/Archives/edgar/data/1045810/000104581021000160/q3fy22cfocommentary.htm,0001045810-21-000160
https://www.sec.gov/Archives/edgar/data/1045810/000104581021000128/q2fy22pr.htm,0001045810-21-000128
https://www.sec.gov/Archives/edgar/data/1045810/000104581021000128/q2fy22cfocommentary.htm,0001045810-21-000128
https://www.sec.gov/Archives/edgar/data/1045810/000104581021000063/q1fy22pr.htm,0001045810-21-000063
https://www.sec.gov/Archives/edgar/data/1045810/000104581021000063/q1fy22cfocommentary.htm,0001045810-21-000063
https://www.sec.gov/Archives/edgar/data/1045810/000104581021000056/pr-may2021.htm,0001045810-21-000056
https://www.sec.gov/Archives/edgar/data/1045810/000104581021000047/exhibit991pressrelease.htm,0001045810-21-000047
https://www.sec.gov/Archives/edgar/data/1045810/000104581021000007/q4fy21pr.htm,0001045810-21-000007
https://www.sec.gov/Archives/edgar/data/1045810/000104581021000007/q4fy21cfocommentary.htm,0001045810-21-000007
https://www.sec.gov/Archives/edgar/data/1045810/000104581020000187/q3fy21pr.htm,0001045810-20-000187
https://www.sec.gov/Archives/edgar/data/1045810/000104581020000187/q3fy21cfocommentary.htm,0001045810-20-000187
https://www.sec.gov/Archives/edgar/data/1045810/000119312520244601/d13958dex991.htm,0001193125-20-244601
https://www.sec.gov/Archives/edgar/data/1045810/000119312520244601/d13958dex992.htm,0001193125-20-244601
https://www.sec.gov/Archives/edgar/data/1045810/000104581020000145/q2fy21pr.htm,0001045810-20-000145
https://www.sec.gov/Archives/edgar/data/1045810/000104581020000145/q2fy21cfocommentary.htm,0001045810-20-000145
https://www.sec.gov/Archives/edgar/data/1045810/000104581020000063/q1fy21pr.htm,0001045810-20-000063
https://www.sec.gov/Archives/edgar/data/1045810/000104581020000063/q1fy21cfocommentary.htm,0001045810-20-000063
https://www.sec.gov/Archives/edgar/data/1045810/000104581020000007/q4fy20pr.htm,0001045810-20-000007
https://www.sec.gov/Archives/edgar/data/1045810/000104581020000007/q4fy20cfocommentary.htm,0001045810-20-000007
https://www.sec.gov/Archives/edgar/data/1045810/000104581019000168/q3fy20cfocommentary.htm,0001045810-19-000168
https://www.sec.gov/Archives/edgar/data/1045810/000104581019000140/q2fy20pr.htm,0001045810-19-000140
https://www.sec.gov/Archives/edgar/data/1045810/000104581019000140/q2fy20cfocommentary.htm,0001045810-19-000140
https://www.sec.gov/Archives/edgar/data/1045810/000104581019000077/q1fy20pr.htm,0001045810-19-000077
https://www.sec.gov/Archives/edgar/data/1045810/000104581019000077/q1fy20cfocommentary.htm,0001045810-19-000077
https://www.sec.gov/Archives/edgar/data/1045810/000104581019000031/ex991jointpr.htm,0001045810-19-000031
https://www.sec.gov/Archives/edgar/data/1045810/000104581019000031/ex992investorpresentation.htm,0001045810-19-000031
https://www.sec.gov/Archives/edgar/data/1045810/000104581019000031/ex993investorconferencecal.htm,0001045810-19-000031
https://www.sec.gov/Archives/edgar/data/1045810/000104581019000031/ex994faqs.htm,0001045810-19-000031
https://www.sec.gov/Archives/edgar/data/1045810/000104581019000031/ex995customercommunication.htm,0001045810-19-000031
https://www.sec.gov/Archives/edgar/data/1045810/000104581019000007/q4fy19pr.htm,0001045810-19-000007
https://www.sec.gov/Archives/edgar/data/1045810/000104581019000007/q4fy19cfocommentary.htm,0001045810-19-000007
https://www.sec.gov/Archives/edgar/data/1045810/000104581019000004/pressrelease.htm,0001045810-19-000004
https://www.sec.gov/Archives/edgar/data/1045810/000104581019000004/shareholderletter.htm,0001045810-19-000004
https://www.sec.gov/Archives/edgar/data/1413447/000141344723000139/dividendprfinal11-13x23.htm,0001413447-23-000139
https://www.sec.gov/Archives/edgar/data/1413447/000141344723000105/nxp3q23exhibit991.htm,0001413447-23-000105
https://www.sec.gov/Archives/edgar/data/1413447/000141344723000076/dividendprfinalaug23.htm,0001413447-23-000076
https://www.sec.gov/Archives/edgar/data/1413447/000141344723000057/nxp2q23exhibit991.htm,0001413447-23-000057
https://www.sec.gov/Archives/edgar/data/1413447/000141344723000028/dividendpr5-25x23final.htm,0001413447-23-000028
https://www.sec.gov/Archives/edgar/data/1413447/000141344723000022/nxp1q23exhibit991.htm,0001413447-23-000022
https://www.sec.gov/Archives/edgar/data/1413447/000141344723000002/nxp4q22exhibit991.htm,0001413447-23-000002
https://www.sec.gov/Archives/edgar/data/1413447/000141344722000090/dividendprfinal11-8x22_g.htm,0001413447-22-000090
https://www.sec.gov/Archives/edgar/data/1413447/000141344722000066/nxp3q22exhibit991.htm,0001413447-22-000066
https://www.sec.gov/Archives/edgar/data/1413447/000141344722000058/dividendprfinal8-23x22.htm,0001413447-22-000058
https://www.sec.gov/Archives/edgar/data/1413447/000141344722000048/nxp2q22exhibit991.htm,0001413447-22-000048
https://www.sec.gov/Archives/edgar/data/1413447/000141344722000020/dividendpr-6x2x22final.htm,0001413447-22-000020
https://www.sec.gov/Archives/edgar/data/1413447/000141344722000015/nxp1q22exhibit991.htm,0001413447-22-000015
https://www.sec.gov/Archives/edgar/data/1413447/000141344722000004/nxp4q21exhibit991.htm,0001413447-22-000004
https://www.sec.gov/Archives/edgar/data/1413447/000141344721000113/dividendprfinal11-16x21.htm,0001413447-21-000113
https://www.sec.gov/Archives/edgar/data/1413447/000119312521330197/d261689dex991.htm,0001193125-21-330197
https://www.sec.gov/Archives/edgar/data/1413447/000119312521330197/d261689dex992.htm,0001193125-21-330197
https://www.sec.gov/Archives/edgar/data/1413447/000141344721000092/nxp3q21exhibit991.htm,0001413447-21-000092
https://www.sec.gov/Archives/edgar/data/1413447/000141344721000082/cfotransition_prx101221xfi.htm,0001413447-21-000082
https://www.sec.gov/Archives/edgar/data/1413447/000141344721000077/dividendandbuybackauthoriz.htm,0001413447-21-000077
https://www.sec.gov/Archives/edgar/data/1413447/000141344721000064/nxp2q21exhibit991.htm,0001413447-21-000064
https://www.sec.gov/Archives/edgar/data/1413447/000141344721000039/dividendpr-5x24x21final.htm,0001413447-21-000039
https://www.sec.gov/Archives/edgar/data/1413447/000141344721000030/nxp1q21exhibit991.htm,0001413447-21-000030
https://www.sec.gov/Archives/edgar/data/1413447/000141344721000021/nxpaustinproductionupdate2.htm,0001413447-21-000021
https://www.sec.gov/Archives/edgar/data/1413447/000141344721000017/dividendprv4-3x4x21.htm,0001413447-21-000017
https://www.sec.gov/Archives/edgar/data/1413447/000141344721000004/exhibit991.htm,0001413447-21-000004
https://www.sec.gov/Archives/edgar/data/1413447/000141344720000131/dividendpr-11x18xinalcopy.htm,0001413447-20-000131
https://www.sec.gov/Archives/edgar/data/1413447/000141344720000076/nxp3q20pre-announcement8.htm,0001413447-20-000076
https://www.sec.gov/Archives/edgar/data/1413447/000141344720000072/notesredemptionpressre.htm,0001413447-20-000072
https://www.sec.gov/Archives/edgar/data/1413447/000141344720000070/dividendpr-8x27x20fina.htm,0001413447-20-000070
https://www.sec.gov/Archives/edgar/data/1413447/000141344720000038/a8-kmay272020exhibit991.htm,0001413447-20-000038
https://www.sec.gov/Archives/edgar/data/1413447/000141344720000038/a8-kmay272020exhibit992.htm,0001413447-20-000038
https://www.sec.gov/Archives/edgar/data/1413447/000119312520130950/d880294dex991.htm,0001193125-20-130950
https://www.sec.gov/Archives/edgar/data/1413447/000119312520130950/d880294dex992.htm,0001193125-20-130950
https://www.sec.gov/Archives/edgar/data/1413447/000141344720000022/nxp1q2020preannouncement.htm,0001413447-20-000022
https://www.sec.gov/Archives/edgar/data/1413447/000141344720000016/fy2020q18kexhibit99_1.htm,0001413447-20-000016
https://www.sec.gov/Archives/edgar/data/1413447/000141344720000013/dividendmarch52020.htm,0001413447-20-000013
https://www.sec.gov/Archives/edgar/data/1413447/000119312519308345/d772339dex991.htm,0001193125-19-308345
https://www.sec.gov/Archives/edgar/data/1413447/000141344719000077/a8kdecember32019marvel.htm,0001413447-19-000077
https://www.sec.gov/Archives/edgar/data/1413447/000141344719000069/dividendsharerepnovemb.htm,0001413447-19-000069
https://www.sec.gov/Archives/edgar/data/1097864/000119312523265690/d539978dex991.htm,0001193125-23-265690
https://www.sec.gov/Archives/edgar/data/1097864/000119312523218538/d546325dex991.htm,0001193125-23-218538
https://www.sec.gov/Archives/edgar/data/1097864/000119312523198583/d473828dex991.htm,0001193125-23-198583
https://www.sec.gov/Archives/edgar/data/1097864/000119312523128806/d461890dex991.htm,0001193125-23-128806
https://www.sec.gov/Archives/edgar/data/1097864/000119312523047586/d604761dex991.htm,0001193125-23-047586
https://www.sec.gov/Archives/edgar/data/1097864/000119312523045012/d437629dex991.htm,0001193125-23-045012
https://www.sec.gov/Archives/edgar/data/1097864/000119312523024908/d406586dex991.htm,0001193125-23-024908
https://www.sec.gov/Archives/edgar/data/1097864/000119312522273174/d388878dex991.htm,0001193125-22-273174
https://www.sec.gov/Archives/edgar/data/1097864/000119312522207793/d357844dex991.htm,0001193125-22-207793
https://www.sec.gov/Archives/edgar/data/1097864/000119312522135409/d354712dex991.htm,0001193125-22-135409
https://www.sec.gov/Archives/edgar/data/1097864/000119312522029095/d309948dex991.htm,0001193125-22-029095
https://www.sec.gov/Archives/edgar/data/1097864/000119312521314537/d246938dex991.htm,0001193125-21-314537
https://www.sec.gov/Archives/edgar/data/1097864/000119312521256288/d196596dex991.htm,0001193125-21-256288
https://www.sec.gov/Archives/edgar/data/1097864/000119312521256288/d196596dex992.htm,0001193125-21-256288
https://www.sec.gov/Archives/edgar/data/1097864/000119312521237507/d212828dex991.htm,0001193125-21-237507
https://www.sec.gov/Archives/edgar/data/1097864/000119312521237507/d212828dex992.htm,0001193125-21-237507
https://www.sec.gov/Archives/edgar/data/1097864/000119312521232323/d188483dex991.htm,0001193125-21-232323
https://www.sec.gov/Archives/edgar/data/1097864/000119312521158242/d59237dex991.htm,0001193125-21-158242
https://www.sec.gov/Archives/edgar/data/1097864/000119312521156224/d86496dex991.htm,0001193125-21-156224
https://www.sec.gov/Archives/edgar/data/1097864/000119312521146697/d175220dex991.htm,0001193125-21-146697
https://www.sec.gov/Archives/edgar/data/1097864/000119312521023795/d97605dex991.htm,0001193125-21-023795
https://www.sec.gov/Archives/edgar/data/1097864/000119312521020076/d64938dex991.htm,0001193125-21-020076
https://www.sec.gov/Archives/edgar/data/1097864/000119312520319082/d77469dex991.htm,0001193125-20-319082
https://www.sec.gov/Archives/edgar/data/1097864/000119312520311797/d19372dex991.htm,0001193125-20-311797
https://www.sec.gov/Archives/edgar/data/1097864/000119312520283270/d63090dex991.htm,0001193125-20-283270
https://www.sec.gov/Archives/edgar/data/1097864/000119312520279236/d73765dex991.htm,0001193125-20-279236
https://www.sec.gov/Archives/edgar/data/1097864/000119312520263400/d91715dex991.htm,0001193125-20-263400
https://www.sec.gov/Archives/edgar/data/1097864/000119312520239594/d84446dex991.htm,0001193125-20-239594
https://www.sec.gov/Archives/edgar/data/1097864/000119312520223886/d70097dex991.htm,0001193125-20-223886
https://www.sec.gov/Archives/edgar/data/1097864/000119312520221914/d937250dex991.htm,0001193125-20-221914
https://www.sec.gov/Archives/edgar/data/1097864/000119312520214042/d20382dex991.htm,0001193125-20-214042
https://www.sec.gov/Archives/edgar/data/1097864/000119312520162912/d938291dex991.htm,0001193125-20-162912
https://www.sec.gov/Archives/edgar/data/1097864/000119312520148791/d925679dex991.htm,0001193125-20-148791
https://www.sec.gov/Archives/edgar/data/1097864/000119312520138151/d909622dex991.htm,0001193125-20-138151
https://www.sec.gov/Archives/edgar/data/1097864/000119312520083848/d840299dex991.htm,0001193125-20-083848
https://www.sec.gov/Archives/edgar/data/1097864/000119312520063870/d856081dex991.htm,0001193125-20-063870
https://www.sec.gov/Archives/edgar/data/1097864/000119312520022088/d857912dex991.htm,0001193125-20-022088
https://www.sec.gov/Archives/edgar/data/1097864/000119312519275401/d807889dex991.htm,0001193125-19-275401
https://www.sec.gov/Archives/edgar/data/1097864/000119312519212446/d734027dex991.htm,0001193125-19-212446
https://www.sec.gov/Archives/edgar/data/1097864/000119312519176533/d762462dex991.htm,0001193125-19-176533
https://www.sec.gov/Archives/edgar/data/1097864/000119312519123574/d735961dex991.htm,0001193125-19-123574
https://www.sec.gov/Archives/edgar/data/1097864/000119312519112768/d734181dex991.htm,0001193125-19-112768
https://www.sec.gov/Archives/edgar/data/1097864/000119312519112768/d734181dex992.htm,0001193125-19-112768
https://www.sec.gov/Archives/edgar/data/1097864/000119312519088528/d929418dex991.htm,0001193125-19-088528
https://www.sec.gov/Archives/edgar/data/1097864/000119312519088528/d929418dex992.htm,0001193125-19-088528
https://www.sec.gov/Archives/edgar/data/1097864/000119312519025997/d697997dex991.htm,0001193125-19-025997
https://www.sec.gov/Archives/edgar/data/1341439/000095017023069410/orcl-ex99_1.htm,0000950170-23-069410
https://www.sec.gov/Archives/edgar/data/1341439/000095017023047471/orcl-ex99_1.htm,0000950170-23-047471
https://www.sec.gov/Archives/edgar/data/1341439/000095017023027490/orcl-ex99_1.htm,0000950170-23-027490
https://www.sec.gov/Archives/edgar/data/1341439/000156459023003362/orcl-ex991_6.htm,0001564590-23-003362
https://www.sec.gov/Archives/edgar/data/1341439/000156459022039236/orcl-ex991_6.htm,0001564590-22-039236
https://www.sec.gov/Archives/edgar/data/1341439/000156459022031466/orcl-ex991_6.htm,0001564590-22-031466
https://www.sec.gov/Archives/edgar/data/1341439/000119312522191296/d331231dex991.htm,0001193125-22-191296
https://www.sec.gov/Archives/edgar/data/1341439/000156459022023099/orcl-ex991_6.htm,0001564590-22-023099
https://www.sec.gov/Archives/edgar/data/1341439/000119312522083447/d332961dex991.htm,0001193125-22-083447
https://www.sec.gov/Archives/edgar/data/1341439/000156459022009640/orcl-ex991_6.htm,0001564590-22-009640
https://www.sec.gov/Archives/edgar/data/1341439/000119312521362532/d276733dex991.htm,0001193125-21-362532
https://www.sec.gov/Archives/edgar/data/1341439/000156459021059893/orcl-ex991_6.htm,0001564590-21-059893
https://www.sec.gov/Archives/edgar/data/1341439/000156459021047736/orcl-ex991_6.htm,0001564590-21-047736
https://www.sec.gov/Archives/edgar/data/1341439/000119312521259458/d224360dex991.htm,0001193125-21-259458
https://www.sec.gov/Archives/edgar/data/1341439/000156459021032994/orcl-ex991_6.htm,0001564590-21-032994
https://www.sec.gov/Archives/edgar/data/1341439/000156459021012058/orcl-ex991_6.htm,0001564590-21-012058
https://www.sec.gov/Archives/edgar/data/1341439/000156459020056722/orcl-ex991_6.htm,0001564590-20-056722
https://www.sec.gov/Archives/edgar/data/1341439/000156459020043143/orcl-ex991_6.htm,0001564590-20-043143
https://www.sec.gov/Archives/edgar/data/1341439/000119312520227084/d31885dex991.htm,0001193125-20-227084
https://www.sec.gov/Archives/edgar/data/1341439/000156459020029533/orcl-ex991_6.htm,0001564590-20-029533
https://www.sec.gov/Archives/edgar/data/1341439/000156459020010464/orcl-ex991_6.htm,0001564590-20-010464
https://www.sec.gov/Archives/edgar/data/1341439/000156459019045836/orcl-ex991_7.htm,0001564590-19-045836
https://www.sec.gov/Archives/edgar/data/1341439/000119312519309214/d688356dex991.htm,0001193125-19-309214
https://www.sec.gov/Archives/edgar/data/1341439/000119312519269943/d823419dex991.htm,0001193125-19-269943
https://www.sec.gov/Archives/edgar/data/1341439/000156459019034522/orcl-ex991_6.htm,0001564590-19-034522
https://www.sec.gov/Archives/edgar/data/1341439/000156459019034522/orcl-ex992_120.htm,0001564590-19-034522
https://www.sec.gov/Archives/edgar/data/1341439/000119312519208925/d795975dex991.htm,0001193125-19-208925
https://www.sec.gov/Archives/edgar/data/1341439/000119312519191922/d776427dex991.htm,0001193125-19-191922
https://www.sec.gov/Archives/edgar/data/1341439/000156459019022864/orcl-ex991_6.htm,0001564590-19-022864
https://www.sec.gov/Archives/edgar/data/1341439/000156459019007818/orcl-ex991_6.htm,0001564590-19-007818
https://www.sec.gov/Archives/edgar/data/1321655/000132165523000115/a2023q3ex991earningsrelease.htm,0001321655-23-000115
https://www.sec.gov/Archives/edgar/data/1321655/000132165523000086/a2023q2ex991pressrelease.htm,0001321655-23-000086
https://www.sec.gov/Archives/edgar/data/1321655/000132165523000042/a2023q1ex991earningsrelease.htm,0001321655-23-000042
https://www.sec.gov/Archives/edgar/data/1321655/000132165523000005/a2022q4ex991pressrelease.htm,0001321655-23-000005
https://www.sec.gov/Archives/edgar/data/1321655/000132165522000029/a2022q3ex991pressrelease.htm,0001321655-22-000029
https://www.sec.gov/Archives/edgar/data/1321655/000132165522000029/a2022q3exhibit992ceoletter.htm,0001321655-22-000029
https://www.sec.gov/Archives/edgar/data/1321655/000119312522214147/d347534dex991.htm,0001193125-22-214147
https://www.sec.gov/Archives/edgar/data/1321655/000132165522000012/palantir-noticefinal4865x9.htm,0001321655-22-000012
https://www.sec.gov/Archives/edgar/data/1321655/000119312522144264/d259921dex991.htm,0001193125-22-144264
https://www.sec.gov/Archives/edgar/data/1321655/000119312522044821/d317188dex991.htm,0001193125-22-044821
https://www.sec.gov/Archives/edgar/data/1321655/000119312521323727/d51038dex991.htm,0001193125-21-323727
https://www.sec.gov/Archives/edgar/data/1321655/000095012321010428/d213750dex991.htm,0000950123-21-010428
https://www.sec.gov/Archives/edgar/data/1321655/000119312521156956/d77775dex991.htm,0001193125-21-156956
https://www.sec.gov/Archives/edgar/data/1321655/000119312521043333/d131078dex991.htm,0001193125-21-043333
https://www.sec.gov/Archives/edgar/data/1321655/000119312521013558/d949109dex991.htm,0001193125-21-013558
https://www.sec.gov/Archives/edgar/data/1321655/000119312520291678/d934165dex991.htm,0001193125-20-291678
https://www.sec.gov/Archives/edgar/data/1321655/000119312520257973/d89036dex991.htm,0001193125-20-257973
https://www.sec.gov/Archives/edgar/data/1321655/000119312520254706/d38725dex991.htm,0001193125-20-254706
https://www.sec.gov/Archives/edgar/data/1321655/000119312520251414/d11024dex991.htm,0001193125-20-251414
https://www.sec.gov/Archives/edgar/data/1327567/000119312523285277/d199345dex991.htm,0001193125-23-285277
https://www.sec.gov/Archives/edgar/data/1327567/000132756723000030/ex991q124earningsrelease.htm,0001327567-23-000030
https://www.sec.gov/Archives/edgar/data/1327567/000132756723000020/ex991q423earningsrelease.htm,0001327567-23-000020
https://www.sec.gov/Archives/edgar/data/1327567/000132756723000012/ex991q323earningsrelease.htm,0001327567-23-000012
https://www.sec.gov/Archives/edgar/data/1327567/000132756723000005/ex991q223earningsrelease.htm,0001327567-23-000005
https://www.sec.gov/Archives/edgar/data/1327567/000132756722000035/ex991q123earningsrelease.htm,0001327567-22-000035
https://www.sec.gov/Archives/edgar/data/1327567/000132756722000020/ex991q422earningsrelease.htm,0001327567-22-000020
https://www.sec.gov/Archives/edgar/data/1327567/000132756722000014/ex991q322earningsrelease.htm,0001327567-22-000014
https://www.sec.gov/Archives/edgar/data/1327567/000132756722000006/ex991q222earningsrelease.htm,0001327567-22-000006
https://www.sec.gov/Archives/edgar/data/1327567/000132756721000037/ex991q122earningsrelease.htm,0001327567-21-000037
https://www.sec.gov/Archives/edgar/data/1327567/000119312521296438/d215865dex991.htm,0001193125-21-296438
https://www.sec.gov/Archives/edgar/data/1327567/000119312521270979/d204478dex991.htm,0001193125-21-270979
https://www.sec.gov/Archives/edgar/data/1327567/000132756721000020/ex991q421earningsrelease.htm,0001327567-21-000020
https://www.sec.gov/Archives/edgar/data/1327567/000119312521244832/d204334dex991.htm,0001193125-21-244832
https://www.sec.gov/Archives/edgar/data/1327567/000132756721000012/ex991q321earningsrelease.htm,0001327567-21-000012
https://www.sec.gov/Archives/edgar/data/1327567/000119312521162161/d491855dex991.htm,0001193125-21-162161
https://www.sec.gov/Archives/edgar/data/1327567/000119312521087516/d160663dex991.htm,0001193125-21-087516
https://www.sec.gov/Archives/edgar/data/1327567/000162828021002659/ex991q221earningsrelease.htm,0001628280-21-002659
https://www.sec.gov/Archives/edgar/data/1327567/000119312521049293/d131875dex991.htm,0001193125-21-049293
https://www.sec.gov/Archives/edgar/data/1327567/000132756720000037/ex991q121earningsrelea.htm,0001327567-20-000037
https://www.sec.gov/Archives/edgar/data/1327567/000132756720000025/ex991q420earningsrelea.htm,0001327567-20-000025
https://www.sec.gov/Archives/edgar/data/1327567/000119312520176553/d921076dex991.htm,0001193125-20-176553
https://www.sec.gov/Archives/edgar/data/1327567/000119312520175603/d948829dex991.htm,0001193125-20-175603
https://www.sec.gov/Archives/edgar/data/1327567/000119312520163579/d936599dex991.htm,0001193125-20-163579
https://www.sec.gov/Archives/edgar/data/1327567/000119312520163579/d936599dex992.htm,0001193125-20-163579
https://www.sec.gov/Archives/edgar/data/1327567/000132756720000015/ex991q320earningsrelea.htm,0001327567-20-000015
https://www.sec.gov/Archives/edgar/data/1327567/000132756720000015/ex992q320lettertostock.htm,0001327567-20-000015
https://www.sec.gov/Archives/edgar/data/1327567/000132756720000002/ex991q220earningsrelease.htm,0001327567-20-000002
https://www.sec.gov/Archives/edgar/data/1327567/000132756719000036/ex991q120earningsrelea.htm,0001327567-19-000036
https://www.sec.gov/Archives/edgar/data/1327567/000132756719000023/ex991q419earningsrelease.htm,0001327567-19-000023
https://www.sec.gov/Archives/edgar/data/1327567/000132756719000023/supplementalfinancialinf.htm,0001327567-19-000023
https://www.sec.gov/Archives/edgar/data/1327567/000119312519192415/d773173dex991.htm,0001193125-19-192415
https://www.sec.gov/Archives/edgar/data/1327567/000132756719000014/ex991q319earningsrelease.htm,0001327567-19-000014
https://www.sec.gov/Archives/edgar/data/1327567/000132756719000011/ex991april15newsrelease.htm,0001327567-19-000011
https://www.sec.gov/Archives/edgar/data/1327567/000132756719000006/ex991q219earningsrelease.htm,0001327567-19-000006
https://www.sec.gov/Archives/edgar/data/78003/000119312523294930/d553734dex991.htm,0001193125-23-294930
https://www.sec.gov/Archives/edgar/data/78003/000007800323000120/exh99pr121323.htm,0000078003-23-000120
https://www.sec.gov/Archives/edgar/data/78003/000007800323000118/pr121223ex991.htm,0000078003-23-000118
https://www.sec.gov/Archives/edgar/data/78003/000007800323000111/pfe-10012023xex99.htm,0000078003-23-000111
https://www.sec.gov/Archives/edgar/data/78003/000007800323000099/ex99_pressrelease1013.htm,0000078003-23-000099
https://www.sec.gov/Archives/edgar/data/78003/000007800323000085/pfe-07022023xex99.htm,0000078003-23-000085
https://www.sec.gov/Archives/edgar/data/78003/000162828023014759/pfe-04022023xex99.htm,0001628280-23-014759
https://www.sec.gov/Archives/edgar/data/78003/000119312523068538/d408093dex991.htm,0001193125-23-068538
https://www.sec.gov/Archives/edgar/data/78003/000119312523068538/d408093dex992.htm,0001193125-23-068538
https://www.sec.gov/Archives/edgar/data/78003/000119312523068538/d408093dex993.htm,0001193125-23-068538
https://www.sec.gov/Archives/edgar/data/78003/000007800323000004/pfe-12312022xex99.htm,0000078003-23-000004
https://www.sec.gov/Archives/edgar/data/78003/000007800322000098/pfe-10022022xex99.htm,0000078003-22-000098
https://www.sec.gov/Archives/edgar/data/78003/000007800322000091/pfe-07032022xex99.htm,0000078003-22-000091
https://www.sec.gov/Archives/edgar/data/78003/000119312522145661/d336582dex991.htm,0001193125-22-145661
https://www.sec.gov/Archives/edgar/data/78003/000007800322000068/pfe-04032022xex99.htm,0000078003-22-000068
https://www.sec.gov/Archives/edgar/data/78003/000007800322000057/exh_991411.htm,0000078003-22-000057
https://www.sec.gov/Archives/edgar/data/78003/000007800322000003/pfe-12312021xex99.htm,0000078003-22-000003
https://www.sec.gov/Archives/edgar/data/78003/000007800321000114/exh99_1x1121.htm,0000078003-21-000114
https://www.sec.gov/Archives/edgar/data/78003/000007800321000104/pfe-10032021xex99.htm,0000078003-21-000104
https://www.sec.gov/Archives/edgar/data/78003/000007800321000090/pfe-07042021xex99.htm,0000078003-21-000090
https://www.sec.gov/Archives/edgar/data/78003/000007800321000062/pfe-04042021xex99.htm,0000078003-21-000062
https://www.sec.gov/Archives/edgar/data/78003/000007800321000003/pfe-12312020xex99.htm,0000078003-21-000003
https://www.sec.gov/Archives/edgar/data/78003/000119312520298356/d72492dex991.htm,0001193125-20-298356
https://www.sec.gov/Archives/edgar/data/78003/000119312520294847/d82880dex991.htm,0001193125-20-294847
https://www.sec.gov/Archives/edgar/data/78003/000119312520286896/d81265dex991.htm,0001193125-20-286896
https://www.sec.gov/Archives/edgar/data/78003/000119312520282739/d88394dex991.htm,0001193125-20-282739
https://www.sec.gov/Archives/edgar/data/78003/000007800320000065/pfe-09272020xex99.htm,0000078003-20-000065
https://www.sec.gov/Archives/edgar/data/78003/000119312520212094/d202107dex991.htm,0001193125-20-212094
https://www.sec.gov/Archives/edgar/data/78003/000119312520212094/d202107dex992.htm,0001193125-20-212094
https://www.sec.gov/Archives/edgar/data/78003/000007800320000056/pfe-06282020xex99.htm,0000078003-20-000056
https://www.sec.gov/Archives/edgar/data/78003/000119312520150192/d860102dex991.htm,0001193125-20-150192
https://www.sec.gov/Archives/edgar/data/78003/000119312520146185/d812767dex991.htm,0001193125-20-146185
https://www.sec.gov/Archives/edgar/data/78003/000007800320000034/pfe-03292020xex99.htm,0000078003-20-000034
https://www.sec.gov/Archives/edgar/data/78003/000007800320000029/ex991420.htm,0000078003-20-000029
https://www.sec.gov/Archives/edgar/data/78003/000007800320000021/exh991sh1.htm,0000078003-20-000021
https://www.sec.gov/Archives/edgar/data/78003/000007800320000016/exh99jqx.htm,0000078003-20-000016
https://www.sec.gov/Archives/edgar/data/78003/000007800320000016/exhibit992x.htm,0000078003-20-000016
https://www.sec.gov/Archives/edgar/data/78003/000007800320000003/pfe-12312019xex99.htm,0000078003-20-000003
https://www.sec.gov/Archives/edgar/data/78003/000119312519319205/d599655dex991.htm,0001193125-19-319205
https://www.sec.gov/Archives/edgar/data/78003/000007800319000079/pfe-10292019xex99.htm,0000078003-19-000079
https://www.sec.gov/Archives/edgar/data/78003/000007800319000074/pressreles92719.htm,0000078003-19-000074
https://www.sec.gov/Archives/edgar/data/78003/000007800319000057/pfe73119_final.htm,0000078003-19-000057
https://www.sec.gov/Archives/edgar/data/78003/000007800319000053/pfe-06302019xex99.htm,0000078003-19-000053
https://www.sec.gov/Archives/edgar/data/78003/000007800319000049/pressrelease0627192.htm,0000078003-19-000049
https://www.sec.gov/Archives/edgar/data/78003/000119312519174220/d704286dex991.htm,0001193125-19-174220
https://www.sec.gov/Archives/edgar/data/78003/000007800319000021/pfe-03312019xex99.htm,0000078003-19-000021
https://www.sec.gov/Archives/edgar/data/78003/000119312519065693/d720864dex991.htm,0001193125-19-065693
https://www.sec.gov/Archives/edgar/data/78003/000007800319000004/pfe-12312018xex99.htm,0000078003-19-000004
https://www.sec.gov/Archives/edgar/data/857005/000095017023057416/ptc-ex99_1.htm,0000950170-23-057416
https://www.sec.gov/Archives/edgar/data/857005/000095017023034716/ptc-ex99_1.htm,0000950170-23-034716
https://www.sec.gov/Archives/edgar/data/857005/000095017023014776/ptc-ex99_1.htm,0000950170-23-014776
https://www.sec.gov/Archives/edgar/data/857005/000095017023001593/ptc-ex99_1.htm,0000950170-23-001593
https://www.sec.gov/Archives/edgar/data/857005/000095017022021176/ptc-ex99_1.htm,0000950170-22-021176
https://www.sec.gov/Archives/edgar/data/857005/000095017022013206/ptc-ex99_1.htm,0000950170-22-013206
https://www.sec.gov/Archives/edgar/data/857005/000156459022016065/ptc-ex991_6.htm,0001564590-22-016065
https://www.sec.gov/Archives/edgar/data/857005/000156459022002465/ptc-ex991_6.htm,0001564590-22-002465
https://www.sec.gov/Archives/edgar/data/857005/000156459021053935/ptc-ex991_19.htm,0001564590-21-053935
https://www.sec.gov/Archives/edgar/data/857005/000156459021038615/ptc-ex991_16.htm,0001564590-21-038615
https://www.sec.gov/Archives/edgar/data/857005/000156459021021324/ptc-ex991_20.htm,0001564590-21-021324
https://www.sec.gov/Archives/edgar/data/857005/000156459021002596/ptc-ex991_194.htm,0001564590-21-002596
https://www.sec.gov/Archives/edgar/data/857005/000156459020048347/ptc-ex991_6.htm,0001564590-20-048347
https://www.sec.gov/Archives/edgar/data/857005/000156459020048347/ptc-ex992_341.htm,0001564590-20-048347
https://www.sec.gov/Archives/edgar/data/857005/000156459020034318/ptc-ex991_216.htm,0001564590-20-034318
https://www.sec.gov/Archives/edgar/data/857005/000156459020034318/ptc-ex992_217.htm,0001564590-20-034318
https://www.sec.gov/Archives/edgar/data/857005/000156459020032044/ptc-ex991_40.htm,0001564590-20-032044
https://www.sec.gov/Archives/edgar/data/857005/000085700520000013/q220pressrelease.htm,0000857005-20-000013
https://www.sec.gov/Archives/edgar/data/857005/000085700520000013/q220preparedrearks.htm,0000857005-20-000013
https://www.sec.gov/Archives/edgar/data/857005/000165495420003607/ptc_ex991.htm,0001654954-20-003607
https://www.sec.gov/Archives/edgar/data/857005/000165495420002442/ptc_ex991.htm,0001654954-20-002442
https://www.sec.gov/Archives/edgar/data/857005/000119312520019839/d871412dex991.htm,0001193125-20-019839
https://www.sec.gov/Archives/edgar/data/857005/000119312520019839/d871412dex992.htm,0001193125-20-019839
https://www.sec.gov/Archives/edgar/data/857005/000085700520000003/q120pressrelease.htm,0000857005-20-000003
https://www.sec.gov/Archives/edgar/data/857005/000085700520000003/q120preparedremarks.htm,0000857005-20-000003
https://www.sec.gov/Archives/edgar/data/857005/000085700519000021/a991pressrelease.htm,0000857005-19-000021
https://www.sec.gov/Archives/edgar/data/857005/000085700519000020/q419pressrelease.htm,0000857005-19-000020
https://www.sec.gov/Archives/edgar/data/857005/000085700519000020/q4fy19preparedremarks.htm,0000857005-19-000020
https://www.sec.gov/Archives/edgar/data/857005/000165495419010340/exhibit991reportingmetric.htm,0001654954-19-010340
https://www.sec.gov/Archives/edgar/data/857005/000165495419008466/ptc_pressrelease.htm,0001654954-19-008466
https://www.sec.gov/Archives/edgar/data/857005/000165495419008466/ptc_remarks.htm,0001654954-19-008466
https://www.sec.gov/Archives/edgar/data/857005/000165495419004732/q219pressrelease.htm,0001654954-19-004732
https://www.sec.gov/Archives/edgar/data/857005/000165495419004732/preparedremarks.htm,0001654954-19-004732
https://www.sec.gov/Archives/edgar/data/857005/000085700519000003/q119pressrelease.htm,0000857005-19-000003
https://www.sec.gov/Archives/edgar/data/857005/000085700519000003/q119preparedremarks.htm,0000857005-19-000003
https://www.sec.gov/Archives/edgar/data/804328/000080432823000054/qcom092423erex991.htm,0000804328-23-000054
https://www.sec.gov/Archives/edgar/data/804328/000080432823000042/qcom062523erex991.htm,0000804328-23-000042
https://www.sec.gov/Archives/edgar/data/804328/000080432823000022/qcom032623erex991.htm,0000804328-23-000022
https://www.sec.gov/Archives/edgar/data/804328/000080432823000005/qcom122522erex991.htm,0000804328-23-000005
https://www.sec.gov/Archives/edgar/data/804328/000080432822000020/qcom092522erex991.htm,0000804328-22-000020
https://www.sec.gov/Archives/edgar/data/804328/000172894922000039/qcom062622erex991.htm,0001728949-22-000039
https://www.sec.gov/Archives/edgar/data/804328/000172894922000025/qcom032722erex991.htm,0001728949-22-000025
https://www.sec.gov/Archives/edgar/data/804328/000172894922000011/qcom122621erex991.htm,0001728949-22-000011
https://www.sec.gov/Archives/edgar/data/804328/000172894921000075/qcom092621erex991.htm,0001728949-21-000075
https://www.sec.gov/Archives/edgar/data/804328/000110465921122578/tm2129124d1_ex99-1.htm,0001104659-21-122578
https://www.sec.gov/Archives/edgar/data/804328/000172894921000065/qcom062721erex991.htm,0001728949-21-000065
https://www.sec.gov/Archives/edgar/data/804328/000172894921000042/qcom032821erex991.htm,0001728949-21-000042
https://www.sec.gov/Archives/edgar/data/804328/000172894921000021/qcom122720erex991.htm,0001728949-21-000021
https://www.sec.gov/Archives/edgar/data/804328/000172894920000066/qcom092720erex991.htm,0001728949-20-000066
https://www.sec.gov/Archives/edgar/data/804328/000110465920090597/tm2026316d2_ex99-1.htm,0001104659-20-090597
https://www.sec.gov/Archives/edgar/data/804328/000110465920090597/tm2026316d2_ex99-2.htm,0001104659-20-090597
https://www.sec.gov/Archives/edgar/data/804328/000172894920000056/qcom062820erex991.htm,0001728949-20-000056
https://www.sec.gov/Archives/edgar/data/804328/000172894920000030/qcom032920erex991.htm,0001728949-20-000030
https://www.sec.gov/Archives/edgar/data/804328/000172894920000010/qcom122919erex991.htm,0001728949-20-000010
https://www.sec.gov/Archives/edgar/data/804328/000172894919000071/qcom092919erex991.htm,0001728949-19-000071
https://www.sec.gov/Archives/edgar/data/804328/000172894919000053/qcom063019erex991.htm,0001728949-19-000053
https://www.sec.gov/Archives/edgar/data/804328/000172894919000034/qcom033119erex991.htm,0001728949-19-000034
https://www.sec.gov/Archives/edgar/data/804328/000172894919000026/qcom041619exhibit991.htm,0001728949-19-000026
https://www.sec.gov/Archives/edgar/data/804328/000172894919000026/qcom041619exhibit992.htm,0001728949-19-000026
https://www.sec.gov/Archives/edgar/data/804328/000172894919000011/qcom123018erex991.htm,0001728949-19-000011
https://www.sec.gov/Archives/edgar/data/1022079/000102207923000172/dgx10302023ex991.htm,0001022079-23-000172
https://www.sec.gov/Archives/edgar/data/1022079/000102207923000154/dgx093020238-kex991.htm,0001022079-23-000154
https://www.sec.gov/Archives/edgar/data/1022079/000102207923000131/dgx063020238-kex991.htm,0001022079-23-000131
https://www.sec.gov/Archives/edgar/data/1022079/000102207923000091/dgx033120238-kex991.htm,0001022079-23-000091
https://www.sec.gov/Archives/edgar/data/1022079/000102207923000091/dgx033120238-kex992.htm,0001022079-23-000091
https://www.sec.gov/Archives/edgar/data/1022079/000094787123000333/ss1867887_ex9901.htm,0000947871-23-000333
https://www.sec.gov/Archives/edgar/data/1022079/000094787123000333/ss1867887_ex9902.htm,0000947871-23-000333
https://www.sec.gov/Archives/edgar/data/1022079/000094787123000333/ss1867887_ex9903.htm,0000947871-23-000333
https://www.sec.gov/Archives/edgar/data/1022079/000094787123000333/ss1867887_ex9904.htm,0000947871-23-000333
https://www.sec.gov/Archives/edgar/data/1022079/000094787123000333/ss1867887_ex9905.htm,0000947871-23-000333
https://www.sec.gov/Archives/edgar/data/1022079/000102207923000056/dgx03032023ex991.htm,0001022079-23-000056
https://www.sec.gov/Archives/edgar/data/1022079/000102207923000006/dgx123120228-kexhibit991.htm,0001022079-23-000006
https://www.sec.gov/Archives/edgar/data/1022079/000102207923000006/dgx123120228-kexhibit992.htm,0001022079-23-000006
https://www.sec.gov/Archives/edgar/data/1022079/000102207922000150/dgx10312022ex991.htm,0001022079-22-000150
https://www.sec.gov/Archives/edgar/data/1022079/000102207922000136/dgx093020228-kex991.htm,0001022079-22-000136
https://www.sec.gov/Archives/edgar/data/1022079/000102207922000118/dgx063020228-kex991.htm,0001022079-22-000118
https://www.sec.gov/Archives/edgar/data/1022079/000102207922000107/dgx06082022ex991.htm,0001022079-22-000107
https://www.sec.gov/Archives/edgar/data/1022079/000102207922000071/dgx033120228-kex991.htm,0001022079-22-000071
https://www.sec.gov/Archives/edgar/data/1022079/000094787122000132/ss773888_ex9901.htm,0000947871-22-000132
https://www.sec.gov/Archives/edgar/data/1022079/000102207922000008/dgx123120218-kexhibit991.htm,0001022079-22-000008
https://www.sec.gov/Archives/edgar/data/1022079/000102207922000005/ex991dgxprepressreleasejan.htm,0001022079-22-000005
https://www.sec.gov/Archives/edgar/data/1022079/000102207921000139/dgx093020218-kex991.htm,0001022079-21-000139
https://www.sec.gov/Archives/edgar/data/1022079/000102207921000133/dgxprepressreleaseseptembea.htm,0001022079-21-000133
https://www.sec.gov/Archives/edgar/data/1022079/000102207921000122/dgx08162021ex991.htm,0001022079-21-000122
https://www.sec.gov/Archives/edgar/data/1022079/000102207921000107/dgx063020218-kex991.htm,0001022079-21-000107
https://www.sec.gov/Archives/edgar/data/1022079/000102207921000067/dgx033120218-kex991.htm,0001022079-21-000067
https://www.sec.gov/Archives/edgar/data/1022079/000094787121000317/ss194018_ex9901.htm,0000947871-21-000317
https://www.sec.gov/Archives/edgar/data/1022079/000094787121000317/ss194018_ex9902.htm,0000947871-21-000317
https://www.sec.gov/Archives/edgar/data/1022079/000094787121000317/ss194018_ex9903.htm,0000947871-21-000317
https://www.sec.gov/Archives/edgar/data/1022079/000094787121000317/ss194018_ex9904.htm,0000947871-21-000317
https://www.sec.gov/Archives/edgar/data/1022079/000094787121000317/ss194018_ex9905.htm,0000947871-21-000317
https://www.sec.gov/Archives/edgar/data/1022079/000094787121000262/ss192867_ex9901.htm,0000947871-21-000262
https://www.sec.gov/Archives/edgar/data/1022079/000102207921000010/dgx123120208-kexhibit991.htm,0001022079-21-000010
https://www.sec.gov/Archives/edgar/data/1022079/000102207921000010/dgx123120208-kexhibit992.htm,0001022079-21-000010
https://www.sec.gov/Archives/edgar/data/1022079/000102207920000198/dgx12162020ex991outlookupd.htm,0001022079-20-000198
https://www.sec.gov/Archives/edgar/data/1022079/000102207920000180/dgx093020208-kex991.htm,0001022079-20-000180
https://www.sec.gov/Archives/edgar/data/1022079/000102207920000167/dgx091020208-kex991.htm,0001022079-20-000167
https://www.sec.gov/Archives/edgar/data/1022079/000102207920000162/pressrelease8-24x20.htm,0001022079-20-000162
https://www.sec.gov/Archives/edgar/data/1022079/000102207920000156/dgx063020208-kex991ng.htm,0001022079-20-000156
https://www.sec.gov/Archives/edgar/data/1022079/000102207920000151/dgxprepressrelease8-ke.htm,0001022079-20-000151
https://www.sec.gov/Archives/edgar/data/1022079/000094787120000458/ss173511_ex9901.htm,0000947871-20-000458
https://www.sec.gov/Archives/edgar/data/1022079/000094787120000426/ss171981_ex9901.htm,0000947871-20-000426
https://www.sec.gov/Archives/edgar/data/1022079/000094787120000426/ss171981_ex9902.htm,0000947871-20-000426
https://www.sec.gov/Archives/edgar/data/1022079/000094787120000426/ss171981_ex9903.htm,0000947871-20-000426
https://www.sec.gov/Archives/edgar/data/1022079/000094787120000426/ss171981_ex9904.htm,0000947871-20-000426
https://www.sec.gov/Archives/edgar/data/1022079/000094787120000426/ss171981_ex9905.htm,0000947871-20-000426
https://www.sec.gov/Archives/edgar/data/1022079/000094787120000426/ss171981_ex9906.htm,0000947871-20-000426
https://www.sec.gov/Archives/edgar/data/1022079/000094787120000426/ss171981_ex9907.htm,0000947871-20-000426
https://www.sec.gov/Archives/edgar/data/1022079/000102207920000099/dgx033120208-kex991.htm,0001022079-20-000099
https://www.sec.gov/Archives/edgar/data/1022079/000094787120000380/ss171507_ex9901.htm,0000947871-20-000380
https://www.sec.gov/Archives/edgar/data/1022079/000102207920000083/dgx031220ex991.htm,0001022079-20-000083
https://www.sec.gov/Archives/edgar/data/1022079/000102207920000011/dgx123120198-kexhibit9.htm,0001022079-20-000011
https://www.sec.gov/Archives/edgar/data/1022079/000094787119000957/ss159854_ex9901.htm,0000947871-19-000957
https://www.sec.gov/Archives/edgar/data/1022079/000102207919000180/dgx093020198-kex991.htm,0001022079-19-000180
https://www.sec.gov/Archives/edgar/data/1022079/000102207919000161/dgx063020198-kex991.htm,0001022079-19-000161
https://www.sec.gov/Archives/edgar/data/1022079/000102207919000113/dgx033120198-kex991.htm,0001022079-19-000113
https://www.sec.gov/Archives/edgar/data/1022079/000094787119000202/ss128814_ex9901.htm,0000947871-19-000202
https://www.sec.gov/Archives/edgar/data/1022079/000102207919000032/dgx021819ex991.htm,0001022079-19-000032
https://www.sec.gov/Archives/edgar/data/1022079/000102207919000007/dgx123120188-kexhibit991.htm,0001022079-19-000007
https://www.sec.gov/Archives/edgar/data/872589/000180422023000029/exhibit991q32023.htm,0001804220-23-000029
https://www.sec.gov/Archives/edgar/data/872589/000180422023000021/exhibit991q22023.htm,0001804220-23-000021
https://www.sec.gov/Archives/edgar/data/872589/000180422023000015/exhibit991q12023.htm,0001804220-23-000015
https://www.sec.gov/Archives/edgar/data/872589/000180422023000005/exhibit991q42022.htm,0001804220-23-000005
https://www.sec.gov/Archives/edgar/data/872589/000110465923002091/tm231703d1_ex99-1.htm,0001104659-23-002091
https://www.sec.gov/Archives/edgar/data/872589/000180422022000029/exhibit991q32022.htm,0001804220-22-000029
https://www.sec.gov/Archives/edgar/data/872589/000180422022000020/exhibit991q22022.htm,0001804220-22-000020
https://www.sec.gov/Archives/edgar/data/872589/000180422022000013/exhibit991q12022.htm,0001804220-22-000013
https://www.sec.gov/Archives/edgar/data/872589/000180422022000004/exhibit991q42021.htm,0001804220-22-000004
https://www.sec.gov/Archives/edgar/data/872589/000110465922002403/tm222431d1_ex99-1.htm,0001104659-22-002403
https://www.sec.gov/Archives/edgar/data/872589/000180422021000031/exhibit991q32021.htm,0001804220-21-000031
https://www.sec.gov/Archives/edgar/data/872589/000180422021000023/exhibit991q22021.htm,0001804220-21-000023
https://www.sec.gov/Archives/edgar/data/872589/000180422021000015/exhibit991q12021.htm,0001804220-21-000015
https://www.sec.gov/Archives/edgar/data/872589/000180422021000006/exhibit991q42020.htm,0001804220-21-000006
https://www.sec.gov/Archives/edgar/data/872589/000110465921002614/tm211603d2_ex99-1.htm,0001104659-21-002614
https://www.sec.gov/Archives/edgar/data/872589/000180422020000028/exhibit991q32020.htm,0001804220-20-000028
https://www.sec.gov/Archives/edgar/data/872589/000180422020000020/exhibit991q22020.htm,0001804220-20-000020
https://www.sec.gov/Archives/edgar/data/872589/000180422020000009/exhibit991q12020.htm,0001804220-20-000009
https://www.sec.gov/Archives/edgar/data/872589/000153217620000005/exhibit991q42019.htm,0001532176-20-000005
https://www.sec.gov/Archives/edgar/data/872589/000093041320000068/c94939_ex99-1.htm,0000930413-20-000068
https://www.sec.gov/Archives/edgar/data/872589/000153217619000032/exhibit991q32019.htm,0001532176-19-000032
https://www.sec.gov/Archives/edgar/data/872589/000153217619000024/exhibit991q22019.htm,0001532176-19-000024
https://www.sec.gov/Archives/edgar/data/872589/000153217619000015/exhibit991q12019.htm,0001532176-19-000015
https://www.sec.gov/Archives/edgar/data/872589/000153217619000005/exhibit991q42018.htm,0001532176-19-000005
https://www.sec.gov/Archives/edgar/data/872589/000110465919000977/a19-1325_1ex99d1.htm,0001104659-19-000977
https://www.sec.gov/Archives/edgar/data/872589/000110465919000977/a19-1325_1ex99d2.htm,0001104659-19-000977
https://www.sec.gov/Archives/edgar/data/872589/000110465919000977/a19-1325_1ex99d3.htm,0001104659-19-000977
https://www.sec.gov/Archives/edgar/data/943819/000119312523274543/d287548dex991.htm,0001193125-23-274543
https://www.sec.gov/Archives/edgar/data/943819/000119312523264072/d547248dex991.htm,0001193125-23-264072
https://www.sec.gov/Archives/edgar/data/943819/000119312523202850/d510491dex991.htm,0001193125-23-202850
https://www.sec.gov/Archives/edgar/data/943819/000119312523122110/d477335dex991.htm,0001193125-23-122110
https://www.sec.gov/Archives/edgar/data/943819/000119312523085659/d447060dex991.htm,0001193125-23-085659
https://www.sec.gov/Archives/edgar/data/943819/000119312523016231/d369496dex991.htm,0001193125-23-016231
https://www.sec.gov/Archives/edgar/data/943819/000119312523016231/d369496dex992.htm,0001193125-23-016231
https://www.sec.gov/Archives/edgar/data/943819/000119312522270961/d416189dex991.htm,0001193125-22-270961
https://www.sec.gov/Archives/edgar/data/943819/000119312522218522/d392713dex991.htm,0001193125-22-218522
https://www.sec.gov/Archives/edgar/data/943819/000119312522187014/d360618dex991.htm,0001193125-22-187014
https://www.sec.gov/Archives/edgar/data/943819/000119312522173521/d366389dex991.htm,0001193125-22-173521
https://www.sec.gov/Archives/edgar/data/943819/000119312522173521/d366389dex992.htm,0001193125-22-173521
https://www.sec.gov/Archives/edgar/data/943819/000119312522147554/d309157dex991.htm,0001193125-22-147554
https://www.sec.gov/Archives/edgar/data/943819/000119312522127535/d319859dex991.htm,0001193125-22-127535
https://www.sec.gov/Archives/edgar/data/943819/000119312522019765/d477629dex991.htm,0001193125-22-019765
https://www.sec.gov/Archives/edgar/data/943819/000119312521311286/d801447dex991.htm,0001193125-21-311286
https://www.sec.gov/Archives/edgar/data/943819/000119312521237704/d189129dex991.htm,0001193125-21-237704
https://www.sec.gov/Archives/edgar/data/943819/000119312521140371/d172855dex991.htm,0001193125-21-140371
https://www.sec.gov/Archives/edgar/data/943819/000119312521020758/d21980dex991.htm,0001193125-21-020758
https://www.sec.gov/Archives/edgar/data/943819/000119312520281037/d53808dex991.htm,0001193125-20-281037
https://www.sec.gov/Archives/edgar/data/943819/000119312520210635/d80445dex991.htm,0001193125-20-210635
https://www.sec.gov/Archives/edgar/data/943819/000119312520128755/d867209dex991.htm,0001193125-20-128755
https://www.sec.gov/Archives/edgar/data/943819/000119312520019606/d877830dex991.htm,0001193125-20-019606
https://www.sec.gov/Archives/edgar/data/943819/000119312519273579/d806534dex991.htm,0001193125-19-273579
https://www.sec.gov/Archives/edgar/data/943819/000119312519202515/d782233dex991.htm,0001193125-19-202515
https://www.sec.gov/Archives/edgar/data/943819/000119312519134997/d742937dex991.htm,0001193125-19-134997
https://www.sec.gov/Archives/edgar/data/943819/000119312519015912/d694579dex991.htm,0001193125-19-015912
https://www.sec.gov/Archives/edgar/data/31791/000115752323001568/a53701637ex99_1.htm,0001157523-23-001568
https://www.sec.gov/Archives/edgar/data/31791/000115752323001197/a53488022ex99_1.htm,0001157523-23-001197
https://www.sec.gov/Archives/edgar/data/31791/000115752323000815/a53397725ex99_1.htm,0001157523-23-000815
https://www.sec.gov/Archives/edgar/data/31791/000115752323000272/a53316651ex99_1.htm,0001157523-23-000272
https://www.sec.gov/Archives/edgar/data/31791/000115752323000033/a53183137ex99_1.htm,0001157523-23-000033
https://www.sec.gov/Archives/edgar/data/31791/000115752322001552/a52961763ex99_1.htm,0001157523-22-001552
https://www.sec.gov/Archives/edgar/data/31791/000115752322001320/a52945357ex99_1.htm,0001157523-22-001320
https://www.sec.gov/Archives/edgar/data/31791/000119312522222840/d57019dex991.htm,0001193125-22-222840
https://www.sec.gov/Archives/edgar/data/31791/000115752322000967/a52795436ex99_1.htm,0001157523-22-000967
https://www.sec.gov/Archives/edgar/data/31791/000115752322000546/a52702514ex99_1.htm,0001157523-22-000546
https://www.sec.gov/Archives/edgar/data/31791/000115752322000130/a52570702ex99_1.htm,0001157523-22-000130
https://www.sec.gov/Archives/edgar/data/31791/000115752322000044/a52560227ex991.htm,0001157523-22-000044
https://www.sec.gov/Archives/edgar/data/31791/000115752321001307/a52518437ex99_1.htm,0001157523-21-001307
https://www.sec.gov/Archives/edgar/data/31791/000119312521256291/d210570dex991.htm,0001193125-21-256291
https://www.sec.gov/Archives/edgar/data/31791/000119312521244659/d194876dex991.htm,0001193125-21-244659
https://www.sec.gov/Archives/edgar/data/31791/000119312521225700/d205775dex991.htm,0001193125-21-225700
https://www.sec.gov/Archives/edgar/data/31791/000115752321000916/a52464567ex99_1.htm,0001157523-21-000916
https://www.sec.gov/Archives/edgar/data/31791/000115752321000822/a52449710ex99_1.htm,0001157523-21-000822
https://www.sec.gov/Archives/edgar/data/31791/000115752321000580/a52422220ex99_1.htm,0001157523-21-000580
https://www.sec.gov/Archives/edgar/data/31791/000115752321000452/a52411272ex99_1.htm,0001157523-21-000452
https://www.sec.gov/Archives/edgar/data/31791/000115752321000129/a52370252ex991.htm,0001157523-21-000129
https://www.sec.gov/Archives/edgar/data/31791/000119312521006383/d60177dex991.htm,0001193125-21-006383
https://www.sec.gov/Archives/edgar/data/31791/000119312521006383/d60177dex992.htm,0001193125-21-006383
https://www.sec.gov/Archives/edgar/data/31791/000115752321000031/a52358706ex991.htm,0001157523-21-000031
https://www.sec.gov/Archives/edgar/data/31791/000119312521004219/d871026dex991.htm,0001193125-21-004219
https://www.sec.gov/Archives/edgar/data/31791/000115752320001358/a52313045ex99_1.htm,0001157523-20-001358
https://www.sec.gov/Archives/edgar/data/31791/000115752320001301/a52303538_ex991.htm,0001157523-20-001301
https://www.sec.gov/Archives/edgar/data/31791/000115752320001049/a52256284ex99_1.htm,0001157523-20-001049
https://www.sec.gov/Archives/edgar/data/31791/000115752320000968/a52248557ex99_1.htm,0001157523-20-000968
https://www.sec.gov/Archives/edgar/data/31791/000115752320000660/a52213539ex99_1.htm,0001157523-20-000660
https://www.sec.gov/Archives/edgar/data/31791/000119312520094601/d907315dex991.htm,0001193125-20-094601
https://www.sec.gov/Archives/edgar/data/31791/000119312520094601/d907315dex992.htm,0001193125-20-094601
https://www.sec.gov/Archives/edgar/data/31791/000119312520066255/d900570dex991.htm,0001193125-20-066255
https://www.sec.gov/Archives/edgar/data/31791/000115752320000109/a52163222ex99_1.htm,0001157523-20-000109
https://www.sec.gov/Archives/edgar/data/31791/000115752319002138/a52118823_ex991.htm,0001157523-19-002138
https://www.sec.gov/Archives/edgar/data/31791/000119312519226118/d794085dex991.htm,0001193125-19-226118
https://www.sec.gov/Archives/edgar/data/31791/000115752319001611/a52018940ex99_1.htm,0001157523-19-001611
https://www.sec.gov/Archives/edgar/data/31791/000115752319000898/a51974766ex99_1.htm,0001157523-19-000898
https://www.sec.gov/Archives/edgar/data/31791/000119312519117178/d737091dex992.htm,0001193125-19-117178
https://www.sec.gov/Archives/edgar/data/31791/000119312519117178/d737091dex993.htm,0001193125-19-117178
https://www.sec.gov/Archives/edgar/data/31791/000119312519117178/d737091dex994.htm,0001193125-19-117178
https://www.sec.gov/Archives/edgar/data/31791/000119312519117178/d737091dex995.htm,0001193125-19-117178
https://www.sec.gov/Archives/edgar/data/31791/000119312519117178/d737091dex996.htm,0001193125-19-117178
https://www.sec.gov/Archives/edgar/data/31791/000119312519117178/d737091dex997.htm,0001193125-19-117178
https://www.sec.gov/Archives/edgar/data/31791/000119312519117178/d737091dex998.htm,0001193125-19-117178
https://www.sec.gov/Archives/edgar/data/31791/000115752319000205/a51932319ex99_1.htm,0001157523-19-000205
https://www.sec.gov/Archives/edgar/data/882835/000088283523000048/a2023q3earningsrelease.htm,0000882835-23-000048
https://www.sec.gov/Archives/edgar/data/882835/000088283523000039/a2023q2earningsrelease.htm,0000882835-23-000039
https://www.sec.gov/Archives/edgar/data/882835/000119312523171841/d505407dex991.htm,0001193125-23-171841
https://www.sec.gov/Archives/edgar/data/882835/000088283523000021/a2023q1earningsrelease.htm,0000882835-23-000021
https://www.sec.gov/Archives/edgar/data/882835/000088283523000010/a2022q4earningsrelease.htm,0000882835-23-000010
https://www.sec.gov/Archives/edgar/data/882835/000119312522285317/d417605dex991.htm,0001193125-22-285317
https://www.sec.gov/Archives/edgar/data/882835/000088283522000066/a2022q3earningsrelease.htm,0000882835-22-000066
https://www.sec.gov/Archives/edgar/data/882835/000119312522233743/d356123dex991.htm,0001193125-22-233743
https://www.sec.gov/Archives/edgar/data/882835/000088283522000056/a2022q2earningsrelease.htm,0000882835-22-000056
https://www.sec.gov/Archives/edgar/data/882835/000088283522000052/a2022newsegmentstructure.htm,0000882835-22-000052
https://www.sec.gov/Archives/edgar/data/882835/000119312522164703/d326909dex991.htm,0001193125-22-164703
https://www.sec.gov/Archives/edgar/data/882835/000088283522000021/a2022q1earningsrelease.htm,0000882835-22-000021
https://www.sec.gov/Archives/edgar/data/882835/000088283522000005/a2021q4earningsrelease.htm,0000882835-22-000005
https://www.sec.gov/Archives/edgar/data/882835/000088283521000058/exhibit991pressreleaseocto.htm,0000882835-21-000058
https://www.sec.gov/Archives/edgar/data/882835/000088283521000057/a2021q32021earningsrelease.htm,0000882835-21-000057
https://www.sec.gov/Archives/edgar/data/882835/000088283521000039/a2021q22021earningsrelease.htm,0000882835-21-000039
https://www.sec.gov/Archives/edgar/data/882835/000088283521000016/a2021q12021earningsrelease.htm,0000882835-21-000016
https://www.sec.gov/Archives/edgar/data/882835/000088283521000009/a2020q4earningsrelease.htm,0000882835-21-000009
https://www.sec.gov/Archives/edgar/data/882835/000088283520000030/a2020q32020earningsrel.htm,0000882835-20-000030
https://www.sec.gov/Archives/edgar/data/882835/000119312520238787/d89926dex991.htm,0001193125-20-238787
https://www.sec.gov/Archives/edgar/data/882835/000119312520218831/d82103dex991.htm,0001193125-20-218831
https://www.sec.gov/Archives/edgar/data/882835/000088283520000022/a2020q22020earningsrel.htm,0000882835-20-000022
https://www.sec.gov/Archives/edgar/data/882835/000088283520000009/a2020q12020earningsrel.htm,0000882835-20-000009
https://www.sec.gov/Archives/edgar/data/882835/000088283520000003/a190201q4earningsrelea.htm,0000882835-20-000003
https://www.sec.gov/Archives/edgar/data/882835/000088283519000046/a2019q32019earningsrel.htm,0000882835-19-000046
https://www.sec.gov/Archives/edgar/data/882835/000088283519000038/pressreleaseipipeline.htm,0000882835-19-000038
https://www.sec.gov/Archives/edgar/data/882835/000088283519000034/a2019q22019earningsrelease.htm,0000882835-19-000034
https://www.sec.gov/Archives/edgar/data/882835/000088283519000017/a2019q12019earningsrelease.htm,0000882835-19-000017
https://www.sec.gov/Archives/edgar/data/882835/000088283519000013/a190304segmentspressrelease.htm,0000882835-19-000013
https://www.sec.gov/Archives/edgar/data/882835/000088283519000007/pressrelease-soniretirement.htm,0000882835-19-000007
https://www.sec.gov/Archives/edgar/data/882835/000088283519000003/a190201q4earningsrelease.htm,0000882835-19-000003
https://www.sec.gov/Archives/edgar/data/1108524/000110852423000046/crm-q3fy24xexhibit991.htm,0001108524-23-000046
https://www.sec.gov/Archives/edgar/data/1108524/000110852423000037/crm-q2fy24xexhibit991.htm,0001108524-23-000037
https://www.sec.gov/Archives/edgar/data/1108524/000110852423000021/crm-q1fy24xexhibit991.htm,0001108524-23-000021
https://www.sec.gov/Archives/edgar/data/1108524/000110852423000007/crm-q4fy23xexhibit991.htm,0001108524-23-000007
https://www.sec.gov/Archives/edgar/data/1108524/000119312523017661/d103146dex991.htm,0001193125-23-017661
https://www.sec.gov/Archives/edgar/data/1108524/000119312523017661/d103146dex992.htm,0001193125-23-017661
https://www.sec.gov/Archives/edgar/data/1108524/000110852423000003/ex991-lettertoemployees.htm,0001108524-23-000003
https://www.sec.gov/Archives/edgar/data/1108524/000110852422000059/ex991-113022pressrelease.htm,0001108524-22-000059
https://www.sec.gov/Archives/edgar/data/1108524/000110852422000058/crm-q3fy23xexhibit991.htm,0001108524-22-000058
https://www.sec.gov/Archives/edgar/data/1108524/000110852422000047/vfinal_investordayxfy23x.htm,0001108524-22-000047
https://www.sec.gov/Archives/edgar/data/1108524/000110852422000038/crm-q2fy23xexhibit991.htm,0001108524-22-000038
https://www.sec.gov/Archives/edgar/data/1108524/000110852422000019/crm-q1fy23xexhibit991.htm,0001108524-22-000019
https://www.sec.gov/Archives/edgar/data/1108524/000110852422000010/crm-q4fy22xexhibit991.htm,0001108524-22-000010
https://www.sec.gov/Archives/edgar/data/1108524/000119312521343775/d217055dex991.htm,0001193125-21-343775
https://www.sec.gov/Archives/edgar/data/1108524/000110852421000051/crm-q3fy22xexhibit991.htm,0001108524-21-000051
https://www.sec.gov/Archives/edgar/data/1108524/000119312521280853/d233992dex991.htm,0001193125-21-280853
https://www.sec.gov/Archives/edgar/data/1108524/000119312521280079/d228337dex991.htm,0001193125-21-280079
https://www.sec.gov/Archives/edgar/data/1108524/000110852421000044/crm-q2fy22xexhibit991.htm,0001108524-21-000044
https://www.sec.gov/Archives/edgar/data/1108524/000119312521220235/d159530dex991.htm,0001193125-21-220235
https://www.sec.gov/Archives/edgar/data/1108524/000110852421000027/crm-q1fy22xexhibit991.htm,0001108524-21-000027
https://www.sec.gov/Archives/edgar/data/1108524/000110852421000024/ex991-minitenderofferpress.htm,0001108524-21-000024
https://www.sec.gov/Archives/edgar/data/1108524/000110852421000007/crm-q4fy21xexhibit991.htm,0001108524-21-000007
https://www.sec.gov/Archives/edgar/data/1108524/000110852420000051/exhibit991-fy21investord.htm,0001108524-20-000051
https://www.sec.gov/Archives/edgar/data/1108524/000119312520307395/d86936dex991.htm,0001193125-20-307395
https://www.sec.gov/Archives/edgar/data/1108524/000119312520307395/d86936dex992.htm,0001193125-20-307395
https://www.sec.gov/Archives/edgar/data/1108524/000119312520307200/d18491dex991.htm,0001193125-20-307200
https://www.sec.gov/Archives/edgar/data/1108524/000110852420000038/crm-q2fy21xexhibit991.htm,0001108524-20-000038
https://www.sec.gov/Archives/edgar/data/1108524/000110852420000026/crm-q1fy21xexhibit991.htm,0001108524-20-000026
https://www.sec.gov/Archives/edgar/data/1108524/000110852420000008/crm-q4fy20xexhibit991.htm,0001108524-20-000008
https://www.sec.gov/Archives/edgar/data/1108524/000119312520048353/d892430dex991.htm,0001193125-20-048353
https://www.sec.gov/Archives/edgar/data/1108524/000119312519312872/d845799dex991.htm,0001193125-19-312872
https://www.sec.gov/Archives/edgar/data/1108524/000110852419000070/crm-q3fy20xexhibit991.htm,0001108524-19-000070
https://www.sec.gov/Archives/edgar/data/1108524/000110852419000067/investorday2019.htm,0001108524-19-000067
https://www.sec.gov/Archives/edgar/data/1108524/000110852419000050/crm-q2fy20xexhibit991.htm,0001108524-19-000050
https://www.sec.gov/Archives/edgar/data/1108524/000110852419000045/crmaugust72019ex991.htm,0001108524-19-000045
https://www.sec.gov/Archives/edgar/data/1108524/000119312519209951/d766717dex991.htm,0001193125-19-209951
https://www.sec.gov/Archives/edgar/data/1108524/000119312519168525/d750397dex991.htm,0001193125-19-168525
https://www.sec.gov/Archives/edgar/data/1108524/000119312519168525/d750397dex992.htm,0001193125-19-168525
https://www.sec.gov/Archives/edgar/data/1108524/000110852419000022/crm-q1fy20xexhibit991.htm,0001108524-19-000022
https://www.sec.gov/Archives/edgar/data/1108524/000110852419000012/crm-april152019ex991.htm,0001108524-19-000012
https://www.sec.gov/Archives/edgar/data/1108524/000110852419000007/crm-q4fy19xexhibit991.htm,0001108524-19-000007
https://www.sec.gov/Archives/edgar/data/1137789/000113778923000125/stxq124pressreleasefinanci.htm,0001137789-23-000125
https://www.sec.gov/Archives/edgar/data/1137789/000119312523231165/d486512dex991.htm,0001193125-23-231165
https://www.sec.gov/Archives/edgar/data/1137789/000119312523231165/d486512dex992.htm,0001193125-23-231165
https://www.sec.gov/Archives/edgar/data/1137789/000113778923000045/stxq42023pressreleasefinan.htm,0001137789-23-000045
https://www.sec.gov/Archives/edgar/data/1137789/000113778923000035/stx-ex991.htm,0001137789-23-000035
https://www.sec.gov/Archives/edgar/data/1137789/000113778923000035/stx-ex992.htm,0001137789-23-000035
https://www.sec.gov/Archives/edgar/data/1137789/000113778923000025/stxq323pressreleasefinanci.htm,0001137789-23-000025
https://www.sec.gov/Archives/edgar/data/1137789/000119312523106624/d497922dex991.htm,0001193125-23-106624
https://www.sec.gov/Archives/edgar/data/1137789/000113778923000007/stxq223pressreleasefinanci.htm,0001137789-23-000007
https://www.sec.gov/Archives/edgar/data/1137789/000119312522295386/d412489dex991.htm,0001193125-22-295386
https://www.sec.gov/Archives/edgar/data/1137789/000113778922000137/stxxpressreleaselighthouse.htm,0001137789-22-000137
https://www.sec.gov/Archives/edgar/data/1137789/000113778922000129/stxxpressreleasenewdirecto.htm,0001137789-22-000129
https://www.sec.gov/Archives/edgar/data/1137789/000113778922000116/stxq123pressreleasefinanci.htm,0001137789-22-000116
https://www.sec.gov/Archives/edgar/data/1137789/000113778922000062/stxpressreleaseoutlookq123.htm,0001137789-22-000062
https://www.sec.gov/Archives/edgar/data/1137789/000119312522228640/d535852dex991.htm,0001193125-22-228640
https://www.sec.gov/Archives/edgar/data/1137789/000113778922000039/stxq42022pressreleasefinan.htm,0001137789-22-000039
https://www.sec.gov/Archives/edgar/data/1137789/000113778922000028/stxq322pressreleasefinanci.htm,0001137789-22-000028
https://www.sec.gov/Archives/edgar/data/1137789/000113778922000008/stxq222pressreleasefinanci.htm,0001137789-22-000008
https://www.sec.gov/Archives/edgar/data/1137789/000119312522017071/d299720dex991.htm,0001193125-22-017071
https://www.sec.gov/Archives/edgar/data/1137789/000113778921000105/stxq122pressreleasefinanci.htm,0001137789-21-000105
https://www.sec.gov/Archives/edgar/data/1137789/000113778921000041/stxq42021pressreleasefinan.htm,0001137789-21-000041
https://www.sec.gov/Archives/edgar/data/1137789/000113778921000033/stxpressrelease.htm,0001137789-21-000033
https://www.sec.gov/Archives/edgar/data/1137789/000113778921000023/stxq321pressreleasefinanci.htm,0001137789-21-000023
https://www.sec.gov/Archives/edgar/data/1137789/000119312521089557/d49020dex991.htm,0001193125-21-089557
https://www.sec.gov/Archives/edgar/data/1137789/000113778921000003/stxq221pressreleasefinanci.htm,0001137789-21-000003
https://www.sec.gov/Archives/edgar/data/1137789/000119312520327026/d100711dex991.htm,0001193125-20-327026
https://www.sec.gov/Archives/edgar/data/1137789/000119312520310713/d36106dex991.htm,0001193125-20-310713
https://www.sec.gov/Archives/edgar/data/1137789/000119312520310713/d36106dex992.htm,0001193125-20-310713
https://www.sec.gov/Archives/edgar/data/1137789/000113778920000098/stxq121pressreleasefin.htm,0001137789-20-000098
https://www.sec.gov/Archives/edgar/data/1137789/000113778920000055/stxq42020pressreleasef.htm,0001137789-20-000055
https://www.sec.gov/Archives/edgar/data/1137789/000119312520186902/d915596dex991.htm,0001193125-20-186902
https://www.sec.gov/Archives/edgar/data/1137789/000119312520172622/d946372dex991.htm,0001193125-20-172622
https://www.sec.gov/Archives/edgar/data/1137789/000119312520172622/d946372dex992.htm,0001193125-20-172622
https://www.sec.gov/Archives/edgar/data/1137789/000119312520172622/d946372dex993.htm,0001193125-20-172622
https://www.sec.gov/Archives/edgar/data/1137789/000119312520160796/d916990dex991.htm,0001193125-20-160796
https://www.sec.gov/Archives/edgar/data/1137789/000119312520160796/d916990dex992.htm,0001193125-20-160796
https://www.sec.gov/Archives/edgar/data/1137789/000119312520159172/d938684dex991.htm,0001193125-20-159172
https://www.sec.gov/Archives/edgar/data/1137789/000119312520159172/d938684dex992.htm,0001193125-20-159172
https://www.sec.gov/Archives/edgar/data/1137789/000113778920000028/stxq320pressreleasefin.htm,0001137789-20-000028
https://www.sec.gov/Archives/edgar/data/1137789/000113778920000013/stxq220pressreleasefin.htm,0001137789-20-000013
https://www.sec.gov/Archives/edgar/data/1137789/000162828019013012/stxq120pressreleasefin.htm,0001628280-19-013012
https://www.sec.gov/Archives/edgar/data/1137789/000119312519248970/d805993dex991.htm,0001193125-19-248970
https://www.sec.gov/Archives/edgar/data/1137789/000119312519248970/d805993dex992.htm,0001193125-19-248970
https://www.sec.gov/Archives/edgar/data/1137789/000119312519247385/d806552dex991.htm,0001193125-19-247385
https://www.sec.gov/Archives/edgar/data/1137789/000119312519237150/d793111dex991.htm,0001193125-19-237150
https://www.sec.gov/Archives/edgar/data/1137789/000119312519211505/d756168dex991.htm,0001193125-19-211505
https://www.sec.gov/Archives/edgar/data/1137789/000119312519127378/d736554dex991.htm,0001193125-19-127378
https://www.sec.gov/Archives/edgar/data/1137789/000119312519027004/d691711dex991.htm,0001193125-19-027004
https://www.sec.gov/Archives/edgar/data/1373715/000137371523000417/erq3fy23.htm,0001373715-23-000417
https://www.sec.gov/Archives/edgar/data/1373715/000137371523000323/erq2fy23.htm,0001373715-23-000323
https://www.sec.gov/Archives/edgar/data/1373715/000137371523000220/a2023-05x15servicenowshare.htm,0001373715-23-000220
https://www.sec.gov/Archives/edgar/data/1373715/000137371523000162/erq1fy23.htm,0001373715-23-000162
https://www.sec.gov/Archives/edgar/data/1373715/000137371523000162/deborahblackpressrelease.htm,0001373715-23-000162
https://www.sec.gov/Archives/edgar/data/1373715/000137371523000016/erq4fy22.htm,0001373715-23-000016
https://www.sec.gov/Archives/edgar/data/1373715/000137371522000329/erq3fy22.htm,0001373715-22-000329
https://www.sec.gov/Archives/edgar/data/1373715/000137371522000239/erq2fy22.htm,0001373715-22-000239
https://www.sec.gov/Archives/edgar/data/1373715/000137371522000132/erq1fy22.htm,0001373715-22-000132
https://www.sec.gov/Archives/edgar/data/1373715/000137371522000006/erq4fy21.htm,0001373715-22-000006
https://www.sec.gov/Archives/edgar/data/1373715/000137371522000006/final_press-release.htm,0001373715-22-000006
https://www.sec.gov/Archives/edgar/data/1373715/000137371521000288/erq3fy21.htm,0001373715-21-000288
https://www.sec.gov/Archives/edgar/data/1373715/000137371521000266/a991pressreleasesr.htm,0001373715-21-000266
https://www.sec.gov/Archives/edgar/data/1373715/000137371521000205/a991pressreleaselq.htm,0001373715-21-000205
https://www.sec.gov/Archives/edgar/data/1373715/000137371521000200/erq2fy21.htm,0001373715-21-000200
https://www.sec.gov/Archives/edgar/data/1373715/000137371521000111/erq1fy21-document.htm,0001373715-21-000111
https://www.sec.gov/Archives/edgar/data/1373715/000137371521000008/erq4fy20-document.htm,0001373715-21-000008
https://www.sec.gov/Archives/edgar/data/1373715/000137371520000255/erq3fy20-document.htm,0001373715-20-000255
https://www.sec.gov/Archives/edgar/data/1373715/000119312520213479/d81437dex991.htm,0001193125-20-213479
https://www.sec.gov/Archives/edgar/data/1373715/000119312520213479/d81437dex992.htm,0001193125-20-213479
https://www.sec.gov/Archives/edgar/data/1373715/000137371520000189/erq2fy20-document.htm,0001373715-20-000189
https://www.sec.gov/Archives/edgar/data/1373715/000137371520000189/a992-pressreleasedated.htm,0001373715-20-000189
https://www.sec.gov/Archives/edgar/data/1373715/000137371520000098/erq1fy20-document.htm,0001373715-20-000098
https://www.sec.gov/Archives/edgar/data/1373715/000137371520000008/erq4fy19-document.htm,0001373715-20-000008
https://www.sec.gov/Archives/edgar/data/1373715/000137371519000297/servicenowcfopressrele.htm,0001373715-19-000297
https://www.sec.gov/Archives/edgar/data/1373715/000137371519000265/erq3fy19-document.htm,0001373715-19-000265
https://www.sec.gov/Archives/edgar/data/1373715/000119312519271896/d805784dex991.htm,0001193125-19-271896
https://www.sec.gov/Archives/edgar/data/1373715/000137371519000200/erq2fy19-document.htm,0001373715-19-000200
https://www.sec.gov/Archives/edgar/data/1373715/000137371519000114/a8-k991x05022019.htm,0001373715-19-000114
https://www.sec.gov/Archives/edgar/data/1373715/000137371519000105/erq1fy19-document.htm,0001373715-19-000105
https://www.sec.gov/Archives/edgar/data/1373715/000137371519000074/a8-k991.htm,0001373715-19-000074
https://www.sec.gov/Archives/edgar/data/1373715/000137371519000006/erq4fy18-document.htm,0001373715-19-000006
https://www.sec.gov/Archives/edgar/data/4127/000000412723000027/q4238-kex991earningsrelease.htm,0000004127-23-000027
https://www.sec.gov/Archives/edgar/data/4127/000000412723000024/q3238-kex991earningsrelease.htm,0000004127-23-000024
https://www.sec.gov/Archives/edgar/data/4127/000000412723000014/q2238-kex991earningsrelease.htm,0000004127-23-000014
https://www.sec.gov/Archives/edgar/data/4127/000000412723000008/q1238-kex991earningsrelease.htm,0000004127-23-000008
https://www.sec.gov/Archives/edgar/data/4127/000000412722000035/q4228-kex991earningsrelease.htm,0000004127-22-000035
https://www.sec.gov/Archives/edgar/data/4127/000000412722000031/q3228-kex991earningsrelease.htm,0000004127-22-000031
https://www.sec.gov/Archives/edgar/data/4127/000000412722000012/q2228-kex991earningsrelease.htm,0000004127-22-000012
https://www.sec.gov/Archives/edgar/data/4127/000000412722000007/q1228-kex991earningsrelease.htm,0000004127-22-000007
https://www.sec.gov/Archives/edgar/data/4127/000000412721000053/q4218-kex991earningsrelease.htm,0000004127-21-000053
https://www.sec.gov/Archives/edgar/data/4127/000000412721000048/q3218-kex991earningsrelease.htm,0000004127-21-000048
https://www.sec.gov/Archives/edgar/data/4127/000110465921095634/tm2123076d1_ex99-1.htm,0001104659-21-095634
https://www.sec.gov/Archives/edgar/data/4127/000000412721000033/newchairmanpressrelease.htm,0000004127-21-000033
https://www.sec.gov/Archives/edgar/data/4127/000000412721000026/q2218-kex991earningsrelease.htm,0000004127-21-000026
https://www.sec.gov/Archives/edgar/data/4127/000110465921053805/tm2113063d1_ex99-1.htm,0001104659-21-053805
https://www.sec.gov/Archives/edgar/data/4127/000110465921053805/tm2113063d1_ex99-2.htm,0001104659-21-053805
https://www.sec.gov/Archives/edgar/data/4127/000000412721000011/q1218-kex991earningsrelease.htm,0000004127-21-000011
https://www.sec.gov/Archives/edgar/data/4127/000000412720000051/q420ex991earningsrelea.htm,0000004127-20-000051
https://www.sec.gov/Archives/edgar/data/4127/000000412720000044/q3208-kex991earningsre.htm,0000004127-20-000044
https://www.sec.gov/Archives/edgar/data/4127/000000412720000025/q2208-kex991earningsre.htm,0000004127-20-000025
https://www.sec.gov/Archives/edgar/data/4127/000000412720000020/q220bu2ex991pressrelea.htm,0000004127-20-000020
https://www.sec.gov/Archives/edgar/data/4127/000000412720000018/q2208-kex991pressrelea.htm,0000004127-20-000018
https://www.sec.gov/Archives/edgar/data/4127/000000412720000004/q1208-kex991earningsre.htm,0000004127-20-000004
https://www.sec.gov/Archives/edgar/data/4127/000000412719000047/q4198-kex991earningsre.htm,0000004127-19-000047
https://www.sec.gov/Archives/edgar/data/4127/000000412719000036/q3198-kex991earningsrelease.htm,0000004127-19-000036
https://www.sec.gov/Archives/edgar/data/4127/000000412719000029/exhibit991registrantspress.htm,0000004127-19-000029
https://www.sec.gov/Archives/edgar/data/4127/000000412719000020/q2198-kex991earningsreleas.htm,0000004127-19-000020
https://www.sec.gov/Archives/edgar/data/4127/000000412719000011/q1198-kex991earningsrelease.htm,0000004127-19-000011
https://www.sec.gov/Archives/edgar/data/4127/000000412719000002/q1fy19earningsrereleasepre.htm,0000004127-19-000002
https://www.sec.gov/Archives/edgar/data/1757898/000175789823000012/ste9302023ex991.htm,0001757898-23-000012
https://www.sec.gov/Archives/edgar/data/1757898/000175789823000008/ste6302023ex9911.htm,0001757898-23-000008
https://www.sec.gov/Archives/edgar/data/1757898/000119312523169645/d511925dex991.htm,0001193125-23-169645
https://www.sec.gov/Archives/edgar/data/1757898/000175789823000004/ste03312023ex991.htm,0001757898-23-000004
https://www.sec.gov/Archives/edgar/data/1757898/000119312523134570/d287600dex991.htm,0001193125-23-134570
https://www.sec.gov/Archives/edgar/data/1757898/000175789823000001/ste12312022ex991.htm,0001757898-23-000001
https://www.sec.gov/Archives/edgar/data/1757898/000175789822000020/ste09302022ex991.htm,0001757898-22-000020
https://www.sec.gov/Archives/edgar/data/1757898/000175789822000016/ste06302022ex991.htm,0001757898-22-000016
https://www.sec.gov/Archives/edgar/data/1757898/000175789822000008/ste03312022ex991.htm,0001757898-22-000008
https://www.sec.gov/Archives/edgar/data/1757898/000175789822000004/ste12312021ex991.htm,0001757898-22-000004
https://www.sec.gov/Archives/edgar/data/1757898/000175789821000030/ste09302021ex991.htm,0001757898-21-000030
https://www.sec.gov/Archives/edgar/data/1757898/000175789821000026/ste06302021ex991.htm,0001757898-21-000026
https://www.sec.gov/Archives/edgar/data/1757898/000119312521185489/d159189dex991.htm,0001193125-21-185489
https://www.sec.gov/Archives/edgar/data/1757898/000175789821000013/ste03312021ex991.htm,0001757898-21-000013
https://www.sec.gov/Archives/edgar/data/1757898/000119312521157674/d94003dex991.htm,0001193125-21-157674
https://www.sec.gov/Archives/edgar/data/1757898/000114036121014412/nc10023645x1_ex99-1.htm,0001140361-21-014412
https://www.sec.gov/Archives/edgar/data/1757898/000175789821000010/ste-20210209_d2.htm iXBRL,0001757898-21-000010
https://www.sec.gov/Archives/edgar/data/1757898/000119312521026412/d116225dex991.htm,0001193125-21-026412
https://www.sec.gov/Archives/edgar/data/1757898/000175789821000003/ste12312020ex991.htm,0001757898-21-000003
https://www.sec.gov/Archives/edgar/data/1757898/000114036121000965/nc10018867x1_ex99-1.htm,0001140361-21-000965
https://www.sec.gov/Archives/edgar/data/1757898/000114036121000965/nc10018867x1_ex99-2.htm,0001140361-21-000965
https://www.sec.gov/Archives/edgar/data/1757898/000114036121000965/nc10018867x1_ex99-3.htm,0001140361-21-000965
https://www.sec.gov/Archives/edgar/data/1757898/000114036121000965/nc10018867x1_ex99-4.htm,0001140361-21-000965
https://www.sec.gov/Archives/edgar/data/1757898/000114036121000965/nc10018867x1_ex99-5.htm,0001140361-21-000965
https://www.sec.gov/Archives/edgar/data/1757898/000119312520297093/d52179dex991.htm,0001193125-20-297093
https://www.sec.gov/Archives/edgar/data/1757898/000175789820000025/ste09302020ex991.htm,0001757898-20-000025
https://www.sec.gov/Archives/edgar/data/1757898/000119312520264363/d939225dex991.htm,0001193125-20-264363
https://www.sec.gov/Archives/edgar/data/1757898/000175789820000018/ex991.htm,0001757898-20-000018
https://www.sec.gov/Archives/edgar/data/1757898/000175789820000008/ste03312020ex991.htm,0001757898-20-000008
https://www.sec.gov/Archives/edgar/data/1757898/000175789820000004/ste12312019ex991.htm,0001757898-20-000004
https://www.sec.gov/Archives/edgar/data/1757898/000175789819000015/ste09302019ex991.htm,0001757898-19-000015
https://www.sec.gov/Archives/edgar/data/1757898/000175789819000010/ex991.htm,0001757898-19-000010
https://www.sec.gov/Archives/edgar/data/1757898/000119312519145487/d743478dex991.htm,0001193125-19-145487
https://www.sec.gov/Archives/edgar/data/310764/000031076423000114/sykex991earningsq32023.htm,0000310764-23-000114
https://www.sec.gov/Archives/edgar/data/310764/000031076423000104/sykex991earningsq22023.htm,0000310764-23-000104
https://www.sec.gov/Archives/edgar/data/310764/000031076423000065/sykex991earningsq12023.htm,0000310764-23-000065
https://www.sec.gov/Archives/edgar/data/310764/000031076423000005/sykex991earningsq42022.htm,0000310764-23-000005
https://www.sec.gov/Archives/edgar/data/310764/000031076422000103/sykex991earningsq32022.htm,0000310764-22-000103
https://www.sec.gov/Archives/edgar/data/310764/000031076422000089/sykex991earningsq22022.htm,0000310764-22-000089
https://www.sec.gov/Archives/edgar/data/310764/000031076422000069/ex9912022boardchangespress.htm,0000310764-22-000069
https://www.sec.gov/Archives/edgar/data/310764/000031076422000060/sykex991earningsq12022.htm,0000310764-22-000060
https://www.sec.gov/Archives/edgar/data/310764/000031076422000008/sykex991earningsq42021.htm,0000310764-22-000008
https://www.sec.gov/Archives/edgar/data/310764/000031076422000003/sykex991supplementalproduc.htm,0000310764-22-000003
https://www.sec.gov/Archives/edgar/data/310764/000031076421000144/sykex991earningsq32021.htm,0000310764-21-000144
https://www.sec.gov/Archives/edgar/data/310764/000031076421000108/sykex991earningsq22021.htm,0000310764-21-000108
https://www.sec.gov/Archives/edgar/data/310764/000031076421000062/sykex991earningsq12021.htm,0000310764-21-000062
https://www.sec.gov/Archives/edgar/data/310764/000031076421000005/sykex991earningsq42020.htm,0000310764-21-000005
https://www.sec.gov/Archives/edgar/data/310764/000031076420000147/sykex991earningsq32020.htm,0000310764-20-000147
https://www.sec.gov/Archives/edgar/data/310764/000031076420000120/sykex991earningsq22020.htm,0000310764-20-000120
https://www.sec.gov/Archives/edgar/data/310764/000031076420000064/sykex991earningsq12020.htm,0000310764-20-000064
https://www.sec.gov/Archives/edgar/data/310764/000031076420000030/sykex991pressrelease02.htm,0000310764-20-000030
https://www.sec.gov/Archives/edgar/data/310764/000031076420000004/sykex991earningsq42019.htm,0000310764-20-000004
https://www.sec.gov/Archives/edgar/data/310764/000031076419000137/sykex991earningsq32019.htm,0000310764-19-000137
https://www.sec.gov/Archives/edgar/data/310764/000031076419000108/sykex991earningsq22019.htm,0000310764-19-000108
https://www.sec.gov/Archives/edgar/data/310764/000031076419000067/sykex991earningsq12019.htm,0000310764-19-000067
https://www.sec.gov/Archives/edgar/data/310764/000031076419000006/sykex991earnings1292019.htm,0000310764-19-000006
https://www.sec.gov/Archives/edgar/data/1375365/000137536523000050/a101facilityletterdateda.htm,0001375365-23-000050
https://www.sec.gov/Archives/edgar/data/1375365/000137536523000044/exhibit991bodappointmentwa.htm,0001375365-23-000044
https://www.sec.gov/Archives/edgar/data/1375365/000137536523000040/exhibit991_20230930.htm,0001375365-23-000040
https://www.sec.gov/Archives/edgar/data/1375365/000137536523000034/exhibit991_20230630.htm,0001375365-23-000034
https://www.sec.gov/Archives/edgar/data/1375365/000137536523000033/exhibit99120230630preannou.htm,0001375365-23-000033
https://www.sec.gov/Archives/edgar/data/1375365/000137536523000027/exhibit991_20230331.htm,0001375365-23-000027
https://www.sec.gov/Archives/edgar/data/1375365/000137536523000026/exhibit991_20230331preanno.htm,0001375365-23-000026
https://www.sec.gov/Archives/edgar/data/1375365/000137536523000009/exhibit991_20221231.htm,0001375365-23-000009
https://www.sec.gov/Archives/edgar/data/1375365/000137536523000004/exhibit991_20221231preanno.htm,0001375365-23-000004
https://www.sec.gov/Archives/edgar/data/1375365/000137536522000124/bodappointmentdec2022final.htm,0001375365-22-000124
https://www.sec.gov/Archives/edgar/data/1375365/000137536522000115/exhibit991_20220930.htm,0001375365-22-000115
https://www.sec.gov/Archives/edgar/data/1375365/000137536522000109/exhibit991_20220930preanno.htm,0001375365-22-000109
https://www.sec.gov/Archives/edgar/data/1375365/000137536522000092/exhibit991_20220630.htm,0001375365-22-000092
https://www.sec.gov/Archives/edgar/data/1375365/000137536522000086/exhibit991_20220630preanno.htm,0001375365-22-000086
https://www.sec.gov/Archives/edgar/data/1375365/000137536522000053/exhibit991_20220331.htm,0001375365-22-000053
https://www.sec.gov/Archives/edgar/data/1375365/000137536522000046/exhibit991_20220331-prexan.htm,0001375365-22-000046
https://www.sec.gov/Archives/edgar/data/1375365/000137536522000037/supermicroannouncesappoint.htm,0001375365-22-000037
https://www.sec.gov/Archives/edgar/data/1375365/000137536522000008/exhibit991_20211231.htm,0001375365-22-000008
https://www.sec.gov/Archives/edgar/data/1375365/000137536521000093/exhibit991steinnotice.htm,0001375365-21-000093
https://www.sec.gov/Archives/edgar/data/1375365/000137536521000093/exhibit992pressreleasestei.htm,0001375365-21-000093
https://www.sec.gov/Archives/edgar/data/1375365/000137536521000078/exhibit991_20210930.htm,0001375365-21-000078
https://www.sec.gov/Archives/edgar/data/1375365/000137536521000055/exhibit991_20210630.htm,0001375365-21-000055
https://www.sec.gov/Archives/edgar/data/1375365/000137536521000029/exhibit991_20210331.htm,0001375365-21-000029
https://www.sec.gov/Archives/edgar/data/1375365/000137536521000022/exhibit991-investorevent.htm,0001375365-21-000022
https://www.sec.gov/Archives/edgar/data/1375365/000137536521000015/exhibit991_20210212.htm,0001375365-21-000015
https://www.sec.gov/Archives/edgar/data/1375365/000137536521000005/exhibit991_20201231.htm,0001375365-21-000005
https://www.sec.gov/Archives/edgar/data/1375365/000137536520000069/exhibit99120200930.htm,0001375365-20-000069
https://www.sec.gov/Archives/edgar/data/1375365/000137536520000059/exhibit99120200825.htm,0001375365-20-000059
https://www.sec.gov/Archives/edgar/data/1375365/000137536520000057/exhibit99120200811.htm,0001375365-20-000057
https://www.sec.gov/Archives/edgar/data/1375365/000137536520000042/exhibit99120200518.htm,0001375365-20-000042
https://www.sec.gov/Archives/edgar/data/1375365/000137536520000030/exhibit99120200507.htm,0001375365-20-000030
https://www.sec.gov/Archives/edgar/data/1375365/000137536520000021/exhibit99120200402.htm,0001375365-20-000021
https://www.sec.gov/Archives/edgar/data/1375365/000137536520000021/exhibit992040220.htm,0001375365-20-000021
https://www.sec.gov/Archives/edgar/data/1375365/000137536520000008/exhibit99120200206.htm,0001375365-20-000008
https://www.sec.gov/Archives/edgar/data/1375365/000137536520000004/exhibit99120200109.htm,0001375365-20-000004
https://www.sec.gov/Archives/edgar/data/1375365/000137536519000080/exhibit991_20191219.htm,0001375365-19-000080
https://www.sec.gov/Archives/edgar/data/1375365/000137536519000080/exhibit992_20191219.htm,0001375365-19-000080
https://www.sec.gov/Archives/edgar/data/1375365/000137536519000059/exhibit991_20191114x202.htm,0001375365-19-000059
https://www.sec.gov/Archives/edgar/data/1375365/000137536519000047/exhibit991_20190815x202.htm,0001375365-19-000047
https://www.sec.gov/Archives/edgar/data/1375365/000137536519000041/exhibit991_20190516x202.htm,0001375365-19-000041
https://www.sec.gov/Archives/edgar/data/1375365/000137536519000041/exhibit992_20190516x202.htm,0001375365-19-000041
https://www.sec.gov/Archives/edgar/data/1375365/000137536519000006/exhibit991_20190214x202.htm,0001375365-19-000006
https://www.sec.gov/Archives/edgar/data/883241/000119312523285209/d613884dex991.htm,0001193125-23-285209
https://www.sec.gov/Archives/edgar/data/883241/000119312523220159/d504230dex991.htm,0001193125-23-220159
https://www.sec.gov/Archives/edgar/data/883241/000119312523214352/d529777dex991.htm,0001193125-23-214352
https://www.sec.gov/Archives/edgar/data/883241/000119312523214350/d411101dex991.htm,0001193125-23-214350
https://www.sec.gov/Archives/edgar/data/883241/000119312523205023/d542429dex991.htm,0001193125-23-205023
https://www.sec.gov/Archives/edgar/data/883241/000119312523154314/d475194dex991.htm,0001193125-23-154314
https://www.sec.gov/Archives/edgar/data/883241/000119312523147052/d503668dex991.htm,0001193125-23-147052
https://www.sec.gov/Archives/edgar/data/883241/000119312523046648/d459446dex991.htm,0001193125-23-046648
https://www.sec.gov/Archives/edgar/data/883241/000119312523040255/d436307dex991.htm,0001193125-23-040255
https://www.sec.gov/Archives/edgar/data/883241/000119312522307402/d414878dex991.htm,0001193125-22-307402
https://www.sec.gov/Archives/edgar/data/883241/000119312522295428/d425134dex991.htm,0001193125-22-295428
https://www.sec.gov/Archives/edgar/data/883241/000119312522294370/d395099dex991.htm,0001193125-22-294370
https://www.sec.gov/Archives/edgar/data/883241/000119312522236560/d381284dex991.htm,0001193125-22-236560
https://www.sec.gov/Archives/edgar/data/883241/000119312522230094/d351356dex991.htm,0001193125-22-230094
https://www.sec.gov/Archives/edgar/data/883241/000119312522223299/d383454dex991.htm,0001193125-22-223299
https://www.sec.gov/Archives/edgar/data/883241/000119312522161804/d320215dex991.htm,0001193125-22-161804
https://www.sec.gov/Archives/edgar/data/883241/000119312522159178/d356707dex991.htm,0001193125-22-159178
https://www.sec.gov/Archives/edgar/data/883241/000119312522154075/d335173dex991.htm,0001193125-22-154075
https://www.sec.gov/Archives/edgar/data/883241/000119312522054510/d581720dex991.htm,0001193125-22-054510
https://www.sec.gov/Archives/edgar/data/883241/000119312522044395/d282332dex991.htm,0001193125-22-044395
https://www.sec.gov/Archives/edgar/data/883241/000119312521359208/d170125dex991.htm,0001193125-21-359208
https://www.sec.gov/Archives/edgar/data/883241/000119312521353438/d239575dex991.htm,0001193125-21-353438
https://www.sec.gov/Archives/edgar/data/883241/000119312521345428/d122984dex991.htm,0001193125-21-345428
https://www.sec.gov/Archives/edgar/data/883241/000119312521345415/d123849dex991.htm,0001193125-21-345415
https://www.sec.gov/Archives/edgar/data/883241/000119312521271490/d180682dex991.htm,0001193125-21-271490
https://www.sec.gov/Archives/edgar/data/883241/000119312521257617/d187429dex991.htm,0001193125-21-257617
https://www.sec.gov/Archives/edgar/data/883241/000119312521250451/d219157dex991.htm,0001193125-21-250451
https://www.sec.gov/Archives/edgar/data/883241/000119312521198706/d169852dex991.htm,0001193125-21-198706
https://www.sec.gov/Archives/edgar/data/883241/000119312521193245/d142205dex991.htm,0001193125-21-193245
https://www.sec.gov/Archives/edgar/data/883241/000119312521166643/d141994dex991.htm,0001193125-21-166643
https://www.sec.gov/Archives/edgar/data/883241/000119312521106382/d114034dex991.htm,0001193125-21-106382
https://www.sec.gov/Archives/edgar/data/883241/000119312521046554/d142579dex991.htm,0001193125-21-046554
https://www.sec.gov/Archives/edgar/data/883241/000119312520319079/d51323dex991.htm,0001193125-20-319079
https://www.sec.gov/Archives/edgar/data/883241/000119312520308415/d72016dex991.htm,0001193125-20-308415
https://www.sec.gov/Archives/edgar/data/883241/000119312520240116/d936911dex991.htm,0001193125-20-240116
https://www.sec.gov/Archives/edgar/data/883241/000119312520224745/d33820dex991.htm,0001193125-20-224745
https://www.sec.gov/Archives/edgar/data/883241/000119312520224728/d10011dex991.htm,0001193125-20-224728
https://www.sec.gov/Archives/edgar/data/883241/000119312520174110/d907114dex991.htm,0001193125-20-174110
https://www.sec.gov/Archives/edgar/data/883241/000119312520147361/d932179dex991.htm,0001193125-20-147361
https://www.sec.gov/Archives/edgar/data/883241/000119312520052807/d853509dex991.htm,0001193125-20-052807
https://www.sec.gov/Archives/edgar/data/883241/000119312520041965/d888474dex991.htm,0001193125-20-041965
https://www.sec.gov/Archives/edgar/data/883241/000119312519319171/d837919dex991.htm,0001193125-19-319171
https://www.sec.gov/Archives/edgar/data/883241/000119312519306224/d822869dex991.htm,0001193125-19-306224
https://www.sec.gov/Archives/edgar/data/883241/000119312519234087/d755849dex991.htm,0001193125-19-234087
https://www.sec.gov/Archives/edgar/data/883241/000119312519226959/d794676dex991.htm,0001193125-19-226959
https://www.sec.gov/Archives/edgar/data/883241/000119312519226155/d792392dex991.htm,0001193125-19-226155
https://www.sec.gov/Archives/edgar/data/883241/000119312519173728/d766123dex991.htm,0001193125-19-173728
https://www.sec.gov/Archives/edgar/data/883241/000119312519166165/d761170dex991.htm,0001193125-19-166165
https://www.sec.gov/Archives/edgar/data/883241/000119312519154078/d752873dex991.htm,0001193125-19-154078
https://www.sec.gov/Archives/edgar/data/883241/000119312519057627/d715230dex991.htm,0001193125-19-057627
https://www.sec.gov/Archives/edgar/data/883241/000119312519045457/d680223dex991.htm,0001193125-19-045457
https://www.sec.gov/Archives/edgar/data/1385157/000155837023017163/tel-20231101xex99d1.htm,0001558370-23-017163
https://www.sec.gov/Archives/edgar/data/1385157/000155837023017163/tel-20231101xex99d2.htm,0001558370-23-017163
https://www.sec.gov/Archives/edgar/data/1385157/000155837023012232/tel-20230726xex99d1.htm,0001558370-23-012232
https://www.sec.gov/Archives/edgar/data/1385157/000155837023012232/tel-20230726xex99d2.htm,0001558370-23-012232
https://www.sec.gov/Archives/edgar/data/1385157/000155837023006746/tel-20230426xex99d1.htm,0001558370-23-006746
https://www.sec.gov/Archives/edgar/data/1385157/000155837023006746/tel-20230426xex99d2.htm,0001558370-23-006746
https://www.sec.gov/Archives/edgar/data/1385157/000110465923019309/tm235812d1_ex99-1.htm,0001104659-23-019309
https://www.sec.gov/Archives/edgar/data/1385157/000155837023000486/tel-20230125xex99d1.htm,0001558370-23-000486
https://www.sec.gov/Archives/edgar/data/1385157/000155837023000486/tel-20230125xex99d2.htm,0001558370-23-000486
https://www.sec.gov/Archives/edgar/data/1385157/000155837022015895/tel-20221102xex99d1.htm,0001558370-22-015895
https://www.sec.gov/Archives/edgar/data/1385157/000155837022015895/tel-20221102xex99d2.htm,0001558370-22-015895
https://www.sec.gov/Archives/edgar/data/1385157/000155837022011089/tel-20220727xex99d1.htm,0001558370-22-011089
https://www.sec.gov/Archives/edgar/data/1385157/000155837022011089/tel-20220727xex99d2.htm,0001558370-22-011089
https://www.sec.gov/Archives/edgar/data/1385157/000155837022006032/tel-20220427xex99d1.htm,0001558370-22-006032
https://www.sec.gov/Archives/edgar/data/1385157/000155837022006032/tel-20220427xex99d2.htm,0001558370-22-006032
https://www.sec.gov/Archives/edgar/data/1385157/000110465922011790/tm224827d4_ex99-1.htm,0001104659-22-011790
https://www.sec.gov/Archives/edgar/data/1385157/000155837022000440/tel-20220126xex99d1.htm,0001558370-22-000440
https://www.sec.gov/Archives/edgar/data/1385157/000155837022000440/tel-20220126xex99d2.htm,0001558370-22-000440
https://www.sec.gov/Archives/edgar/data/1385157/000155837021013554/tel-20211027xex99d1.htm,0001558370-21-013554
https://www.sec.gov/Archives/edgar/data/1385157/000155837021013554/tel-20211027xex99d2.htm,0001558370-21-013554
https://www.sec.gov/Archives/edgar/data/1385157/000155837021009406/tel-20210728xex99d1.htm,0001558370-21-009406
https://www.sec.gov/Archives/edgar/data/1385157/000155837021009406/tel-20210728xex99d2.htm,0001558370-21-009406
https://www.sec.gov/Archives/edgar/data/1385157/000155837021004535/tel-20210421xex99d1.htm,0001558370-21-004535
https://www.sec.gov/Archives/edgar/data/1385157/000155837021004535/tel-20210421xex99d2.htm,0001558370-21-004535
https://www.sec.gov/Archives/edgar/data/1385157/000110465921022914/tm214477d5_ex99-1.htm,0001104659-21-022914
https://www.sec.gov/Archives/edgar/data/1385157/000155837021000408/tel-20210127xex99d1.htm,0001558370-21-000408
https://www.sec.gov/Archives/edgar/data/1385157/000155837021000408/tel-20210127xex99d2.htm,0001558370-21-000408
https://www.sec.gov/Archives/edgar/data/1385157/000155837020011837/tel-20201028xex99d1.htm,0001558370-20-011837
https://www.sec.gov/Archives/edgar/data/1385157/000155837020011837/tel-20201028xex99d2.htm,0001558370-20-011837
https://www.sec.gov/Archives/edgar/data/1385157/000155837020008547/tel-20200729xex99d1.htm,0001558370-20-008547
https://www.sec.gov/Archives/edgar/data/1385157/000155837020008547/tel-20200729xex99d2.htm,0001558370-20-008547
https://www.sec.gov/Archives/edgar/data/1385157/000155837020007036/tel-20200528xex99d1.htm,0001558370-20-007036
https://www.sec.gov/Archives/edgar/data/1385157/000155837020004418/tel-20200428xex99d1.htm,0001558370-20-004418
https://www.sec.gov/Archives/edgar/data/1385157/000155837020004418/tel-20200428xex99d2.htm,0001558370-20-004418
https://www.sec.gov/Archives/edgar/data/1385157/000110465920021560/tm207938d1_ex99-1.htm,0001104659-20-021560
https://www.sec.gov/Archives/edgar/data/1385157/000110465920007813/tm205755d1_ex99-1.htm,0001104659-20-007813
https://www.sec.gov/Archives/edgar/data/1385157/000110465920007813/tm205755d1_ex99-2.htm,0001104659-20-007813
https://www.sec.gov/Archives/edgar/data/1385157/000110465919057468/tm1920914d1_ex99-1.htm,0001104659-19-057468
https://www.sec.gov/Archives/edgar/data/1385157/000110465919057468/tm1920914d1_ex99-2.htm,0001104659-19-057468
https://www.sec.gov/Archives/edgar/data/1385157/000110465919041505/a19-13010_1ex99d1.htm,0001104659-19-041505
https://www.sec.gov/Archives/edgar/data/1385157/000110465919041505/a19-13010_1ex99d2.htm,0001104659-19-041505
https://www.sec.gov/Archives/edgar/data/1385157/000110465919032555/a19-10723_1ex99d1.htm,0001104659-19-032555
https://www.sec.gov/Archives/edgar/data/1385157/000110465919023211/a19-8585_1ex99d1.htm,0001104659-19-023211
https://www.sec.gov/Archives/edgar/data/1385157/000110465919023211/a19-8585_1ex99d2.htm,0001104659-19-023211
https://www.sec.gov/Archives/edgar/data/1385157/000110465919002827/a19-3115_1ex99d1.htm,0001104659-19-002827
https://www.sec.gov/Archives/edgar/data/1385157/000110465919002827/a19-3115_1ex99d2.htm,0001104659-19-002827
https://www.sec.gov/Archives/edgar/data/1094285/000109428523000125/execupdateoctober2023.htm,0001094285-23-000125
https://www.sec.gov/Archives/edgar/data/1094285/000109428523000122/q3-2023earningsrelease.htm,0001094285-23-000122
https://www.sec.gov/Archives/edgar/data/1094285/000109428523000100/teledynepressrelease31july.htm,0001094285-23-000100
https://www.sec.gov/Archives/edgar/data/1094285/000109428523000097/q2-2023earningsrelease.htm,0001094285-23-000097
https://www.sec.gov/Archives/edgar/data/1094285/000109428523000058/q1-2023earningsrelease.htm,0001094285-23-000058
https://www.sec.gov/Archives/edgar/data/1094285/000109428523000004/q4-2022earningsrelease.htm,0001094285-23-000004
https://www.sec.gov/Archives/edgar/data/1094285/000109428522000102/q3-2022earningsrelease.htm,0001094285-22-000102
https://www.sec.gov/Archives/edgar/data/1094285/000109428522000096/q2-2022earningsrelease.htm,0001094285-22-000096
https://www.sec.gov/Archives/edgar/data/1094285/000109428522000055/q1-2022earningsrelease.htm,0001094285-22-000055
https://www.sec.gov/Archives/edgar/data/1094285/000109428522000008/q4-2021earningsrelease.htm,0001094285-22-000008
https://www.sec.gov/Archives/edgar/data/1094285/000109428521000167/q3-2021earningsrelease.htm,0001094285-21-000167
https://www.sec.gov/Archives/edgar/data/1094285/000109428521000167/pressreleaseannouncingappo.htm,0001094285-21-000167
https://www.sec.gov/Archives/edgar/data/1094285/000109428521000148/teledynenewswire30aug2021f.htm,0001094285-21-000148
https://www.sec.gov/Archives/edgar/data/1094285/000109428521000122/q2-2021earningsrelease.htm,0001094285-21-000122
https://www.sec.gov/Archives/edgar/data/1094285/000119312521161542/d494339dex991.htm,0001193125-21-161542
https://www.sec.gov/Archives/edgar/data/1094285/000109428521000085/q1-2021earningsrelease.htm,0001094285-21-000085
https://www.sec.gov/Archives/edgar/data/1094285/000119312521089077/d159327dex991.htm,0001193125-21-089077
https://www.sec.gov/Archives/edgar/data/1094285/000109428521000011/q4-2020earningsrelease.htm,0001094285-21-000011
https://www.sec.gov/Archives/edgar/data/1094285/000119312521001591/d103139dex991.htm,0001193125-21-001591
https://www.sec.gov/Archives/edgar/data/1094285/000109428521000003/preliminaryq42020resultsfi.htm,0001094285-21-000003
https://www.sec.gov/Archives/edgar/data/1094285/000109428521000003/acquisitionannouncementfin.htm,0001094285-21-000003
https://www.sec.gov/Archives/edgar/data/1094285/000109428521000003/acquisitionannouncementf.htm,0001094285-21-000003
https://www.sec.gov/Archives/edgar/data/1094285/000109428520000160/q3-2020earningsrelease.htm,0001094285-20-000160
https://www.sec.gov/Archives/edgar/data/1094285/000109428520000160/pressreleaseannouncing.htm,0001094285-20-000160
https://www.sec.gov/Archives/edgar/data/1094285/000109428520000137/q2-2020earningsrelease.htm,0001094285-20-000137
https://www.sec.gov/Archives/edgar/data/1094285/000109428520000061/q1-2020earningsrelease.htm,0001094285-20-000061
https://www.sec.gov/Archives/edgar/data/1094285/000109428520000058/q1-2020prexearningsrel.htm,0001094285-20-000058
https://www.sec.gov/Archives/edgar/data/1094285/000109428520000003/q4-2019earningsrelease.htm,0001094285-20-000003
https://www.sec.gov/Archives/edgar/data/1094285/000162828019012476/q3-2019earningsrelease.htm,0001628280-19-012476
https://www.sec.gov/Archives/edgar/data/1094285/000109428519000141/projectgreatfallsteled.htm,0001094285-19-000141
https://www.sec.gov/Archives/edgar/data/1094285/000109428519000127/q2-2019earningsrelease.htm,0001094285-19-000127
https://www.sec.gov/Archives/edgar/data/1094285/000109428519000127/exhibit992denisecadedrafpr.htm,0001094285-19-000127
https://www.sec.gov/Archives/edgar/data/1094285/000109428519000114/projectgreatfallsteledynea.htm,0001094285-19-000114
https://www.sec.gov/Archives/edgar/data/1094285/000109428519000074/q1-2019earningsrelease.htm,0001094285-19-000074
https://www.sec.gov/Archives/edgar/data/1094285/000109428519000058/projecteinsteinclosingfinal.htm,0001094285-19-000058
https://www.sec.gov/Archives/edgar/data/1094285/000109428519000006/q4-2018earningsrelease.htm,0001094285-19-000006
https://www.sec.gov/Archives/edgar/data/97210/000119312523272731/d499476dex991.htm,0001193125-23-272731
https://www.sec.gov/Archives/edgar/data/97210/000095017023055353/ter-ex99_1.htm,0000950170-23-055353
https://www.sec.gov/Archives/edgar/data/97210/000119312523195224/d454874dex991.htm,0001193125-23-195224
https://www.sec.gov/Archives/edgar/data/97210/000119312523119702/d450766dex991.htm,0001193125-23-119702
https://www.sec.gov/Archives/edgar/data/97210/000119312523015618/d433401dex991.htm,0001193125-23-015618
https://www.sec.gov/Archives/edgar/data/97210/000119312522286746/d385815dex991.htm,0001193125-22-286746
https://www.sec.gov/Archives/edgar/data/97210/000119312522277875/d373319dex991.htm,0001193125-22-277875
https://www.sec.gov/Archives/edgar/data/97210/000119312522268960/d389507dex991.htm,0001193125-22-268960
https://www.sec.gov/Archives/edgar/data/97210/000119312522202564/d385456dex991.htm,0001193125-22-202564
https://www.sec.gov/Archives/edgar/data/97210/000119312522121452/d340918dex991.htm,0001193125-22-121452
https://www.sec.gov/Archives/edgar/data/97210/000119312522018908/d252914dex991.htm,0001193125-22-018908
https://www.sec.gov/Archives/edgar/data/97210/000119312521308612/d229058dex991.htm,0001193125-21-308612
https://www.sec.gov/Archives/edgar/data/97210/000119312521286811/d235668dex991.htm,0001193125-21-286811
https://www.sec.gov/Archives/edgar/data/97210/000119312521226461/d200294dex991.htm,0001193125-21-226461
https://www.sec.gov/Archives/edgar/data/97210/000119312521160178/d491937dex991.htm,0001193125-21-160178
https://www.sec.gov/Archives/edgar/data/97210/000119312521135248/d38942dex991.htm,0001193125-21-135248
https://www.sec.gov/Archives/edgar/data/97210/000119312521019843/d281446dex991.htm,0001193125-21-019843
https://www.sec.gov/Archives/edgar/data/97210/000119312520290492/d875015dex991.htm,0001193125-20-290492
https://www.sec.gov/Archives/edgar/data/97210/000119312520278388/d33821dex991.htm,0001193125-20-278388
https://www.sec.gov/Archives/edgar/data/97210/000119312520273253/d94453dex991.htm,0001193125-20-273253
https://www.sec.gov/Archives/edgar/data/97210/000119312520247202/d42417dex991.htm,0001193125-20-247202
https://www.sec.gov/Archives/edgar/data/97210/000119312520196743/d30030dex991.htm,0001193125-20-196743
https://www.sec.gov/Archives/edgar/data/97210/000119312520114153/d920122dex991.htm,0001193125-20-114153
https://www.sec.gov/Archives/edgar/data/97210/000119312520012403/d873999dex991.htm,0001193125-20-012403
https://www.sec.gov/Archives/edgar/data/97210/000119312519272014/d820758dex991.htm,0001193125-19-272014
https://www.sec.gov/Archives/edgar/data/97210/000119312519200468/d732342dex991.htm,0001193125-19-200468
https://www.sec.gov/Archives/edgar/data/97210/000119312519115617/d735857dex991.htm,0001193125-19-115617
https://www.sec.gov/Archives/edgar/data/97210/000119312519097961/d733222dex991.htm,0001193125-19-097961
https://www.sec.gov/Archives/edgar/data/97210/000119312519015261/d655057dex991.htm,0001193125-19-015261
https://www.sec.gov/Archives/edgar/data/97476/000009747623000039/q32023txnex99-er1.htm,0000097476-23-000039
https://www.sec.gov/Archives/edgar/data/97476/000095010323013859/dp200197_ex9900.htm,0000950103-23-013859
https://www.sec.gov/Archives/edgar/data/97476/000009747623000033/q22023txnex99-er1.htm,0000097476-23-000033
https://www.sec.gov/Archives/edgar/data/97476/000009747623000023/q12023txnex99-er1.htm,0000097476-23-000023
https://www.sec.gov/Archives/edgar/data/97476/000119312523041080/d457016dex99.htm,0001193125-23-041080
https://www.sec.gov/Archives/edgar/data/97476/000009747623000003/q42022txnex99-er1.htm,0000097476-23-000003
https://www.sec.gov/Archives/edgar/data/97476/000009747622000047/q32022txnex99-er1.htm,0000097476-22-000047
https://www.sec.gov/Archives/edgar/data/97476/000009747622000043/txn8-k2022x09x15exhibit99.htm,0000097476-22-000043
https://www.sec.gov/Archives/edgar/data/97476/000009747622000038/q22022txnex99-er1.htm,0000097476-22-000038
https://www.sec.gov/Archives/edgar/data/97476/000009747622000026/q12022txnex99-er1.htm,0000097476-22-000026
https://www.sec.gov/Archives/edgar/data/97476/000009747622000004/q42021txnex99-er1.htm,0000097476-22-000004
https://www.sec.gov/Archives/edgar/data/97476/000119312521350324/d444198dex99.htm,0001193125-21-350324
https://www.sec.gov/Archives/edgar/data/97476/000009747621000030/q32021txnex99-er1.htm,0000097476-21-000030
https://www.sec.gov/Archives/edgar/data/97476/000009747621000025/txn8-k2021x09x15exhibit99.htm,0000097476-21-000025
https://www.sec.gov/Archives/edgar/data/97476/000009747621000019/q22021txnex99-er1.htm,0000097476-21-000019
https://www.sec.gov/Archives/edgar/data/97476/000009747621000011/q12021txnex99-er2.htm,0000097476-21-000011
https://www.sec.gov/Archives/edgar/data/97476/000009747621000003/q42020txnex99-er1.htm,0000097476-21-000003
https://www.sec.gov/Archives/edgar/data/97476/000162828020014606/q32020txnex99-er1.htm,0001628280-20-014606
https://www.sec.gov/Archives/edgar/data/97476/000009747620000030/txn8-k2020x09x17exhibi.htm,0000097476-20-000030
https://www.sec.gov/Archives/edgar/data/97476/000009747620000025/q22020txnex99-er1.htm,0000097476-20-000025
https://www.sec.gov/Archives/edgar/data/97476/000009747620000014/q12020txnex99-er8k1.htm,0000097476-20-000014
https://www.sec.gov/Archives/edgar/data/97476/000119312520043531/d858415dex99.htm,0001193125-20-043531
https://www.sec.gov/Archives/edgar/data/97476/000009747620000006/q42019txnex99-8xker.htm,0000097476-20-000006
https://www.sec.gov/Archives/edgar/data/97476/000009747619000006/form8-kex992019x10x22.htm,0000097476-19-000006
https://www.sec.gov/Archives/edgar/data/97476/000162828019011844/releasedividendsept201.htm,0001628280-19-011844
https://www.sec.gov/Archives/edgar/data/97476/000156459019025627/txn-ex99_6.htm,0001564590-19-025627
https://www.sec.gov/Archives/edgar/data/97476/000156459019012514/txn-ex99_6.htm,0001564590-19-012514
https://www.sec.gov/Archives/edgar/data/97476/000156459019000975/txn-ex99_6.htm,0001564590-19-000975
https://www.sec.gov/Archives/edgar/data/97745/000009774523000072/ex991.htm,0000097745-23-000072
https://www.sec.gov/Archives/edgar/data/97745/000009774523000065/q32023earnings8kex99_1.htm,0000097745-23-000065
https://www.sec.gov/Archives/edgar/data/97745/000095015723001058/ex99-1.htm,0000950157-23-001058
https://www.sec.gov/Archives/edgar/data/97745/000009774523000054/q22023earnings8kex99_1.htm,0000097745-23-000054
https://www.sec.gov/Archives/edgar/data/97745/000162828023013041/q12023earnings8kex99_1.htm,0001628280-23-013041
https://www.sec.gov/Archives/edgar/data/97745/000009774523000003/q42022earnings8kex99_1.htm,0000097745-23-000003
https://www.sec.gov/Archives/edgar/data/97745/000009774522000053/q32022earnings8kex99_1.htm,0000097745-22-000053
https://www.sec.gov/Archives/edgar/data/97745/000009774522000044/q22022earnings8kex99_1.htm,0000097745-22-000044
https://www.sec.gov/Archives/edgar/data/97745/000009774522000022/q12022earnings8kex99_1.htm,0000097745-22-000022
https://www.sec.gov/Archives/edgar/data/97745/000009774522000003/q421earnings8kex99_1.htm,0000097745-22-000003
https://www.sec.gov/Archives/edgar/data/97745/000095015721001239/ex99-1.htm,0000950157-21-001239
https://www.sec.gov/Archives/edgar/data/97745/000009774521000054/q321earnings8kex99_1.htm,0000097745-21-000054
https://www.sec.gov/Archives/edgar/data/97745/000009774521000042/q221earnings8kex99_1.htm,0000097745-21-000042
https://www.sec.gov/Archives/edgar/data/97745/000009774521000023/q121earnings8kex99_1.htm,0000097745-21-000023
https://www.sec.gov/Archives/edgar/data/97745/000095015721000419/ex99-1.htm,0000950157-21-000419
https://www.sec.gov/Archives/edgar/data/97745/000009774521000006/q420earnings8kex99_1.htm,0000097745-21-000006
https://www.sec.gov/Archives/edgar/data/97745/000009774520000049/q320earnings8kex991.htm,0000097745-20-000049
https://www.sec.gov/Archives/edgar/data/97745/000110465920094391/tm2027160d2_ex99-1.htm,0001104659-20-094391
https://www.sec.gov/Archives/edgar/data/97745/000110465920090393/tm2026543d1_ex99-1.htm,0001104659-20-090393
https://www.sec.gov/Archives/edgar/data/97745/000009774520000035/q220earnings8kex991.htm,0000097745-20-000035
https://www.sec.gov/Archives/edgar/data/97745/000110465920083943/tm2024968d1_ex99-1.htm,0001104659-20-083943
https://www.sec.gov/Archives/edgar/data/97745/000009774520000032/a8kdated7620ex991.htm,0000097745-20-000032
https://www.sec.gov/Archives/edgar/data/97745/000009774520000015/q120earnings8kex991.htm,0000097745-20-000015
https://www.sec.gov/Archives/edgar/data/97745/000009774520000012/a8kdated4620ex991.htm,0000097745-20-000012
https://www.sec.gov/Archives/edgar/data/97745/000110465920028172/tm2011538d1_ex99-1.htm,0001104659-20-028172
https://www.sec.gov/Archives/edgar/data/97745/000110465920028172/tm2011538d1_ex99-2.htm,0001104659-20-028172
https://www.sec.gov/Archives/edgar/data/97745/000009774520000005/q419earnings8kex991.htm,0000097745-20-000005
https://www.sec.gov/Archives/edgar/data/97745/000009774519000046/q319earnings8kex991.htm,0000097745-19-000046
https://www.sec.gov/Archives/edgar/data/97745/000009774519000032/q219earnings8kex99_1.htm,0000097745-19-000032
https://www.sec.gov/Archives/edgar/data/97745/000009774519000012/q119earnings8kex99_1.htm,0000097745-19-000012
https://www.sec.gov/Archives/edgar/data/97745/000009774519000003/q418earnings8kex99_1.htm,0000097745-19-000003
https://www.sec.gov/Archives/edgar/data/864749/000086474923000188/ex991prcfochange.htm,0000864749-23-000188
https://www.sec.gov/Archives/edgar/data/864749/000086474923000187/a2023q3-8kex991.htm,0000864749-23-000187
https://www.sec.gov/Archives/edgar/data/864749/000119312523244709/d543240dex991.htm,0001193125-23-244709
https://www.sec.gov/Archives/edgar/data/864749/000119312523244709/d543240dex992.htm,0001193125-23-244709
https://www.sec.gov/Archives/edgar/data/864749/000086474923000171/a2023q2-8kex991.htm,0000864749-23-000171
https://www.sec.gov/Archives/edgar/data/864749/000086474923000074/a2023q1-8kex991.htm,0000864749-23-000074
https://www.sec.gov/Archives/edgar/data/864749/000086474923000040/ex991pressrelease-2023x04x.htm,0000864749-23-000040
https://www.sec.gov/Archives/edgar/data/864749/000119312523049033/d450127dex991.htm,0001193125-23-049033
https://www.sec.gov/Archives/edgar/data/864749/000086474923000007/a2022q4-8kex991.htm,0000864749-23-000007
https://www.sec.gov/Archives/edgar/data/864749/000119312522302877/d375668dex991.htm,0001193125-22-302877
https://www.sec.gov/Archives/edgar/data/864749/000086474922000185/a2022q3-8kex991.htm,0000864749-22-000185
https://www.sec.gov/Archives/edgar/data/864749/000086474922000176/a991pressreleasetrimblehq.htm,0000864749-22-000176
https://www.sec.gov/Archives/edgar/data/864749/000086474922000160/a2022q2-8kex991.htm,0000864749-22-000160
https://www.sec.gov/Archives/edgar/data/864749/000086474922000086/a2022q1-8kex991.htm,0000864749-22-000086
https://www.sec.gov/Archives/edgar/data/864749/000086474922000012/a2021q4-8kex991.htm,0000864749-22-000012
https://www.sec.gov/Archives/edgar/data/864749/000086474921000135/a2021q3-8kex991.htm,0000864749-21-000135
https://www.sec.gov/Archives/edgar/data/864749/000086474921000118/sharerepurchasepr2021.htm,0000864749-21-000118
https://www.sec.gov/Archives/edgar/data/864749/000086474921000106/a2021q2-8kex991.htm,0000864749-21-000106
https://www.sec.gov/Archives/edgar/data/864749/000086474921000047/a2021q1-8kex991.htm,0000864749-21-000047
https://www.sec.gov/Archives/edgar/data/864749/000086474921000011/a2020q4-8kex991.htm,0000864749-21-000011
https://www.sec.gov/Archives/edgar/data/864749/000086474920000143/a2020q3-8kex991.htm,0000864749-20-000143
https://www.sec.gov/Archives/edgar/data/864749/000086474920000112/a2020q2-8kex991.htm,0000864749-20-000112
https://www.sec.gov/Archives/edgar/data/864749/000086474920000047/a2020q1-8kex991.htm,0000864749-20-000047
https://www.sec.gov/Archives/edgar/data/864749/000086474920000011/a2019q4-8kex991.htm,0000864749-20-000011
https://www.sec.gov/Archives/edgar/data/864749/000086474919000147/a2019q3-8kex991.htm,0000864749-19-000147
https://www.sec.gov/Archives/edgar/data/864749/000086474919000127/a2019q28kex991.htm,0000864749-19-000127
https://www.sec.gov/Archives/edgar/data/864749/000119312519133147/d723929dex991.htm,0001193125-19-133147
https://www.sec.gov/Archives/edgar/data/864749/000119312519029592/d698387dex991.htm,0001193125-19-029592
https://www.sec.gov/Archives/edgar/data/860731/000086073123000035/a991earningsrelease-9302023.htm,0000860731-23-000035
https://www.sec.gov/Archives/edgar/data/860731/000086073123000026/a991earningsrelease-6302023.htm,0000860731-23-000026
https://www.sec.gov/Archives/edgar/data/860731/000086073123000016/a991earningsrelease-3312023.htm,0000860731-23-000016
https://www.sec.gov/Archives/edgar/data/860731/000086073123000012/a991tylcode-ofxbusinessx.htm,0000860731-23-000012
https://www.sec.gov/Archives/edgar/data/860731/000086073123000012/a992tylinsider-tradingxp.htm,0000860731-23-000012
https://www.sec.gov/Archives/edgar/data/860731/000086073123000004/a991earningsrelease12312022.htm,0000860731-23-000004
https://www.sec.gov/Archives/edgar/data/860731/000086073122000040/a991earningsrelease-9302022.htm,0000860731-22-000040
https://www.sec.gov/Archives/edgar/data/860731/000086073122000032/a991earningsrelease-6302022.htm,0000860731-22-000032
https://www.sec.gov/Archives/edgar/data/860731/000086073122000016/a991earningsrelease-3312022.htm,0000860731-22-000016
https://www.sec.gov/Archives/edgar/data/860731/000086073122000008/a991earningsrelease12312021.htm,0000860731-22-000008
https://www.sec.gov/Archives/edgar/data/860731/000086073121000037/a991earningsrelease9302021.htm,0000860731-21-000037
https://www.sec.gov/Archives/edgar/data/860731/000086073121000032/a991earningsrelease6302021.htm,0000860731-21-000032
https://www.sec.gov/Archives/edgar/data/860731/000086073121000029/a991guidance672021.htm,0000860731-21-000029
https://www.sec.gov/Archives/edgar/data/860731/000086073121000029/exhibit992nicinvestmentp.htm,0000860731-21-000029
https://www.sec.gov/Archives/edgar/data/860731/000086073121000022/a991earningsrelease3312021.htm,0000860731-21-000022
https://www.sec.gov/Archives/edgar/data/860731/000086073121000020/exhibit991nicclosingpr.htm,0000860731-21-000020
https://www.sec.gov/Archives/edgar/data/860731/000086073121000020/exhibit992closingproformafs.htm,0000860731-21-000020
https://www.sec.gov/Archives/edgar/data/860731/000086073121000016/exhibit991launchpressrelea.htm,0000860731-21-000016
https://www.sec.gov/Archives/edgar/data/860731/000086073121000016/exhibit992proformafs.htm,0000860731-21-000016
https://www.sec.gov/Archives/edgar/data/860731/000086073121000016/exhibit993riskfactors.htm,0000860731-21-000016
https://www.sec.gov/Archives/edgar/data/860731/000086073121000009/a991transcript021021.htm,0000860731-21-000009
https://www.sec.gov/Archives/edgar/data/860731/000086073121000007/a991earningsrelease12312020.htm,0000860731-21-000007
https://www.sec.gov/Archives/edgar/data/860731/000086073121000005/a991pr21021.htm,0000860731-21-000005
https://www.sec.gov/Archives/edgar/data/860731/000086073121000005/irdeck21021.htm,0000860731-21-000005
https://www.sec.gov/Archives/edgar/data/860731/000086073120000032/a991earningsrelease930.htm,0000860731-20-000032
https://www.sec.gov/Archives/edgar/data/860731/000086073120000025/a991earningsrelease630.htm,0000860731-20-000025
https://www.sec.gov/Archives/edgar/data/860731/000086073120000015/a991earningsrelease331.htm,0000860731-20-000015
https://www.sec.gov/Archives/edgar/data/860731/000086073120000003/a991earningsrelease123.htm,0000860731-20-000003
https://www.sec.gov/Archives/edgar/data/860731/000086073119000045/a991earningsrelease930.htm,0000860731-19-000045
https://www.sec.gov/Archives/edgar/data/860731/000086073119000024/a991earningsrelease630.htm,0000860731-19-000024
https://www.sec.gov/Archives/edgar/data/860731/000086073119000014/a991earningsrelease3312019.htm,0000860731-19-000014
https://www.sec.gov/Archives/edgar/data/860731/000086073119000008/a991earningsrelease12312018.htm,0000860731-19-000008
https://www.sec.gov/Archives/edgar/data/731766/000073176623000080/a2023investorconferencegui.htm,0000731766-23-000080
https://www.sec.gov/Archives/edgar/data/731766/000073176623000075/investorconferenceannounce.htm,0000731766-23-000075
https://www.sec.gov/Archives/edgar/data/731766/000073176623000061/a2023directorelectionex991.htm,0000731766-23-000061
https://www.sec.gov/Archives/edgar/data/731766/000073176623000058/a2023q3exhibit991.htm,0000731766-23-000058
https://www.sec.gov/Archives/edgar/data/731766/000073176623000049/a2023q2exhibit991.htm,0000731766-23-000049
https://www.sec.gov/Archives/edgar/data/731766/000073176623000026/a2023q1exhibit991.htm,0000731766-23-000026
https://www.sec.gov/Archives/edgar/data/731766/000073176623000003/a2022q4exhibit991.htm,0000731766-23-000003
https://www.sec.gov/Archives/edgar/data/731766/000073176622000051/a2022directorelectionex991.htm,0000731766-22-000051
https://www.sec.gov/Archives/edgar/data/731766/000073176622000048/a2022investorconferencegui.htm,0000731766-22-000048
https://www.sec.gov/Archives/edgar/data/731766/000073176622000046/a2022investorconferenceann.htm,0000731766-22-000046
https://www.sec.gov/Archives/edgar/data/731766/000073176622000041/a2022q3exhibit991.htm,0000731766-22-000041
https://www.sec.gov/Archives/edgar/data/731766/000110465922104936/tm2226855d2_ex99-1.htm,0001104659-22-104936
https://www.sec.gov/Archives/edgar/data/731766/000073176622000033/a2022q2exhibit991.htm,0000731766-22-000033
https://www.sec.gov/Archives/edgar/data/731766/000073176622000016/a2022q1exhibit991.htm,0000731766-22-000016
https://www.sec.gov/Archives/edgar/data/731766/000073176622000013/changehealthcaremergeragre.htm,0000731766-22-000013
https://www.sec.gov/Archives/edgar/data/731766/000119312522087427/d281867dex991.htm,0001193125-22-087427
https://www.sec.gov/Archives/edgar/data/731766/000073176622000004/a2021q4exhibit991.htm,0000731766-22-000004
https://www.sec.gov/Archives/edgar/data/731766/000073176621000057/a2021investorconferencegui.htm,0000731766-21-000057
https://www.sec.gov/Archives/edgar/data/731766/000073176621000055/a2021investorconferenceann.htm,0000731766-21-000055
https://www.sec.gov/Archives/edgar/data/731766/000073176621000040/a2021q3exhibit991.htm,0000731766-21-000040
https://www.sec.gov/Archives/edgar/data/731766/000073176621000033/a2021q2exhibit991.htm,0000731766-21-000033
https://www.sec.gov/Archives/edgar/data/731766/000073176621000018/a2021q1exhibit991.htm,0000731766-21-000018
https://www.sec.gov/Archives/edgar/data/731766/000073176621000002/a2020q4exhibit991.htm,0000731766-21-000002
https://www.sec.gov/Archives/edgar/data/731766/000119312521002419/d60247dex991.htm,0001193125-21-002419
https://www.sec.gov/Archives/edgar/data/731766/000073176620000060/wittypressrelease.htm,0000731766-20-000060
https://www.sec.gov/Archives/edgar/data/731766/000073176620000058/a2020investorexhibit.htm,0000731766-20-000058
https://www.sec.gov/Archives/edgar/data/731766/000073176620000056/a2020investorconferenc.htm,0000731766-20-000056
https://www.sec.gov/Archives/edgar/data/731766/000073176620000053/departureofdirectororo.htm,0000731766-20-000053
https://www.sec.gov/Archives/edgar/data/731766/000073176620000045/a2020q3exhibit991.htm,0000731766-20-000045
https://www.sec.gov/Archives/edgar/data/731766/000073176620000038/a2020q2exhibit991.htm,0000731766-20-000038
https://www.sec.gov/Archives/edgar/data/731766/000073176620000022/a2020wittyexhibit991.htm,0000731766-20-000022
https://www.sec.gov/Archives/edgar/data/731766/000073176620000020/a2020q1exhibit991.htm,0000731766-20-000020
https://www.sec.gov/Archives/edgar/data/731766/000073176620000002/a2019q4exhibit991.htm,0000731766-20-000002
https://www.sec.gov/Archives/edgar/data/731766/000119312519308603/d769981dex991.htm,0001193125-19-308603
https://www.sec.gov/Archives/edgar/data/731766/000073176619000042/a201912-2exhibit991.htm,0000731766-19-000042
https://www.sec.gov/Archives/edgar/data/731766/000073176619000040/a201911-21exhibit991.htm,0000731766-19-000040
https://www.sec.gov/Archives/edgar/data/731766/000073176619000038/a201911-148xkexhibit991.htm,0000731766-19-000038
https://www.sec.gov/Archives/edgar/data/731766/000073176619000031/a2019q3exhibit991.htm,0000731766-19-000031
https://www.sec.gov/Archives/edgar/data/731766/000073176619000023/a2019q2exhibit991.htm,0000731766-19-000023
https://www.sec.gov/Archives/edgar/data/731766/000073176619000021/a8-kpressreleaseexhibit991.htm,0000731766-19-000021
https://www.sec.gov/Archives/edgar/data/731766/000073176619000011/a2019q1exhibit991.htm,0000731766-19-000011
https://www.sec.gov/Archives/edgar/data/731766/000073176619000007/changeindirector8-kexhibit.htm,0000731766-19-000007
https://www.sec.gov/Archives/edgar/data/731766/000073176619000002/a2018q4exhibit991.htm,0000731766-19-000002
https://www.sec.gov/Archives/edgar/data/352915/000095017023055374/uhs-ex99_1.htm,0000950170-23-055374
https://www.sec.gov/Archives/edgar/data/352915/000095017023034571/uhs-ex99_1.htm,0000950170-23-034571
https://www.sec.gov/Archives/edgar/data/352915/000095017023014576/uhs-ex99_1.htm,0000950170-23-014576
https://www.sec.gov/Archives/edgar/data/352915/000095017023004690/uhs-ex99_1.htm,0000950170-23-004690
https://www.sec.gov/Archives/edgar/data/352915/000156459022035152/uhs-ex991_6.htm,0001564590-22-035152
https://www.sec.gov/Archives/edgar/data/352915/000156459022035152/uhs-ex992_35.htm,0001564590-22-035152
https://www.sec.gov/Archives/edgar/data/352915/000156459022026374/uhs-ex991_6.htm,0001564590-22-026374
https://www.sec.gov/Archives/edgar/data/352915/000156459022024881/uhs-ex991_6.htm,0001564590-22-024881
https://www.sec.gov/Archives/edgar/data/352915/000156459022015520/uhs-ex991_6.htm,0001564590-22-015520
https://www.sec.gov/Archives/edgar/data/352915/000156459022006743/uhs-ex991_8.htm,0001564590-22-006743
https://www.sec.gov/Archives/edgar/data/352915/000156459021051847/uhs-ex991_6.htm,0001564590-21-051847
https://www.sec.gov/Archives/edgar/data/352915/000156459021051847/uhs-ex992_10.htm,0001564590-21-051847
https://www.sec.gov/Archives/edgar/data/352915/000156459021051847/uhs-ex993_9.htm,0001564590-21-051847
https://www.sec.gov/Archives/edgar/data/352915/000156459021043237/uhs-ex991_6.htm,0001564590-21-043237
https://www.sec.gov/Archives/edgar/data/352915/000156459021042904/uhs-ex991_6.htm,0001564590-21-042904
https://www.sec.gov/Archives/edgar/data/352915/000156459021038066/uhs-ex991_6.htm,0001564590-21-038066
https://www.sec.gov/Archives/edgar/data/352915/000156459021020690/uhs-ex991_6.htm,0001564590-21-020690
https://www.sec.gov/Archives/edgar/data/352915/000156459021008858/uhs-ex991_6.htm,0001564590-21-008858
https://www.sec.gov/Archives/edgar/data/352915/000156459020049103/uhs-ex991_6.htm,0001564590-20-049103
https://www.sec.gov/Archives/edgar/data/352915/000156459020044863/uhs-ex991_6.htm,0001564590-20-044863
https://www.sec.gov/Archives/edgar/data/352915/000156459020043169/uhs-ex991_6.htm,0001564590-20-043169
https://www.sec.gov/Archives/edgar/data/352915/000156459020043052/uhs-ex991_6.htm,0001564590-20-043052
https://www.sec.gov/Archives/edgar/data/352915/000156459020042708/uhs-ex991_13.htm,0001564590-20-042708
https://www.sec.gov/Archives/edgar/data/352915/000156459020033691/uhs-ex991_6.htm,0001564590-20-033691
https://www.sec.gov/Archives/edgar/data/352915/000156459020032190/uhs-ex991_37.htm,0001564590-20-032190
https://www.sec.gov/Archives/edgar/data/352915/000156459020019006/uhs-ex991_6.htm,0001564590-20-019006
https://www.sec.gov/Archives/edgar/data/352915/000156459020006794/uhs-ex991_6.htm,0001564590-20-006794
https://www.sec.gov/Archives/edgar/data/352915/000156459019037843/uhs-ex991_6.htm,0001564590-19-037843
https://www.sec.gov/Archives/edgar/data/352915/000156459019026252/uhs-ex991_6.htm,0001564590-19-026252
https://www.sec.gov/Archives/edgar/data/352915/000156459019013056/uhs-ex991_6.htm,0001564590-19-013056
https://www.sec.gov/Archives/edgar/data/352915/000156459019004935/uhs-ex991_6.htm,0001564590-19-004935
https://www.sec.gov/Archives/edgar/data/1393052/000139305223000062/veev-20231031q324xex991.htm,0001393052-23-000062
https://www.sec.gov/Archives/edgar/data/1393052/000139305223000057/investorday8-kexhibit.htm,0001393052-23-000057
https://www.sec.gov/Archives/edgar/data/1393052/000139305223000048/veev-20230731q224xex991.htm,0001393052-23-000048
https://www.sec.gov/Archives/edgar/data/1393052/000139305223000031/veev-20230430q124xex991.htm,0001393052-23-000031
https://www.sec.gov/Archives/edgar/data/1393052/000139305223000015/veev-2023131q423xex991.htm,0001393052-23-000015
https://www.sec.gov/Archives/edgar/data/1393052/000139305222000045/veev-20221031q323xex991.htm,0001393052-22-000045
https://www.sec.gov/Archives/edgar/data/1393052/000139305222000042/analystday8-kexhibit.htm,0001393052-22-000042
https://www.sec.gov/Archives/edgar/data/1393052/000139305222000033/veev-20220731q223xex991.htm,0001393052-22-000033
https://www.sec.gov/Archives/edgar/data/1393052/000139305222000022/veev-20220430q123xex991.htm,0001393052-22-000022
https://www.sec.gov/Archives/edgar/data/1393052/000139305222000011/veev-2022131q422xex991.htm,0001393052-22-000011
https://www.sec.gov/Archives/edgar/data/1393052/000139305222000003/a20220125veev8-kex991.htm,0001393052-22-000003
https://www.sec.gov/Archives/edgar/data/1393052/000139305221000037/veev-20211031q322xex991.htm,0001393052-21-000037
https://www.sec.gov/Archives/edgar/data/1393052/000139305221000032/veev-20210731q222xex991.htm,0001393052-21-000032
https://www.sec.gov/Archives/edgar/data/1393052/000139305221000023/veev-20210430q122xex991.htm,0001393052-21-000023
https://www.sec.gov/Archives/edgar/data/1393052/000139305221000003/veev-20210131q421xex991.htm,0001393052-21-000003
https://www.sec.gov/Archives/edgar/data/1393052/000162828020016946/veev1031q321-ex991.htm,0001628280-20-016946
https://www.sec.gov/Archives/edgar/data/1393052/000162828020013675/veevex9919162020.htm,0001628280-20-013675
https://www.sec.gov/Archives/edgar/data/1393052/000162828020013083/veev-20200731q221xexx9.htm,0001628280-20-013083
https://www.sec.gov/Archives/edgar/data/1393052/000162828020009131/a20200608ex991pressrel.htm,0001628280-20-009131
https://www.sec.gov/Archives/edgar/data/1393052/000162828020008529/veev-20200430q121xexx9.htm,0001628280-20-008529
https://www.sec.gov/Archives/edgar/data/1393052/000162828020002768/veev-2020q4xexx991.htm,0001628280-20-002768
https://www.sec.gov/Archives/edgar/data/1393052/000162828019014547/veev-2019q3xexx991.htm,0001628280-19-014547
https://www.sec.gov/Archives/edgar/data/1393052/000162828019011939/ex991pressrelease.htm,0001628280-19-011939
https://www.sec.gov/Archives/edgar/data/1393052/000162828019011223/veev-2019q2xexx991.htm,0001628280-19-011223
https://www.sec.gov/Archives/edgar/data/1393052/000162828019010940/a190819ex991pressrelease.htm,0001628280-19-010940
https://www.sec.gov/Archives/edgar/data/1393052/000156459019020751/veev-ex991_6.htm,0001564590-19-020751
https://www.sec.gov/Archives/edgar/data/1393052/000156459019010323/veev-ex991_6.htm,0001564590-19-010323
https://www.sec.gov/Archives/edgar/data/1393052/000156459019004460/veev-ex991_6.htm,0001564590-19-004460
https://www.sec.gov/Archives/edgar/data/1393052/000156459019004456/veev-ex991_88.htm,0001564590-19-004456
https://www.sec.gov/Archives/edgar/data/1014473/000101447323000037/q32023earningsrelease.htm,0001014473-23-000037
https://www.sec.gov/Archives/edgar/data/1014473/000101447323000032/q22023earningsrelease.htm,0001014473-23-000032
https://www.sec.gov/Archives/edgar/data/1014473/000101447323000023/vrsnform8-k51623ex991.htm,0001014473-23-000023
https://www.sec.gov/Archives/edgar/data/1014473/000101447323000021/vrsn8-k5323xex991.htm,0001014473-23-000021
https://www.sec.gov/Archives/edgar/data/1014473/000101447323000018/q12023earningsrelease.htm,0001014473-23-000018
https://www.sec.gov/Archives/edgar/data/1014473/000101447323000003/q42022earningsrelease.htm,0001014473-23-000003
https://www.sec.gov/Archives/edgar/data/1014473/000101447322000026/q32022earningsrelease.htm,0001014473-22-000026
https://www.sec.gov/Archives/edgar/data/1014473/000101447322000022/q22022earningsrelease.htm,0001014473-22-000022
https://www.sec.gov/Archives/edgar/data/1014473/000101447322000015/q12022earningsrelease.htm,0001014473-22-000015
https://www.sec.gov/Archives/edgar/data/1014473/000101447322000005/q42021earningsrelease.htm,0001014473-22-000005
https://www.sec.gov/Archives/edgar/data/1014473/000101447321000026/q32021earningsrelease.htm,0001014473-21-000026
https://www.sec.gov/Archives/edgar/data/1014473/000101447321000022/q22021earningsrelease.htm,0001014473-21-000022
https://www.sec.gov/Archives/edgar/data/1014473/000101447321000014/q12021earningsrelease.htm,0001014473-21-000014
https://www.sec.gov/Archives/edgar/data/1014473/000101447321000002/q42020earningsrelease.htm,0001014473-21-000002
https://www.sec.gov/Archives/edgar/data/1014473/000101447320000033/q32020earningsrelease.htm,0001014473-20-000033
https://www.sec.gov/Archives/edgar/data/1014473/000101447320000028/q22020earningsrelease.htm,0001014473-20-000028
https://www.sec.gov/Archives/edgar/data/1014473/000101447320000018/q12020earningsrelease.htm,0001014473-20-000018
https://www.sec.gov/Archives/edgar/data/1014473/000101447320000008/vrsn-8kx32520xex991.htm,0001014473-20-000008
https://www.sec.gov/Archives/edgar/data/1014473/000101447320000002/q42019earningsrelease.htm,0001014473-20-000002
https://www.sec.gov/Archives/edgar/data/1014473/000101447319000035/q32019earningsrelease.htm,0001014473-19-000035
https://www.sec.gov/Archives/edgar/data/1014473/000101447319000028/q22019earningsrelease.htm,0001014473-19-000028
https://www.sec.gov/Archives/edgar/data/1014473/000101447319000014/q12019earningsrelease.htm,0001014473-19-000014
https://www.sec.gov/Archives/edgar/data/1014473/000101447319000003/q42018earningsrelease.htm,0001014473-19-000003
https://www.sec.gov/Archives/edgar/data/875320/000087532023000029/ex-991_q32023.htm,0000875320-23-000029
https://www.sec.gov/Archives/edgar/data/875320/000087532023000019/ex-991_q22023.htm,0000875320-23-000019
https://www.sec.gov/Archives/edgar/data/875320/000087532023000010/ex-991_q12023.htm,0000875320-23-000010
https://www.sec.gov/Archives/edgar/data/875320/000087532023000004/ex-991_q42022.htm,0000875320-23-000004
https://www.sec.gov/Archives/edgar/data/875320/000087532022000036/ex-991_q32022.htm,0000875320-22-000036
https://www.sec.gov/Archives/edgar/data/875320/000087532022000026/ex-991_q22022.htm,0000875320-22-000026
https://www.sec.gov/Archives/edgar/data/875320/000087532022000022/ex991_pressreleasejuly1120.htm,0000875320-22-000022
https://www.sec.gov/Archives/edgar/data/875320/000087532022000011/ex-991_q12022.htm,0000875320-22-000011
https://www.sec.gov/Archives/edgar/data/875320/000087532022000011/ex-992_reconciliationofrep.htm,0000875320-22-000011
https://www.sec.gov/Archives/edgar/data/875320/000087532022000003/ex-991_q42021.htm,0000875320-22-000003
https://www.sec.gov/Archives/edgar/data/875320/000087532021000031/ex-991_q32021.htm,0000875320-21-000031
https://www.sec.gov/Archives/edgar/data/875320/000087532021000024/ex-991_q22021.htm,0000875320-21-000024
https://www.sec.gov/Archives/edgar/data/875320/000087532021000012/ex-991_q12021.htm,0000875320-21-000012
https://www.sec.gov/Archives/edgar/data/875320/000087532021000003/ex-991_q42020.htm,0000875320-21-000003
https://www.sec.gov/Archives/edgar/data/875320/000087532020000041/ex-991q32020.htm,0000875320-20-000041
https://www.sec.gov/Archives/edgar/data/875320/000087532020000027/ex-991q22020.htm,0000875320-20-000027
https://www.sec.gov/Archives/edgar/data/875320/000087532020000014/ex-991q12020.htm,0000875320-20-000014
https://www.sec.gov/Archives/edgar/data/875320/000087532020000003/ex-991q42019.htm,0000875320-20-000003
https://www.sec.gov/Archives/edgar/data/875320/000087532019000053/ex-991q32019.htm,0000875320-19-000053
https://www.sec.gov/Archives/edgar/data/875320/000087532019000031/ex-991_q22019.htm,0000875320-19-000031
https://www.sec.gov/Archives/edgar/data/875320/000087532019000017/ex-991_q12019.htm,0000875320-19-000017
https://www.sec.gov/Archives/edgar/data/875320/000087532019000003/ex-991_q42018.htm,0000875320-19-000003
https://www.sec.gov/Archives/edgar/data/1792044/000119312523296756/d592995dex991.htm,0001193125-23-296756
https://www.sec.gov/Archives/edgar/data/1792044/000119312523296644/d557227dex991.htm,0001193125-23-296644
https://www.sec.gov/Archives/edgar/data/1792044/000179204423000031/exhibit991-3q23earningsrel.htm,0001792044-23-000031
https://www.sec.gov/Archives/edgar/data/1792044/000119312523260013/d535574dex991.htm,0001193125-23-260013
https://www.sec.gov/Archives/edgar/data/1792044/000119312523248059/d470078dex991.htm,0001193125-23-248059
https://www.sec.gov/Archives/edgar/data/1792044/000119312523248059/d470078dex992.htm,0001193125-23-248059
https://www.sec.gov/Archives/edgar/data/1792044/000179204423000021/exhibit991-2q23earningsrel.htm,0001792044-23-000021
https://www.sec.gov/Archives/edgar/data/1792044/000119312523149905/d475862dex991.htm,0001193125-23-149905
https://www.sec.gov/Archives/edgar/data/1792044/000119312523149905/d475862dex992.htm,0001193125-23-149905
https://www.sec.gov/Archives/edgar/data/1792044/000179204423000014/exhibit991-1q23earningsrel.htm,0001792044-23-000014
https://www.sec.gov/Archives/edgar/data/1792044/000119312523050797/d452663dex991.htm,0001193125-23-050797
https://www.sec.gov/Archives/edgar/data/1792044/000179204423000005/exhibit991-4q22earningsrel.htm,0001792044-23-000005
https://www.sec.gov/Archives/edgar/data/1792044/000119312522314765/d426713dex991.htm,0001193125-22-314765
https://www.sec.gov/Archives/edgar/data/1792044/000095015722001253/ex99-1.htm,0000950157-22-001253
https://www.sec.gov/Archives/edgar/data/1792044/000119312522278606/d496725dex991.htm,0001193125-22-278606
https://www.sec.gov/Archives/edgar/data/1792044/000119312522278606/d496725dex992.htm,0001193125-22-278606
https://www.sec.gov/Archives/edgar/data/1792044/000179204422000034/exhibit991-3q22earningsrel.htm,0001792044-22-000034
https://www.sec.gov/Archives/edgar/data/1792044/000179204422000026/exhibit991-2q22earningsrel.htm,0001792044-22-000026
https://www.sec.gov/Archives/edgar/data/1792044/000179204422000015/exhibit991-1q22earningsrel.htm,0001792044-22-000015
https://www.sec.gov/Archives/edgar/data/1792044/000179204422000006/exhibit991-4q21earningsrel.htm,0001792044-22-000006
https://www.sec.gov/Archives/edgar/data/1792044/000179204421000033/exhibit991-3q21earningsrel.htm,0001792044-21-000033
https://www.sec.gov/Archives/edgar/data/1792044/000179204421000023/exhibit991-2q21earningsrel.htm,0001792044-21-000023
https://www.sec.gov/Archives/edgar/data/1792044/000179204421000015/exhibit991-1q21earningsrel.htm,0001792044-21-000015
https://www.sec.gov/Archives/edgar/data/1792044/000119312521049856/d44887dex991.htm,0001193125-21-049856
https://www.sec.gov/Archives/edgar/data/1792044/000119312521049856/d44887dex992.htm,0001193125-21-049856
https://www.sec.gov/Archives/edgar/data/1792044/000119312520212083/d159300dex991.htm,0001193125-20-212083
https://www.sec.gov/Archives/edgar/data/1792044/000119312520212083/d159300dex992.htm,0001193125-20-212083
https://www.sec.gov/Archives/edgar/data/1792044/000119312520155866/d886292dex991.htm,0001193125-20-155866
https://www.sec.gov/Archives/edgar/data/1792044/000119312520155866/d886292dex992.htm,0001193125-20-155866
https://www.sec.gov/Archives/edgar/data/1000697/000119312523271901/d550395dex991.htm,0001193125-23-271901
https://www.sec.gov/Archives/edgar/data/1000697/000119312523261216/d531703dex991.htm,0001193125-23-261216
https://www.sec.gov/Archives/edgar/data/1000697/000119312523201110/d454905dex991.htm,0001193125-23-201110
https://www.sec.gov/Archives/edgar/data/1000697/000119312523146126/d462926dex991.htm,0001193125-23-146126
https://www.sec.gov/Archives/edgar/data/1000697/000119312523138873/d443419dex991.htm,0001193125-23-138873
https://www.sec.gov/Archives/edgar/data/1000697/000119312523081472/d484378dex991.htm,0001193125-23-081472
https://www.sec.gov/Archives/edgar/data/1000697/000119312523039737/d405949dex991.htm,0001193125-23-039737
https://www.sec.gov/Archives/edgar/data/1000697/000119312523039737/d405949dex992.htm,0001193125-23-039737
https://www.sec.gov/Archives/edgar/data/1000697/000119312523004869/d422078dex991.htm,0001193125-23-004869
https://www.sec.gov/Archives/edgar/data/1000697/000119312522291639/d416781dex991.htm,0001193125-22-291639
https://www.sec.gov/Archives/edgar/data/1000697/000119312522274470/d392323dex991.htm,0001193125-22-274470
https://www.sec.gov/Archives/edgar/data/1000697/000119312522209348/d385582dex991.htm,0001193125-22-209348
https://www.sec.gov/Archives/edgar/data/1000697/000119312522154540/d353459dex991.htm,0001193125-22-154540
https://www.sec.gov/Archives/edgar/data/1000697/000119312522137552/d356124dex991.htm,0001193125-22-137552
https://www.sec.gov/Archives/edgar/data/1000697/000119312522023950/d302881dex991.htm,0001193125-22-023950
https://www.sec.gov/Archives/edgar/data/1000697/000119312522005066/d269943dex991.htm,0001193125-22-005066
https://www.sec.gov/Archives/edgar/data/1000697/000119312521316153/d214586dex991.htm,0001193125-21-316153
https://www.sec.gov/Archives/edgar/data/1000697/000119312521292612/d208345dex991.htm,0001193125-21-292612
https://www.sec.gov/Archives/edgar/data/1000697/000119312521233987/d196377dex991.htm,0001193125-21-233987
https://www.sec.gov/Archives/edgar/data/1000697/000119312521197972/d182668dex991.htm,0001193125-21-197972
https://www.sec.gov/Archives/edgar/data/1000697/000119312521150735/d163098dex991.htm,0001193125-21-150735
https://www.sec.gov/Archives/edgar/data/1000697/000119312521123609/d175758dex991.htm,0001193125-21-123609
https://www.sec.gov/Archives/edgar/data/1000697/000119312521025262/d17166dex991.htm,0001193125-21-025262
https://www.sec.gov/Archives/edgar/data/1000697/000119312521006755/d90543dex991.htm,0001193125-21-006755
https://www.sec.gov/Archives/edgar/data/1000697/000119312521006755/d90543dex992.htm,0001193125-21-006755
https://www.sec.gov/Archives/edgar/data/1000697/000119312520314469/d79838dex991.htm,0001193125-20-314469
https://www.sec.gov/Archives/edgar/data/1000697/000119312520308927/d40005dex991.htm,0001193125-20-308927
https://www.sec.gov/Archives/edgar/data/1000697/000119312520277473/d95376dex991.htm,0001193125-20-277473
https://www.sec.gov/Archives/edgar/data/1000697/000119312520200407/d31771dex991.htm,0001193125-20-200407
https://www.sec.gov/Archives/edgar/data/1000697/000119312520193139/d920832dex991.htm,0001193125-20-193139
https://www.sec.gov/Archives/edgar/data/1000697/000119312520171436/d946974dex991.htm,0001193125-20-171436
https://www.sec.gov/Archives/edgar/data/1000697/000119312520121905/d921441dex991.htm,0001193125-20-121905
https://www.sec.gov/Archives/edgar/data/1000697/000119312520023442/d865129dex991.htm,0001193125-20-023442
https://www.sec.gov/Archives/edgar/data/1000697/000119312519276857/d825030dex991.htm,0001193125-19-276857
https://www.sec.gov/Archives/edgar/data/1000697/000119312519206138/d761238dex991.htm,0001193125-19-206138
https://www.sec.gov/Archives/edgar/data/1000697/000119312519114128/d645799dex991.htm,0001193125-19-114128
https://www.sec.gov/Archives/edgar/data/1000697/000119312519014374/d663586dex991.htm,0001193125-19-014374
https://www.sec.gov/Archives/edgar/data/105770/000010577023000064/exh991q32023earningsrelease.htm,0000105770-23-000064
https://www.sec.gov/Archives/edgar/data/105770/000010577023000064/westq32023final.htm,0000105770-23-000064
https://www.sec.gov/Archives/edgar/data/105770/000010577023000043/exh991q22023earningsrelease.htm,0000105770-23-000043
https://www.sec.gov/Archives/edgar/data/105770/000010577023000043/westq22023final.htm,0000105770-23-000043
https://www.sec.gov/Archives/edgar/data/105770/000010577023000018/exh991q12023earningsrelease.htm,0000105770-23-000018
https://www.sec.gov/Archives/edgar/data/105770/000010577023000018/finalwestq12023.htm,0000105770-23-000018
https://www.sec.gov/Archives/edgar/data/105770/000010577023000004/exh991q42022earningsrelease.htm,0000105770-23-000004
https://www.sec.gov/Archives/edgar/data/105770/000010577023000004/westq4fyfeb2023final.htm,0000105770-23-000004
https://www.sec.gov/Archives/edgar/data/105770/000010577022000050/exh991q32022earningsrelease.htm,0000105770-22-000050
https://www.sec.gov/Archives/edgar/data/105770/000010577022000050/finalwestq3oct2022.htm,0000105770-22-000050
https://www.sec.gov/Archives/edgar/data/105770/000010577022000042/exh991q22022earningsrelease.htm,0000105770-22-000042
https://www.sec.gov/Archives/edgar/data/105770/000010577022000042/westq2july2022final_v2.htm,0000105770-22-000042
https://www.sec.gov/Archives/edgar/data/105770/000010577022000038/exh991directorappointmentp.htm,0000105770-22-000038
https://www.sec.gov/Archives/edgar/data/105770/000010577022000021/exh991executiveteamchanges.htm,0000105770-22-000021
https://www.sec.gov/Archives/edgar/data/105770/000010577022000014/exh991q12022earningsrelease.htm,0000105770-22-000014
https://www.sec.gov/Archives/edgar/data/105770/000010577022000014/westq12022final_clean.htm,0000105770-22-000014
https://www.sec.gov/Archives/edgar/data/105770/000162828022004277/boardprfinal.htm,0001628280-22-004277
https://www.sec.gov/Archives/edgar/data/105770/000162828022002935/exh991q42021earningsrelease.htm,0001628280-22-002935
https://www.sec.gov/Archives/edgar/data/105770/000162828022002935/westq42021final.htm,0001628280-22-002935
https://www.sec.gov/Archives/edgar/data/105770/000010577021000080/exh991q32021earningsrelease.htm,0000105770-21-000080
https://www.sec.gov/Archives/edgar/data/105770/000010577021000080/westq32021final.htm,0000105770-21-000080
https://www.sec.gov/Archives/edgar/data/105770/000010577021000064/exh991pressreleaseaugust23.htm,0000105770-21-000064
https://www.sec.gov/Archives/edgar/data/105770/000010577021000050/exh991q22021earningsrelease.htm,0000105770-21-000050
https://www.sec.gov/Archives/edgar/data/105770/000010577021000050/wst-q2x2021presentation.htm,0000105770-21-000050
https://www.sec.gov/Archives/edgar/data/105770/000010577021000019/exh991q12021earningsrelease.htm,0000105770-21-000019
https://www.sec.gov/Archives/edgar/data/105770/000010577021000019/finalpresentationq12021.htm,0000105770-21-000019
https://www.sec.gov/Archives/edgar/data/105770/000010577021000003/exh991q42020earningsreleas.htm,0000105770-21-000003
https://www.sec.gov/Archives/edgar/data/105770/000010577021000003/wstq4presentation.htm,0000105770-21-000003
https://www.sec.gov/Archives/edgar/data/105770/000010577020000074/exh991pressreleasedece.htm,0000105770-20-000074
https://www.sec.gov/Archives/edgar/data/105770/000010577020000069/exh991pressreleasenov9.htm,0000105770-20-000069
https://www.sec.gov/Archives/edgar/data/105770/000010577020000066/exh991pressreleaseocto.htm,0000105770-20-000066
https://www.sec.gov/Archives/edgar/data/105770/000010577020000052/exh991q32020earningsre.htm,0000105770-20-000052
https://www.sec.gov/Archives/edgar/data/105770/000010577020000052/wstq32020presentation.htm,0000105770-20-000052
https://www.sec.gov/Archives/edgar/data/105770/000010577020000041/exh991q22020earningsre.htm,0000105770-20-000041
https://www.sec.gov/Archives/edgar/data/105770/000010577020000041/wstq22020presentation072.htm,0000105770-20-000041
https://www.sec.gov/Archives/edgar/data/105770/000010577020000037/exh991pressreleasejuly.htm,0000105770-20-000037
https://www.sec.gov/Archives/edgar/data/105770/000010577020000018/exh991q12020earningsre.htm,0000105770-20-000018
https://www.sec.gov/Archives/edgar/data/105770/000010577020000018/wstq12020presentation.htm,0000105770-20-000018
https://www.sec.gov/Archives/edgar/data/105770/000010577020000009/exh991pressreleasefeb1.htm,0000105770-20-000009
https://www.sec.gov/Archives/edgar/data/105770/000010577020000007/exh991q42019earningsre.htm,0000105770-20-000007
https://www.sec.gov/Archives/edgar/data/105770/000010577020000007/wstq42019presentation.htm,0000105770-20-000007
https://www.sec.gov/Archives/edgar/data/105770/000010577019000050/exh991december132019pr.htm,0000105770-19-000050
https://www.sec.gov/Archives/edgar/data/105770/000010577019000042/exh991q32019earningsre.htm,0000105770-19-000042
https://www.sec.gov/Archives/edgar/data/105770/000010577019000042/q32019wstpresentation.htm,0000105770-19-000042
https://www.sec.gov/Archives/edgar/data/105770/000010577019000040/exh991pressreleaseocto.htm,0000105770-19-000040
https://www.sec.gov/Archives/edgar/data/105770/000010577019000035/sep2019wstpresentation.htm,0000105770-19-000035
https://www.sec.gov/Archives/edgar/data/105770/000010577019000030/exh991q22019earningsrelease.htm,0000105770-19-000030
https://www.sec.gov/Archives/edgar/data/105770/000010577019000030/q22019wstpresentation.htm,0000105770-19-000030
https://www.sec.gov/Archives/edgar/data/105770/000010577019000022/mayjune2019wstpresentati.htm,0000105770-19-000022
https://www.sec.gov/Archives/edgar/data/105770/000010577019000018/exh991q12019earningsrelease.htm,0000105770-19-000018
https://www.sec.gov/Archives/edgar/data/105770/000010577019000018/q12019wstpresentation.htm,0000105770-19-000018
https://www.sec.gov/Archives/edgar/data/105770/000010577019000008/exh991february212019pressr.htm,0000105770-19-000008
https://www.sec.gov/Archives/edgar/data/105770/000010577019000006/exh991q42018earningsrelease.htm,0000105770-19-000006
https://www.sec.gov/Archives/edgar/data/105770/000010577019000006/q42018wstpresentation.htm,0000105770-19-000006
https://www.sec.gov/Archives/edgar/data/105770/000010577019000002/jan2019wstpresentation.htm,0000105770-19-000002
https://www.sec.gov/Archives/edgar/data/106040/000119312523267654/d580162dex991.htm,0001193125-23-267654
https://www.sec.gov/Archives/edgar/data/106040/000119312523266188/d578251dex991.htm,0001193125-23-266188
https://www.sec.gov/Archives/edgar/data/106040/000119312523265708/d574470dex991.htm,0001193125-23-265708
https://www.sec.gov/Archives/edgar/data/106040/000119312523265708/d574470dex992.htm,0001193125-23-265708
https://www.sec.gov/Archives/edgar/data/106040/000010604023000032/ex991-pressreleaseq124.htm,0000106040-23-000032
https://www.sec.gov/Archives/edgar/data/106040/000010604023000020/ex991-pressreleaseq423.htm,0000106040-23-000020
https://www.sec.gov/Archives/edgar/data/106040/000010604023000014/ex991-pressreleaseq323.htm,0000106040-23-000014
https://www.sec.gov/Archives/edgar/data/106040/000119312523137241/d353351dex991.htm,0001193125-23-137241
https://www.sec.gov/Archives/edgar/data/106040/000119312523088802/d453102dex991.htm,0001193125-23-088802
https://www.sec.gov/Archives/edgar/data/106040/000119312523020502/d425756dex991.htm,0001193125-23-020502
https://www.sec.gov/Archives/edgar/data/106040/000010604023000006/ex991-pressreleaseq223.htm,0000106040-23-000006
https://www.sec.gov/Archives/edgar/data/106040/000010604022000061/ex991-pressreleaseq123.htm,0000106040-22-000061
https://www.sec.gov/Archives/edgar/data/106040/000010604022000049/ex991-pressreleaseq422.htm,0000106040-22-000049
https://www.sec.gov/Archives/edgar/data/106040/000119312522169552/d314047dex991.htm,0001193125-22-169552
https://www.sec.gov/Archives/edgar/data/106040/000010604022000030/ex991-pressreleaseq322.htm,0000106040-22-000030
https://www.sec.gov/Archives/edgar/data/106040/000119312522019801/d304005dex991.htm,0001193125-22-019801
https://www.sec.gov/Archives/edgar/data/106040/000010604022000010/ex991-pressreleaseq222.htm,0000106040-22-000010
https://www.sec.gov/Archives/edgar/data/106040/000119312521353971/d253588dex991.htm,0001193125-21-353971
https://www.sec.gov/Archives/edgar/data/106040/000119312521335120/d267147dex991.htm,0001193125-21-335120
https://www.sec.gov/Archives/edgar/data/106040/000010604021000046/ex991-pressreleaseq122.htm,0000106040-21-000046
https://www.sec.gov/Archives/edgar/data/106040/000010604021000032/ex991-pressreleaseq421.htm,0000106040-21-000032
https://www.sec.gov/Archives/edgar/data/106040/000010604021000016/ex991-pressreleaseq321.htm,0000106040-21-000016
https://www.sec.gov/Archives/edgar/data/106040/000010604021000006/ex991-pressreleaseq221.htm,0000106040-21-000006
https://www.sec.gov/Archives/edgar/data/106040/000010604020000054/ex991-pressreleaseq121.htm,0000106040-20-000054
https://www.sec.gov/Archives/edgar/data/106040/000010604020000038/ex991-pressreleaseq420.htm,0000106040-20-000038
https://www.sec.gov/Archives/edgar/data/106040/000010604020000017/ex991-pressreleaseq320.htm,0000106040-20-000017
https://www.sec.gov/Archives/edgar/data/106040/000119312520065100/d816278dex991.htm,0001193125-20-065100
https://www.sec.gov/Archives/edgar/data/106040/000010604020000005/ex991-pressreleaseq220.htm,0000106040-20-000005
https://www.sec.gov/Archives/edgar/data/106040/000119312519278976/d785693dex991.htm,0001193125-19-278976
https://www.sec.gov/Archives/edgar/data/106040/000010604019000067/ex991-pressreleaseq120.htm,0000106040-19-000067
https://www.sec.gov/Archives/edgar/data/106040/000010604019000050/ex991-pressreleaseq4.htm,0000106040-19-000050
https://www.sec.gov/Archives/edgar/data/106040/000119312519184926/d753477dex991.htm,0001193125-19-184926
https://www.sec.gov/Archives/edgar/data/106040/000119312519149855/d743138dex991.htm,0001193125-19-149855
https://www.sec.gov/Archives/edgar/data/106040/000010604019000017/ex991-pressreleaseq3.htm,0000106040-19-000017
https://www.sec.gov/Archives/edgar/data/106040/000119312519109942/d707236dex991.htm,0001193125-19-109942
https://www.sec.gov/Archives/edgar/data/106040/000119312519041754/d715965dex991.htm,0001193125-19-041754
https://www.sec.gov/Archives/edgar/data/106040/000119312519015948/d688801dex991.htm,0001193125-19-015948
https://www.sec.gov/Archives/edgar/data/1327811/000132781123000200/wday-10312023x991.htm,0001327811-23-000200
https://www.sec.gov/Archives/edgar/data/1327811/000132781123000149/wday-07312023x991.htm,0001327811-23-000149
https://www.sec.gov/Archives/edgar/data/1327811/000132781123000079/wday-05252023x991.htm,0001327811-23-000079
https://www.sec.gov/Archives/edgar/data/1327811/000132781123000077/wday-04302023x991.htm,0001327811-23-000077
https://www.sec.gov/Archives/edgar/data/1327811/000132781123000023/wday-02272023x991.htm,0001327811-23-000023
https://www.sec.gov/Archives/edgar/data/1327811/000132781123000022/wday-01312023x991.htm,0001327811-23-000022
https://www.sec.gov/Archives/edgar/data/1327811/000110465923008212/tm234723d1_ex99-1.htm,0001104659-23-008212
https://www.sec.gov/Archives/edgar/data/1327811/000110465922128643/tm2233055d1_ex99-1.htm,0001104659-22-128643
https://www.sec.gov/Archives/edgar/data/1327811/000132781122000182/wday-10312022x991.htm,0001327811-22-000182
https://www.sec.gov/Archives/edgar/data/1327811/000132781122000182/wday-10312022x992.htm,0001327811-22-000182
https://www.sec.gov/Archives/edgar/data/1327811/000132781122000153/wday-07312022x991.htm,0001327811-22-000153
https://www.sec.gov/Archives/edgar/data/1327811/000132781122000112/wday-062222x991.htm,0001327811-22-000112
https://www.sec.gov/Archives/edgar/data/1327811/000132781122000090/wday-04302022x991.htm,0001327811-22-000090
https://www.sec.gov/Archives/edgar/data/1327811/000132781122000029/wday-01312022x991.htm,0001327811-22-000029
https://www.sec.gov/Archives/edgar/data/1327811/000132781121000176/wday-111821x991.htm,0001327811-21-000176
https://www.sec.gov/Archives/edgar/data/1327811/000132781121000175/wday-111621x991.htm,0001327811-21-000175
https://www.sec.gov/Archives/edgar/data/1327811/000132781121000173/wday-10312021x991.htm,0001327811-21-000173
https://www.sec.gov/Archives/edgar/data/1327811/000132781121000132/wday-07312021x991.htm,0001327811-21-000132
https://www.sec.gov/Archives/edgar/data/1327811/000132781121000053/wday-04302021x991.htm,0001327811-21-000053
https://www.sec.gov/Archives/edgar/data/1327811/000132781121000015/wday-1312021x991.htm,0001327811-21-000015
https://www.sec.gov/Archives/edgar/data/1327811/000119312521020093/d31063dex991.htm,0001193125-21-020093
https://www.sec.gov/Archives/edgar/data/1327811/000132781120000165/wday-10312020x991.htm,0001327811-20-000165
https://www.sec.gov/Archives/edgar/data/1327811/000119312520233133/d31270dex991.htm,0001193125-20-233133
https://www.sec.gov/Archives/edgar/data/1327811/000132781120000125/wday-7312020x991.htm,0001327811-20-000125
https://www.sec.gov/Archives/edgar/data/1327811/000132781120000066/wday-4302020x991.htm,0001327811-20-000066
https://www.sec.gov/Archives/edgar/data/1327811/000132781120000016/wday-1312020x991.htm,0001327811-20-000016
https://www.sec.gov/Archives/edgar/data/1327811/000132781119000194/wday-10312019xexhibit9.htm,0001327811-19-000194
https://www.sec.gov/Archives/edgar/data/1327811/000119312519283347/d818545dex991.htm,0001193125-19-283347
https://www.sec.gov/Archives/edgar/data/1327811/000119312519234034/d768230dex991.htm,0001193125-19-234034
https://www.sec.gov/Archives/edgar/data/1327811/000119312519158324/d700616dex991.htm,0001193125-19-158324
https://www.sec.gov/Archives/edgar/data/1327811/000119312519057546/d714677dex991.htm,0001193125-19-057546
https://www.sec.gov/Archives/edgar/data/877212/000087721223000145/exhibit991zebrapressreleas.htm,0000877212-23-000145
https://www.sec.gov/Archives/edgar/data/877212/000087721223000141/zbraex99120230930.htm,0000877212-23-000141
https://www.sec.gov/Archives/edgar/data/877212/000087721223000123/zbraex99120230701.htm,0000877212-23-000123
https://www.sec.gov/Archives/edgar/data/877212/000087721223000102/zebrabodpressreleasefinal0.htm,0000877212-23-000102
https://www.sec.gov/Archives/edgar/data/877212/000087721223000053/zbraex99120230401.htm,0000877212-23-000053
https://www.sec.gov/Archives/edgar/data/877212/000087721223000023/zbraex991123122.htm,0000877212-23-000023
https://www.sec.gov/Archives/edgar/data/877212/000087721222000130/exhibit99-1xzebraceotransi.htm,0000877212-22-000130
https://www.sec.gov/Archives/edgar/data/877212/000087721222000114/zbraex99120221001.htm,0000877212-22-000114
https://www.sec.gov/Archives/edgar/data/877212/000087721222000106/zbraex99120220702.htm,0000877212-22-000106
https://www.sec.gov/Archives/edgar/data/877212/000087721222000099/ex99105262022.htm,0000877212-22-000099
https://www.sec.gov/Archives/edgar/data/877212/000087721222000096/ex99.htm,0000877212-22-000096
https://www.sec.gov/Archives/edgar/data/877212/000087721222000038/zbraex99120220402.htm,0000877212-22-000038
https://www.sec.gov/Archives/edgar/data/877212/000087721222000033/ex991.htm,0000877212-22-000033
https://www.sec.gov/Archives/edgar/data/877212/000087721222000023/zbraex991123121.htm,0000877212-22-000023
https://www.sec.gov/Archives/edgar/data/877212/000087721221000194/ex-991.htm,0000877212-21-000194
https://www.sec.gov/Archives/edgar/data/877212/000087721221000188/zbraex991100221.htm,0000877212-21-000188
https://www.sec.gov/Archives/edgar/data/877212/000087721221000154/zbraex991070321.htm,0000877212-21-000154
https://www.sec.gov/Archives/edgar/data/877212/000087721221000046/zbraex991040321.htm,0000877212-21-000046
https://www.sec.gov/Archives/edgar/data/877212/000087721221000006/zbraex991123120.htm,0000877212-21-000006
https://www.sec.gov/Archives/edgar/data/877212/000087721221000002/zbraex991011121.htm,0000877212-21-000002
https://www.sec.gov/Archives/edgar/data/877212/000087721220000167/zbraex991092620.htm,0000877212-20-000167
https://www.sec.gov/Archives/edgar/data/877212/000119312520222973/d889917dex991.htm,0001193125-20-222973
https://www.sec.gov/Archives/edgar/data/877212/000087721220000144/zebraex991072820.htm,0000877212-20-000144
https://www.sec.gov/Archives/edgar/data/877212/000087721220000144/zebraex992072820.htm,0000877212-20-000144
https://www.sec.gov/Archives/edgar/data/877212/000087721220000020/zebraex991042820.htm,0000877212-20-000020
https://www.sec.gov/Archives/edgar/data/877212/000087721220000004/zebraex991021320.htm,0000877212-20-000004
https://www.sec.gov/Archives/edgar/data/877212/000087721219000033/zebraex991102919.htm,0000877212-19-000033
https://www.sec.gov/Archives/edgar/data/877212/000087721219000027/zebraex991073019.htm,0000877212-19-000027
https://www.sec.gov/Archives/edgar/data/877212/000087721219000027/zebraex992073019.htm,0000877212-19-000027
https://www.sec.gov/Archives/edgar/data/877212/000087721219000015/zebraex991043019.htm,0000877212-19-000015
https://www.sec.gov/Archives/edgar/data/877212/000087721219000008/zebraex991021419.htm,0000877212-19-000008
https://www.sec.gov/Archives/edgar/data/1136869/000095017023059736/zbh-ex99_1.htm,0000950170-23-059736
https://www.sec.gov/Archives/edgar/data/1136869/000119312523217504/d535846dex991.htm,0001193125-23-217504
https://www.sec.gov/Archives/edgar/data/1136869/000095017023036153/zbh-ex99_1.htm,0000950170-23-036153
https://www.sec.gov/Archives/edgar/data/1136869/000095017023016423/zbh-ex99_1.htm,0000950170-23-016423
https://www.sec.gov/Archives/edgar/data/1136869/000095017023001740/zbh-ex99_1.htm,0000950170-23-001740
https://www.sec.gov/Archives/edgar/data/1136869/000095017022020960/zbh-ex99_1.htm,0000950170-22-020960
https://www.sec.gov/Archives/edgar/data/1136869/000095017022013732/zbh-ex99_1.htm,0000950170-22-013732
https://www.sec.gov/Archives/edgar/data/1136869/000119312522178777/d331300dex991.htm iXBRL,0001193125-22-178777
https://www.sec.gov/Archives/edgar/data/1136869/000119312522150863/d338788dex991.htm,0001193125-22-150863
https://www.sec.gov/Archives/edgar/data/1136869/000156459022017219/zbh-ex991_6.htm,0001564590-22-017219
https://www.sec.gov/Archives/edgar/data/1136869/000156459022016242/zbh-ex991_6.htm,0001564590-22-016242
https://www.sec.gov/Archives/edgar/data/1136869/000119312522061356/d650132dex991.htm,0001193125-22-061356
https://www.sec.gov/Archives/edgar/data/1136869/000119312522048557/d304006dex991.htm,0001193125-22-048557
https://www.sec.gov/Archives/edgar/data/1136869/000119312522029163/d309457dex991.htm,0001193125-22-029163
https://www.sec.gov/Archives/edgar/data/1136869/000119312522029163/d309457dex992.htm,0001193125-22-029163
https://www.sec.gov/Archives/edgar/data/1136869/000119312522029001/d295430dex991.htm,0001193125-22-029001
https://www.sec.gov/Archives/edgar/data/1136869/000119312522029001/d295430dex992.htm,0001193125-22-029001
https://www.sec.gov/Archives/edgar/data/1136869/000119312521343537/d205345dex991.htm,0001193125-21-343537
https://www.sec.gov/Archives/edgar/data/1136869/000119312521343537/d205345dex992.htm,0001193125-21-343537
https://www.sec.gov/Archives/edgar/data/1136869/000119312521329080/d254147dex991.htm,0001193125-21-329080
https://www.sec.gov/Archives/edgar/data/1136869/000156459021054213/zbh-ex991_6.htm,0001564590-21-054213
https://www.sec.gov/Archives/edgar/data/1136869/000156459021039937/zbh-ex991_6.htm,0001564590-21-039937
https://www.sec.gov/Archives/edgar/data/1136869/000156459021022978/zbh-ex991_6.htm,0001564590-21-022978
https://www.sec.gov/Archives/edgar/data/1136869/000119312521086728/d154922dex991.htm,0001193125-21-086728
https://www.sec.gov/Archives/edgar/data/1136869/000119312521049865/d104367dex991.htm,0001193125-21-049865
https://www.sec.gov/Archives/edgar/data/1136869/000156459021004397/zbh-ex991_6.htm,0001564590-21-004397
https://www.sec.gov/Archives/edgar/data/1136869/000156459021004397/zbh-ex992_33.htm,0001564590-21-004397
https://www.sec.gov/Archives/edgar/data/1136869/000156459020051650/zbh-ex991_6.htm,0001564590-20-051650
https://www.sec.gov/Archives/edgar/data/1136869/000156459020035741/zbh-ex991_6.htm,0001564590-20-035741
https://www.sec.gov/Archives/edgar/data/1136869/000156459020023814/zbh-ex991_6.htm,0001564590-20-023814
https://www.sec.gov/Archives/edgar/data/1136869/000156459020015921/zbh-ex991_6.htm,0001564590-20-015921
https://www.sec.gov/Archives/edgar/data/1136869/000156459020003103/zbh-ex991_6.htm,0001564590-20-003103
https://www.sec.gov/Archives/edgar/data/1136869/000156459019040046/zbh-ex991_6.htm,0001564590-19-040046
https://www.sec.gov/Archives/edgar/data/1136869/000156459019026236/zbh-ex991_6.htm,0001564590-19-026236
https://www.sec.gov/Archives/edgar/data/1136869/000119312519176552/d769142dex991.htm,0001193125-19-176552
https://www.sec.gov/Archives/edgar/data/1136869/000156459019013197/zbh-ex991_6.htm,0001564590-19-013197
https://www.sec.gov/Archives/edgar/data/1136869/000156459019001599/zbh-ex991_6.htm,0001564590-19-001599
https://www.sec.gov/Archives/edgar/data/1555280/000155528023000255/exhibit9911q2024dividendpr.htm,0001555280-23-000255
https://www.sec.gov/Archives/edgar/data/1555280/000155528023000245/exhibit99q32023.htm,0001555280-23-000245
https://www.sec.gov/Archives/edgar/data/1555280/000155528023000236/exhibit9914q2023dividendpr.htm,0001555280-23-000236
https://www.sec.gov/Archives/edgar/data/1555280/000155528023000203/exhibit99q22023.htm,0001555280-23-000203
https://www.sec.gov/Archives/edgar/data/1555280/000155528023000166/zoetisholdsinvestorday_pre.htm,0001555280-23-000166
https://www.sec.gov/Archives/edgar/data/1555280/000155528023000166/zoetisinvestorday2023_pr.htm,0001555280-23-000166
https://www.sec.gov/Archives/edgar/data/1555280/000155528023000156/exhibit9913q2023dividendpr.htm,0001555280-23-000156
https://www.sec.gov/Archives/edgar/data/1555280/000155528023000148/exhibit99q12023.htm,0001555280-23-000148
https://www.sec.gov/Archives/edgar/data/1555280/000155528023000072/exhibit9912-31x22q4.htm,0001555280-23-000072
https://www.sec.gov/Archives/edgar/data/1555280/000155528023000023/exhibit9912q2023dividendpr.htm,0001555280-23-000023
https://www.sec.gov/Archives/edgar/data/1555280/000155528022000284/exhibit9911q2023dividendpr.htm,0001555280-22-000284
https://www.sec.gov/Archives/edgar/data/1555280/000155528022000274/exhibit99q32022.htm,0001555280-22-000274
https://www.sec.gov/Archives/edgar/data/1555280/000155528022000263/exhibit9914q2022dividendpr.htm,0001555280-22-000263
https://www.sec.gov/Archives/edgar/data/1555280/000155528022000229/exhibit99q22022.htm,0001555280-22-000229
https://www.sec.gov/Archives/edgar/data/1555280/000155528022000219/exhibit9912022bod07-25x22.htm,0001555280-22-000219
https://www.sec.gov/Archives/edgar/data/1555280/000155528022000176/exhibit9912022q3dividend5-.htm,0001555280-22-000176
https://www.sec.gov/Archives/edgar/data/1555280/000155528022000172/exhibit99q12022.htm,0001555280-22-000172
https://www.sec.gov/Archives/edgar/data/1555280/000155528022000075/exhibit9912-31x21q4.htm,0001555280-22-000075
https://www.sec.gov/Archives/edgar/data/1555280/000155528022000026/exhibit9912022q2dividend2-.htm,0001555280-22-000026
https://www.sec.gov/Archives/edgar/data/1555280/000155528021000346/exhibit9912022q1dividend12.htm,0001555280-21-000346
https://www.sec.gov/Archives/edgar/data/1555280/000155528021000332/exhibit99q32021.htm,0001555280-21-000332
https://www.sec.gov/Archives/edgar/data/1555280/000119312521301194/d467864dex991.htm,0001193125-21-301194
https://www.sec.gov/Archives/edgar/data/1555280/000155528021000322/exhibit9912021q4dividend10.htm,0001555280-21-000322
https://www.sec.gov/Archives/edgar/data/1555280/000155528021000284/exhibit99q22021.htm,0001555280-21-000284
https://www.sec.gov/Archives/edgar/data/1555280/000155528021000228/exhibit9912021q3dividend5-.htm,0001555280-21-000228
https://www.sec.gov/Archives/edgar/data/1555280/000110465921064249/tm2115787d1_ex99-1.htm,0001104659-21-064249
https://www.sec.gov/Archives/edgar/data/1555280/000155528021000224/exhibit99q12021.htm,0001555280-21-000224
https://www.sec.gov/Archives/edgar/data/1555280/000155528021000095/exhibit9912-31x20q4.htm,0001555280-21-000095
https://www.sec.gov/Archives/edgar/data/1555280/000155528021000024/exhibit9912021q2dividend2-.htm,0001555280-21-000024
https://www.sec.gov/Archives/edgar/data/1555280/000155528020000328/exhibit991leatherberya.htm,0001555280-20-000328
https://www.sec.gov/Archives/edgar/data/1555280/000155528020000328/exhibit9922021q1divide.htm,0001555280-20-000328
https://www.sec.gov/Archives/edgar/data/1555280/000155528020000314/exhibit99q32020.htm,0001555280-20-000314
https://www.sec.gov/Archives/edgar/data/1555280/000155528020000287/exhibit9912020q4divide.htm,0001555280-20-000287
https://www.sec.gov/Archives/edgar/data/1555280/000155528020000257/exhibit99q22020.htm,0001555280-20-000257
https://www.sec.gov/Archives/edgar/data/1555280/000155528020000204/exhibit9912020q3divide.htm,0001555280-20-000204
https://www.sec.gov/Archives/edgar/data/1555280/000155528020000196/exhibit99q12020.htm,0001555280-20-000196
https://www.sec.gov/Archives/edgar/data/1555280/000155528020000042/exhibit9912-31x19q4.htm,0001555280-20-000042
https://www.sec.gov/Archives/edgar/data/1555280/000155528020000037/exhibit9912020q2divide.htm,0001555280-20-000037
https://www.sec.gov/Archives/edgar/data/1555280/000155528019000297/exhibit9912020q1divide.htm,0001555280-19-000297
https://www.sec.gov/Archives/edgar/data/1555280/000155528019000267/exhibit99q32019.htm,0001555280-19-000267
https://www.sec.gov/Archives/edgar/data/1555280/000155528019000243/exhibit9912019q4divide.htm,0001555280-19-000243
https://www.sec.gov/Archives/edgar/data/1555280/000119312519261144/d814554dex991.htm,0001193125-19-261144
https://www.sec.gov/Archives/edgar/data/1555280/000155528019000218/exhibit99q22019.htm,0001555280-19-000218
https://www.sec.gov/Archives/edgar/data/1555280/000155528019000175/a2019q3dividendpressrelease.htm,0001555280-19-000175
https://www.sec.gov/Archives/edgar/data/1555280/000155528019000164/exhibit99q12019.htm,0001555280-19-000164
https://www.sec.gov/Archives/edgar/data/1555280/000155528019000027/exhibit9912-31x18q4.htm,0001555280-19-000027
https://www.sec.gov/Archives/edgar/data/1555280/000155528019000022/a2019q2dividendpressrelease.htm,0001555280-19-000022
