accession_no,entity_name,cik,file_date,period_of_report,form_type,file_type_hint,source
0001564590-19-028159,"CBIZ, Inc.",0000944148,2019-08-02,2019-07-31,8-K,EX-99.2,EFTS
0000950170-23-053265,VOXX International Corp,0000807707,2023-10-13,2023-10-10,8-K,EX-99.2,EFTS
0001213900-22-027997,"LogicMark, Inc.",0001566826,2022-05-18,2022-05-12,8-K,EX-99.2,EFTS
0001213900-23-071015,"LogicMark, Inc.",0001566826,2023-08-28,2023-08-10,8-K,EX-99.2,EFTS
0001140361-21-029206,"ISUN, INC.",0001634447,2021-08-24,2021-08-19,8-K,EX-99.1,EFTS
0001437749-20-005432,OPTICAL CABLE CORP,0001000230,2020-03-17,2020-03-16,8-K,EX-99.2,EFTS
0001174947-23-000980,STURM RUGER & CO INC,0000095029,2023-08-04,2023-08-03,8-K,EX-99.1,EFTS
0001213900-23-087546,"LogicMark, Inc.",0001566826,2023-11-15,2023-11-09,8-K,EX-99.2,EFTS
0001564590-22-020831,VOXX International Corp,0000807707,2022-05-20,2022-05-16,8-K,EX-99.2,EFTS
0001213900-21-044029,"Nxt-ID, Inc.",0001566826,2021-08-20,2021-08-16,8-K,EX-99.1,EFTS
0001564590-19-039301,"CBIZ, Inc.",0000944148,2019-11-01,2019-10-30,8-K,EX-99.2,EFTS
0001213900-22-047471,"LogicMark, Inc.",0001566826,2022-08-12,2022-08-11,8-K,EX-99.2,EFTS
0001174947-23-000719,STURM RUGER & CO INC,0000095029,2023-05-05,2023-05-04,8-K,EX-99.1,EFTS
0001213900-19-021916,"SB FINANCIAL GROUP, INC.",0000767405,2019-11-04,2019-10-29,8-K,EX-99.1,EFTS
0001564590-19-009323,WORTHINGTON INDUSTRIES INC,0000108516,2019-03-26,2019-03-20,8-K,EX-99.1,EFTS
0001193125-22-188617,"Syros Pharmaceuticals, Inc.",0001556263,2022-07-06,2022-07-05,8-K,EX-99.1,EFTS
0001564590-21-025021,STAAR SURGICAL CO,0000718937,2021-05-06,2021-05-05,8-K,EX-99.1,EFTS
0001213900-20-035196,"SB FINANCIAL GROUP, INC.",0000767405,2020-11-05,2020-10-30,8-K,EX-99.1,EFTS
0001193125-20-139377,"PRECIGEN, INC.",0001356090,2020-05-12,2020-05-06,8-K,EX-99.1,EFTS
0001213900-23-006371,"SB FINANCIAL GROUP, INC.",0000767405,2023-01-31,2023-01-27,8-K,EX-99.1,EFTS
0001193125-20-212103,Energous Corp,0001575793,2020-08-06,2020-08-05,8-K,EX-99.2,EFTS
0001437749-20-001288,OPTICAL CABLE CORP,0001000230,2020-01-28,2020-01-27,8-K,EX-99.2,EFTS
0001174947-20-000202,STURM RUGER & CO INC,0000095029,2020-02-21,2020-02-20,8-K,EX-99.1,EFTS
0001104659-22-104156,MOVING iMAGE TECHNOLOGIES INC.,0001770236,2022-09-29,2022-09-23,8-K,EX-99.2,EFTS
0001213900-19-014056,"SB FINANCIAL GROUP, INC.",0000767405,2019-07-31,2019-07-24,8-K,EX-99.1,EFTS
0001193125-23-273497,"Premier, Inc.",0001577916,2023-11-08,2023-11-07,8-K,EX-99.2,EFTS
0001171520-23-000164,"Plymouth Industrial REIT, Inc.",0001515816,2023-05-08,2023-05-04,8-K,EX-99,EFTS
0001174947-22-000635,STURM RUGER & CO INC,0000095029,2022-05-06,2022-05-05,8-K,EX-99.1,EFTS
0001174947-22-001168,STURM RUGER & CO INC,0000095029,2022-11-04,2022-11-03,8-K,EX-99.2,EFTS
0000883569-20-000056,"Fossil Group, Inc.",0000883569,2020-11-12,2020-11-11,8-K,EX-99.2,EFTS
0001104659-22-127184,"Loop Media, Inc.",0001643988,2022-12-15,2022-12-13,8-K,EX-99.2,EFTS
0001564590-21-001318,VOXX International Corp,0000807707,2021-01-15,2021-01-11,8-K,EX-99.2,EFTS
0001174947-22-000929,STURM RUGER & CO INC,0000095029,2022-08-05,2022-08-04,8-K,EX-99.1,EFTS
0001564590-19-024225,WORTHINGTON INDUSTRIES INC,0000108516,2019-07-01,2019-06-26,8-K,EX-99.1,EFTS
0001174947-20-000861,STURM RUGER & CO INC,0000095029,2020-07-31,2020-07-30,8-K,EX-99.1,EFTS
0001028918-22-000008,PACIFIC PREMIER BANCORP INC,0001028918,2022-01-25,2022-01-25,8-K,EX-99.1,EFTS
0001028918-21-000126,PACIFIC PREMIER BANCORP INC,0001028918,2021-04-30,2021-04-30,8-K,EX-99.1,EFTS
0001564590-19-046551,WORTHINGTON INDUSTRIES INC,0000108516,2019-12-20,2019-12-17,8-K,EX-99.1,EFTS
0001493152-21-004163,"ESPORTS ENTERTAINMENT GROUP, INC.",0001451448,2021-02-17,2021-02-16,8-K,EX-99.2,EFTS
0000874238-19-000070,STERLING CONSTRUCTION CO INC,0000874238,2019-05-08,2019-05-07,8-K,EX-99.1,EFTS
0000950170-23-032943,VOXX International Corp,0000807707,2023-07-14,2023-07-10,8-K,EX-99.2,EFTS
0001564590-21-051015,VOXX International Corp,0000807707,2021-10-18,2021-10-12,8-K,EX-99.2,EFTS
0001028918-21-000176,PACIFIC PREMIER BANCORP INC,0001028918,2021-10-25,2021-10-25,8-K,EX-99.1,EFTS
0001564590-19-014794,"CBIZ, Inc.",0000944148,2019-05-01,2019-04-25,8-K,EX-99.2,EFTS
0001174947-22-000276,STURM RUGER & CO INC,0000095029,2022-02-25,2022-02-24,8-K,EX-99.1,EFTS
0001213900-21-060097,"Nxt-ID, Inc.",0001566826,2021-11-16,2021-11-12,8-K,EX-99.1,EFTS
0001028918-19-000061,PACIFIC PREMIER BANCORP INC,0001028918,2019-04-29,2019-04-29,8-K,EX-99.1,EFTS
0001193125-20-008077,"RTI Surgical Holdings, Inc.",0001760173,2020-01-15,2020-01-10,8-K,EX-99.2,EFTS
0001028918-19-000099,PACIFIC PREMIER BANCORP INC,0001028918,2019-07-26,2019-07-26,8-K,EX-99.1,EFTS
0001028918-20-000007,PACIFIC PREMIER BANCORP INC,0001028918,2020-01-28,2020-01-23,8-K,EX-99.1,EFTS
0001174947-20-000651,STURM RUGER & CO INC,0000095029,2020-05-08,2020-05-07,8-K,EX-99.1,EFTS
0001028918-19-000120,PACIFIC PREMIER BANCORP INC,0001028918,2019-10-25,2019-10-22,8-K,EX-99.1,EFTS
0001213900-21-040075,"SB FINANCIAL GROUP, INC.",0000767405,2021-08-03,2021-07-27,8-K,EX-99.1,EFTS
0001437749-19-004802,OPTICAL CABLE CORP,0001000230,2019-03-13,2019-03-12,8-K,EX-99.2,EFTS
0001174947-21-000525,STURM RUGER & CO INC,0000095029,2021-05-07,2021-05-06,8-K,EX-99.1,EFTS
0001193125-19-280519,MICROSTRATEGY Inc,0001050446,2019-10-31,2019-10-29,8-K,EX-99.1,EFTS
0001028918-21-000008,PACIFIC PREMIER BANCORP INC,0001028918,2021-01-29,2021-01-29,8-K,EX-99.1,EFTS
0001174947-21-000759,STURM RUGER & CO INC,0000095029,2021-08-06,2021-08-05,8-K,EX-99.1,EFTS
0001174947-23-001307,STURM RUGER & CO INC,0000095029,2023-11-03,2023-11-02,8-K,EX-99.1,EFTS
0001387131-19-001891,CPI AEROSTRUCTURES INC,0000889348,2019-03-13,2018-03-13,8-K,EX-99.1,EFTS
0001171520-19-000261,Plymouth Industrial REIT Inc.,0001515816,2019-08-12,2019-08-08,8-K,EX-99,EFTS
0001140361-21-031661,"ISUN, INC.",0001634447,2021-09-17,2021-09-16,8-K,EX-99.1,EFTS
0001564590-20-006236,"CBIZ, Inc.",0000944148,2020-02-25,2020-02-20,8-K,EX-99.2,EFTS
0001564590-20-007360,STAAR SURGICAL CO,0000718937,2020-02-27,2020-02-26,8-K,EX-99.1,EFTS
0001564590-19-003289,"CBIZ, Inc.",0000944148,2019-02-19,2019-02-13,8-K,EX-99.2,EFTS
0001144204-19-023240,"Spirit of Texas Bancshares, Inc.",0001499453,2019-05-02,2019-04-29,8-K,EX-99.2,EFTS
0001564590-21-028676,VOXX International Corp,0000807707,2021-05-18,2021-05-13,8-K,EX-99.2,EFTS
0001174947-21-000998,STURM RUGER & CO INC,0000095029,2021-11-05,2021-11-04,8-K,EX-99.1,EFTS
0000950170-22-012711,VOXX International Corp,0000807707,2022-07-15,2022-07-11,8-K,EX-99.2,EFTS
0001564590-19-036030,WORTHINGTON INDUSTRIES INC,0000108516,2019-10-01,2019-09-25,8-K,EX-99.1,EFTS
0001564590-20-051424,STAAR SURGICAL CO,0000718937,2020-11-05,2020-11-04,8-K,EX-99.1,EFTS
0001174947-23-000254,STURM RUGER & CO INC,0000095029,2023-02-24,2023-02-23,8-K,EX-99.1,EFTS
0000043920-21-000022,"GREIF, INC",0000043920,2021-02-26,2021-02-26,8-K,EX-99.2,EFTS
0001305773-20-000031,Conformis Inc,0001305773,2020-03-05,2020-03-02,8-K,EX-99.2,EFTS
0001028918-19-000012,PACIFIC PREMIER BANCORP INC,0001028918,2019-02-04,2019-02-04,8-K,EX-99.1,EFTS
0001171520-19-000191,Plymouth Industrial REIT Inc.,0001515816,2019-05-13,2019-05-09,8-K,EX-99.1 CHARTER,EFTS
0001193125-21-060435,Energous Corp,0001575793,2021-02-26,2021-02-25,8-K,EX-99.2,EFTS
0001028918-22-000125,PACIFIC PREMIER BANCORP INC,0001028918,2022-04-29,2022-04-29,8-K,EX-99.1,EFTS
0001213900-21-056370,"SB FINANCIAL GROUP, INC.",0000767405,2021-11-03,2021-10-29,8-K,EX-99.1,EFTS
0001110803-23-000003,"ILLUMINA, INC.",0001110803,2023-01-11,2023-01-09,8-K,EX-99.1,EFTS
0001028918-22-000156,PACIFIC PREMIER BANCORP INC,0001028918,2022-10-24,2022-10-24,8-K,EX-99.1,EFTS
0001171520-21-000496,"Plymouth Industrial REIT, Inc.",0001515816,2021-11-09,2021-11-05,8-K,EX-99.1,EFTS
0001171520-23-000356,"Plymouth Industrial REIT, Inc.",0001515816,2023-11-06,2023-11-02,8-K,EX-99,EFTS
0001564590-21-036822,VOXX International Corp,0000807707,2021-07-16,2021-07-12,8-K,EX-99.2,EFTS
0001028918-22-000139,PACIFIC PREMIER BANCORP INC,0001028918,2022-07-25,2022-07-25,8-K,EX-99.1,EFTS
0001028918-20-000027,PACIFIC PREMIER BANCORP INC,0001028918,2020-02-07,2020-02-03,8-K,EX-99.1,EFTS
0001564590-19-006435,TIDEWATER INC,0000098222,2019-03-06,2019-03-06,8-K,EX-99.1,EFTS
0001028918-20-000151,PACIFIC PREMIER BANCORP INC,0001028918,2020-07-31,2020-07-27,8-K,EX-99.1,EFTS
0001193125-19-191305,"Acacia Communications, Inc.",0001651235,2019-07-09,2019-07-09,8-K,EX-99.2,EFTS
0001171520-21-000195,"Plymouth Industrial REIT, Inc.",0001515816,2021-05-10,2021-05-07,8-K,EX-99.1,EFTS
0000950170-23-023203,VOXX International Corp,0000807707,2023-05-19,2023-05-15,8-K,EX-99.2,EFTS
0000950170-22-019596,VOXX International Corp,0000807707,2022-10-17,2022-10-11,8-K,EX-99.2,EFTS
0000897101-20-000406,INTRICON CORP,0000088790,2020-05-21,2020-05-19,8-K,EX-99.1,EFTS
0001171520-22-000518,"Plymouth Industrial REIT, Inc.",0001515816,2022-11-07,2022-11-03,8-K,EX-99,EFTS
0001558370-21-015796,EVERSPIN TECHNOLOGIES INC,0001438423,2021-11-12,2021-11-07,8-K,EX-99.2,EFTS
0001193125-20-216485,"MYOMO, INC.",0001369290,2020-08-11,2020-08-10,8-K,EX-99.2,EFTS
0001104659-20-034085,Farmland Partners Inc.,0001591670,2020-03-16,2020-03-12,8-K,EX-99.1,EFTS
0001213900-22-023654,"SB FINANCIAL GROUP, INC.",0000767405,2022-05-03,2022-04-29,8-K,EX-99.1,EFTS
0001564590-23-002247,STAAR SURGICAL CO,0000718937,2023-02-23,2023-02-21,8-K,EX-99.1,EFTS
0001193125-20-207424,Hilton Grand Vacations Inc.,0001674168,2020-08-03,2020-08-03,8-K,EX-99.2,EFTS
0001487052-19-000006,"LegacyTexas Financial Group, Inc.",0001487052,2019-01-25,2019-01-23,8-K,EX-99.1,EFTS
0001174947-21-000173,STURM RUGER & CO INC,0000095029,2021-02-19,2021-02-18,8-K,EX-99.1,EFTS
0001213900-22-070026,"SB FINANCIAL GROUP, INC.",0000767405,2022-11-08,2022-11-02,8-K,EX-99.1,EFTS
0001171520-19-000141,Plymouth Industrial REIT Inc.,0001515816,2019-03-12,2019-03-12,8-K,EX-99,EFTS
0001564590-21-008650,STAAR SURGICAL CO,0000718937,2021-02-25,2021-02-24,8-K,EX-99.1,EFTS
0001213900-20-002079,"SB FINANCIAL GROUP, INC.",0000767405,2020-01-29,2020-01-24,8-K,EX-99.1,EFTS
0001193125-22-206637,"FTI CONSULTING, INC",0000887936,2022-07-29,2022-07-28,8-K,EX-99.1,EFTS
0001193125-23-130596,"FTI CONSULTING, INC",0000887936,2023-05-01,2023-04-27,8-K,EX-99.1,EFTS
0001171520-23-000126,"Plymouth Industrial REIT, Inc.",0001515816,2023-02-28,2023-02-23,8-K,EX-99,EFTS
0001171520-22-000175,"Plymouth Industrial REIT, Inc.",0001515816,2022-02-28,2022-02-23,8-K,EX-99,EFTS
0001437749-23-015611,CORETEC GROUP INC.,0001375195,2023-05-23,2023-05-23,8-K,EX-99.1,EFTS
0001028918-20-000128,PACIFIC PREMIER BANCORP INC,0001028918,2020-05-05,2020-04-28,8-K,EX-99.1,EFTS
0001174947-19-000249,STURM RUGER & CO INC,0000095029,2019-02-22,2019-02-21,8-K,EX-99.1,EFTS
0001564590-20-038023,STAAR SURGICAL CO,0000718937,2020-08-07,2020-08-05,8-K,EX-99.1,EFTS
0000807707-19-000004,VOXX International Corp,0000807707,2019-01-15,2019-01-09,8-K,EX-99.2,EFTS
0001601548-22-000020,"Vectrus, Inc.",0001601548,2022-03-08,2022-03-07,8-K,EX-99.5,EFTS
0001193125-21-110422,"CommScope Holding Company, Inc.",0001517228,2021-04-09,2021-04-08,8-K,EX-99.1,EFTS
0000043920-19-000059,"GREIF, INC",0000043920,2019-12-10,2019-12-10,8-K,EX-99.2,EFTS
0001564590-22-001281,VOXX International Corp,0000807707,2022-01-14,2022-01-10,8-K,EX-99.2,EFTS
0001193125-22-136919,"FTI CONSULTING, INC",0000887936,2022-05-02,2022-04-28,8-K,EX-99.1,EFTS
0000091142-23-000096,SMITH A O CORP,0000091142,2023-10-27,2023-10-27,8-K,EX-99.1,EFTS
0001110803-20-000009,"ILLUMINA, INC.",0001110803,2020-01-16,2020-01-13,8-K,EX-99.1,EFTS
0001193125-19-129563,FTI CONSULTING INC,0000887936,2019-04-30,2019-04-25,8-K,EX-99.1,EFTS
0001104659-22-087979,SPX CORP,0000088205,2022-08-09,2022-08-04,8-K,EX-99.1,EFTS
0001213900-21-025298,"SB FINANCIAL GROUP, INC.",0000767405,2021-05-10,2021-05-03,8-K,EX-99.1,EFTS
0000043920-20-000023,"GREIF, INC",0000043920,2020-03-02,2020-03-02,8-K,EX-99.2,EFTS
0001193125-22-277160,TALOS ENERGY INC.,0001724965,2022-11-04,2022-11-03,8-K,EX-99.1,EFTS
0000950170-23-022528,DIODES INC /DEL/,0000029002,2023-05-16,2023-05-09,8-K,EX-99.1,EFTS
0001174947-19-000951,STURM RUGER & CO INC,0000095029,2019-08-02,2019-08-01,8-K,EX-99.1,EFTS
0000763744-19-000077,LCI INDUSTRIES,0000763744,2019-08-07,2019-08-06,8-K,EX-99.1,EFTS
0001193125-19-205560,"FTI CONSULTING, INC",0000887936,2019-07-29,2019-07-25,8-K,EX-99.1,EFTS
0001870997-22-000069,Loyalty Ventures Inc.,0001870997,2022-11-09,2022-11-08,8-K,EX-99.1,EFTS
0001171520-22-000296,"Plymouth Industrial REIT, Inc.",0001515816,2022-05-10,2022-05-04,8-K,EX-99,EFTS
0001193125-20-284027,"FTI CONSULTING, INC",0000887936,2020-11-02,2020-10-29,8-K,EX-99.1,EFTS
0000763744-19-000111,LCI INDUSTRIES,0000763744,2019-11-06,2019-11-05,8-K,EX-99.1,EFTS
0001193125-21-148110,"FTI CONSULTING, INC",0000887936,2021-05-03,2021-04-29,8-K,EX-99.1,EFTS
0000043920-19-000049,GREIF INC,0000043920,2019-09-03,2019-09-03,8-K,EX-99.2,EFTS
0001174947-19-001169,STURM RUGER & CO INC,0000095029,2019-11-12,2019-11-08,8-K,EX-99.1,EFTS
0001171520-21-000115,Plymouth Industrial REIT Inc.,0001515816,2021-03-02,2021-02-26,8-K,EX-99.1,EFTS
0001174947-20-001053,STURM RUGER & CO INC,0000095029,2020-10-30,2020-10-29,8-K,EX-99.1,EFTS
0000076605-20-000183,PATRICK INDUSTRIES INC,0000076605,2020-11-02,2020-10-29,8-K,EX-99.1,EFTS
0001193125-20-173159,"SMITH & WESSON BRANDS, INC.",0001092796,2020-06-19,2020-06-18,8-K,EX-99.1,EFTS
0001193125-21-151739,"Premier, Inc.",0001577916,2021-05-05,2021-05-04,8-K,EX-99.2,EFTS
0001193125-23-266240,"FTI CONSULTING, INC",0000887936,2023-10-30,2023-10-26,8-K,EX-99.1,EFTS
0001193125-23-199197,"FTI CONSULTING, INC",0000887936,2023-07-31,2023-07-27,8-K,EX-99.1,EFTS
0001193125-21-063655,"FTI CONSULTING, INC",0000887936,2021-03-01,2021-02-25,8-K,EX-99.1,EFTS
0000027996-19-000108,DELUXE CORP,0000027996,2019-10-25,2019-10-24,8-K,EX-99.2,EFTS
0001193125-20-050183,"FTI CONSULTING, INC",0000887936,2020-02-26,2020-02-25,8-K,EX-99.1,EFTS
0000763744-19-000127,LCI INDUSTRIES,0000763744,2019-11-25,2019-11-22,8-K,EX-99.1,EFTS
0000043920-19-000022,GREIF INC,0000043920,2019-03-01,2019-03-01,8-K,EX-99.2,EFTS
0001144204-19-038250,"Select Energy Services, Inc.",0001693256,2019-08-07,2019-08-06,8-K,EX-99.2,EFTS
0001193125-22-143893,"Premier, Inc.",0001577916,2022-05-09,2022-05-03,8-K,EX-99.2,EFTS
0001193125-21-320168,"Premier, Inc.",0001577916,2021-11-04,2021-11-02,8-K,EX-99.2,EFTS
0001193125-20-206640,"FTI CONSULTING, INC",0000887936,2020-07-31,2020-07-30,8-K,EX-99.1,EFTS
0001564590-19-000322,Flexion Therapeutics Inc,0001419600,2019-01-07,2019-01-04,8-K,EX-99.1,EFTS
0000043920-21-000041,"GREIF, INC",0000043920,2021-06-11,2021-06-11,8-K,EX-99.2,EFTS
0001171520-22-000453,"Plymouth Industrial REIT, Inc.",0001515816,2022-08-05,2022-08-03,8-K,EX-99,EFTS
0001437749-19-021287,INPHI Corp,0001160958,2019-11-01,2019-10-29,8-K,EX-99.1,EFTS
0001193125-20-132471,"FTI CONSULTING, INC",0000887936,2020-05-04,2020-04-30,8-K,EX-99.1,EFTS
0000043920-21-000061,"GREIF, INC",0000043920,2021-09-03,2021-09-03,8-K,EX-99.3,EFTS
0000076605-19-000127,PATRICK INDUSTRIES INC,0000076605,2019-10-30,2019-10-24,8-K,EX-99.1,EFTS
0001213900-19-001473,"SB FINANCIAL GROUP, INC.",0000767405,2019-01-31,2019-01-25,8-K,EX-99.1,EFTS
0001018840-19-000013,ABERCROMBIE & FITCH CO /DE/,0001018840,2019-03-07,2019-03-06,8-K,EX-99.4,EFTS
0001213900-20-010587,"SB FINANCIAL GROUP, INC.",0000767405,2020-04-30,2020-04-24,8-K,EX-99.1,EFTS
0000076605-19-000065,PATRICK INDUSTRIES INC,0000076605,2019-04-29,2019-04-25,8-K,EX-99.1,EFTS
0000043920-20-000069,"GREIF, INC",0000043920,2020-12-14,2020-12-14,8-K,EX-99.3,EFTS
0001193125-21-315535,"FTI CONSULTING, INC",0000887936,2021-11-01,2021-10-28,8-K,EX-99.1,EFTS
0001193125-20-207185,"Zendesk, Inc.",0001463172,2020-08-03,2020-07-30,8-K,EX-99.1,EFTS
0001018840-19-000048,ABERCROMBIE & FITCH CO /DE/,0001018840,2019-08-30,2019-08-29,8-K,EX-99.4,EFTS
0001193125-19-289172,DXC Technology Co,0001688568,2019-11-12,2019-11-11,8-K,EX-99.3,EFTS
0000763744-19-000036,LCI INDUSTRIES,0000763744,2019-05-08,2019-05-07,8-K,EX-99.1,EFTS
0001213900-20-019861,"SB FINANCIAL GROUP, INC.",0000767405,2020-08-03,2020-07-28,8-K,EX-99.1,EFTS
0001193125-19-276266,"FTI CONSULTING, INC",0000887936,2019-10-28,2019-10-24,8-K,EX-99.1,EFTS
0000763744-23-000042,LCI INDUSTRIES,0000763744,2023-05-11,2023-05-09,8-K,EX-99.1,EFTS
0001193125-23-050926,"FTI CONSULTING, INC",0000887936,2023-02-27,2023-02-23,8-K,EX-99.1,EFTS
0001193125-19-236702,SANDERSON FARMS INC,0000812128,2019-09-03,2019-08-29,8-K,EX-99.2,EFTS
0001193125-21-233379,"FTI CONSULTING, INC",0000887936,2021-08-02,2021-07-29,8-K,EX-99.1,EFTS
0000076605-20-000041,PATRICK INDUSTRIES INC,0000076605,2020-02-19,2020-02-13,8-K,EX-99.2,EFTS
0000076605-19-000106,PATRICK INDUSTRIES INC,0000076605,2019-07-29,2019-07-25,8-K,EX-99.1,EFTS
0000935703-20-000029,"DOLLAR TREE, INC.",0000935703,2020-05-29,2020-05-29,8-K,EX-99.1,EFTS
0001018840-20-000076,ABERCROMBIE & FITCH CO /DE/,0001018840,2020-08-28,2020-08-27,8-K,EX-99.4,EFTS
0000043920-20-000064,"GREIF, INC",0000043920,2020-09-01,2020-09-01,8-K,EX-99.2,EFTS
0001104659-20-109374,"WPX ENERGY, INC.",0001518832,2020-09-28,2020-09-28,8-K,EX-99.1,EFTS
0001193125-19-164402,SANDERSON FARMS INC,0000812128,2019-06-04,2019-05-30,8-K,EX-99.2,EFTS
0001193125-20-233144,"Premier, Inc.",0001577916,2020-08-27,2020-08-25,8-K,EX-99.2,EFTS
0001193125-22-025719,"Premier, Inc.",0001577916,2022-02-02,2022-02-01,8-K,EX-99.2,EFTS
0001564590-20-003494,NEUROCRINE BIOSCIENCES INC,0000914475,2020-02-05,2020-02-04,8-K,EX-99.1,EFTS
0001193125-20-026792,"Premier, Inc.",0001577916,2020-02-06,2020-02-04,8-K,EX-99.2,EFTS
0001018840-19-000028,ABERCROMBIE & FITCH CO /DE/,0001018840,2019-05-30,2019-05-22,8-K,EX-99.4,EFTS
0001193125-23-202937,STAAR SURGICAL CO,0000718937,2023-08-03,2023-08-02,8-K,EX-99.1,EFTS
0000076605-19-000024,PATRICK INDUSTRIES INC,0000076605,2019-02-19,2019-02-19,8-K,EX-99.1,EFTS
0000763744-19-000011,LCI INDUSTRIES,0000763744,2019-02-08,2019-02-07,8-K,EX-99.1,EFTS
0000763744-22-000084,LCI INDUSTRIES,0000763744,2022-11-02,2022-11-01,8-K,EX-99.1,EFTS
0000915389-19-000060,EASTMAN CHEMICAL CO,0000915389,2019-10-30,2019-10-24,8-K,EX-99.03,EFTS
0001193125-22-249298,TALOS ENERGY INC.,0001724965,2022-09-22,2022-09-22,8-K,EX-99.2,EFTS
0001193125-23-168250,PATTERSON UTI ENERGY INC,0000889900,2023-06-16,2023-06-15,8-K,EX-99.1,EFTS
0000043920-20-000050,"GREIF, INC",0000043920,2020-06-08,2020-06-08,8-K,EX-99.3,EFTS
0001018840-20-000041,ABERCROMBIE & FITCH CO /DE/,0001018840,2020-05-29,2020-05-28,8-K,EX-99.4,EFTS
0001628280-21-023214,"Acutus Medical, Inc.",0001522860,2021-11-12,2021-11-11,8-K,EX-99.2,EFTS
0001193125-20-297014,Haymaker Acquisition Corp. II,0001771908,2020-11-18,2020-11-18,8-K,EX-99.1,EFTS
0000043920-19-000036,GREIF INC,0000043920,2019-06-11,2019-06-10,8-K,EX-99.2,EFTS
0000892222-19-000091,"CRAFT BREW ALLIANCE, INC.",0000892222,2019-09-10,2019-09-04,8-K,EX-99.1,EFTS
0000726958-20-000120,CASEYS GENERAL STORES INC,0000726958,2020-09-14,2020-09-09,8-K,EX-99.1,EFTS
0000726958-20-000135,CASEYS GENERAL STORES INC,0000726958,2020-12-10,2020-12-08,8-K,EX-99.1,EFTS
0000768835-19-000069,BIG LOTS INC,0000768835,2019-09-04,2019-08-28,8-K,EX-99.2,EFTS
0001018840-20-000009,ABERCROMBIE & FITCH CO /DE/,0001018840,2020-03-05,2020-03-04,8-K,EX-99.4,EFTS
0000076605-20-000069,PATRICK INDUSTRIES INC,0000076605,2020-05-05,2020-04-30,8-K,EX-99.1,EFTS
0001140361-20-003708,"GARDNER DENVER HOLDINGS, INC.",0001699150,2020-02-20,2020-02-17,8-K,EX-99.1,EFTS
0000076605-20-000153,PATRICK INDUSTRIES INC,0000076605,2020-08-04,2020-07-30,8-K,EX-99.1,EFTS
0001193125-20-137569,"Premier, Inc.",0001577916,2020-05-08,2020-05-05,8-K,EX-99.2,EFTS
0001193125-19-030872,"Premier, Inc.",0001577916,2019-02-07,2019-02-05,8-K,EX-99.2,EFTS
0001193125-21-028930,"Premier, Inc.",0001577916,2021-02-04,2021-02-02,8-K,EX-99.2,EFTS
0001193125-19-322971,SANDERSON FARMS INC,0000812128,2019-12-26,2019-12-19,8-K,EX-99.2,EFTS
0000726958-20-000069,CASEYS GENERAL STORES INC,0000726958,2020-06-10,2020-06-09,8-K,EX-99.1,EFTS
0001104659-19-055012,THOR INDUSTRIES INC,0000730263,2019-10-18,2019-10-14,8-K,EX-99.1,EFTS
0000768835-19-000036,BIG LOTS INC,0000768835,2019-06-03,2019-05-29,8-K,EX-99.2,EFTS
0000043920-19-000043,GREIF INC,0000043920,2019-07-02,2019-07-02,8-K,EX-99.1,EFTS
0001193125-21-335861,"Astra Space, Inc.",0001814329,2021-11-22,2021-11-19,8-K,EX-99.1,EFTS
0001193125-21-335179,"Premier, Inc.",0001577916,2021-11-19,2021-11-17,8-K,EX-99.2,EFTS
0001104659-20-043824,Howmet Aerospace Inc.,0000004281,2020-04-06,2020-03-31,8-K,EX-99.1,EFTS
0001104659-20-043138,Arconic Corp,0001790982,2020-04-03,2020-03-30,8-K,EX-99.1,EFTS
0001193125-20-297940,"Aaron's Company, Inc.",0001821393,2020-11-19,2020-11-19,8-K,EX-99.1,EFTS
0001387131-22-012546,MELI Kaszek Pioneer Corp,0001870258,2022-12-19,2022-12-19,8-K,EX-99.1,EFTS
0000764478-22-000004,BEST BUY CO INC,0000764478,2022-03-03,2022-03-03,8-K,8-K,EFTS
0001193125-19-123824,LOEWS CORP,0000060086,2019-04-29,2019-04-29,8-K,EX-99.1,EFTS
0000920148-19-000002,LABORATORY CORP OF AMERICA HOLDINGS,0000920148,2019-01-03,2019-01-02,8-K,8-K,EFTS
0000779544-19-000009,ARK RESTAURANTS CORP,0000779544,2019-05-15,2019-05-15,8-K,EX-99.1,EFTS
0001437749-19-022792,"Fluent, Inc.",0001460329,2019-11-14,2019-11-11,8-K,EX-99.2,EFTS
0001104659-20-012472,Sundance Energy Inc.,0001326089,2020-02-07,2020-02-07,8-K,EX-99.1,EFTS
0001564590-20-009358,KOHLS Corp,0000885639,2020-03-09,2020-03-09,8-K,8-K,EFTS
0001104659-21-074325,Karat Packaging Inc.,0001758021,2021-05-28,2021-05-27,8-K,8-K,EFTS
0001193125-19-212584,LOEWS CORP,0000060086,2019-08-05,2019-08-05,8-K,EX-99.1,EFTS
0000930413-19-000576,ARK RESTAURANTS CORP,0000779544,2019-02-14,2019-02-12,8-K,EX-99.1,EFTS
0001193125-21-186842,Fisker Inc./DE,0001720990,2021-06-09,2021-06-08,8-K,EX-99.1,EFTS
0001193125-19-275640,LOEWS CORP,0000060086,2019-10-28,2019-10-28,8-K,EX-99.1,EFTS
0001104659-23-041897,WASTE MANAGEMENT INC,0000823768,2023-04-05,2023-04-05,8-K,EX-99.1,EFTS
0001193125-19-033027,LOEWS CORP,0000060086,2019-02-11,2019-02-11,8-K,EX-99.1,EFTS
0001193125-20-029183,LOEWS CORP,0000060086,2020-02-10,2020-02-10,8-K,EX-99.1,EFTS
0000950170-22-023526,"Red Violet, Inc.",0001720116,2022-11-09,2022-11-07,8-K,EX-99.2,EFTS
0000950170-23-040664,"Red Violet, Inc.",0001720116,2023-08-09,2023-08-07,8-K,EX-99.2,EFTS
0001142750-22-000003,AMN HEALTHCARE SERVICES INC,0001142750,2022-01-10,2022-01-10,8-K,EX-99.1,EFTS
0001104659-20-003162,"Cyclerion Therapeutics, Inc.",0001755237,2020-01-13,2020-01-13,8-K,8-K,EFTS
0001493152-19-004759,"Vislink Technologies, Inc.",0001565228,2019-04-03,2019-04-02,8-K,EX-99.2,EFTS
0001142750-21-000002,AMN HEALTHCARE SERVICES INC,0001142750,2021-01-11,2021-01-11,8-K,EX-99.1,EFTS
0001193125-19-138348,GEO GROUP INC,0000923796,2019-05-06,2019-04-30,8-K,EX-99.2,EFTS
0001437749-22-027003,"GeoVax Labs, Inc.",0000832489,2022-11-14,2022-11-09,8-K,EX-99.2,EFTS
0001213900-20-012155,IMMUCELL CORP /DE/,0000811641,2020-05-14,2020-05-14,8-K,EX-99.1,EFTS
0001564590-20-002379,OSHKOSH CORP,0000775158,2020-01-29,2020-01-29,8-K,8-K,EFTS
0000775158-19-000053,OSHKOSH CORP,0000775158,2019-04-30,2019-04-30,8-K,8-K,EFTS
0001564590-19-027707,OSHKOSH CORP,0000775158,2019-08-01,2019-08-01,8-K,8-K,EFTS
0000950170-22-020610,"Village Farms International, Inc.",0001584549,2022-10-31,2022-10-31,8-K,EX-99.1,EFTS
0001564590-22-027467,"Village Farms International, Inc.",0001584549,2022-08-02,2022-08-02,8-K,EX-99.1,EFTS
0001193125-22-081172,"TheRealReal, Inc.",0001573221,2022-03-22,2022-03-22,8-K,EX-99.1,EFTS
0000950170-23-001920,"Village Farms International, Inc.",0001584549,2023-02-07,2023-02-07,8-K,EX-99.1,EFTS
0001564590-22-017080,"Village Farms International, Inc.",0001584549,2022-05-02,2022-05-02,8-K,EX-99.1,EFTS
0001564590-19-038523,OSHKOSH CORP,0000775158,2019-10-30,2019-10-30,8-K,8-K,EFTS
0000775158-19-000005,OSHKOSH CORP,0000775158,2019-01-30,2019-01-30,8-K,8-K,EFTS
0000950170-23-054041,"Village Farms International, Inc.",0001584549,2023-10-19,2023-10-19,8-K,EX-99.1,EFTS
0001683168-20-000782,LANTRONIX INC,0001114925,2020-03-12,2020-03-11,8-K,EX-99.1,EFTS
0001564590-22-005458,"Village Farms International, Inc.",0001584549,2022-02-17,2022-02-17,8-K,EX-99.1,EFTS
0000950170-23-014425,"Village Farms International, Inc.",0001584549,2023-04-25,2023-04-25,8-K,EX-99,EFTS
0000950170-23-034079,"Village Farms International, Inc.",0001584549,2023-07-24,2023-07-24,8-K,EX-99.1,EFTS
0001437749-20-017090,"TRANSENTERIX, INC.",0000876378,2020-08-07,2020-08-05,8-K,EX-99.2,EFTS
0001140361-20-010540,LOEWS CORP,0000060086,2020-05-04,2020-05-04,8-K,EX-99.1,EFTS
0001213900-21-011940,Collective Growth Corp,0001799611,2021-02-26,2021-02-24,8-K,8-K,EFTS
0001564590-21-052440,OSHKOSH CORP,0000775158,2021-10-28,2021-10-28,8-K,8-K,EFTS
0000950170-22-020254,OSHKOSH CORP,0000775158,2022-10-27,2022-10-27,8-K,8-K,EFTS
0001104659-23-087281,"Global Net Lease, Inc.",0001526113,2023-08-03,2023-08-03,8-K,EX-99.1,EFTS
0000950170-23-001429,OSHKOSH CORP,0000775158,2023-01-31,2023-01-31,8-K,8-K,EFTS
0001437749-20-001073,PETMED EXPRESS INC,0001040130,2020-01-23,2020-01-21,8-K,EX-99.1,EFTS
0001193125-20-105837,FIFTH THIRD BANCORP,0000035527,2020-04-14,2020-04-14,8-K,EX-99.1,EFTS
0000950170-22-013285,OSHKOSH CORP,0000775158,2022-07-28,2022-07-28,8-K,8-K,EFTS
0001564590-22-002398,OSHKOSH CORP,0000775158,2022-01-26,2022-01-26,8-K,8-K,EFTS
0001564590-20-019442,OSHKOSH CORP,0000775158,2020-04-29,2020-04-29,8-K,8-K,EFTS
0000950170-23-036176,OSHKOSH CORP,0000775158,2023-08-01,2023-08-01,8-K,8-K,EFTS
0001564590-22-015881,OSHKOSH CORP,0000775158,2022-04-27,2022-04-27,8-K,8-K,EFTS
0000950170-23-055366,OSHKOSH CORP,0000775158,2023-10-26,2023-10-26,8-K,8-K,EFTS
0001564590-20-034533,OSHKOSH CORP,0000775158,2020-07-30,2020-07-30,8-K,8-K,EFTS
0000950170-23-015023,OSHKOSH CORP,0000775158,2023-04-27,2023-04-27,8-K,8-K,EFTS
0000950170-22-016504,"Red Violet, Inc.",0001720116,2022-08-10,2022-08-09,8-K,EX-99.2,EFTS
0000104894-21-000064,WASHINGTON REAL ESTATE INVESTMENT TRUST,0000104894,2021-06-15,2021-06-14,8-K,EX-99.1,EFTS
0001140361-22-015004,INDEPENDENT BANK CORP /MI/,0000039311,2022-04-19,2022-04-19,8-K,EX-99.1,EFTS
0001213900-21-021612,Holicity Inc.,0001814329,2021-04-15,2021-04-14,8-K,8-K,EFTS
0001235468-22-000044,LIQUIDITY SERVICES INC,0001235468,2022-02-03,2022-02-03,8-K,EX-99.1,EFTS
0001564590-20-048540,OSHKOSH CORP,0000775158,2020-10-29,2020-10-29,8-K,8-K,EFTS
0001564590-21-038837,OSHKOSH CORP,0000775158,2021-07-29,2021-07-29,8-K,8-K,EFTS
0001213900-21-047718,Akerna Corp.,0001755953,2021-09-14,2021-09-13,8-K,EX-99.1,EFTS
0001564590-21-002468,OSHKOSH CORP,0000775158,2021-01-27,2021-01-27,8-K,8-K,EFTS
0001032220-21-000046,"MAXIMUS, INC.",0001032220,2021-04-26,2021-04-20,8-K,EX-99.2,EFTS
0001654954-20-012645,PARK CITY GROUP INC,0000050471,2020-11-18,2020-11-16,8-K,EX-99.1,EFTS
0001564590-21-021128,OSHKOSH CORP,0000775158,2021-04-28,2021-04-28,8-K,8-K,EFTS
0000950170-23-069047,LIQUIDITY SERVICES INC,0001235468,2023-12-08,2023-12-07,8-K,EX-99.1,EFTS
0001213900-19-020289,Health Sciences Acquisitions Corp,0001764013,2019-10-15,2019-10-11,8-K,EX-99.1,EFTS
0000885725-19-000003,BOSTON SCIENTIFIC CORP,0000885725,2019-01-08,2019-01-08,8-K,EX-99.1,EFTS
0001144204-19-018477,Sachem Capital Corp.,0001682220,2019-04-05,2019-04-01,8-K,EX-99.1,EFTS
0001477932-20-004653,Terra Tech Corp.,0001451512,2020-08-10,2020-08-07,8-K,EX-99.2,EFTS
0001476204-20-000086,"Phillips Edison & Company, Inc.",0001476204,2020-11-09,2020-11-04,8-K,EX-99.2,EFTS
0001437749-21-005934,"ASENSUS SURGICAL, INC.",0000876378,2021-03-12,2021-03-11,8-K,EX-99.2,EFTS
0001493152-21-007051,"TRXADE GROUP, INC.",0001382574,2021-03-29,2021-03-29,8-K,EX-99.2,EFTS
0001437749-19-023403,"ThermoGenesis Holdings, Inc.",0000811212,2019-11-22,2019-11-19,8-K,EX-99.1,EFTS
0001437749-20-015518,PETMED EXPRESS INC,0001040130,2020-07-22,2020-07-20,8-K,EX-99.1,EFTS
0001104659-19-002745,Trinseo S.A.,0001519061,2019-01-22,2019-01-22,8-K,EX-99.1,EFTS
0000950170-23-001778,LIQUIDITY SERVICES INC,0001235468,2023-02-03,2023-02-02,8-K,EX-99.1,EFTS
0001213900-19-022795,"Postal Realty Trust, Inc.",0001759774,2019-11-12,2019-11-11,8-K,EX-99.2,EFTS
0001628280-19-001119,LIQUIDITY SERVICES INC,0001235468,2019-02-08,2019-02-07,8-K,EX-99.1,EFTS
0001213900-20-036590,"SenesTech, Inc.",0001680378,2020-11-12,2020-11-05,8-K,EX-99.2,EFTS
0001493152-20-009535,"Eastside Distilling, Inc.",0001534708,2020-05-20,2020-05-14,8-K,EX-99.2,EFTS
0001564590-20-010995,"Red Violet, Inc.",0001720116,2020-03-16,2020-03-12,8-K,EX-99.2,EFTS
0001032220-21-000029,"MAXIMUS, INC.",0001032220,2021-03-04,2021-03-04,8-K,EX-99.2,EFTS
0001387131-20-010478,Tonix Pharmaceuticals Holding Corp.,0001430306,2020-12-07,2020-12-07,8-K,EX-99.02,EFTS
0001213900-20-014560,"Kandi Technologies Group, Inc.",0001316517,2020-06-10,2020-06-05,8-K,EX-99.1,EFTS
0000097216-20-000166,TEREX CORP,0000097216,2020-05-04,2020-05-01,8-K,EX-99.1,EFTS
0001065696-20-000046,LKQ CORP,0001065696,2020-08-18,2020-08-17,8-K,EX-99.1,EFTS
0001140361-20-024271,LOEWS CORP,0000060086,2020-11-02,2020-11-02,8-K,EX-99.1,EFTS
0000950170-22-008145,"Red Violet, Inc.",0001720116,2022-05-06,2022-05-04,8-K,EX-99.2,EFTS
0001193125-20-285627,IMPERIAL OIL LTD,0000049938,2020-11-04,2020-11-04,8-K,EX-99.1,EFTS
0001140361-21-003672,LOEWS CORP,0000060086,2021-02-08,2021-02-08,8-K,EX-99.1,EFTS
0001193125-23-028420,AppLovin Corp,0001751008,2023-02-08,2023-02-08,8-K,EX-99.1,EFTS
0001616741-20-000014,"PATRIOT TRANSPORTATION HOLDING, INC.",0001616741,2020-05-18,2020-05-14,8-K,EX-99.1,EFTS
0000885725-21-000002,BOSTON SCIENTIFIC CORP,0000885725,2021-01-12,2021-01-12,8-K,EX-99.1,EFTS
0000935703-23-000042,"DOLLAR TREE, INC.",0000935703,2023-08-10,2023-08-10,8-K,EX-99.1,EFTS
0001437749-19-001253,PETMED EXPRESS INC,0001040130,2019-01-24,2019-01-22,8-K,EX-99.1,EFTS
0001140361-20-017251,LOEWS CORP,0000060086,2020-08-03,2020-08-03,8-K,EX-99.1,EFTS
0001437749-19-014534,PETMED EXPRESS INC,0001040130,2019-07-24,2019-07-22,8-K,EX-99.1,EFTS
0000097216-21-000180,TEREX CORP,0000097216,2021-05-03,2021-04-30,8-K,EX-99.1,EFTS
0000892482-22-000086,Qumu Corp,0000892482,2022-10-28,2022-10-27,8-K,EX-99.2,EFTS
0000892482-22-000021,Qumu Corp,0000892482,2022-05-13,2022-05-12,8-K,EX-99.2,EFTS
0000097216-21-000236,TEREX CORP,0000097216,2021-07-30,2021-07-30,8-K,EX-99.1,EFTS
0001564590-20-041232,JanOne Inc.,0000862861,2020-08-26,2020-08-25,8-K,EX-99.1,EFTS
0001437749-19-020476,PETMED EXPRESS INC,0001040130,2019-10-23,2019-10-21,8-K,EX-99.1,EFTS
0000097216-19-000123,TEREX CORP,0000097216,2019-05-01,2019-05-01,8-K,EX-99.1,EFTS
0001564590-21-027234,"Red Violet, Inc.",0001720116,2021-05-13,2021-05-11,8-K,EX-99.2,EFTS
0001193125-19-290002,GEO GROUP INC,0000923796,2019-11-12,2019-11-05,8-K,EX-99.2,EFTS
0000935703-23-000059,"DOLLAR TREE, INC.",0000935703,2023-11-08,2023-11-08,8-K,EX-99.1,EFTS
0001126975-23-000102,"Magellan Midstream Partners, L.P.",0001126975,2023-05-18,2023-05-18,8-K,EX-99.1,EFTS
0001193125-22-281229,AppLovin Corp,0001751008,2022-11-09,2022-11-07,8-K,EX-99.1,EFTS
0000706129-23-000011,HORIZON BANCORP INC /IN/,0000706129,2023-02-21,2023-02-21,8-K,EX-99.1,EFTS
0001751008-23-000047,AppLovin Corp,0001751008,2023-05-10,2023-05-10,8-K,EX-99.1,EFTS
0001751008-23-000061,AppLovin Corp,0001751008,2023-08-09,2023-08-09,8-K,EX-99.1,EFTS
0001077771-22-000031,UMPQUA HOLDINGS CORP,0001077771,2022-06-30,2022-06-30,8-K,EX-99.1,EFTS
0001193125-22-147577,AppLovin Corp,0001751008,2022-05-11,2022-05-11,8-K,EX-99.1,EFTS
0000049938-23-000021,IMPERIAL OIL LTD,0000049938,2023-04-07,2023-04-06,8-K,EX-99.1,EFTS
0001193125-22-047727,IMPERIAL OIL LTD,0000049938,2022-02-22,2022-02-22,8-K,EX-99.1,EFTS
0001193125-19-282108,IMPERIAL OIL LTD,0000049938,2019-11-01,2019-10-31,8-K,EX-99.1,EFTS
0001077771-22-000014,UMPQUA HOLDINGS CORP,0001077771,2022-04-01,2022-03-31,8-K,EX-99.1,EFTS
0001104659-21-138071,"Accelerate Diagnostics, Inc",0000727207,2021-11-12,2021-11-09,8-K,EX-99.2,EFTS
0001193125-22-217369,AppLovin Corp,0001751008,2022-08-10,2022-08-08,8-K,EX-99.1,EFTS
0001126975-20-000128,"Magellan Midstream Partners, L.P.",0001126975,2020-09-08,2020-09-03,8-K,EX-99.1,EFTS
0001077771-21-000037,UMPQUA HOLDINGS CORP,0001077771,2021-06-30,2021-06-30,8-K,EX-99.1,EFTS
0001193125-19-213013,GEO GROUP INC,0000923796,2019-08-05,2019-07-30,8-K,EX-99.2,EFTS
0001077771-21-000053,UMPQUA HOLDINGS CORP,0001077771,2021-10-05,2021-10-05,8-K,EX-99.1,EFTS
0001077771-22-000002,UMPQUA HOLDINGS CORP,0001077771,2022-01-04,2022-01-04,8-K,EX-99.1,EFTS
0001564590-21-022537,Silvercrest Asset Management Group Inc.,0001549966,2021-04-30,2021-04-30,8-K,EX-99.1,EFTS
0001077771-22-000052,UMPQUA HOLDINGS CORP,0001077771,2022-09-30,2022-09-30,8-K,EX-99.1,EFTS
0001493152-20-021899,"TRXADE GROUP, INC.",0001382574,2020-11-18,2020-11-18,8-K,EX-99.1,EFTS
0001077771-19-000068,UMPQUA HOLDINGS CORP,0001077771,2019-12-30,2019-12-30,8-K,EX-99.1,EFTS
0000950170-23-055975,Silvercrest Asset Management Group Inc.,0001549966,2023-10-27,2023-10-27,8-K,EX-99.1,EFTS
0000950170-22-012924,Silvercrest Asset Management Group Inc.,0001549966,2022-07-22,2022-07-22,8-K,EX-99.1,EFTS
0001077771-19-000034,UMPQUA HOLDINGS CORP,0001077771,2019-06-27,2019-06-27,8-K,EX-99.1,EFTS
0001564590-19-037919,Silvercrest Asset Management Group Inc.,0001549966,2019-10-25,2019-10-25,8-K,EX-99.1,EFTS
0001564590-20-007796,Silvercrest Asset Management Group Inc.,0001549966,2020-02-28,2020-02-28,8-K,EX-99.1,EFTS
0001564590-21-052949,Silvercrest Asset Management Group Inc.,0001549966,2021-10-29,2021-10-29,8-K,EX-99.1,EFTS
0000950170-23-004377,Silvercrest Asset Management Group Inc.,0001549966,2023-02-24,2023-02-24,8-K,EX-99,EFTS
0001077771-19-000021,UMPQUA HOLDINGS CORP,0001077771,2019-03-29,2019-03-29,8-K,EX-99.1,EFTS
0001518715-23-000065,"HomeStreet, Inc.",0001518715,2023-04-03,2023-04-03,8-K,EX-99.1,EFTS
0001518715-23-000003,"HomeStreet, Inc.",0001518715,2023-01-04,2023-01-04,8-K,EX-99.1,EFTS
0001077771-20-000061,UMPQUA HOLDINGS CORP,0001077771,2020-06-30,2020-06-30,8-K,EX-99.1,EFTS
0000950170-23-015802,Silvercrest Asset Management Group Inc.,0001549966,2023-04-28,2023-04-28,8-K,EX-99,EFTS
0000950170-22-002005,Silvercrest Asset Management Group Inc.,0001549966,2022-02-24,2022-02-24,8-K,EX-99.1,EFTS
0001564590-20-018504,Silvercrest Asset Management Group Inc.,0001549966,2020-04-24,2020-04-24,8-K,EX-99.1,EFTS
0001518715-21-000117,"HomeStreet, Inc.",0001518715,2021-06-30,2021-06-30,8-K,EX-99.1,EFTS
0001193125-21-293789,"CIVISTA BANCSHARES, INC.",0000944745,2021-10-07,2021-10-07,8-K,EX-99.1,EFTS
0000939802-19-000035,"CAPSTONE COMPANIES, INC.",0000814926,2019-11-05,2019-11-04,8-K,EX-99.1,EFTS
0001518715-20-000127,"HomeStreet, Inc.",0001518715,2020-06-26,2020-06-26,8-K,EX-99.1,EFTS
0001564590-22-015510,COMPUTER TASK GROUP INC,0000023111,2022-04-26,2022-04-26,8-K,EX-99.1,EFTS
0001385613-22-000109,"GREENLIGHT CAPITAL RE, LTD.",0001385613,2022-10-17,2022-10-17,8-K,EX-99.1,EFTS
0001518715-19-000180,"HomeStreet, Inc.",0001518715,2019-09-24,2019-09-24,8-K,EX-99.1,EFTS
0001518715-20-000167,"HomeStreet, Inc.",0001518715,2020-10-05,2020-10-05,8-K,EX-99.1,EFTS
0000950170-22-020463,Silvercrest Asset Management Group Inc.,0001549966,2022-10-28,2022-10-28,8-K,EX-99.1,EFTS
0001564590-19-026362,Silvercrest Asset Management Group Inc.,0001549966,2019-07-26,2019-07-26,8-K,EX-99.1,EFTS
0001564590-22-004705,COMPUTER TASK GROUP INC,0000023111,2022-02-11,2022-02-08,8-K,EX-99.1,EFTS
0001193125-21-328218,"Trean Insurance Group, Inc.",0001801754,2021-11-12,2021-11-10,8-K,EX-99.1,EFTS
0001077771-20-000032,UMPQUA HOLDINGS CORP,0001077771,2020-04-07,2020-04-07,8-K,EX-99.1,EFTS
0001564590-21-037740,Silvercrest Asset Management Group Inc.,0001549966,2021-07-23,2021-07-23,8-K,EX-99.1,EFTS
0001518715-21-000020,"HomeStreet, Inc.",0001518715,2021-01-07,2021-01-07,8-K,EX-99.1,EFTS
0000950170-22-019946,COMPUTER TASK GROUP INC,0000023111,2022-10-25,2022-10-25,8-K,EX-99.1,EFTS
0001193125-20-024302,"Armstrong Flooring, Inc.",0001655075,2020-02-04,2020-02-04,8-K,EX-99.1,EFTS
0001518715-19-000127,"HomeStreet, Inc.",0001518715,2019-06-25,2019-06-25,8-K,EX-99.1,EFTS
0000939802-21-000020,"CAPSTONE COMPANIES, INC.",0000814926,2021-03-24,2021-03-24,8-K,EX-99.1,EFTS
0000939802-21-000042,"CAPSTONE COMPANIES, INC.",0000814926,2021-05-06,2021-05-06,8-K,EX-99.1,EFTS
0000939802-19-000008,"CAPSTONE COMPANIES, INC.",0000814926,2019-03-19,2019-03-19,8-K,EX-99.1,EFTS
0001518715-23-000127,"HomeStreet, Inc.",0001518715,2023-07-06,2023-07-06,8-K,EX-99.1,EFTS
0001564590-20-049308,Silvercrest Asset Management Group Inc.,0001549966,2020-10-30,2020-10-30,8-K,EX-99.1,EFTS
0001564590-21-009429,Silvercrest Asset Management Group Inc.,0001549966,2021-02-26,2021-02-26,8-K,EX-99.1,EFTS
0000950170-22-006727,Silvercrest Asset Management Group Inc.,0001549966,2022-04-29,2022-04-29,8-K,EX-99.1,EFTS
0001518715-20-000091,"HomeStreet, Inc.",0001518715,2020-04-15,2020-04-15,8-K,EX-99.1,EFTS
0001564590-21-044173,"Red Violet, Inc.",0001720116,2021-08-13,2021-08-11,8-K,EX-99.2,EFTS
0001564590-19-013356,Silvercrest Asset Management Group Inc.,0001549966,2019-04-26,2019-04-26,8-K,EX-99.1,EFTS
0001193125-23-005203,"Premier, Inc.",0001577916,2023-01-10,2023-01-10,8-K,EX-99.2,EFTS
0001518715-22-000079,"HomeStreet, Inc.",0001518715,2022-04-04,2022-04-04,8-K,EX-99.1,EFTS
0000939802-19-000025,"CAPSTONE COMPANIES, INC.",0000814926,2019-08-01,2019-08-01,8-K,EX-99.1,EFTS
0001518715-22-000147,"HomeStreet, Inc.",0001518715,2022-09-26,2022-09-26,8-K,EX-99.1,EFTS
0001077771-21-000014,UMPQUA HOLDINGS CORP,0001077771,2021-03-30,2021-03-30,8-K,EX-99.1,EFTS
0001193125-20-005421,"CIVISTA BANCSHARES, INC.",0000944745,2020-01-10,2020-01-10,8-K,EX-99.1,EFTS
0001077771-20-000090,UMPQUA HOLDINGS CORP,0001077771,2020-12-30,2020-12-30,8-K,EX-99.1,EFTS
0000356130-19-000045,EMC INSURANCE GROUP INC,0000356130,2019-04-05,2019-04-05,8-K,EX-99,EFTS
0001518715-23-000169,"HomeStreet, Inc.",0001518715,2023-10-05,2023-10-05,8-K,EX-99.1,EFTS
0001654954-21-000937,DYNATRONICS CORP,0000720875,2021-01-29,2021-01-28,8-K,EX-99.1,EFTS
0001518715-19-000214,"HomeStreet, Inc.",0001518715,2019-12-19,2019-12-19,8-K,EX-99.1,EFTS
0001437749-19-009054,PETMED EXPRESS INC,0001040130,2019-05-08,2019-05-06,8-K,EX-99.1,EFTS
0001171843-23-004150,DONEGAL GROUP INC,0000800457,2023-06-27,2023-06-27,8-K,EX-99.1,EFTS
0000939802-19-000017,"CAPSTONE COMPANIES, INC.",0000814926,2019-05-02,2019-05-02,8-K,EX-99.1,EFTS
0001518715-21-000080,"HomeStreet, Inc.",0001518715,2021-03-31,2021-03-31,8-K,EX-99.1,EFTS
0001518715-21-000160,"HomeStreet, Inc.",0001518715,2021-09-30,2021-09-30,8-K,EX-99.1,EFTS
0001193125-21-108275,"CIVISTA BANCSHARES, INC.",0000944745,2021-04-07,2021-04-07,8-K,EX-99.1,EFTS
0000097216-21-000277,TEREX CORP,0000097216,2021-10-29,2021-10-29,8-K,EX-99.1,EFTS
0001193125-20-102157,"CIVISTA BANCSHARES, INC.",0000944745,2020-04-09,2020-04-09,8-K,EX-99.1,EFTS
0000950170-23-014437,COMPUTER TASK GROUP INC,0000023111,2023-04-25,2023-04-25,8-K,EX-99,EFTS
0000950170-23-002346,COMPUTER TASK GROUP INC,0000023111,2023-02-09,2023-02-09,8-K,EX-99.1,EFTS
0001518715-20-000145,"HomeStreet, Inc.",0001518715,2020-07-13,2020-06-26,8-K,EX-99.1,EFTS
0001077771-20-000077,UMPQUA HOLDINGS CORP,0001077771,2020-10-01,2020-10-01,8-K,EX-99.1,EFTS
0001193125-20-266052,"CIVISTA BANCSHARES, INC.",0000944745,2020-10-08,2020-10-08,8-K,EX-99.1,EFTS
0001193125-22-101038,"CIVISTA BANCSHARES, INC.",0000944745,2022-04-11,2022-04-11,8-K,EX-99.1,EFTS
0001518715-19-000216,"HomeStreet, Inc.",0001518715,2019-12-20,2019-12-19,8-K,EX-99.1,EFTS
0001213900-22-028214,Greenrose Holding Co Inc.,0001790665,2022-05-19,2022-05-13,8-K,EX-99.1,EFTS
0001077771-19-000052,UMPQUA HOLDINGS CORP,0001077771,2019-09-30,2019-09-30,8-K,EX-99.1,EFTS
0001518715-22-000016,"HomeStreet, Inc.",0001518715,2022-01-07,2022-01-07,8-K,EX-99.1,EFTS
0001193125-21-210357,"CIVISTA BANCSHARES, INC.",0000944745,2021-07-08,2021-07-08,8-K,EX-99.1,EFTS
0001564590-19-005801,Silvercrest Asset Management Group Inc.,0001549966,2019-03-01,2019-03-01,8-K,EX-99.1,EFTS
0001185185-21-001857,EDUCATIONAL DEVELOPMENT CORP,0000031667,2021-12-22,2021-12-22,8-K,EX-99.1,EFTS
0001564590-22-026074,COMPUTER TASK GROUP INC,0000023111,2022-07-21,2022-07-21,8-K,EX-99.1,EFTS
0001564590-20-033885,Silvercrest Asset Management Group Inc.,0001549966,2020-07-28,2020-07-28,8-K,EX-99.1,EFTS
0001171843-23-001942,DONEGAL GROUP INC,0000800457,2023-03-28,2023-03-28,8-K,EX-99.1,EFTS
0000892482-21-000052,Qumu Corp,0000892482,2021-10-29,2021-10-28,8-K,EX-99.2,EFTS
0001193125-22-259261,"CIVISTA BANCSHARES, INC.",0000944745,2022-10-07,2022-10-07,8-K,EX-99.1,EFTS
0001171843-23-005880,DONEGAL GROUP INC,0000800457,2023-09-27,2023-09-27,8-K,EX-99.1,EFTS
0001518715-19-000092,"HomeStreet, Inc.",0001518715,2019-04-18,2019-04-18,8-K,EX-99.1,EFTS
0000950170-23-034058,Silvercrest Asset Management Group Inc.,0001549966,2023-07-24,2023-07-24,8-K,EX-99.1,EFTS
0000892482-22-000076,Qumu Corp,0000892482,2022-08-12,2022-08-10,8-K,EX-99.2,EFTS
0001193125-23-253465,"CIVISTA BANCSHARES, INC.",0000944745,2023-10-10,2023-10-10,8-K,EX-99.1,EFTS
0001171843-22-004568,DONEGAL GROUP INC,0000800457,2022-06-28,2022-06-28,8-K,EX-99.1,EFTS
0001193125-19-082059,"CNL Healthcare Properties, Inc.",0001496454,2019-03-21,2019-03-21,8-K,EX-99.2,EFTS
0001518715-22-000123,"HomeStreet, Inc.",0001518715,2022-07-01,2022-07-01,8-K,EX-99.1,EFTS
0001193125-22-191024,"CIVISTA BANCSHARES, INC.",0000944745,2022-07-11,2022-07-11,8-K,EX-99.1,EFTS
0001654954-21-009870,DYNATRONICS CORP,0000720875,2021-09-09,2021-09-09,8-K,EX-99.1,EFTS
0001193125-19-262286,"CIVISTA BANCSHARES, INC.",0000944745,2019-10-04,2019-10-04,8-K,EX-99.1,EFTS
0000950170-23-036773,COMPUTER TASK GROUP INC,0000023111,2023-08-02,2023-08-02,8-K,EX-99.1,EFTS
0001265107-19-000028,MONITRONICS INTERNATIONAL INC,0001265107,2019-11-12,2019-11-11,8-K,EX-99.1,EFTS
0001193125-20-189296,"CIVISTA BANCSHARES, INC.",0000944745,2020-07-08,2020-07-08,8-K,EX-99.1,EFTS
0001193125-21-005176,"CIVISTA BANCSHARES, INC.",0000944745,2021-01-08,2021-01-08,8-K,EX-99.1,EFTS
0001279569-23-000157,Trilogy Metals Inc.,0001543418,2023-02-13,2023-02-13,8-K,EX-99.1,EFTS
0001193125-19-104591,"CIVISTA BANCSHARES, INC.",0000944745,2019-04-12,2019-04-12,8-K,EX-99.1,EFTS
0001654954-21-004817,DYNATRONICS CORP,0000720875,2021-04-29,2021-04-29,8-K,EX-99.1,EFTS
0001185185-21-001443,EDUCATIONAL DEVELOPMENT CORP,0000031667,2021-10-05,2021-10-05,8-K,EX-99.1,EFTS
0001564590-20-040820,VOXX International Corp,0000807707,2020-08-20,2020-08-17,8-K,EX-99.1,EFTS
0001573221-22-000033,"TheRealReal, Inc.",0001573221,2022-02-23,2022-02-23,8-K,EX-99.2,EFTS
0001568276-22-000258,DYNATRONICS CORP,0000720875,2022-01-27,2022-01-27,8-K,EX-99.1,EFTS
0001831631-22-000103,"loanDepot, Inc.",0001831631,2022-04-28,2022-04-28,8-K,EX-99.1,EFTS
0001171843-22-006275,DONEGAL GROUP INC,0000800457,2022-09-28,2022-09-28,8-K,EX-99.1,EFTS
0001193125-22-012103,"CIVISTA BANCSHARES, INC.",0000944745,2022-01-19,2022-01-19,8-K,EX-99.1,EFTS
0001193125-23-003539,"CIVISTA BANCSHARES, INC.",0000944745,2023-01-06,2023-01-06,8-K,EX-99.1,EFTS
0001193125-23-183779,"CIVISTA BANCSHARES, INC.",0000944745,2023-07-07,2023-07-07,8-K,EX-99.1,EFTS
0001493152-20-011421,"Bright Mountain Media, Inc.",0001568385,2020-06-18,2020-06-18,8-K,EX-99.1,EFTS
0001654954-22-012267,DYNATRONICS CORP,0000720875,2022-09-08,2022-09-08,8-K,EX-99.1,EFTS
0001171843-23-000395,DONEGAL GROUP INC,0000800457,2023-01-23,2023-01-23,8-K,EX-99.1,EFTS
0001193125-23-094692,"CIVISTA BANCSHARES, INC.",0000944745,2023-04-07,2023-04-07,8-K,EX-99.1,EFTS
0000706129-23-000004,HORIZON BANCORP INC /IN/,0000706129,2023-01-30,2023-01-30,8-K,EX-99.1,EFTS
0001193125-19-013550,"CIVISTA BANCSHARES, INC.",0000944745,2019-01-22,2019-01-22,8-K,EX-99.1,EFTS
0000763744-19-000006,LCI INDUSTRIES,0000763744,2019-01-24,2019-01-24,8-K,EX-99.1,EFTS
0001654954-21-011424,DYNATRONICS CORP,0000720875,2021-10-28,2021-10-28,8-K,EX-99.1,EFTS
0001654954-22-005508,DYNATRONICS CORP,0000720875,2022-04-28,2022-04-28,8-K,EX-99.1,EFTS
0001193125-19-188735,"CIVISTA BANCSHARES, INC.",0000944745,2019-07-03,2019-07-03,8-K,EX-99.1,EFTS
0000784011-19-000086,POPE RESOURCES LTD PARTNERSHIP,0000784011,2019-06-04,2019-06-03,8-K,EX-99.1,EFTS
0001140361-22-012481,DONEGAL GROUP INC,0000800457,2022-04-01,2022-03-31,8-K,EX-99.1,EFTS
0000706129-21-000069,HORIZON BANCORP INC /IN/,0000706129,2021-11-08,2021-11-08,8-K,EX-99.1,EFTS
0000939802-19-000015,"CAPSTONE COMPANIES, INC.",0000814926,2019-04-08,2019-04-02,8-K,EX-99.2,EFTS
0001077771-23-000003,UMPQUA HOLDINGS CORP,0001077771,2023-01-11,2023-01-11,8-K,EX-99.1,EFTS
0001289308-19-000043,EnerSys,0001289308,2019-09-16,2019-09-11,8-K,EX-99.1,EFTS
0001126975-20-000105,"Magellan Midstream Partners, L.P.",0001126975,2020-06-15,2020-06-15,8-K,EX-99.1,EFTS
0000950170-21-004388,"Joby Aviation, Inc.",0001819848,2021-11-12,2021-11-11,8-K,EX-99.3,EFTS
0001193125-20-139252,"Red Rock Resorts, Inc.",0001653653,2020-05-11,2020-05-11,8-K,EX-99.1,EFTS
0001564590-20-024856,"Red Violet, Inc.",0001720116,2020-05-13,2020-05-11,8-K,EX-99.2,EFTS
0001564590-21-012891,"Red Violet, Inc.",0001720116,2021-03-12,2021-03-10,8-K,EX-99.2,EFTS
0000097216-23-000014,TEREX CORP,0000097216,2023-02-13,2023-02-10,8-K,EX-99.1,EFTS
0001477932-20-006337,Terra Tech Corp.,0001451512,2020-11-09,2020-11-06,8-K,EX-99.2,EFTS
0001171843-23-006444,Aptose Biosciences Inc.,0000882361,2023-10-26,2023-10-26,8-K,EX-99.1,EFTS
0000097216-19-000179,TEREX CORP,0000097216,2019-08-01,2019-07-30,8-K,EX-99.1,EFTS
0000097216-22-000141,TEREX CORP,0000097216,2022-08-05,2022-08-03,8-K,EX-99.1,EFTS
0000076605-22-000056,PATRICK INDUSTRIES INC,0000076605,2022-04-14,2022-04-14,8-K,EX-99.1,EFTS
0000076605-23-000153,PATRICK INDUSTRIES INC,0000076605,2023-10-12,2023-10-12,8-K,EX-99.1,EFTS
0001628280-23-037166,AIR LEASE CORP,0001487712,2023-11-07,2023-11-06,8-K,EX-99.1,EFTS
0000763744-22-000003,LCI INDUSTRIES,0000763744,2022-01-27,2022-01-27,8-K,EX-99.1,EFTS
0001493152-21-020470,"Staffing 360 Solutions, Inc.",0001499717,2021-08-17,2021-08-17,8-K,EX-99.2,EFTS
0001654954-23-010218,EASTERN CO,0000031107,2023-08-07,2023-05-09,8-K,EX-99.2,EFTS
0001213900-23-012543,"TFF Pharmaceuticals, Inc.",0001733413,2023-02-17,2023-02-16,8-K,EX-99.1,EFTS
0000763744-19-000064,LCI INDUSTRIES,0000763744,2019-07-23,2019-07-23,8-K,EX-99.1,EFTS
0001193125-22-202158,"Avangrid, Inc.",0001634997,2022-07-26,2022-07-26,8-K,EX-99.1,EFTS
0000097216-22-000015,TEREX CORP,0000097216,2022-02-14,2022-02-11,8-K,EX-99.1,EFTS
0001818644-21-000005,"AEye, Inc.",0001818644,2021-11-12,2021-11-11,8-K,EX-99.1,EFTS
0000097216-20-000261,TEREX CORP,0000097216,2020-10-30,2020-10-28,8-K,EX-99.1,EFTS
0000076605-22-000096,PATRICK INDUSTRIES INC,0000076605,2022-07-14,2022-07-14,8-K,EX-99.1,EFTS
0001213900-22-051406,Greenrose Holding Co Inc.,0001790665,2022-08-26,2022-08-22,8-K,EX-99.2,EFTS
0000076605-21-000175,PATRICK INDUSTRIES INC,0000076605,2021-10-14,2021-10-14,8-K,EX-99.1,EFTS
0000076605-23-000058,PATRICK INDUSTRIES INC,0000076605,2023-04-13,2023-04-13,8-K,EX-99.1,EFTS
0000763744-19-000027,LCI INDUSTRIES,0000763744,2019-04-23,2019-04-23,8-K,EX-99.1,EFTS
0000076605-22-000013,PATRICK INDUSTRIES INC,0000076605,2022-01-27,2022-01-27,8-K,EX-99.1,EFTS
0000076605-22-000119,PATRICK INDUSTRIES INC,0000076605,2022-10-13,2022-10-13,8-K,EX-99.1,EFTS
0000763744-21-000114,LCI INDUSTRIES,0000763744,2021-10-19,2021-10-19,8-K,EX-99.1,EFTS
0001476204-19-000039,"Phillips Edison & Company, Inc.",0001476204,2019-05-09,2019-05-09,8-K,EX-99.2,EFTS
0000763744-20-000005,LCI INDUSTRIES,0000763744,2020-01-28,2020-01-28,8-K,EX-99.1,EFTS
0001122976-23-000018,AVIENT CORP,0001122976,2023-05-03,2023-05-03,8-K,EX-99.1,EFTS
0001104659-23-062569,MOVING iMAGE TECHNOLOGIES INC.,0001770236,2023-05-19,2023-05-15,8-K,EX-99.2,EFTS
0000892482-22-000002,Qumu Corp,0000892482,2022-03-18,2022-03-17,8-K,EX-99.2,EFTS
0000097216-20-000212,TEREX CORP,0000097216,2020-08-03,2020-07-31,8-K,EX-99.1,EFTS
0000763744-20-000111,LCI INDUSTRIES,0000763744,2020-10-19,2020-10-19,8-K,EX-99.1,EFTS
0001883685-22-000034,DraftKings Inc.,0001883685,2022-11-04,2022-11-04,8-K,EX-99.1,EFTS
0000076605-23-000128,PATRICK INDUSTRIES INC,0000076605,2023-07-13,2023-07-13,8-K,EX-99.1,EFTS
0001564590-21-040229,DZS INC.,0001101680,2021-08-03,2021-08-03,8-K,8-K,EFTS
0000763744-20-000042,LCI INDUSTRIES,0000763744,2020-04-21,2020-04-21,8-K,EX-99.1,EFTS
0001437749-22-004660,RBB Bancorp,0001499422,2022-02-28,2022-02-24,8-K,8-K,EFTS
0000763744-23-000032,LCI INDUSTRIES,0000763744,2023-04-18,2023-04-18,8-K,EX-99.1,EFTS
0001803914-23-000107,"PLBY Group, Inc.",0001803914,2023-11-09,2023-11-09,8-K,EX-99.1,EFTS
0000763744-19-000103,LCI INDUSTRIES,0000763744,2019-10-22,2019-10-22,8-K,EX-99.1,EFTS
0000076605-23-000024,PATRICK INDUSTRIES INC,0000076605,2023-01-26,2023-01-26,8-K,EX-99.1,EFTS
0000892482-21-000037,Qumu Corp,0000892482,2021-06-30,2021-06-29,8-K,EX-99.2,EFTS
0000887343-23-000301,"COLUMBIA BANKING SYSTEM, INC.",0000887343,2023-09-29,2023-09-29,8-K,EX-99.1,EFTS
0000763744-21-000037,LCI INDUSTRIES,0000763744,2021-04-20,2021-04-20,8-K,EX-99.1,EFTS
0001193125-20-043983,"Riviera Resources, Inc.",0001737204,2020-02-21,2020-02-14,8-K,EX-99.1,EFTS
0000763744-23-000060,LCI INDUSTRIES,0000763744,2023-07-18,2023-07-18,8-K,EX-99.1,EFTS
0001810806-23-000010,Unity Software Inc.,0001810806,2023-02-22,2023-02-22,8-K,EX-99.1,EFTS
0001140361-20-028169,FRONTIER COMMUNICATIONS CORP,0000020520,2020-12-11,2020-12-11,8-K,8-K,EFTS
0001140361-21-007316,FRONTIER COMMUNICATIONS CORP,0000020520,2021-03-04,2021-03-04,8-K,8-K,EFTS
0000887343-23-000313,"COLUMBIA BANKING SYSTEM, INC.",0000887343,2023-12-29,2023-12-29,8-K,EX-99.1,EFTS
0000887343-23-000279,"COLUMBIA BANKING SYSTEM, INC.",0000887343,2023-06-30,2023-06-30,8-K,EX-99.1,EFTS
0000950170-22-012764,"AMERICA FIRST MULTIFAMILY INVESTORS, L.P.",0001059142,2022-07-18,2022-07-18,8-K,EX-99.1,EFTS
0000763744-20-000086,LCI INDUSTRIES,0000763744,2020-07-21,2020-07-21,8-K,EX-99.1,EFTS
0001193125-21-113950,"BurgerFi International, Inc.",0001723580,2021-04-13,2021-04-09,8-K,EX-99.1,EFTS
0000763744-23-000086,LCI INDUSTRIES,0000763744,2023-10-17,2023-10-17,8-K,EX-99.1,EFTS
0001493152-21-017401,"Ensysce Biosciences, Inc.",0001716947,2021-07-21,2021-07-21,8-K,EX-99.2,EFTS
0001437749-19-002556,NATIONAL RESEARCH CORP,0000070487,2019-02-14,2019-02-12,8-K,8-K,EFTS
0000731766-22-000038,UNITEDHEALTH GROUP INC,0000731766,2022-09-09,2022-09-09,8-K,8-K,EFTS
0001437749-22-016094,"Vaxart, Inc.",0000072444,2022-06-28,2022-06-22,8-K,8-K,EFTS
0000887343-23-000208,"COLUMBIA BANKING SYSTEM, INC.",0000887343,2023-04-03,2023-03-31,8-K,EX-99.1,EFTS
0001185185-22-000247,"Mitesco, Inc.",0000802257,2022-03-03,2022-03-01,8-K,EX-99.2,EFTS
0000763744-22-000050,LCI INDUSTRIES,0000763744,2022-07-19,2022-07-19,8-K,EX-99.1,EFTS
0001144204-19-019969,"Global Net Lease, Inc.",0001526113,2019-04-17,2019-04-17,8-K,EX-99.1,EFTS
0001104659-19-055375,"Global Net Lease, Inc.",0001526113,2019-10-22,2019-10-22,8-K,EX-99.1,EFTS
0001194794-19-000108,PROASSURANCE CORP,0001127703,2019-04-26,2019-04-26,8-K,8-K/A,EFTS
0001113169-19-000007,PRICE T ROWE GROUP INC,0001113169,2019-02-13,2019-02-11,8-K,EX-99.1,EFTS
0000950170-22-019734,"AMERICA FIRST MULTIFAMILY INVESTORS, L.P.",0001059142,2022-10-19,2022-10-19,8-K,EX-99.1,EFTS
0001071739-19-000156,CENTENE CORP,0001071739,2019-12-12,2019-12-12,8-K,8-K,EFTS
0000763744-21-000005,LCI INDUSTRIES,0000763744,2021-01-26,2021-01-26,8-K,EX-99.1,EFTS
0000037472-20-000006,FLEXSTEEL INDUSTRIES INC,0000037472,2020-01-27,2020-01-27,8-K,8-K,EFTS
0001437749-19-009200,NATIONAL RESEARCH CORP,0000070487,2019-05-09,2019-05-07,8-K,8-K,EFTS
0001157523-19-000953,FLEXSTEEL INDUSTRIES INC,0000037472,2019-04-30,2019-04-29,8-K,8-K,EFTS
0001157523-19-001912,FLEXSTEEL INDUSTRIES INC,0000037472,2019-08-27,2019-08-26,8-K,8-K,EFTS
0000763744-22-000070,LCI INDUSTRIES,0000763744,2022-10-18,2022-10-18,8-K,EX-99.1,EFTS
0000763744-22-000023,LCI INDUSTRIES,0000763744,2022-04-19,2022-04-19,8-K,EX-99.1,EFTS
0000008063-23-000040,ASTRONICS CORP,0000008063,2023-07-17,2023-07-17,8-K,EX-99.1,EFTS
0001104659-20-054447,Cytosorbents Corp,0001175151,2020-04-30,2020-04-28,8-K,8-K,EFTS
0001493152-22-032387,"Imunon, Inc.",0000749647,2022-11-15,2022-11-15,8-K,EX-99.1,EFTS
0000037472-20-000022,FLEXSTEEL INDUSTRIES INC,0000037472,2020-04-29,2020-04-28,8-K,8-K,EFTS
0000037472-20-000039,FLEXSTEEL INDUSTRIES INC,0000037472,2020-08-24,2020-08-24,8-K,8-K,EFTS
0000037472-21-000021,FLEXSTEEL INDUSTRIES INC,0000037472,2021-08-23,2021-08-23,8-K,8-K,EFTS
0000950170-23-002365,Greystone Housing Impact Investors LP,0001059142,2023-02-09,2023-02-09,8-K,EX-99.1,EFTS
0001140361-22-026066,VAALCO ENERGY INC /DE/,0000894627,2022-07-15,2022-07-14,8-K,EX-99.1,EFTS
0000950170-23-013484,Greystone Housing Impact Investors LP,0001059142,2023-04-19,2023-04-19,8-K,EX-99,EFTS
0001104659-22-045632,"New York City REIT, Inc.",0001595527,2022-04-14,2022-04-14,8-K,EX-99.1,EFTS
0000037472-20-000049,FLEXSTEEL INDUSTRIES INC,0000037472,2020-10-26,2020-10-26,8-K,8-K,EFTS
0000037472-23-000019,FLEXSTEEL INDUSTRIES INC,0000037472,2023-08-21,2023-08-21,8-K,8-K,EFTS
0000950170-23-033535,Greystone Housing Impact Investors LP,0001059142,2023-07-19,2023-07-19,8-K,EX-99.1,EFTS
0001071739-20-000070,CENTENE CORP,0001071739,2020-03-03,2020-03-03,8-K,8-K,EFTS
0001476204-21-000086,"Phillips Edison & Company, Inc.",0001476204,2021-05-07,2021-05-07,8-K,EX-99.1,EFTS
0001140361-20-028402,FRONTIER COMMUNICATIONS CORP,0000020520,2020-12-15,2020-12-15,8-K,8-K,EFTS
0001104659-21-054042,"New York City REIT, Inc.",0001595527,2021-04-23,2021-04-23,8-K,EX-99.1,EFTS
0000950170-23-054882,Greystone Housing Impact Investors LP,0001059142,2023-10-24,2023-10-24,8-K,EX-99.1,EFTS
0001140361-21-007649,FRONTIER COMMUNICATIONS CORP,0000020520,2021-03-08,2021-03-08,8-K,8-K,EFTS
0000047111-21-000009,HERSHEY CO,0000047111,2021-02-18,2021-02-17,8-K,8-K,EFTS
0001122976-23-000043,AVIENT CORP,0001122976,2023-07-27,2023-07-27,8-K,EX-99.1,EFTS
0001140361-20-019756,FRONTIER COMMUNICATIONS CORP,0000020520,2020-09-03,2020-09-03,8-K,8-K,EFTS
0001193125-19-046998,GEO GROUP INC,0000923796,2019-02-21,2019-02-14,8-K,EX-99.2,EFTS
0001193125-20-041966,GEO GROUP INC,0000923796,2020-02-19,2020-02-12,8-K,EX-99.2,EFTS
0001104659-20-122518,"Accelerate Diagnostics, Inc",0000727207,2020-11-06,2020-11-05,8-K,EX-99.2,EFTS
0001437749-19-015956,NATIONAL RESEARCH CORP,0000070487,2019-08-08,2019-08-06,8-K,8-K,EFTS
0000037472-19-000012,FLEXSTEEL INDUSTRIES INC,0000037472,2019-10-28,2019-10-28,8-K,8-K,EFTS
0001144204-19-035449,"Global Net Lease, Inc.",0001526113,2019-07-23,2019-07-23,8-K,EX-99.1,EFTS
0000037472-21-000012,FLEXSTEEL INDUSTRIES INC,0000037472,2021-04-26,2021-04-26,8-K,8-K,EFTS
0000950170-21-004658,"Singular Genomics Systems, Inc.",0001850906,2021-11-16,2021-11-15,8-K,8-K,EFTS
0001104659-20-008295,"Global Net Lease, Inc.",0001526113,2020-01-30,2020-01-30,8-K,EX-99.1,EFTS
0000037472-22-000036,FLEXSTEEL INDUSTRIES INC,0000037472,2022-08-22,2022-08-22,8-K,8-K,EFTS
0001193125-19-179294,CAESARS ENTERTAINMENT Corp,0000858339,2019-06-24,2019-06-24,8-K,EX-99.1,EFTS
0000779544-19-000018,ARK RESTAURANTS CORP,0000779544,2019-08-15,2019-08-13,8-K,EX-99.1,EFTS
0001564590-20-054026,"Red Violet, Inc.",0001720116,2020-11-16,2020-11-10,8-K,EX-99.2,EFTS
0000097216-20-000029,TEREX CORP,0000097216,2020-02-18,2020-02-14,8-K,EX-99.1,EFTS
0000097216-19-000026,TEREX CORP,0000097216,2019-02-26,2019-02-26,8-K,EX-99.1,EFTS
0001193125-21-162170,GEO GROUP INC,0000923796,2021-05-14,2021-05-10,8-K,EX-99.2,EFTS
0001157523-19-000037,MOLINA HEALTHCARE INC,0001179929,2019-01-07,2019-01-07,8-K,8-K,EFTS
0001193125-21-052413,"Avangrid, Inc.",0001634997,2021-02-23,2021-02-23,8-K,8-K,EFTS
0000885725-20-000003,BOSTON SCIENTIFIC CORP,0000885725,2020-01-14,2020-01-14,8-K,EX-99.1,EFTS
0001564590-19-042592,"Red Violet, Inc.",0001720116,2019-11-12,2019-11-07,8-K,EX-99.2,EFTS
0001193125-19-179277,"Eldorado Resorts, Inc.",0001590895,2019-06-24,2019-06-24,8-K,EX-99.1,EFTS
0000930413-20-001014,FIRST HORIZON NATIONAL CORP,0000036966,2020-04-08,2020-04-07,8-K,EX-99.2,EFTS
0001157523-21-000045,"MOLINA HEALTHCARE, INC.",0001179929,2021-01-14,2021-01-14,8-K,8-K,EFTS
0001564590-21-000775,"TIVITY HEALTH, INC.",0000704415,2021-01-11,2021-01-11,8-K,8-K,EFTS
0000097216-22-000154,TEREX CORP,0000097216,2022-10-31,2022-10-28,8-K,EX-99.1,EFTS
0001104659-21-054037,"American Finance Trust, Inc",0001568162,2021-04-23,2021-04-23,8-K,EX-99.1,EFTS
0001654954-19-002111,"BK Technologies, Inc.",0000002186,2019-02-28,2019-02-28,8-K,EX-99.1,EFTS
0001552781-23-000366,SWK Holdings Corp,0001089907,2023-08-11,2023-08-09,8-K,EX-99.1,EFTS
0001104659-22-106471,"Necessity Retail REIT, Inc.",0001568162,2022-10-06,2022-10-06,8-K,EX-99.1,EFTS
0000037472-22-000004,FLEXSTEEL INDUSTRIES INC,0000037472,2022-01-24,2022-01-24,8-K,8-K,EFTS
0001564590-22-001069,"TIVITY HEALTH, INC.",0000704415,2022-01-12,2022-01-10,8-K,8-K,EFTS
0000076605-19-000121,PATRICK INDUSTRIES INC,0000076605,2019-10-10,2019-10-10,8-K,EX-99.1,EFTS
0001104659-21-127788,"New York City REIT, Inc.",0001595527,2021-10-20,2021-10-20,8-K,EX-99.1,EFTS
0001193125-22-048575,"Avangrid, Inc.",0001634997,2022-02-22,2022-02-22,8-K,8-K,EFTS
0001071739-22-000390,CENTENE CORP,0001071739,2022-12-16,2022-12-16,8-K,8-K,EFTS
0000037472-22-000054,FLEXSTEEL INDUSTRIES INC,0000037472,2022-10-24,2022-10-24,8-K,8-K,EFTS
0001140361-23-024278,MDU RESOURCES GROUP INC,0000067716,2023-05-12,2023-05-10,8-K,EX-99.2,EFTS
0001104659-23-080506,"Necessity Retail REIT, Inc.",0001568162,2023-07-13,2023-07-13,8-K,EX-99.1,EFTS
0000318300-21-000316,PEOPLES BANCORP INC,0000318300,2021-10-29,2021-10-29,8-K,EX-99.1,EFTS
0001193125-21-050900,GEO GROUP INC,0000923796,2021-02-22,2021-02-16,8-K,EX-99.2,EFTS
0000076605-20-000133,PATRICK INDUSTRIES INC,0000076605,2020-07-16,2020-07-16,8-K,EX-99.1,EFTS
0001437749-22-015164,"Vaxart, Inc.",0000072444,2022-06-16,2022-06-16,8-K,8-K,EFTS
0000037472-21-000004,FLEXSTEEL INDUSTRIES INC,0000037472,2021-01-25,2021-01-25,8-K,8-K,EFTS
0001104659-22-045642,"Necessity Retail REIT, Inc.",0001568162,2022-04-14,2022-04-14,8-K,EX-99.1,EFTS
0000070318-20-000003,TENET HEALTHCARE CORP,0000070318,2020-01-14,2020-01-14,8-K,8-K,EFTS
0001032220-23-000042,"MAXIMUS, INC.",0001032220,2023-05-08,2023-05-03,8-K,EX-99.2,EFTS
0001104659-19-055063,"American Finance Trust, Inc",0001568162,2019-10-21,2019-10-21,8-K,EX-99.1,EFTS
0001213900-23-049930,DocGo Inc.,0001822359,2023-06-20,2023-06-20,8-K,8-K,EFTS
0000076605-22-000053,PATRICK INDUSTRIES INC,0000076605,2022-03-08,2022-03-07,8-K,EX-99.1,EFTS
0000037472-23-000009,FLEXSTEEL INDUSTRIES INC,0000037472,2023-05-01,2023-05-01,8-K,8-K,EFTS
0001104659-23-056013,Liquidia Corp,0001819576,2023-05-04,2023-05-04,8-K,8-K,EFTS
0001071739-20-000161,CENTENE CORP,0001071739,2020-06-12,2020-06-12,8-K,8-K,EFTS
0000037472-22-000019,FLEXSTEEL INDUSTRIES INC,0000037472,2022-04-25,2022-04-25,8-K,8-K,EFTS
0000950170-22-019761,Western Union CO,0001365135,2022-10-20,2022-10-20,8-K,8-K,EFTS
0000076605-20-000064,PATRICK INDUSTRIES INC,0000076605,2020-04-16,2020-04-16,8-K,EX-99.1,EFTS
0000076605-19-000056,PATRICK INDUSTRIES INC,0000076605,2019-04-11,2019-04-11,8-K,EX-99.1,EFTS
0000076605-21-000147,PATRICK INDUSTRIES INC,0000076605,2021-07-16,2021-07-16,8-K,EX-99.1,EFTS
0001069183-19-000138,"AXON ENTERPRISE, INC.",0001069183,2019-10-29,2019-10-28,8-K,8-K,EFTS
0000950170-22-000763,LIVE VENTURES Inc,0001045742,2022-02-04,2022-02-04,8-K,EX-99.1,EFTS
0001562762-21-000371,FLEXSTEEL INDUSTRIES INC,0000037472,2021-10-25,2021-10-25,8-K,8-K,EFTS
0000076605-19-000018,PATRICK INDUSTRIES INC,0000076605,2019-01-31,2019-01-31,8-K,EX-99.1,EFTS
0001104659-21-090825,"New York City REIT, Inc.",0001595527,2021-07-12,2021-07-12,8-K,EX-99.1,EFTS
0000076605-20-000179,PATRICK INDUSTRIES INC,0000076605,2020-10-15,2020-10-15,8-K,EX-99.1,EFTS
0001104659-21-060565,McEwen Mining Inc.,0000314203,2021-05-04,2021-05-03,8-K,EX-99.1,EFTS
0001179929-20-000020,"MOLINA HEALTHCARE, INC.",0001179929,2020-01-13,2020-01-13,8-K,8-K,EFTS
0000076605-20-000032,PATRICK INDUSTRIES INC,0000076605,2020-01-30,2020-01-30,8-K,EX-99.1,EFTS
0001104659-20-008296,"American Finance Trust, Inc",0001568162,2020-01-30,2020-01-30,8-K,EX-99.1,EFTS
0000076605-21-000023,PATRICK INDUSTRIES INC,0000076605,2021-01-28,2021-01-28,8-K,EX-99.1,EFTS
0001144204-19-035452,"American Finance Trust, Inc",0001568162,2019-07-23,2019-07-23,8-K,EX-99.1,EFTS
0001144204-19-006304,"American Finance Trust, Inc",0001568162,2019-02-11,2019-02-11,8-K,EX-99.1,EFTS
0001530721-21-000101,Capri Holdings Ltd,0001530721,2021-06-29,2021-06-29,8-K,8-K,EFTS
0000076605-19-000102,PATRICK INDUSTRIES INC,0000076605,2019-07-11,2019-07-11,8-K,EX-99.1,EFTS
0001634997-21-000044,"Avangrid, Inc.",0001634997,2021-05-03,2021-05-03,8-K,8-K,EFTS
0001144204-19-021126,"American Finance Trust, Inc",0001568162,2019-04-25,2019-04-25,8-K,EX-99.1,EFTS
0000950170-23-056869,FLEXSTEEL INDUSTRIES INC,0000037472,2023-10-31,2023-10-31,8-K,8-K,EFTS
0000076605-21-000091,PATRICK INDUSTRIES INC,0000076605,2021-04-15,2021-04-15,8-K,EX-99.2,EFTS
0001634997-21-000064,"Avangrid, Inc.",0001634997,2021-07-20,2021-07-20,8-K,8-K,EFTS
0000037472-23-000003,FLEXSTEEL INDUSTRIES INC,0000037472,2023-02-06,2023-02-06,8-K,8-K,EFTS
0001654954-23-003133,BK Technologies Corp,0000002186,2023-03-17,2023-03-16,8-K,EX-99.1,EFTS
0001564590-21-032985,"HELIOS TECHNOLOGIES, INC.",0001024795,2021-06-15,2021-06-15,8-K,8-K,EFTS
0001104659-21-009624,"American Finance Trust, Inc",0001568162,2021-02-01,2021-02-01,8-K,EX-99.1,EFTS
0001564590-19-027684,"Easterly Government Properties, Inc.",0001622194,2019-08-01,2019-08-01,8-K,8-K,EFTS
0001800682-22-000037,"Cano Health, Inc.",0001800682,2022-11-09,2022-11-09,8-K,8-K,EFTS
0000054480-20-000101,KANSAS CITY SOUTHERN,0000054480,2020-03-25,2020-03-25,8-K,8-K,EFTS
0001800682-22-000008,"Cano Health, Inc.",0001800682,2022-03-14,2022-03-14,8-K,8-K,EFTS
0001104659-23-080485,"Global Net Lease, Inc.",0001526113,2023-07-13,2023-07-13,8-K,EX-99.1,EFTS
0001104659-21-090816,"Global Net Lease, Inc.",0001526113,2021-07-12,2021-07-12,8-K,EX-99.1,EFTS
0000950170-23-004849,"Easterly Government Properties, Inc.",0001622194,2023-02-28,2023-02-28,8-K,8-K,EFTS
0001564590-19-016186,"Easterly Government Properties, Inc.",0001622194,2019-05-07,2019-05-07,8-K,8-K,EFTS
0001104659-21-083667,TWO HARBORS INVESTMENT CORP.,0001465740,2021-06-22,2021-06-21,8-K,8-K,EFTS
0001800682-21-000008,"Cano Health, Inc.",0001800682,2021-11-09,2021-11-09,8-K,8-K,EFTS
0001213900-20-027287,Akerna Corp.,0001755953,2020-09-18,2020-09-17,8-K,EX-99.1,EFTS
0001564590-20-049426,"Easterly Government Properties, Inc.",0001622194,2020-11-02,2020-11-02,8-K,8-K,EFTS
0001104659-22-077847,"Necessity Retail REIT, Inc.",0001568162,2022-07-07,2022-07-07,8-K,EX-99.1,EFTS
0000070318-22-000002,TENET HEALTHCARE CORP,0000070318,2022-01-11,2022-01-11,8-K,8-K,EFTS
0001104659-23-017675,"Global Net Lease, Inc.",0001526113,2023-02-09,2023-02-09,8-K,EX-99.1,EFTS
0000950170-23-056543,"Easterly Government Properties, Inc.",0001622194,2023-10-31,2023-10-31,8-K,8-K,EFTS
0001104659-23-017626,"Necessity Retail REIT, Inc.",0001568162,2023-02-09,2023-02-09,8-K,EX-99.1,EFTS
0001193125-21-156915,Hanesbrands Inc.,0001359841,2021-05-11,2021-05-11,8-K,8-K,EFTS
0001654954-23-014491,EASTERN CO,0000031107,2023-11-16,2023-11-07,8-K,EX-99.2,EFTS
0001564590-21-053293,"Easterly Government Properties, Inc.",0001622194,2021-11-02,2021-11-02,8-K,8-K,EFTS
0000945764-22-000100,DENBURY INC,0000945764,2022-12-13,2022-12-13,8-K,8-K,EFTS
0001800682-22-000016,"Cano Health, Inc.",0001800682,2022-05-09,2022-05-09,8-K,8-K,EFTS
0001104659-22-078178,"New York City REIT, Inc.",0001595527,2022-07-08,2022-07-08,8-K,EX-99.1,EFTS
0001476204-22-000089,"Phillips Edison & Company, Inc.",0001476204,2022-08-05,2022-08-04,8-K,8-K,EFTS
0001122976-22-000061,AVIENT CORP,0001122976,2022-11-02,2022-11-02,8-K,EX-99.1,EFTS
0001104659-21-127784,"Global Net Lease, Inc.",0001526113,2021-10-20,2021-10-20,8-K,EX-99.1,EFTS
0001193125-21-109638,KOHLS Corp,0000885639,2021-04-08,2021-04-08,8-K,8-K,EFTS
0001104659-23-047353,"Global Net Lease, Inc.",0001526113,2023-04-20,2023-04-20,8-K,EX-99.1,EFTS
0001564590-19-005157,"Easterly Government Properties, Inc.",0001622194,2019-02-28,2019-02-28,8-K,8-K,EFTS
0001193125-19-277809,"Avangrid, Inc.",0001634997,2019-10-29,2019-10-29,8-K,8-K,EFTS
0001104659-23-047374,"Necessity Retail REIT, Inc.",0001568162,2023-04-20,2023-04-20,8-K,EX-99.1,EFTS
0001104659-22-106465,"Global Net Lease, Inc.",0001526113,2022-10-06,2022-10-06,8-K,EX-99.1,EFTS
0001104659-22-106895,"New York City REIT, Inc.",0001595527,2022-10-07,2022-10-07,8-K,EX-99.1,EFTS
0001104659-21-090821,"American Finance Trust, Inc",0001568162,2021-07-12,2021-07-12,8-K,EX-99.1,EFTS
0001101215-21-000032,ALLIANCE DATA SYSTEMS CORP,0001101215,2021-02-23,2021-02-23,8-K,EX-99.1,EFTS
0001104659-22-025323,"New York City REIT, Inc.",0001595527,2022-02-22,2022-02-22,8-K,EX-99.1,EFTS
0001104659-22-011367,"Biostage, Inc.",0001563665,2022-02-03,2022-02-03,8-K,8-K,EFTS
0001140361-20-019556,FRONTIER COMMUNICATIONS CORP,0000020520,2020-09-01,2020-09-01,8-K,8-K,EFTS
0001495231-20-000083,"IZEA Worldwide, Inc.",0001495231,2020-06-12,2020-06-12,8-K,EX-99.1,EFTS
0001564590-21-022977,"Easterly Government Properties, Inc.",0001622194,2021-05-04,2021-05-04,8-K,8-K,EFTS
0001140361-20-013414,FRONTIER COMMUNICATIONS CORP,0000020520,2020-06-09,2020-06-09,8-K,8-K,EFTS
0001104659-23-108671,"Global Net Lease, Inc.",0001526113,2023-10-12,2023-10-12,8-K,EX-99.1,EFTS
0001800682-22-000028,"Cano Health, Inc.",0001800682,2022-08-09,2022-08-09,8-K,8-K,EFTS
0001564590-22-027327,"Easterly Government Properties, Inc.",0001622194,2022-08-02,2022-08-02,8-K,8-K,EFTS
0001104659-21-127795,"American Finance Trust, Inc",0001568162,2021-10-20,2021-10-20,8-K,EX-99.1,EFTS
0000950170-23-039334,"Easterly Government Properties, Inc.",0001622194,2023-08-08,2023-08-08,8-K,8-K,EFTS
0000950170-21-004251,"Red Violet, Inc.",0001720116,2021-11-12,2021-11-09,8-K,EX-99.2,EFTS
0001157523-21-000717,CURTISS WRIGHT CORP,0000026324,2021-05-26,2021-05-26,8-K,EX-99.1,EFTS
0001122976-23-000054,AVIENT CORP,0001122976,2023-11-02,2023-11-02,8-K,EX-99.1,EFTS
0001104659-21-054026,"Global Net Lease, Inc.",0001526113,2021-04-23,2021-04-23,8-K,EX-99.1,EFTS
0001104659-23-109201,American Strategic Investment Co.,0001595527,2023-10-16,2023-10-16,8-K,EX-99.1,EFTS
0001193125-19-038175,"Paramount Group, Inc.",0001605607,2019-02-13,2019-02-13,8-K,8-K,EFTS
0001564590-21-039936,"Easterly Government Properties, Inc.",0001622194,2021-08-03,2021-08-03,8-K,8-K,EFTS
0001140361-22-015854,INDEPENDENT BANK CORP /MI/,0000039311,2022-04-26,2022-04-26,8-K,EX-99.3,EFTS
0001104659-22-045638,"Global Net Lease, Inc.",0001526113,2022-04-14,2022-04-14,8-K,EX-99.1,EFTS
0001213900-20-035334,Akerna Corp.,0001755953,2020-11-05,2020-11-05,8-K,EX-99.1,EFTS
0001144204-19-005595,"Global Net Lease, Inc.",0001526113,2019-02-07,2019-02-07,8-K,EX-99.1,EFTS
0001387131-20-002628,"Where Food Comes From, Inc.",0001360565,2020-03-06,2020-03-05,8-K,EX-99.2,EFTS
0001654954-20-008613,BK Technologies Corp,0000002186,2020-08-07,2020-08-06,8-K,EX-99.1,EFTS
0001193125-19-133142,"Paramount Group, Inc.",0001605607,2019-05-01,2019-05-01,8-K,8-K,EFTS
0001437749-21-007730,"BIOLARGO, INC.",0000880242,2021-03-31,2021-03-30,8-K,EX-99.1,EFTS
0000950170-22-020693,"Easterly Government Properties, Inc.",0001622194,2022-11-01,2022-11-01,8-K,8-K,EFTS
0000950170-23-016425,"Easterly Government Properties, Inc.",0001622194,2023-05-02,2023-05-02,8-K,8-K,EFTS
0000950170-23-057504,"Paramount Group, Inc.",0001605607,2023-11-01,2023-11-01,8-K,8-K,EFTS
0001564590-22-026501,"Paramount Group, Inc.",0001605607,2022-07-26,2022-07-26,8-K,8-K,EFTS
0001628280-19-015279,"NV5 Global, Inc.",0001532961,2019-12-23,2019-12-20,8-K,EX-99.1,EFTS
0001213900-20-002457,Majesco,0001626853,2020-02-04,2020-02-03,8-K,EX-99.1,EFTS
0001101215-21-000075,ALLIANCE DATA SYSTEMS CORP,0001101215,2021-05-06,2021-05-06,8-K,EX-99.1,EFTS
0001104659-21-028516,"New York City REIT, Inc.",0001595527,2021-02-26,2021-02-26,8-K,EX-99.1,EFTS
0001655075-21-000013,"Armstrong Flooring, Inc.",0001655075,2021-07-21,2021-07-21,8-K,8-K,EFTS
0000097216-21-000032,TEREX CORP,0000097216,2021-02-16,2021-02-12,8-K,EX-99.1,EFTS
0001487052-19-000079,"LegacyTexas Financial Group, Inc.",0001487052,2019-04-26,2019-04-24,8-K,EX-99.1,EFTS
0001104659-20-048920,"American Finance Trust, Inc",0001568162,2020-04-21,2020-04-21,8-K,EX-99.1,EFTS
0001564590-21-007806,"Easterly Government Properties, Inc.",0001622194,2021-02-24,2021-02-24,8-K,8-K,EFTS
0001193125-20-048493,"Avangrid, Inc.",0001634997,2020-02-25,2020-02-25,8-K,8-K,EFTS
0001564590-20-048387,"Paramount Group, Inc.",0001605607,2020-10-28,2020-10-28,8-K,8-K,EFTS
0001104659-22-077852,"Global Net Lease, Inc.",0001526113,2022-07-07,2022-07-07,8-K,EX-99.1,EFTS
0001493152-20-016392,Microbot Medical Inc.,0000883975,2020-08-20,2020-08-20,8-K,EX-99.1,EFTS
0001193125-20-273346,"Armstrong Flooring, Inc.",0001655075,2020-10-21,2020-10-21,8-K,8-K,EFTS
0001493152-20-020858,"Where Food Comes From, Inc.",0001360565,2020-11-10,2020-11-05,8-K,EX-99.2,EFTS
0000097216-22-000107,TEREX CORP,0000097216,2022-05-02,2022-04-29,8-K,EX-99.1,EFTS
0001104659-22-009959,"Global Net Lease, Inc.",0001526113,2022-02-01,2022-02-01,8-K,EX-99.1,EFTS
0001493152-20-009053,"Where Food Comes From, Inc.",0001360565,2020-05-15,2020-05-14,8-K,EX-99.2,EFTS
0000764478-19-000048,BEST BUY CO INC,0000764478,2019-09-25,2019-09-25,8-K,8-K,EFTS
0001564590-21-021399,"Paramount Group, Inc.",0001605607,2021-04-28,2021-04-28,8-K,8-K,EFTS
0000039899-19-000045,TEGNA INC,0000039899,2019-12-03,2019-12-03,8-K,8-K,EFTS
0001883685-23-000010,DraftKings Inc.,0001883685,2023-02-16,2023-02-16,8-K,EX-99.1,EFTS
0001564590-20-019756,"Paramount Group, Inc.",0001605607,2020-04-29,2020-04-29,8-K,8-K,EFTS
0001564590-21-052352,"Paramount Group, Inc.",0001605607,2021-10-27,2021-10-27,8-K,8-K,EFTS
0001564590-20-020987,"Easterly Government Properties, Inc.",0001622194,2020-05-05,2020-05-05,8-K,8-K,EFTS
0001564590-20-034341,"Paramount Group, Inc.",0001605607,2020-07-29,2020-07-29,8-K,8-K,EFTS
0001193125-20-059770,"Armstrong Flooring, Inc.",0001655075,2020-03-03,2020-03-03,8-K,8-K,EFTS
0001193125-19-200105,"Avangrid, Inc.",0001634997,2019-07-23,2019-07-23,8-K,8-K,EFTS
0001193125-20-033395,"Paramount Group, Inc.",0001605607,2020-02-12,2020-02-12,8-K,8-K,EFTS
0001193125-19-117220,"Avangrid, Inc.",0001634997,2019-04-24,2019-04-24,8-K,8-K,EFTS
0001104659-21-009627,"Global Net Lease, Inc.",0001526113,2021-02-01,2021-02-01,8-K,EX-99.1,EFTS
0000950170-23-017258,"Paramount Group, Inc.",0001605607,2023-05-03,2023-05-03,8-K,8-K,EFTS
0001564590-20-006191,"Easterly Government Properties, Inc.",0001622194,2020-02-25,2020-02-25,8-K,8-K,EFTS
0001104659-23-026962,American Strategic Investment Co.,0001595527,2023-03-01,2023-03-01,8-K,EX-99.1,EFTS
0000950170-23-035962,"Paramount Group, Inc.",0001605607,2023-07-31,2023-07-31,8-K,8-K,EFTS
0001564590-22-016107,"Paramount Group, Inc.",0001605607,2022-04-27,2022-04-27,8-K,8-K,EFTS
0001032220-21-000012,"MAXIMUS, INC.",0001032220,2021-02-08,2021-02-08,8-K,EX-99.2,EFTS
0001104659-23-049824,American Strategic Investment Co.,0001595527,2023-04-26,2023-04-26,8-K,EX-99.1,EFTS
0001554795-23-000341,"Red Cat Holdings, Inc.",0000748268,2023-11-07,2023-11-07,8-K,EX-99.1,EFTS
0001193125-20-196819,"Armstrong Flooring, Inc.",0001655075,2020-07-22,2020-07-22,8-K,8-K,EFTS
0001193125-19-044260,"Avangrid, Inc.",0001634997,2019-02-19,2019-02-19,8-K,8-K,EFTS
0000950123-21-010452,"Cano Health, Inc.",0001800682,2021-08-12,2021-08-12,8-K,8-K,EFTS
0001193125-20-196366,"Avangrid, Inc.",0001634997,2020-07-21,2020-07-21,8-K,8-K,EFTS
0001564590-22-005948,"Paramount Group, Inc.",0001605607,2022-02-22,2022-02-22,8-K,8-K,EFTS
0001193125-20-134928,GEO GROUP INC,0000923796,2020-05-06,2020-04-30,8-K,EX-99.2,EFTS
0001140361-20-013607,FRONTIER COMMUNICATIONS CORP,0000020520,2020-06-11,2020-06-11,8-K,8-K,EFTS
0001564590-22-007335,"Easterly Government Properties, Inc.",0001622194,2022-02-28,2022-02-28,8-K,8-K,EFTS
0001564590-20-035743,"Easterly Government Properties, Inc.",0001622194,2020-08-04,2020-08-04,8-K,8-K,EFTS
0001564590-19-040643,"Easterly Government Properties, Inc.",0001622194,2019-11-06,2019-11-06,8-K,8-K,EFTS
0001193125-21-045828,"Armstrong Flooring, Inc.",0001655075,2021-02-17,2021-02-17,8-K,8-K,EFTS
0000950170-23-002911,"Paramount Group, Inc.",0001605607,2023-02-15,2023-02-15,8-K,8-K,EFTS
0001193125-19-208727,"Paramount Group, Inc.",0001605607,2019-07-31,2019-07-31,8-K,8-K,EFTS
0001193125-20-123080,"Avangrid, Inc.",0001634997,2020-04-28,2020-04-28,8-K,8-K,EFTS
0001193125-21-125682,"Armstrong Flooring, Inc.",0001655075,2021-04-22,2021-04-22,8-K,8-K,EFTS
0001654954-20-005629,PARK CITY GROUP INC,0000050471,2020-05-15,2020-05-11,8-K,EX-99,EFTS
0000076605-22-000125,PATRICK INDUSTRIES INC,0000076605,2022-11-01,2022-10-27,8-K,EX-99.1,EFTS
0001564590-21-005297,"Paramount Group, Inc.",0001605607,2021-02-10,2021-02-10,8-K,8-K,EFTS
0001564590-21-038316,"Paramount Group, Inc.",0001605607,2021-07-27,2021-07-27,8-K,8-K,EFTS
0000950170-22-020196,"Paramount Group, Inc.",0001605607,2022-10-26,2022-10-26,8-K,8-K,EFTS
0001193125-19-285928,"Paramount Group, Inc.",0001605607,2019-11-06,2019-11-06,8-K,8-K,EFTS
0001628280-22-007181,Karat Packaging Inc.,0001758021,2022-03-24,2022-03-24,8-K,8-K,EFTS
0001213900-19-019982,Health Sciences Acquisitions Corp,0001764013,2019-10-08,2019-10-08,8-K,EX-99.1,EFTS
0001437749-20-002573,NATIONAL RESEARCH CORP,0000070487,2020-02-13,2020-02-11,8-K,8-K,EFTS
0001493152-20-011278,"TRXADE GROUP, INC.",0001382574,2020-06-17,2020-06-15,8-K,EX-99.1,EFTS
0001104659-20-048900,"Global Net Lease, Inc.",0001526113,2020-04-21,2020-04-21,8-K,EX-99.1,EFTS
0001071739-22-000241,CENTENE CORP,0001071739,2022-06-17,2022-06-17,8-K,8-K,EFTS
0001104659-20-085765,"Global Net Lease, Inc.",0001526113,2020-07-23,2020-07-23,8-K,EX-99.1,EFTS
0001437749-19-021891,NATIONAL RESEARCH CORP,0000070487,2019-11-07,2019-11-05,8-K,8-K,EFTS
0000950170-22-019729,Western Union CO,0001365135,2022-10-19,2022-10-19,8-K,8-K,EFTS
0001800682-23-000033,"Cano Health, Inc.",0001800682,2023-11-09,2023-11-09,8-K,8-K,EFTS
0001437749-22-025653,NATIONAL RESEARCH CORP,0000070487,2022-11-03,2022-11-01,8-K,8-K,EFTS
0001437749-21-012107,"ASENSUS SURGICAL, INC.",0000876378,2021-05-13,2021-05-11,8-K,EX-99.2,EFTS
0001437749-22-018808,NATIONAL RESEARCH CORP,0000070487,2022-08-04,2022-08-02,8-K,8-K,EFTS
0001104659-19-064368,Ribbon Communications Inc.,0001708055,2019-11-14,2019-11-14,8-K,EX-99.3,EFTS
0000070318-19-000003,TENET HEALTHCARE CORP,0000070318,2019-01-07,2019-01-03,8-K,8-K,EFTS
0001437749-23-003575,NATIONAL RESEARCH CORP,0000070487,2023-02-16,2023-02-14,8-K,8-K,EFTS
0001800682-23-000016,"Cano Health, Inc.",0001800682,2023-05-09,2023-05-09,8-K,8-K,EFTS
0001564590-22-017221,"Easterly Government Properties, Inc.",0001622194,2022-05-03,2022-04-28,8-K,8-K,EFTS
0001104659-22-009956,"American Finance Trust, Inc",0001568162,2022-02-01,2022-02-01,8-K,EX-99.1,EFTS
0001122976-22-000048,AVIENT CORP,0001122976,2022-07-26,2022-07-26,8-K,EX-99.1,EFTS
0001437749-20-009804,NATIONAL RESEARCH CORP,0000070487,2020-05-07,2020-05-05,8-K,8-K,EFTS
0001104659-20-118338,"New York City REIT, Inc.",0001595527,2020-10-27,2020-10-27,8-K,EX-99.1,EFTS
0001437749-23-021779,NATIONAL RESEARCH CORP,0000070487,2023-08-03,2023-08-01,8-K,8-K,EFTS
0001437749-20-016787,NATIONAL RESEARCH CORP,0000070487,2020-08-06,2020-08-04,8-K,8-K,EFTS
0001800682-23-000025,"Cano Health, Inc.",0001800682,2023-08-10,2023-08-10,8-K,8-K,EFTS
0001654954-23-005946,PALATIN TECHNOLOGIES INC,0000911216,2023-05-09,2023-05-08,8-K,EX-99.1,EFTS
0001437749-23-030911,NATIONAL RESEARCH CORP,0000070487,2023-11-08,2023-11-07,8-K,8-K,EFTS
0001437749-22-011015,NATIONAL RESEARCH CORP,0000070487,2022-05-05,2022-05-03,8-K,8-K,EFTS
0001437749-22-002954,NATIONAL RESEARCH CORP,0000070487,2022-02-10,2022-02-08,8-K,8-K,EFTS
0001104659-20-116582,"American Finance Trust, Inc",0001568162,2020-10-21,2020-10-21,8-K,EX-99.1,EFTS
0001104659-23-084319,American Strategic Investment Co.,0001595527,2023-07-26,2023-07-26,8-K,EX-99.1,EFTS
0001104659-20-116569,"Global Net Lease, Inc.",0001526113,2020-10-21,2020-10-21,8-K,EX-99.1,EFTS
0001193125-23-274545,"Cano Health, Inc.",0001800682,2023-11-09,2023-11-09,8-K,8-K,EFTS
0000939802-19-000043,"CAPSTONE COMPANIES, INC.",0000814926,2019-11-21,2019-11-04,8-K,EX-99.1,EFTS
0001476204-19-000022,"Phillips Edison & Company, Inc.",0001476204,2019-03-13,2019-03-12,8-K,EX-99.2,EFTS
0001104659-23-089814,"Solid Power, Inc.",0001844862,2023-08-10,2023-08-08,8-K,EX-99.1,EFTS
0001883685-23-000022,DraftKings Inc.,0001883685,2023-05-04,2023-05-04,8-K,EX-99.1,EFTS
0001104659-20-048376,JANUS HENDERSON GROUP PLC,0001274173,2020-04-20,2020-04-20,8-K,EX-99.1,EFTS
0001800682-23-000003,"Cano Health, Inc.",0001800682,2023-03-01,2023-03-01,8-K,8-K,EFTS
0001193125-20-145690,"STANLEY BLACK & DECKER, INC.",0000093556,2020-05-19,2020-05-19,8-K,8-K,EFTS
0001437749-23-012493,NATIONAL RESEARCH CORP,0000070487,2023-05-04,2023-05-02,8-K,8-K,EFTS
0000921895-20-003209,SCHMITT INDUSTRIES INC,0000922612,2020-12-11,2020-12-09,8-K,8-K,EFTS
0000950170-23-018776,LIQUIDITY SERVICES INC,0001235468,2023-05-08,2023-05-04,8-K,EX-99,EFTS
0001628280-23-011852,AMERICAN STATES WATER CO,0001056903,2023-04-18,2023-04-13,8-K,EX-99.1,EFTS
0001235468-20-000057,LIQUIDITY SERVICES INC,0001235468,2020-02-07,2020-02-06,8-K,EX-99.1,EFTS
0001628280-20-008042,"TRANSENTERIX, INC.",0000876378,2020-05-19,2020-05-14,8-K,EX-99.2,EFTS
0001193125-21-106610,"Cidara Therapeutics, Inc.",0001610618,2021-04-06,2021-04-05,8-K,EX-99.1,EFTS
0000899866-20-000002,"ALEXION PHARMACEUTICALS, INC.",0000899866,2020-01-13,2020-01-13,8-K,8-K,EFTS
0001185185-23-001102,RYVYL Inc.,0001419275,2023-10-26,2023-10-26,8-K,EX-99.1,EFTS
0001104659-19-053286,ASURE SOFTWARE INC,0000884144,2019-10-08,2019-10-07,8-K,EX-99.1,EFTS
0001628280-19-012277,DLH Holdings Corp.,0000785557,2019-10-15,2019-10-15,8-K,EX-99.1,EFTS
0001437749-20-004244,INTEST CORP,0001036262,2020-03-03,2020-02-28,8-K,EX-99.3,EFTS
0001654954-23-005504,PALATIN TECHNOLOGIES INC,0000911216,2023-05-01,2023-05-01,8-K,EX-99.1,EFTS
0001104659-20-085787,"American Finance Trust, Inc",0001568162,2020-07-23,2020-07-23,8-K,EX-99.1,EFTS
0001193125-20-159195,"STANLEY BLACK & DECKER, INC.",0000093556,2020-06-03,2020-06-03,8-K,8-K,EFTS
0001618835-21-000049,"Evofem Biosciences, Inc.",0001618835,2021-03-08,2021-03-04,8-K,EX-99.1,EFTS
0001193125-21-242273,"Harmony Biosciences Holdings, Inc.",0001802665,2021-08-11,2021-08-10,8-K,EX-99.1,EFTS
0001193125-23-213449,GEO GROUP INC,0000923796,2023-08-15,2023-08-09,8-K,EX-99.2,EFTS
0000892482-21-000039,Qumu Corp,0000892482,2021-07-30,2021-07-29,8-K,EX-99.2,EFTS
0000950170-23-063107,DIODES INC /DEL/,0000029002,2023-11-13,2023-11-08,8-K,EX-99.1,EFTS
0001193125-22-099164,"IronNet, Inc.",0001777946,2022-04-08,2022-04-06,8-K,EX-99.2,EFTS
0001764013-21-000012,"Immunovant, Inc.",0001764013,2021-02-02,2021-02-01,8-K,EX-99.1,EFTS
0001104659-19-018296,SUPERNUS PHARMACEUTICALS INC,0001356576,2019-03-28,2019-03-27,8-K,EX-99.1,EFTS
0001171520-20-000219,Plymouth Industrial REIT Inc.,0001515816,2020-05-12,2020-05-08,8-K,EX-99.1,EFTS
0001414475-19-000021,Western Gas Partners LP,0001414475,2019-02-15,2019-02-15,8-K,EX-99.1,EFTS
0001171520-20-000146,Plymouth Industrial REIT Inc.,0001515816,2020-02-28,2020-02-27,8-K,EX-99.1,EFTS
0001193125-20-195478,Organogenesis Holdings Inc.,0001661181,2020-07-20,2020-07-15,8-K,EX-99.1,EFTS
0001564590-20-020536,GOLDFIELD CORP,0000042316,2020-05-01,2020-05-01,8-K,EX-99.1,EFTS
0001193125-21-006379,TENET HEALTHCARE CORP,0000070318,2021-01-11,2021-01-11,8-K,8-K,EFTS
0001144204-19-018877,"KushCo Holdings, Inc.",0001604627,2019-04-09,2019-04-08,8-K,EX-99.1,EFTS
0001157523-23-000998,Adtalem Global Education Inc.,0000730464,2023-06-20,2023-06-20,8-K,EX-99.1,EFTS
0001476204-20-000044,"Phillips Edison & Company, Inc.",0001476204,2020-05-12,2020-05-12,8-K,EX-99.2,EFTS
0001493152-23-026626,"MyMD Pharmaceuticals, Inc.",0001321834,2023-08-03,2023-08-02,8-K,EX-99.1,EFTS
0001157523-19-000034,HOLOGIC INC,0000859737,2019-01-07,2019-01-07,8-K,EX-99.1,EFTS
0001564590-20-046336,"BIOLASE, INC",0000811240,2020-10-14,2020-10-14,8-K,EX-99.1,EFTS
0001193125-21-307974,"Avangrid, Inc.",0001634997,2021-10-26,2021-10-20,8-K,8-K,EFTS
0001628280-21-005599,Skillz Inc.,0001801661,2021-03-25,2021-03-25,8-K,EX-99.1,EFTS
0001683168-19-000944,"Genius Brands International, Inc.",0001355848,2019-04-04,2019-04-02,8-K,EX-99.1,EFTS
0001883685-23-000033,DraftKings Inc.,0001883685,2023-08-03,2023-08-03,8-K,EX-99.1,EFTS
0001564590-20-014288,"Immunovant, Inc.",0001764013,2020-03-30,2020-03-30,8-K,EX-99.1,EFTS
0000950170-23-021362,"Red Violet, Inc.",0001720116,2023-05-11,2023-05-09,8-K,EX-99.2,EFTS
0001104659-23-110320,MONOGRAM ORTHOPAEDICS INC,0001769759,2023-10-20,2023-10-20,8-K,EX-99.2,EFTS
0000950170-23-062078,"Red Violet, Inc.",0001720116,2023-11-09,2023-11-07,8-K,EX-99.2,EFTS
0001193125-20-272894,"Avangrid, Inc.",0001634997,2020-10-20,2020-10-20,8-K,8-K,EFTS
0000886346-21-000121,KADANT INC,0000886346,2021-08-23,2021-08-23,8-K,EX-99.1,EFTS
0001437749-19-015634,INTEST CORP,0001036262,2019-08-06,2019-08-01,8-K,EX-99.3,EFTS
0001423902-19-000023,"Western Gas Equity Partners, LP",0001423902,2019-02-15,2019-02-15,8-K,EX-99.1,EFTS
0000950170-23-020070,"Village Farms International, Inc.",0001584549,2023-05-10,2023-05-10,8-K,EX-99,EFTS
0001554795-22-000390,"Red Cat Holdings, Inc.",0000748268,2022-11-28,2022-11-21,8-K,EX-99.1,EFTS
0001144204-19-029810,ORTHOPEDIATRICS CORP,0001425450,2019-06-05,2019-06-04,8-K,EX-99.1,EFTS
0001539497-20-001354,LEXINGTON REALTY TRUST,0000910108,2020-11-06,2020-11-05,8-K,EX-99.2,EFTS
0001193125-21-012969,AMERICAN EAGLE OUTFITTERS INC,0000919012,2021-01-21,2021-01-21,8-K,EX-99.1,EFTS
0001140361-22-026912,INDEPENDENT BANK CORP /MI/,0000039311,2022-07-26,2022-07-26,8-K,EX-99.3,EFTS
0001235468-21-000170,LIQUIDITY SERVICES INC,0001235468,2021-12-09,2021-12-09,8-K,EX-99.1,EFTS
0000225648-20-000176,COVANTA HOLDING CORP,0000225648,2020-10-29,2020-10-29,8-K,EX-99.1,EFTS
0001818502-22-000012,OppFi Inc.,0001818502,2022-08-10,2022-08-09,8-K,EX-99.2,EFTS
0001883685-23-000047,DraftKings Inc.,0001883685,2023-11-02,2023-11-02,8-K,EX-99.1,EFTS
0001193125-21-329914,Energous Corp,0001575793,2021-11-15,2021-11-11,8-K,EX-99.2,EFTS
0001122976-23-000004,AVIENT CORP,0001122976,2023-02-15,2023-02-15,8-K,EX-99.1,EFTS
0001706524-23-000022,"urban-gro, Inc.",0001706524,2023-04-12,2023-04-12,8-K,EX-99.1,EFTS
0001193125-22-166286,GRAHAM CORP,0000716314,2022-06-02,2022-06-02,8-K,EX-99.1,EFTS
0000859737-20-000004,HOLOGIC INC,0000859737,2020-01-13,2020-01-12,8-K,EX-99.1,EFTS
0001193125-20-193706,Venus Concept Inc.,0001409269,2020-07-16,2020-07-16,8-K,EX-99.1,EFTS
0000067716-23-000062,MDU RESOURCES GROUP INC,0000067716,2023-05-04,2023-05-03,8-K,EX-99.1,EFTS
0001213900-22-031279,"NightFood Holdings, Inc.",0001593001,2022-06-06,2022-06-06,8-K,EX-99.1,EFTS
0001193125-21-006262,"Eargo, Inc.",0001719395,2021-01-11,2021-01-11,8-K,EX-99.1,EFTS
0001564590-21-019268,ACME UNITED CORP,0000002098,2021-04-19,2021-04-19,8-K,EX-99.1,EFTS
0000935703-23-000036,"DOLLAR TREE, INC.",0000935703,2023-06-21,2023-06-21,8-K,EX-99.1,EFTS
0001193125-20-101356,Organogenesis Holdings Inc.,0001661181,2020-04-08,2020-04-08,8-K,EX-99.1,EFTS
0001437749-22-021972,HyreCar Inc.,0001713832,2022-09-07,2022-09-02,8-K,EX-99.1,EFTS
0001493152-23-002394,"Pulmatrix, Inc.",0001574235,2023-01-25,2023-01-25,8-K,EX-99.1,EFTS
0001366868-19-000072,"Globalstar, Inc.",0001366868,2019-11-27,2019-11-26,8-K,EX-99.1,EFTS
0001548187-20-000123,"Soliton, Inc.",0001548187,2020-11-12,2020-11-12,8-K,EX-99.1,EFTS
0001104659-22-034249,TERAWULF INC.,0001083301,2022-03-16,2022-03-15,8-K,EX-99.1,EFTS
0001564590-19-004406,Sotherly Hotels Inc.,0001301236,2019-02-26,2019-02-26,8-K,8-K,EFTS
0000886346-21-000102,KADANT INC,0000886346,2021-06-17,2021-06-17,8-K,EX-99.1,EFTS
0000879526-22-000028,WABASH NATIONAL Corp,0000879526,2022-05-19,2022-05-19,8-K,EX-99.2,EFTS
0000874761-23-000045,AES CORP,0000874761,2023-05-08,2023-05-08,8-K,8-K,EFTS
0001193805-21-001770,SCHMITT INDUSTRIES INC,0000922612,2021-12-16,2021-12-10,8-K,8-K,EFTS
0001193125-22-013142,CONNS INC,0001223389,2022-01-20,2022-01-20,8-K,EX-99.1,EFTS
0001413329-22-000084,Philip Morris International Inc.,0001413329,2022-09-06,2022-09-06,8-K,8-K,EFTS
0001493152-20-011624,"TRXADE GROUP, INC.",0001382574,2020-06-23,2020-06-23,8-K,8-K,EFTS
0001193125-21-342838,"APOGEE ENTERPRISES, INC.",0000006845,2021-11-30,2021-11-30,8-K,EX-99.1,EFTS
0001393883-22-000091,"DHI GROUP, INC.",0001393883,2022-09-09,2022-09-08,8-K,EX-99.1,EFTS
0001026608-19-000013,ACME UNITED CORP,0000002098,2019-04-18,2019-04-18,8-K,EX-99.1,EFTS
0001548187-20-000053,"Soliton, Inc.",0001548187,2020-05-14,2020-05-13,8-K,EX-99.1,EFTS
0001764013-21-000129,"Immunovant, Inc.",0001764013,2021-12-30,2021-12-30,8-K,EX-99.1,EFTS
0001564590-20-032039,"Veritone, Inc.",0001615165,2020-07-08,2020-07-08,8-K,EX-99.1,EFTS
0001493152-20-008931,"Co-Diagnostics, Inc.",0001692415,2020-05-15,2020-05-14,8-K,EX-99.1,EFTS
0001413329-23-000158,Philip Morris International Inc.,0001413329,2023-06-06,2023-06-06,8-K,8-K,EFTS
0001032220-19-000073,"MAXIMUS, INC.",0001032220,2019-08-12,2019-08-12,8-K,EX-99.2,EFTS
0000895419-20-000113,"CREE, INC.",0000895419,2020-10-19,2020-10-18,8-K,EX-99.1,EFTS
0001193125-22-275915,GEO GROUP INC,0000923796,2022-11-02,2022-10-27,8-K,EX-99.2,EFTS
0001193125-23-130595,GEO GROUP INC,0000923796,2023-05-01,2023-04-25,8-K,EX-99.2,EFTS
0001213900-20-021411,"Kandi Technologies Group, Inc.",0001316517,2020-08-11,2020-08-10,8-K,EX-99.1,EFTS
0001193125-19-315279,AMERICAN EAGLE OUTFITTERS INC,0000919012,2019-12-16,2019-12-11,8-K,EX-99.2,EFTS
0001437557-19-000022,"LILIS ENERGY, INC.",0001437557,2019-03-05,2019-03-05,8-K,EX-99.1,EFTS
0000950170-22-003412,"Red Violet, Inc.",0001720116,2022-03-11,2022-03-09,8-K,EX-99.2,EFTS
0001413329-20-000068,Philip Morris International Inc.,0001413329,2020-12-02,2020-12-02,8-K,8-K,EFTS
0001193125-20-269432,Organogenesis Holdings Inc.,0001661181,2020-10-14,2020-10-14,8-K,EX-99.1,EFTS
0001413329-21-000075,Philip Morris International Inc.,0001413329,2021-09-08,2021-09-08,8-K,8-K,EFTS
0001104659-23-092574,Sachem Capital Corp.,0001682220,2023-08-16,2023-08-14,8-K,EX-99.2,EFTS
0001564590-20-019711,Digimarc CORP,0001438231,2020-04-29,2020-04-29,8-K,EX-99.1,EFTS
0001437749-23-003565,INTEST CORP,0001036262,2023-02-16,2023-02-16,8-K,EX-99.1,EFTS
0001564590-19-014825,Digimarc CORP,0001438231,2019-05-01,2019-05-01,8-K,EX-99.1,EFTS
0001213900-20-041022,HL Acquisitions Corp.,0001736874,2020-12-04,2020-12-04,8-K,8-K,EFTS
0001493152-21-012050,"SRAX, Inc.",0001538217,2021-05-18,2021-05-18,8-K,EX-99.1,EFTS
0001193125-19-270987,FIRST BANCORP /PR/,0001057706,2019-10-22,2019-10-21,8-K,EX-99.1,EFTS
0001548187-20-000091,"Soliton, Inc.",0001548187,2020-08-11,2020-08-10,8-K,EX-99.1,EFTS
0001104659-22-119161,"Accelerate Diagnostics, Inc",0000727207,2022-11-15,2022-11-14,8-K,EX-99.2,EFTS
0001628280-20-004139,"Ocugen, Inc.",0001372299,2020-03-27,2020-03-27,8-K,EX-99.1,EFTS
0001193125-19-009430,GRAHAM CORP,0000716314,2019-01-15,2019-01-15,8-K,EX-99.1,EFTS
0001413329-20-000055,Philip Morris International Inc.,0001413329,2020-09-10,2020-09-10,8-K,8-K,EFTS
0001193125-21-249232,Perella Weinberg Partners,0001777835,2021-08-17,2021-08-12,8-K,EX-99.1,EFTS
0001628280-20-003819,"TRANSENTERIX, INC.",0000876378,2020-03-19,2020-03-16,8-K,EX-99.2,EFTS
0000014707-23-000053,CALERES INC,0000014707,2023-10-05,2023-10-05,8-K,EX-99.1,EFTS
0000950170-23-048041,Koppers Holdings Inc.,0001315257,2023-09-14,2023-09-14,8-K,EX-99.1,EFTS
0001193125-21-060687,"HCI Group, Inc.",0001400810,2021-02-26,2021-02-26,8-K,EX-99.1,EFTS
0001413329-21-000094,Philip Morris International Inc.,0001413329,2021-12-01,2021-12-01,8-K,8-K,EFTS
0001193125-23-060671,"KINETA, INC./DE",0001445283,2023-03-06,2023-03-06,8-K,EX-99.1,EFTS
0000874238-19-000110,STERLING CONSTRUCTION CO INC,0000874238,2019-08-14,2019-08-13,8-K,EX-99.1,EFTS
0001437749-21-024569,INTEST CORP,0001036262,2021-10-29,2021-10-29,8-K,EX-99.1,EFTS
0001413329-21-000034,Philip Morris International Inc.,0001413329,2021-06-08,2021-06-08,8-K,8-K,EFTS
0001213900-19-014971,NEKTAR THERAPEUTICS,0000906709,2019-08-08,2019-08-08,8-K,8-K,EFTS
0001193125-20-229289,"Immunovant, Inc.",0001764013,2020-08-25,2020-08-25,8-K,EX-99.1,EFTS
0001654954-22-014933,DYNATRONICS CORP,0000720875,2022-11-10,2022-11-10,8-K,EX-99.1,EFTS
0001171843-23-004870,CoreCard Corp,0000320340,2023-08-02,2023-08-02,8-K,EX-99.1,EFTS
0001564590-23-006014,ACME UNITED CORP,0000002098,2023-04-21,2023-04-21,8-K,EX-99.1,EFTS
0001104659-23-116024,Inspirato Inc,0001820566,2023-11-09,2023-11-06,8-K,EX-99.2,EFTS
0001413329-20-000044,Philip Morris International Inc.,0001413329,2020-06-11,2020-06-11,8-K,8-K,EFTS
0001476204-21-000020,"Phillips Edison & Company, Inc.",0001476204,2021-03-11,2021-03-11,8-K,EX-99.2,EFTS
0001213900-21-019220,"Metromile, Inc.",0001819035,2021-03-31,2021-03-30,8-K,EX-99.2,EFTS
0000074303-20-000194,OLIN Corp,0000074303,2020-10-07,2020-10-06,8-K,EX-99.1,EFTS
0001193125-23-276064,GEO GROUP INC,0000923796,2023-11-13,2023-11-07,8-K,EX-99.2,EFTS
0001558370-21-012655,"Brooks Automation, Inc.",0000933974,2021-09-21,2021-09-20,8-K,EX-99.1,EFTS
0001539497-20-000683,LEXINGTON REALTY TRUST,0000910108,2020-05-08,2020-05-07,8-K,EX-99.2,EFTS
0001476204-20-000063,"Phillips Edison & Company, Inc.",0001476204,2020-08-12,2020-08-12,8-K,EX-99.2,EFTS
0001654954-20-009400,IMAGEWARE SYSTEMS INC,0000941685,2020-08-21,2020-08-19,8-K,EX-99,EFTS
0001628280-22-021346,AIR LEASE CORP,0001487712,2022-08-05,2022-08-04,8-K,EX-99.1,EFTS
0000318300-22-000230,PEOPLES BANCORP INC,0000318300,2022-08-01,2022-08-01,8-K,EX-99.1,EFTS
0001553350-20-000473,"DUOS TECHNOLOGIES GROUP, INC.",0001396536,2020-05-18,2020-05-15,8-K,EX-99.2,EFTS
0001553350-21-001048,"DUOS TECHNOLOGIES GROUP, INC.",0001396536,2021-11-17,2021-11-15,8-K,EX-99.2,EFTS
0001493152-21-008725,"HARROW HEALTH, INC.",0001360214,2021-04-14,2021-04-14,8-K,EX-99.1,EFTS
0000950142-22-002783,"Rackspace Technology, Inc.",0001810019,2022-09-26,2022-09-22,8-K,EX-99.1,EFTS
0001413329-22-000058,Philip Morris International Inc.,0001413329,2022-06-14,2022-06-14,8-K,8-K,EFTS
0001235468-22-000107,LIQUIDITY SERVICES INC,0001235468,2022-08-08,2022-08-04,8-K,EX-99.1,EFTS
0001493152-22-032700,"Where Food Comes From, Inc.",0001360565,2022-11-17,2022-11-14,8-K,EX-99.2,EFTS
0001421461-20-000011,"Intrepid Potash, Inc.",0001421461,2020-05-06,2020-05-06,8-K,EX-99.1,EFTS
0001104659-19-000970,"Syros Pharmaceuticals, Inc.",0001556263,2019-01-07,2019-01-06,8-K,EX-99.2,EFTS
0001104659-20-041900,ORTHOPEDIATRICS CORP,0001425450,2020-04-01,2020-04-01,8-K,EX-99.1,EFTS
0001171843-22-006989,CoreCard Corp,0000320340,2022-11-02,2022-11-02,8-K,EX-99.1,EFTS
0001062993-23-020378,DYNATRONICS CORP,0000720875,2023-11-09,2023-11-09,8-K,EX-99.1,EFTS
0001157523-19-001422,CACI INTERNATIONAL INC /DE/,0000016058,2019-06-19,2019-06-19,8-K,EX-99,EFTS
0001467858-21-000035,General Motors Co,0001467858,2021-02-10,2021-02-10,8-K,EX-99.1,EFTS
0001171843-23-002865,CoreCard Corp,0000320340,2023-05-04,2023-05-04,8-K,EX-99.1,EFTS
0001564590-19-036779,ExOne Co,0001561627,2019-10-10,2019-10-10,8-K,EX-99.1,EFTS
0001723648-21-000027,"LiveVox Holdings, Inc.",0001723648,2021-11-12,2021-11-11,8-K,EX-99.2,EFTS
0001171843-22-005272,CoreCard Corp,0000320340,2022-08-03,2022-08-03,8-K,EX-99.1,EFTS
0001171843-22-003267,CoreCard Corp,0000320340,2022-05-05,2022-05-05,8-K,EX-99.1,EFTS
0001032220-21-000092,"MAXIMUS, INC.",0001032220,2021-08-10,2021-08-10,8-K,EX-99.2,EFTS
0001235468-22-000144,LIQUIDITY SERVICES INC,0001235468,2022-12-09,2022-12-08,8-K,EX-99.1,EFTS
0000039311-23-000055,INDEPENDENT BANK CORP /MI/,0000039311,2023-04-27,2023-04-27,8-K,EX-99.3,EFTS
0001235468-20-000160,LIQUIDITY SERVICES INC,0001235468,2020-08-10,2020-08-06,8-K,EX-99,EFTS
0001476204-20-000085,"Phillips Edison & Company, Inc.",0001476204,2020-11-09,2020-11-09,8-K,EX-99.2,EFTS
0001851734-22-000280,"AutoWeb, Inc.",0001023364,2022-05-18,2022-05-16,8-K,EX-99.2,EFTS
0001628280-19-010001,LIQUIDITY SERVICES INC,0001235468,2019-08-05,2019-08-05,8-K,EX-99.1,EFTS
0000939802-21-000049,"CAPSTONE COMPANIES, INC.",0000814926,2021-05-19,2021-05-06,8-K,EX-99.2,EFTS
0001193125-22-220064,Dave Inc./DE,0001841408,2022-08-12,2022-08-11,8-K,EX-99.1,EFTS
0001564590-19-038167,Clearwater Paper Corp,0001441236,2019-10-28,2019-10-24,8-K,EX-99.1,EFTS
0000874238-19-000107,STERLING CONSTRUCTION CO INC,0000874238,2019-08-08,2019-08-06,8-K,EX-99.1,EFTS
0001476204-19-000052,"Phillips Edison & Company, Inc.",0001476204,2019-08-12,2019-08-12,8-K,EX-99.2,EFTS
0000950170-21-005097,SQZ Biotechnologies Co,0001604477,2021-12-09,2021-12-09,8-K,EX-99.3,EFTS
0001564590-19-012408,UMB FINANCIAL CORP,0000101382,2019-04-23,2019-04-23,8-K,EX-99.2,EFTS
0001564590-20-019021,UMB FINANCIAL CORP,0000101382,2020-04-28,2020-04-28,8-K,EX-99.1,EFTS
0001564590-21-020681,UMB FINANCIAL CORP,0000101382,2021-04-27,2021-04-27,8-K,EX-99.2,EFTS
0000082811-22-000177,REGAL REXNORD CORP,0000082811,2022-11-01,2022-10-31,8-K,EX-99.2,EFTS
0001564590-22-015690,UMB FINANCIAL CORP,0000101382,2022-04-26,2022-04-26,8-K,EX-99.3,EFTS
0000082811-23-000089,REGAL REXNORD CORP,0000082811,2023-05-05,2023-05-04,8-K,EX-99.2,EFTS
0000082811-23-000023,REGAL REXNORD CORP,0000082811,2023-02-02,2023-02-01,8-K,EX-99.2,EFTS
0001193125-21-250330,MAGNACHIP SEMICONDUCTOR Corp,0001325702,2021-08-18,2021-08-18,8-K,8-K,EFTS
0001493152-22-004703,DIVALL INSURED INCOME PROPERTIES 2 LIMITED PARTNERSHIP,0000825788,2022-02-15,2022-02-15,8-K,EX-99.1,EFTS
0001174947-21-000535,ENB Financial Corp,0001437479,2021-05-12,2021-05-11,8-K,EX-99.1,EFTS
0000082811-22-000101,REGAL REXNORD CORP,0000082811,2022-04-28,2022-04-27,8-K,EX-99.2,EFTS
0001035267-21-000144,INTUITIVE SURGICAL INC,0001035267,2021-08-05,2021-08-05,8-K,8-K,EFTS
0001174947-20-000635,ENB Financial Corp,0001437479,2020-05-06,2020-05-05,8-K,EX-99.1,EFTS
0000082811-21-000148,REGAL REXNORD CORP,0000082811,2021-11-02,2021-11-02,8-K,EX-99.2,EFTS
0000082811-22-000025,REGAL REXNORD CORP,0000082811,2022-02-03,2022-02-02,8-K,EX-99.2,EFTS
0001488139-22-000057,"Ameresco, Inc.",0001488139,2022-03-24,2022-03-23,8-K,EX-99.2,EFTS
0000082811-22-000149,REGAL REXNORD CORP,0000082811,2022-08-02,2022-08-01,8-K,EX-99.2,EFTS
0001174947-23-000753,ENB Financial Corp,0001437479,2023-05-10,2023-05-09,8-K,EX-99.1,EFTS
0001174947-22-000665,ENB Financial Corp,0001437479,2022-05-11,2022-05-10,8-K,EX-99.1,EFTS
0001628280-20-000013,LANDEC CORP \CA\,0001005286,2020-01-02,2019-12-27,8-K,EX-99.1,EFTS
0000082811-21-000102,REGAL BELOIT CORP,0000082811,2021-07-29,2021-07-28,8-K,EX-99.2,EFTS
0000927066-19-000165,DAVITA INC.,0000927066,2019-11-04,2019-11-04,8-K,8-K,EFTS
0000082811-23-000150,REGAL REXNORD CORP,0000082811,2023-08-01,2023-07-31,8-K,EX-99.2,EFTS
0000082811-21-000054,REGAL BELOIT CORP,0000082811,2021-05-04,2021-05-03,8-K,EX-99.2,EFTS
0000082811-23-000187,REGAL REXNORD CORP,0000082811,2023-11-02,2023-11-01,8-K,EX-99.2,EFTS
0001213900-21-055968,Clene Inc.,0001822791,2021-11-02,2021-11-02,8-K,EX-99.2,EFTS
0000082811-20-000118,REGAL BELOIT CORP,0000082811,2020-10-29,2020-10-28,8-K,EX-99.2,EFTS
0001104659-20-058181,ACNB CORP,0000715579,2020-05-07,2020-05-05,8-K,EX-99.1,EFTS
0000082811-20-000052,REGAL BELOIT CORP,0000082811,2020-05-05,2020-05-04,8-K,EX-99.2,EFTS
0000082811-21-000002,REGAL BELOIT CORP,0000082811,2021-02-16,2021-02-16,8-K,EX-99.2,EFTS
0000082811-20-000101,REGAL BELOIT CORP,0000082811,2020-08-04,2020-08-03,8-K,EX-99.2,EFTS
0001600626-19-000129,"Griffin Capital Essential Asset REIT II, Inc.",0001600626,2019-05-22,2019-05-22,8-K,EX-99.2,EFTS
0001600626-19-000038,"Griffin Capital Essential Asset REIT II, Inc.",0001600626,2019-03-19,2019-03-19,8-K,EX-99.2,EFTS
0001104659-22-056204,ACNB CORP,0000715579,2022-05-05,2022-05-03,8-K,EX-99.1,EFTS
0001600626-20-000083,"Griffin Capital Essential Asset REIT, Inc.",0001600626,2020-03-05,2020-03-05,8-K,EX-99.2,EFTS
0001104659-21-062270,ACNB CORP,0000715579,2021-05-06,2021-05-04,8-K,EX-99.1,EFTS
0001731122-23-000103,"Odyssey Semiconductor Technologies, Inc.",0001781405,2023-01-31,2023-01-31,8-K,EX-99.1,EFTS
0001213900-20-018397,"Jerrick Media Holdings, Inc.",0001357671,2020-07-23,2020-07-18,8-K,EX-99.1,EFTS
0000082811-20-000005,REGAL BELOIT CORP,0000082811,2020-02-04,2020-02-03,8-K,EX-99.2,EFTS
0001600626-19-000237,"Griffin Capital Essential Asset REIT, Inc.",0001600626,2019-08-15,2019-08-15,8-K,EX-99.2,EFTS
0001600626-19-000302,"Griffin Capital Essential Asset REIT, Inc.",0001600626,2019-11-12,2019-11-12,8-K,EX-99.2,EFTS
0001490906-20-000026,"Capitol Federal Financial, Inc.",0001490906,2020-01-30,2020-01-28,8-K,EX-99.1,EFTS
0001490906-22-000006,"Capitol Federal Financial, Inc.",0001490906,2022-01-28,2022-01-25,8-K,EX-99.1,EFTS
0001490906-23-000006,"Capitol Federal Financial, Inc.",0001490906,2023-01-25,2023-01-24,8-K,EX-99.1,EFTS
0001564590-23-006195,UMB FINANCIAL CORP,0000101382,2023-04-25,2023-04-25,8-K,EX-99.3,EFTS
0001490906-21-000023,"Capitol Federal Financial, Inc.",0001490906,2021-01-28,2021-01-26,8-K,EX-99.1,EFTS
0001490906-19-000020,"Capitol Federal Financial, Inc.",0001490906,2019-01-24,2019-01-22,8-K,EX-99.1,EFTS
0001456016-19-000033,"Griffin Capital Essential Asset REIT, Inc.",0001456016,2019-03-19,2019-03-19,8-K,EX-99.2,EFTS
0001628280-22-021234,"Ocugen, Inc.",0001372299,2022-08-05,2022-08-05,8-K,EX-99.2,EFTS
0001767258-21-000048,"XPEL, Inc.",0001767258,2021-05-28,2021-05-26,8-K,EX-99.1,EFTS
0001104659-23-055825,ACNB CORP,0000715579,2023-05-04,2023-05-02,8-K,EX-99.1,EFTS
0001213900-20-017343,"Inmune Bio, Inc.",0001711754,2020-07-13,2020-07-13,8-K,EX-99.1,EFTS
0000700564-20-000026,FULTON FINANCIAL CORP,0000700564,2020-05-19,2020-05-19,8-K,EX-99.1,EFTS
0001628280-19-012067,LANDEC CORP \CA\,0001005286,2019-10-01,2019-10-01,8-K,EX-99.1,EFTS
0001501364-19-000077,"United Financial Bancorp, Inc.",0001501364,2019-05-13,2019-05-13,8-K,EX-99.1,EFTS
0001628280-22-028759,"Ocugen, Inc.",0001372299,2022-11-08,2022-11-08,8-K,EX-99.2,EFTS
0000082811-19-000097,REGAL BELOIT CORP,0000082811,2019-08-06,2019-08-05,8-K,EX-99.2,EFTS
0001104659-19-029623,BROOKLINE BANCORP INC,0001049782,2019-05-15,2019-05-15,8-K,EX-99.1,EFTS
0000082811-19-000106,REGAL BELOIT CORP,0000082811,2019-11-04,2019-11-04,8-K,EX-99.2,EFTS
0001174947-19-000652,ENB Financial Corp,0001437479,2019-05-08,2019-05-07,8-K,EX-99.1,EFTS
0001628280-22-012824,"Ocugen, Inc.",0001372299,2022-05-06,2022-05-06,8-K,EX-99.2,EFTS
0001387131-22-005946,TOMPKINS FINANCIAL CORP,0001005817,2022-05-11,2022-05-10,8-K,EX-99.1,EFTS
0001564590-21-015941,Houghton Mifflin Harcourt Co,0001580156,2021-03-29,2021-03-26,8-K,EX-99.2,EFTS
0001628280-19-011810,"Commercial Vehicle Group, Inc.",0001290900,2019-09-18,2019-09-17,8-K,EX-99.2,EFTS
0001663577-23-000074,Ilustrato Pictures International Inc.,0001496383,2023-02-13,2023-02-13,8-K,EX-99.1,EFTS
0001193125-23-105748,"CIVISTA BANCSHARES, INC.",0000944745,2023-04-19,2023-04-18,8-K,EX-99.1,EFTS
0001126234-21-000064,"LUMOS PHARMA, INC.",0001126234,2021-04-29,2021-04-28,8-K,EX-99.1,EFTS
0001564590-22-030654,EXPEDITORS INTERNATIONAL OF WASHINGTON INC,0000746515,2022-08-31,2022-08-31,8-K,8-K,EFTS
0001101215-20-000208,ALLIANCE DATA SYSTEMS CORP,0001101215,2020-12-08,2020-12-08,8-K,EX-99.1,EFTS
0001628280-19-009291,LANDEC CORP \CA\,0001005286,2019-07-30,2019-07-30,8-K,EX-99.1,EFTS
0001558370-19-008111,"Matson, Inc.",0000003453,2019-08-14,2019-08-14,8-K,EX-99.1,EFTS
0001485003-21-000194,"Sesen Bio, Inc.",0001485003,2021-09-17,2021-09-17,8-K,8-K,EFTS
0001628280-23-005369,"Ocugen, Inc.",0001372299,2023-02-28,2023-02-28,8-K,EX-99.2,EFTS
0001140361-22-043393,"Bionano Genomics, Inc.",0001411690,2022-11-29,2022-11-29,8-K,EX-99.1,EFTS
0001411690-21-000012,"Bionano Genomics, Inc",0001411690,2021-05-13,2021-05-13,8-K,EX-99.2,EFTS
0001628280-22-014884,"GERMAN AMERICAN BANCORP, INC.",0000714395,2022-05-19,2022-05-19,8-K,EX-99.1,EFTS
0001683168-21-002121,"Simulations Plus, Inc.",0001023459,2021-05-20,2021-05-20,8-K,EX-99.1,EFTS
0000714395-21-000035,"GERMAN AMERICAN BANCORP, INC.",0000714395,2021-05-20,2021-05-20,8-K,EX-99.1,EFTS
0001628280-23-015993,"Ocugen, Inc.",0001372299,2023-05-05,2023-05-01,8-K,EX-99.2,EFTS
0001193125-19-317834,SUPERIOR ENERGY SERVICES INC,0000886835,2019-12-19,2019-12-18,8-K,EX-99.1,EFTS
0001411690-21-000029,"Bionano Genomics, Inc.",0001411690,2021-11-04,2021-11-04,8-K,EX-99.2,EFTS
0001140361-22-040331,"Eargo, Inc.",0001719395,2022-11-07,2022-11-07,8-K,EX-99.1,EFTS
0001193125-23-196808,BIOGEN INC.,0000875045,2023-07-28,2023-07-28,8-K,EX-99.2,EFTS
0001411690-21-000022,"Bionano Genomics, Inc",0001411690,2021-08-04,2021-08-04,8-K,EX-99.2,EFTS
0001683168-20-000565,SIMULATIONS PLUS INC,0001023459,2020-02-24,2020-02-21,8-K,EX-99.1,EFTS
0000950170-23-044376,EXPEDITORS INTERNATIONAL OF WASHINGTON INC,0000746515,2023-08-24,2023-08-24,8-K,8-K,EFTS
0001411690-21-000002,"Bionano Genomics, Inc",0001411690,2021-03-23,2021-03-23,8-K,EX-99.2,EFTS
0001104659-21-092922,CA Healthcare Acquisition Corp.,0001832352,2021-07-16,2021-07-16,8-K,EX-99.1,EFTS
0001411690-23-000080,"Bionano Genomics, Inc.",0001411690,2023-11-08,2023-11-08,8-K,EX-99.2,EFTS
0001104659-22-100245,"Eloxx Pharmaceuticals, Inc.",0001035354,2022-09-15,2022-09-14,8-K,EX-99.2,EFTS
0001020710-23-000041,DXP ENTERPRISES INC,0001020710,2023-04-17,2023-04-14,8-K,EX-99.3,EFTS
0001213900-20-028780,"Inmune Bio, Inc.",0001711754,2020-09-29,2020-09-29,8-K,EX-99.1,EFTS
0001193125-20-312743,QuantumScape Corp,0001811414,2020-12-08,2020-12-08,8-K,EX-99.2,EFTS
0001628280-23-038028,"Ocugen, Inc.",0001372299,2023-11-09,2023-11-09,8-K,EX-99.2,EFTS
0000047111-20-000023,HERSHEY CO,0000047111,2020-05-12,2020-05-12,8-K,EX-99.1,EFTS
0001558370-22-012729,"22nd Century Group, Inc.",0001347858,2022-08-09,2022-08-09,8-K,EX-99.2,EFTS
0001683168-19-000497,SIMULATIONS PLUS INC,0001023459,2019-02-26,2019-02-22,8-K,EX-99.1,EFTS
0000886346-19-000065,KADANT INC,0000886346,2019-04-29,2019-04-29,8-K,EX-99.2,EFTS
0000950170-22-006530,Western Union CO,0001365135,2022-04-28,2022-04-28,8-K,EX-99.2,EFTS
0001558370-23-014685,"22nd Century Group, Inc.",0001347858,2023-08-14,2023-08-14,8-K,EX-99.2,EFTS
0000950170-22-001076,Western Union CO,0001365135,2022-02-10,2022-02-10,8-K,EX-99.2,EFTS
0001157523-19-002130,MOLSON COORS BREWING CO,0000024545,2019-10-30,2019-10-28,8-K,EX-99.2,EFTS
0000886346-23-000078,KADANT INC,0000886346,2023-05-02,2023-05-02,8-K,EX-99.2,EFTS
0001564590-22-020880,EXPEDITORS INTERNATIONAL OF WASHINGTON INC,0000746515,2022-05-20,2022-05-20,8-K,8-K,EFTS
0000886346-21-000063,KADANT INC,0000886346,2021-05-04,2021-05-04,8-K,EX-99.2,EFTS
0001171843-20-002799,SHENANDOAH TELECOMMUNICATIONS CO/VA/,0000354963,2020-04-23,2020-04-21,8-K,EX-99.1,EFTS
0001213900-20-043223,ENZO BIOCHEM INC,0000316253,2020-12-17,2020-12-17,8-K,EX-99.2,EFTS
0000886346-19-000140,KADANT INC,0000886346,2019-10-30,2019-10-29,8-K,EX-99.2,EFTS
0000886346-22-000122,KADANT INC,0000886346,2022-08-02,2022-08-02,8-K,EX-99.2,EFTS
0000886346-23-000151,KADANT INC,0000886346,2023-11-06,2023-10-31,8-K,EX-99.2,EFTS
0001104659-20-138230,"GRIZZLY MERGER SUB 1, LLC",0000808461,2020-12-22,2020-12-18,8-K,8-K,EFTS
0000844856-21-000037,Healthier Choices Management Corp.,0000844856,2021-04-20,2021-04-20,8-K,EX-99.1,EFTS
0000886346-22-000145,KADANT INC,0000886346,2022-11-01,2022-11-01,8-K,EX-99.2,EFTS
0001104659-19-055555,"PB Bancorp, Inc.",0001652106,2019-10-22,2019-10-22,8-K,EX-99.2,EFTS
0001564590-19-036441,"Sarepta Therapeutics, Inc.",0000873303,2019-10-04,2019-10-04,8-K,EX-99.2,EFTS
0000886346-19-000119,KADANT INC,0000886346,2019-07-30,2019-07-30,8-K,EX-99.2,EFTS
0001564590-21-008182,"Paratek Pharmaceuticals, Inc.",0001178711,2021-02-24,2021-02-24,8-K,EX-99.2,EFTS
0000886346-21-000150,KADANT INC,0000886346,2021-11-02,2021-11-02,8-K,EX-99.2,EFTS
0000886346-23-000149,KADANT INC,0000886346,2023-10-31,2023-10-31,8-K,EX-99.2,EFTS
0000886346-22-000081,KADANT INC,0000886346,2022-05-03,2022-05-03,8-K,EX-99.2,EFTS
0001171843-21-002674,SHENANDOAH TELECOMMUNICATIONS CO/VA/,0000354963,2021-04-22,2021-04-20,8-K,EX-99.1,EFTS
0000886346-23-000117,KADANT INC,0000886346,2023-08-01,2023-08-01,8-K,EX-99.2,EFTS
0001193125-19-067848,ON SEMICONDUCTOR CORP,0001097864,2019-03-08,2019-03-08,8-K,EX-99.1,EFTS
0001558370-20-007104,Blueprint Medicines Corp,0001597264,2020-05-29,2020-05-29,8-K,EX-99.1,EFTS
0001104659-20-063500,Standard AVB Financial Corp.,0001492915,2020-05-19,2020-05-19,8-K,EX-99.1,EFTS
0001558370-22-016725,"22nd Century Group, Inc.",0001347858,2022-11-08,2022-11-08,8-K,EX-99.2,EFTS
0000886346-20-000134,KADANT INC,0000886346,2020-10-27,2020-10-27,8-K,EX-99.2,EFTS
0000886346-20-000105,KADANT INC,0000886346,2020-07-28,2020-07-28,8-K,EX-99.2,EFTS
0001171843-21-000342,"RenovaCare, Inc.",0001016708,2021-01-20,2021-01-19,8-K,EX-99.2,EFTS
0001171843-20-007477,"RenovaCare, Inc.",0001016708,2020-11-03,2020-10-29,8-K,EX-99.2,EFTS
0000886346-21-000113,KADANT INC,0000886346,2021-08-03,2021-08-03,8-K,EX-99.2,EFTS
0001013237-22-000015,FACTSET RESEARCH SYSTEMS INC,0001013237,2022-01-05,2022-01-05,8-K,EX-99.1,EFTS
0000886346-20-000066,KADANT INC,0000886346,2020-04-29,2020-04-29,8-K,EX-99.2,EFTS
0000886346-20-000016,KADANT INC,0000886346,2020-02-12,2020-02-12,8-K,EX-99.2,EFTS
0001213900-20-019175,"Celsius Holdings, Inc.",0001341766,2020-07-30,2020-07-30,8-K,EX-99.2,EFTS
0000886346-22-000015,KADANT INC,0000886346,2022-02-16,2022-02-16,8-K,EX-99.2,EFTS
0001101215-20-000187,ALLIANCE DATA SYSTEMS CORP,0001101215,2020-10-29,2020-10-29,8-K,EX-99.2,EFTS
0001101215-21-000015,ALLIANCE DATA SYSTEMS CORP,0001101215,2021-01-28,2021-01-28,8-K,EX-99.2,EFTS
0000886346-23-000016,KADANT INC,0000886346,2023-02-15,2023-02-15,8-K,EX-99.2,EFTS
0001193125-23-120045,"Seres Therapeutics, Inc.",0001609809,2023-04-27,2023-04-26,8-K,EX-99.1,EFTS
0001212545-21-000146,WESTERN ALLIANCE BANCORPORATION,0001212545,2021-07-15,2021-07-15,8-K,EX-99.2,EFTS
0001525221-19-000056,ERA GROUP INC.,0001525221,2019-05-07,2019-05-07,8-K,EX-99.2,EFTS
0001558370-20-013555,MERIT MEDICAL SYSTEMS INC,0000856982,2020-11-10,2020-11-10,8-K,EX-99.2,EFTS
0001193125-21-325414,Noble Corp,0001458891,2021-11-10,2021-11-10,8-K,EX-99.3,EFTS
0000886346-19-000017,KADANT INC,0000886346,2019-02-13,2019-02-13,8-K,EX-99.3,EFTS
0001213900-22-043211,"SB FINANCIAL GROUP, INC.",0000767405,2022-08-01,2022-07-26,8-K,EX-99.1,EFTS
0001104659-21-140321,"Eloxx Pharmaceuticals, Inc.",0001035354,2021-11-17,2021-11-17,8-K,EX-99.2,EFTS
0001212545-21-000159,WESTERN ALLIANCE BANCORPORATION,0001212545,2021-10-21,2021-10-21,8-K,EX-99.2,EFTS
0000700564-19-000024,FULTON FINANCIAL CORP,0000700564,2019-05-21,2019-05-21,8-K,EX-99.1,EFTS
0001341318-19-000042,"LAKE SHORE BANCORP, INC.",0001341318,2019-05-15,2019-05-15,8-K,EX-99.1,EFTS
0001628280-21-014453,Cerecor Inc.,0001534120,2021-07-26,2021-07-26,8-K,EX-99.3,EFTS
0001212545-21-000121,WESTERN ALLIANCE BANCORPORATION,0001212545,2021-04-15,2021-04-15,8-K,EX-99.2,EFTS
0001193125-21-342256,"Krystal Biotech, Inc.",0001711279,2021-11-29,2021-11-29,8-K,EX-99.2,EFTS
0001193125-19-204818,PFIZER INC,0000078003,2019-07-29,2019-07-29,8-K,EX-99.2,EFTS
0001213900-21-006517,"SB FINANCIAL GROUP, INC.",0000767405,2021-02-03,2021-01-29,8-K,EX-99.1,EFTS
0000076334-19-000012,PARKER HANNIFIN CORP,0000076334,2019-01-31,2019-01-31,8-K,EX-99.2,EFTS
0001664710-23-000052,"Keros Therapeutics, Inc.",0001664710,2023-08-07,2023-08-07,8-K,EX-99.2,EFTS
0001212545-22-000102,WESTERN ALLIANCE BANCORPORATION,0001212545,2022-04-21,2022-04-21,8-K,EX-99.2,EFTS
0001525221-21-000051,Bristow Group Inc.,0001525221,2021-11-03,2021-11-03,8-K,EX-99.2,EFTS
0001564590-20-028560,"Sarepta Therapeutics, Inc.",0000873303,2020-06-08,2020-06-08,8-K,EX-99.2,EFTS
0001558370-23-003237,"22nd Century Group, Inc.",0001347858,2023-03-09,2023-03-09,8-K,EX-99.2,EFTS
0000074046-21-000115,Oil-Dri Corp of America,0000074046,2021-12-08,2021-12-08,8-K,EX-99.1,EFTS
0001525221-20-000064,Bristow Group Inc.,0001525221,2020-08-07,2020-08-06,8-K,EX-99.2,EFTS
0001193125-20-220503,"PRECIGEN, INC.",0001356090,2020-08-14,2020-08-10,8-K,EX-99.1,EFTS
0001212545-22-000124,WESTERN ALLIANCE BANCORPORATION,0001212545,2022-07-21,2022-07-21,8-K,EX-99.2,EFTS
0001558370-23-008633,"22nd Century Group, Inc.",0001347858,2023-05-09,2023-05-09,8-K,EX-99.2,EFTS
0001525221-19-000080,ERA GROUP INC.,0001525221,2019-07-30,2019-07-30,8-K,EX-99.2,EFTS
0001213900-23-011133,Ondas Holdings Inc.,0001646188,2023-02-14,2023-02-14,8-K,EX-99.2,EFTS
0001525221-19-000009,ERA GROUP INC.,0001525221,2019-03-08,2019-03-07,8-K,EX-99.2,EFTS
0001193125-22-086630,"Krystal Biotech, Inc.",0001711279,2022-03-28,2022-03-26,8-K,EX-99.1,EFTS
0001104659-21-004406,ATLANTIC POWER CORP,0001419242,2021-01-15,2021-01-14,8-K,EX-99.3,EFTS
0001193125-22-171489,"Cogent Biosciences, Inc.",0001622229,2022-06-10,2022-06-07,8-K,EX-99.2,EFTS
0000076334-21-000026,PARKER HANNIFIN CORP,0000076334,2021-02-04,2021-02-04,8-K,EX-99.2,EFTS
0001525221-19-000093,ERA GROUP INC.,0001525221,2019-11-05,2019-11-05,8-K,EX-99.2,EFTS
0000076334-19-000044,PARKER HANNIFIN CORP,0000076334,2019-05-02,2019-05-02,8-K,EX-99.2,EFTS
0001104659-22-007913,Clean Energy Fuels Corp.,0001368265,2022-01-27,2022-01-26,8-K,EX-99.1,EFTS
0000950103-23-011620,CAMPBELL SOUP CO,0000016732,2023-08-07,2023-08-07,8-K,EX-99.1,EFTS
0001104659-22-007579,Clean Energy Fuels Corp.,0001368265,2022-01-26,2022-01-26,8-K,EX-99.1,EFTS
0001213900-23-075591,Ispire Technology Inc.,0001948455,2023-09-11,2023-09-11,8-K,EX-99.2,EFTS
0001525221-20-000077,Bristow Group Inc.,0001525221,2020-11-04,2020-11-04,8-K,EX-99.2,EFTS
0001104659-20-138229,Liberty Broadband Corp,0001611983,2020-12-22,2020-12-18,8-K,8-K,EFTS
0001193125-20-244880,DOVER Corp,0000029905,2020-09-14,2020-09-14,8-K,EX-99.1,EFTS
0001525221-22-000013,Bristow Group Inc.,0001525221,2022-05-31,2022-05-31,8-K,EX-99.2,EFTS
0001525221-22-000004,Bristow Group Inc.,0001525221,2022-02-03,2022-02-03,8-K,EX-99.2,EFTS
0001525221-22-000032,Bristow Group Inc.,0001525221,2022-08-05,2022-08-04,8-K,EX-99.2,EFTS
0001752836-22-000003,"COVETRUS, INC.",0001752836,2022-01-12,2022-01-12,8-K,EX-99.1,EFTS
0001819790-23-000034,"Tarsus Pharmaceuticals, Inc.",0001819790,2023-06-15,2023-06-15,8-K,EX-99.1,EFTS
0001525221-21-000018,Bristow Group Inc.,0001525221,2021-05-26,2021-05-26,8-K,EX-99.2,EFTS
0001212545-22-000007,WESTERN ALLIANCE BANCORPORATION,0001212545,2022-01-27,2022-01-27,8-K,EX-99.2,EFTS
0001525221-21-000035,Bristow Group Inc.,0001525221,2021-08-04,2021-08-04,8-K,EX-99.2,EFTS
0001525221-23-000041,Bristow Group Inc.,0001525221,2023-08-02,2023-08-02,8-K,EX-99.2,EFTS
0001564590-21-032017,THOR INDUSTRIES INC,0000730263,2021-06-08,2021-06-08,8-K,EX-99.3,EFTS
0000950170-23-025547,"Pathfinder Bancorp, Inc.",0001609065,2023-06-01,2023-06-01,8-K,EX-99.1,EFTS
0001212545-22-000149,WESTERN ALLIANCE BANCORPORATION,0001212545,2022-10-20,2022-10-20,8-K,EX-99.2,EFTS
0001510295-19-000094,Marathon Petroleum Corp,0001510295,2019-08-01,2019-08-01,8-K,EX-99.2,EFTS
0001104659-19-070776,THOR INDUSTRIES INC,0000730263,2019-12-09,2019-12-09,8-K,EX-99.3,EFTS
0001525221-21-000006,Bristow Group Inc.,0001525221,2021-02-02,2021-02-02,8-K,EX-99.2,EFTS
0000076334-19-000127,PARKER HANNIFIN CORP,0000076334,2019-10-31,2019-10-31,8-K,EX-99.2,EFTS
0001525221-20-000050,ERA GROUP INC.,0001525221,2020-05-05,2020-05-05,8-K,EX-99.2,EFTS
0001413329-19-000029,Philip Morris International Inc.,0001413329,2019-04-18,2019-04-18,8-K,EX-99.3,EFTS
0001525221-22-000044,Bristow Group Inc.,0001525221,2022-11-02,2022-11-02,8-K,EX-99.2,EFTS
0000076334-20-000004,PARKER HANNIFIN CORP,0000076334,2020-01-30,2020-01-30,8-K,EX-99.2,EFTS
0001126234-22-000122,"LUMOS PHARMA, INC.",0001126234,2022-12-12,2022-12-12,8-K,EX-99.2,EFTS
0001564590-20-028547,THOR INDUSTRIES INC,0000730263,2020-06-08,2020-06-08,8-K,EX-99.3,EFTS
0001564590-20-044740,THOR INDUSTRIES INC,0000730263,2020-09-28,2020-09-28,8-K,EX-99.3,EFTS
0000076334-19-000064,PARKER HANNIFIN CORP,0000076334,2019-08-01,2019-08-01,8-K,EX-99.2,EFTS
0001564590-21-011594,THOR INDUSTRIES INC,0000730263,2021-03-09,2021-03-09,8-K,EX-99.3,EFTS
0001525221-20-000004,ERA GROUP INC.,0001525221,2020-03-05,2020-03-05,8-K,EX-99.2,EFTS
0001564590-20-009242,THOR INDUSTRIES INC,0000730263,2020-03-09,2020-03-09,8-K,EX-99.3,EFTS
0001206774-23-001246,TRANSCAT INC,0000099302,2023-11-15,2023-11-15,8-K,EX-99.1,EFTS
0001212545-23-000142,WESTERN ALLIANCE BANCORPORATION,0001212545,2023-07-18,2023-07-18,8-K,EX-99.2,EFTS
0001104659-22-125946,ClearSign Technologies Corp,0001434524,2022-12-09,2022-12-01,8-K,EX-99.1,EFTS
0001628280-19-003896,LANDEC CORP \CA\,0001005286,2019-04-03,2019-04-03,8-K,EX-99.1,EFTS
0001144204-19-046373,THOR INDUSTRIES INC,0000730263,2019-09-30,2019-09-30,8-K,EX-99.3,EFTS
0001413329-19-000005,Philip Morris International Inc.,0001413329,2019-02-07,2019-02-07,8-K,EX-99.3,EFTS
0001525221-23-000058,Bristow Group Inc.,0001525221,2023-11-01,2023-11-01,8-K,EX-99.2,EFTS
0001525221-23-000022,Bristow Group Inc.,0001525221,2023-05-03,2023-05-03,8-K,EX-99.2,EFTS
0001171843-23-007451,THOR INDUSTRIES INC,0000730263,2023-12-06,2023-12-06,8-K,EX-99.3,EFTS
0001171843-22-007871,THOR INDUSTRIES INC,0000730263,2022-12-07,2022-12-07,8-K,EX-99.3,EFTS
0000076334-20-000044,PARKER HANNIFIN CORP,0000076334,2020-04-30,2020-04-30,8-K,EX-99.2,EFTS
0001171843-22-006255,THOR INDUSTRIES INC,0000730263,2022-09-28,2022-09-28,8-K,EX-99.3,EFTS
0001213900-23-083476,"SB FINANCIAL GROUP, INC.",0000767405,2023-11-03,2023-10-31,8-K,EX-99.1,EFTS
0001212545-23-000004,WESTERN ALLIANCE BANCORPORATION,0001212545,2023-01-24,2023-01-24,8-K,EX-99.2,EFTS
0001558370-21-005702,Western Union CO,0001365135,2021-05-04,2021-05-04,8-K,EX-99.2,EFTS
0001564590-21-059681,THOR INDUSTRIES INC,0000730263,2021-12-08,2021-12-08,8-K,EX-99.3,EFTS
0000950170-23-001982,Western Union CO,0001365135,2023-02-07,2023-02-07,8-K,EX-99.2,EFTS
0001525221-23-000007,Bristow Group Inc.,0001525221,2023-03-09,2023-03-08,8-K,EX-99.2,EFTS
0001564590-20-056387,THOR INDUSTRIES INC,0000730263,2020-12-08,2020-12-08,8-K,EX-99.3,EFTS
0001104659-22-000723,"Virtu Financial, Inc.",0001592386,2022-01-04,2022-01-04,8-K,EX-99.1,EFTS
0001212545-23-000157,WESTERN ALLIANCE BANCORPORATION,0001212545,2023-10-19,2023-10-19,8-K,EX-99.2,EFTS
0001564590-21-049117,THOR INDUSTRIES INC,0000730263,2021-09-28,2021-09-28,8-K,EX-99.3,EFTS
0001413329-19-000066,Philip Morris International Inc.,0001413329,2019-10-17,2019-10-17,8-K,EX-99.3,EFTS
0001062822-21-000044,"LEXICON PHARMACEUTICALS, INC.",0001062822,2021-08-02,2021-07-30,8-K,EX-99.2,EFTS
0001212545-23-000119,WESTERN ALLIANCE BANCORPORATION,0001212545,2023-04-18,2023-04-18,8-K,EX-99.2,EFTS
0000950170-22-014268,Western Union CO,0001365135,2022-08-03,2022-08-03,8-K,EX-99.2,EFTS
0000950170-22-020836,Western Union CO,0001365135,2022-11-01,2022-11-01,8-K,EX-99.2,EFTS
0001564590-20-056366,THOR INDUSTRIES INC,0000730263,2020-12-08,2020-12-08,8-K,EX-99.3,EFTS
0001171843-23-001465,THOR INDUSTRIES INC,0000730263,2023-03-07,2023-03-07,8-K,EX-99.3,EFTS
0001126234-23-000079,"LUMOS PHARMA, INC.",0001126234,2023-06-21,2023-06-21,8-K,EX-99.2,EFTS
0001171843-23-005852,THOR INDUSTRIES INC,0000730263,2023-09-25,2023-09-25,8-K,EX-99.3,EFTS
0001171843-23-003786,THOR INDUSTRIES INC,0000730263,2023-06-06,2023-06-06,8-K,EX-99.3,EFTS
0001558370-21-014094,Western Union CO,0001365135,2021-11-02,2021-11-02,8-K,EX-99.2,EFTS
0001558370-20-002717,Blueprint Medicines Corp,0001597264,2020-03-16,2020-03-16,8-K,EX-99.1,EFTS
0001413329-19-000051,Philip Morris International Inc.,0001413329,2019-07-18,2019-07-18,8-K,EX-99.3,EFTS
0001193125-21-268373,Sylvamo Corp,0001856485,2021-09-09,2021-09-09,8-K,EX-99.1,EFTS
0001558370-21-010205,Western Union CO,0001365135,2021-08-04,2021-08-04,8-K,EX-99.2,EFTS
0001104659-22-078992,"LEAP THERAPEUTICS, INC.",0001509745,2022-07-12,2022-07-12,8-K,EX-99.1,EFTS
0001104659-20-033261,ClearSign Technologies Corp,0001434524,2020-03-13,2020-03-12,8-K,EX-99.2,EFTS
0001171843-22-004215,THOR INDUSTRIES INC,0000730263,2022-06-08,2022-06-08,8-K,EX-99.3,EFTS
0000950170-22-022876,Ryerson Holding Corp,0001481582,2022-11-08,2022-11-08,8-K,EX-99.2,EFTS
0001193125-20-207193,FLOWSERVE CORP,0000030625,2020-08-03,2020-07-31,8-K,EX-99.2,EFTS
0000950170-23-032000,WORTHINGTON INDUSTRIES INC,0000108516,2023-07-06,2023-06-29,8-K,EX-99.1,EFTS
0001104659-23-063815,ClearSign Technologies Corp,0001434524,2023-05-24,2023-05-18,8-K,EX-99.2,EFTS
0001564590-19-028533,Acer Therapeutics Inc.,0001069308,2019-08-05,2019-07-31,8-K,EX-99.1,EFTS
0001104659-22-097693,ClearSign Technologies Corp,0001434524,2022-09-06,2022-09-01,8-K,EX-99.2,EFTS
0000076334-20-000072,PARKER HANNIFIN CORP,0000076334,2020-08-06,2020-08-06,8-K,EX-99.2,EFTS
0000033185-19-000014,EQUIFAX INC,0000033185,2019-05-10,2019-05-10,8-K,EX-99.1,EFTS
0000033185-22-000038,EQUIFAX INC,0000033185,2022-07-20,2022-07-20,8-K,EX-99.1,EFTS
0000033185-20-000038,EQUIFAX INC,0000033185,2020-07-22,2020-07-22,8-K,EX-99.1,EFTS
0001413329-21-000020,Philip Morris International Inc.,0001413329,2021-04-20,2021-04-20,8-K,EX-99.3,EFTS
0000033185-19-000022,EQUIFAX INC,0000033185,2019-07-24,2019-07-24,8-K,EX-99.1,EFTS
0001213900-23-063273,"SB FINANCIAL GROUP, INC.",0000767405,2023-08-04,2023-07-28,8-K,EX-99.1,EFTS
0001171843-22-001716,THOR INDUSTRIES INC,0000730263,2022-03-09,2022-03-09,8-K,EX-99.3,EFTS
0000033185-23-000019,EQUIFAX INC,0000033185,2023-04-19,2023-04-19,8-K,EX-99.1,EFTS
0000033185-21-000039,EQUIFAX INC,0000033185,2021-07-21,2021-07-21,8-K,EX-99.1,EFTS
0000033185-23-000029,EQUIFAX INC,0000033185,2023-07-19,2023-07-19,8-K,EX-99.1,EFTS
0001413329-20-000004,Philip Morris International Inc.,0001413329,2020-02-06,2020-02-06,8-K,EX-99.3,EFTS
0001193125-21-155724,Hilton Grand Vacations Inc.,0001674168,2021-05-10,2021-05-10,8-K,EX-99.1,EFTS
0000033185-22-000054,EQUIFAX INC,0000033185,2022-10-19,2022-10-19,8-K,EX-99.1,EFTS
0000033185-21-000051,EQUIFAX INC,0000033185,2021-10-20,2021-10-20,8-K,EX-99.1,EFTS
0000033185-20-000049,EQUIFAX INC,0000033185,2020-10-21,2020-10-21,8-K,EX-99.1,EFTS
0000033185-22-000019,EQUIFAX INC,0000033185,2022-04-20,2022-04-20,8-K,EX-99.1,EFTS
0001144204-19-030454,THOR INDUSTRIES INC,0000730263,2019-06-10,2019-06-10,8-K,EX-99.3,EFTS
0000033185-19-000030,EQUIFAX INC,0000033185,2019-10-23,2019-10-23,8-K,EX-99.1,EFTS
0000033185-21-000030,EQUIFAX INC,0000033185,2021-04-21,2021-04-21,8-K,EX-99.1,EFTS
0001193125-23-294936,Mind Medicine,0001813814,2023-12-14,2023-12-14,8-K,EX-99.2,EFTS
0000033185-20-000024,EQUIFAX INC,0000033185,2020-04-20,2020-04-20,8-K,EX-99.1,EFTS
0001104659-21-144469,ClearSign Technologies Corp,0001434524,2021-11-29,2021-11-23,8-K,EX-99.2,EFTS
0001558370-20-009016,"Cboe Global Markets, Inc.",0001374310,2020-08-03,2020-07-31,8-K,EX-99.1,EFTS
0001525221-21-000054,Bristow Group Inc.,0001525221,2021-12-08,2021-12-08,8-K,EX-99.1,EFTS
0001104659-23-097793,ClearSign Technologies Corp,0001434524,2023-09-01,2023-08-31,8-K,EX-99.2,EFTS
0001178879-19-000069,"AMICUS THERAPEUTICS, INC.",0001178879,2019-11-14,2019-11-11,8-K,EX-99.3,EFTS
0001712923-21-000004,"GreenSky, Inc.",0001712923,2021-01-12,2021-01-12,8-K,EX-99.1,EFTS
0001525221-20-000081,Bristow Group Inc.,0001525221,2020-12-02,2020-12-02,8-K,EX-99.1,EFTS
0001213900-20-032355,B. Riley Principal Merger Corp. II,0001805077,2020-10-20,2020-10-20,8-K,EX-99.1,EFTS
0001413329-20-000059,Philip Morris International Inc.,0001413329,2020-10-20,2020-10-20,8-K,EX-99.3,EFTS
0000037996-19-000018,FORD MOTOR CO,0000037996,2019-04-25,2019-04-25,8-K,EX-99.2,EFTS
0001413329-21-000086,Philip Morris International Inc.,0001413329,2021-10-19,2021-10-19,8-K,EX-99.3,EFTS
0001413329-20-000029,Philip Morris International Inc.,0001413329,2020-04-21,2020-04-21,8-K,EX-99.3,EFTS
0000033185-23-000040,EQUIFAX INC,0000033185,2023-10-18,2023-10-18,8-K,EX-99.1,EFTS
0001413329-21-000055,Philip Morris International Inc.,0001413329,2021-07-20,2021-07-20,8-K,EX-99.3,EFTS
0000033185-19-000004,EQUIFAX INC,0000033185,2019-02-20,2019-02-20,8-K,EX-99.1,EFTS
0001104659-21-083173,ClearSign Technologies Corp,0001434524,2021-06-21,2021-06-15,8-K,EX-99.2,EFTS
0000037996-19-000065,FORD MOTOR CO,0000037996,2019-07-24,2019-07-24,8-K,EX-99.2,EFTS
0001413329-20-000049,Philip Morris International Inc.,0001413329,2020-07-21,2020-07-21,8-K,EX-99.3,EFTS
0001144204-19-012430,THOR INDUSTRIES INC,0000730263,2019-03-06,2019-03-06,8-K,EX-99.3,EFTS
0001413329-21-000003,Philip Morris International Inc.,0001413329,2021-02-04,2021-02-04,8-K,EX-99.3,EFTS
0001193125-23-016234,"Ventyx Biosciences, Inc.",0001851194,2023-01-26,2023-01-26,8-K,EX-99.1,EFTS
0000037996-19-000008,FORD MOTOR CO,0000037996,2019-01-23,2019-01-23,8-K,EX-99.2,EFTS
0001413329-22-000007,Philip Morris International Inc.,0001413329,2022-02-10,2022-02-10,8-K,EX-99.3,EFTS
0001558370-20-000991,CHASE CORP,0000830524,2020-02-19,2020-02-19,8-K,EX-99.1,EFTS
0001104659-21-041551,ClearSign Technologies Corp,0001434524,2021-03-25,2021-03-23,8-K,EX-99.2,EFTS
0001144204-19-025466,CLEARSIGN COMBUSTION CORP,0001434524,2019-05-13,2019-05-08,8-K,EX-99.1,EFTS
0001493152-19-012001,"Health Insurance Innovations, Inc.",0001561387,2019-08-09,2019-08-05,8-K,EX-99.1,EFTS
0001558370-19-004261,CHASE CORP,0000830524,2019-05-07,2019-05-07,8-K,EX-99.1,EFTS
0001558370-19-008286,CHASE CORP,0000830524,2019-08-22,2019-08-22,8-K,EX-99.1,EFTS
0000033185-20-000004,EQUIFAX INC,0000033185,2020-02-12,2020-02-12,8-K,EX-99.1,EFTS
0001104659-20-024467,Arconic Inc.,0000004281,2020-02-25,2020-02-24,8-K,EX-99.2,EFTS
0001104659-20-024470,Arconic Rolled Products Corp,0001790982,2020-02-25,2020-02-25,8-K,EX-99.1,EFTS
0001193125-20-082618,"EVERBRIDGE, INC.",0001437352,2020-03-23,2020-03-23,8-K,EX-99.1,EFTS
0000033185-23-000004,EQUIFAX INC,0000033185,2023-02-08,2023-02-08,8-K,EX-99.1,EFTS
0001193125-20-214434,AGENUS INC,0001098972,2020-08-10,2020-08-06,8-K,EX-99.2,EFTS
0000033185-22-000006,EQUIFAX INC,0000033185,2022-02-09,2022-02-09,8-K,EX-99.1,EFTS
0001214659-19-001451,"DPW Holdings, Inc.",0000896493,2019-02-25,2019-02-25,8-K,EX-99.1,EFTS
0000033185-21-000017,EQUIFAX INC,0000033185,2021-02-11,2021-02-10,8-K,EX-99.1,EFTS
0000033185-21-000013,EQUIFAX INC,0000033185,2021-02-10,2021-02-10,8-K,EX-99.1,EFTS
0001820721-21-000090,"Array Technologies, Inc.",0001820721,2021-11-12,2021-11-11,8-K,EX-21.1,EFTS
0001104659-23-106427,"Franklin BSP Realty Trust, Inc.",0001562528,2023-10-03,2023-09-28,8-K,EX-10.1,EFTS
0001628280-21-001066,Ares Commercial Real Estate Corp,0001529377,2021-01-29,2021-01-28,8-K,EX-10.1,EFTS
0001193125-22-303891,"FS Credit Real Estate Income Trust, Inc.",0001690536,2022-12-13,2022-12-07,8-K,EX-10.1,EFTS
0001562528-22-000019,"Franklin BSP Realty Trust, Inc.",0001562528,2022-07-01,2022-06-29,8-K,EX-10.1,EFTS
0001104659-21-068830,Granite Point Mortgage Trust Inc.,0001703644,2021-05-18,2021-05-14,8-K,EX-10.1,EFTS
0001104659-21-043932,"Benefit Street Partners Realty Trust, Inc.",0001562528,2021-03-30,2021-03-25,8-K,EX-10.1,EFTS
0001193125-22-177631,"FS Credit Real Estate Income Trust, Inc.",0001690536,2022-06-21,2022-06-16,8-K,EX-10.1,EFTS
0001193125-22-234125,"FS Credit Real Estate Income Trust, Inc.",0001690536,2022-08-30,2022-08-25,8-K,EX-10.1,EFTS
0001104659-22-025193,"Franklin BSP Realty Trust, Inc.",0001562528,2022-02-18,2022-02-15,8-K,EX-10.1,EFTS
0001140361-22-005801,KKR Real Estate Finance Trust Inc.,0001631596,2022-02-16,2022-02-10,8-K,EX-4.1,EFTS
0001104659-21-152647,"Franklin BSP Realty Trust, Inc.",0001562528,2021-12-22,2021-12-21,8-K,EX-10.1,EFTS
0001140361-21-028899,KKR Real Estate Finance Trust Inc.,0001631596,2021-08-19,2021-08-16,8-K,EX-4.1,EFTS
0001144204-19-029883,"Benefit Street Partners Realty Trust, Inc.",0001562528,2019-06-05,2019-05-30,8-K,EX-10.1,EFTS
0001104659-21-141877,Granite Point Mortgage Trust Inc.,0001703644,2021-11-19,2021-11-16,8-K,EX-10.1,EFTS
0001539497-20-000554,BANK 2020-BNK26,0001803308,2020-03-12,2020-03-12,8-K,EX-4.2,EFTS
0001539497-19-002157,BBCMS Mortgage Trust 2019-C5,0001790441,2019-11-26,2019-11-26,8-K,EX-4.5,EFTS
0001539497-20-000368,BANK 2020-BNK25,0001797056,2020-02-13,2020-02-13,8-K,EX-99.8,EFTS
0001539497-19-000938,BBCMS Mortgage Trust 2019-C3,0001772527,2019-06-11,2019-06-11,8-K,EX-4.2,EFTS
0001539497-19-002325,BANK 2019-BNK24,0001793165,2019-12-19,2019-12-19,8-K,EX-4.3,EFTS
0001539497-19-002263,BANK 2019-BNK23,0001792414,2019-12-10,2019-12-10,8-K,EX-4.3,EFTS
0001539497-19-001324,BENCHMARK 2019-B12 MORTGAGE TRUST,0001781089,2019-08-08,2019-08-08,8-K,EX-4.4,EFTS
0001539497-19-001681,UBS Commercial Mortgage Trust 2019-C17,0001785812,2019-10-15,2019-10-15,8-K,EX-4.3,EFTS
0001539497-19-001396,BBCMS Mortgage Trust 2019-C4,0001780131,2019-08-28,2019-08-28,8-K,EX-4.9,EFTS
0001539497-19-000637,CSAIL 2019-C15 Commercial Mortgage Trust,0001763502,2019-04-24,2019-04-23,8-K,EX-4.1,EFTS
0001104659-23-080397,"Lument Finance Trust, Inc.",0001547546,2023-07-12,2023-07-12,8-K,EX-10.2,EFTS
0001539497-20-000908,JPMDB Commercial Mortgage Securities Trust 2020-COR7,0001814389,2020-06-30,2020-06-30,8-K,EX-4.7,EFTS
0001539497-21-001908,BANK 2021-BNK37,0001889297,2021-11-22,2021-11-22,8-K,EX-99.7,EFTS
0001539497-19-000313,BANK 2019-BNK16,0001763333,2019-02-21,2019-02-21,8-K,EX-4.2,EFTS
0001539497-22-000317,BANK 2022-BNK39,0001902565,2022-02-10,2022-02-10,8-K,EX-4.5,EFTS
0001104659-19-012870,Granite Point Mortgage Trust Inc.,0001703644,2019-03-05,2019-02-28,8-K,EX-10.1,EFTS
0001539497-20-000728,GS Mortgage Securities Trust 2020-GC47,0001810050,2020-05-21,2020-05-21,8-K,EX-4.5,EFTS
0001539497-21-002132,BANK 2021-BNK38,0001895567,2021-12-22,2021-12-22,8-K,EX-4.3,EFTS
0001539497-20-000896,BANK 2020-BNK27,0001806944,2020-06-26,2020-06-26,8-K,EX-4.2,EFTS
0001539497-19-001386,CD 2019-CD8 Mortgage Trust,0001782003,2019-08-22,2019-08-22,8-K,EX-99.7,EFTS
0001539497-23-000444,BMO 2022-C1 Mortgage Trust,0001903688,2023-03-16,2022-03-15,8-K,EX-4.1,EFTS
0001539497-22-000966,BENCHMARK 2022-B35 MORTGAGE TRUST,0001921064,2022-05-12,2022-05-12,8-K,EX-4.5,EFTS
0001539497-22-000829,Benchmark 2022-B34 Mortgage Trust,0001912509,2022-04-14,2022-04-14,8-K,EX-99.5,EFTS
0001539497-19-001377,CITIGROUP COMMERCIAL MORTGAGE TRUST 2019-GC41,0001783287,2019-08-20,2019-08-20,8-K,EX-4.4,EFTS
0001539497-20-000486,Benchmark 2020-IG1 Mortgage Trust,0001801338,2020-02-28,2020-02-28,8-K,EX-4.4,EFTS
0001539497-19-002058,BANK 2019-BNK22,0001789307,2019-11-15,2019-11-15,8-K,EX-99.6,EFTS
0001539497-19-002284,CSAIL 2019-C18 Commercial Mortgage Trust,0001792905,2019-12-12,2019-12-12,8-K,EX-4.4,EFTS
0001539497-20-000888,BBCMS Mortgage Trust 2020-C7,0001812604,2020-06-25,2020-06-25,8-K,EX-4.4,EFTS
0001539497-19-002296,COMM 2019-GC44 Mortgage Trust,0001792157,2019-12-12,2019-12-12,8-K,EX-4.5,EFTS
0001539497-20-000314,Benchmark 2020-B16 Mortgage Trust,0001797288,2020-02-12,2020-02-12,8-K,EX-4.2,EFTS
0001539497-19-001074,JPMCC Commercial Mortgage Securities Trust 2019-COR5,0001774801,2019-06-27,2019-06-27,8-K,EX-4.4,EFTS
0001539497-22-000936,BANK 2022-BNK41,0001920442,2022-05-05,2022-05-05,8-K,EX-4.4,EFTS
0001539497-20-001009,Benchmark 2020-B18 Mortgage Trust,0001816147,2020-07-31,2020-07-31,8-K,EX-99.23,EFTS
0001539497-19-000387,CSAIL 2019-C15 Commercial Mortgage Trust,0001763502,2019-03-06,2019-03-06,8-K,EX-4.3,EFTS
0001539497-19-000550,BANK 2019-BNK17,0001769961,2019-04-04,2019-04-04,8-K,EX-4.2,EFTS
0001539497-19-001326,BANK 2019-BNK19,0001780859,2019-08-08,2019-08-08,8-K,EX-4.7,EFTS
0001539497-20-000389,BBCMS Mortgage Trust 2020-C6,0001797679,2020-02-19,2020-02-19,8-K,EX-4.6,EFTS
0001539497-20-000398,Morgan Stanley Capital I Trust 2020-L4,0001799463,2020-02-20,2020-02-20,8-K,EX-4.2,EFTS
0001539497-19-000599,UBS Commercial Mortgage Trust 2019-C16,0001769322,2019-04-16,2019-04-16,8-K,EX-4.3,EFTS
0001193125-21-102863,"TPG RE Finance Trust, Inc.",0001630472,2021-04-01,2021-03-31,8-K,EX-10.1,EFTS
0001539497-22-000774,Morgan Stanley Capital I Trust 2022-L8,0001912724,2022-04-07,2022-04-07,8-K,EX-4.2,EFTS
0001539497-20-000168,GS Mortgage Securities Trust 2020-GC45,0001798388,2020-01-30,2020-01-30,8-K,EX-4.3,EFTS
0001539497-19-001611,GS Mortgage Securities Trust 2019-GC42,0001787000,2019-09-27,2019-09-27,8-K,EX-4.2,EFTS
0001539497-20-000581,Benchmark 2020-B17 Mortgage Trust,0001802215,2020-03-24,2020-03-24,8-K,EX-4.7,EFTS
0001539497-22-000611,Benchmark 2022-B33 Mortgage Trust,0001907059,2022-03-15,2022-03-15,8-K,EX-4.3,EFTS
0001539497-20-001143,DBJPM 2020-C9 Mortgage Trust,0001818254,2020-08-28,2020-08-28,8-K,EX-4.18,EFTS
0001539497-22-000544,BMO 2022-C1 Mortgage Trust,0001903688,2022-02-28,2022-02-28,8-K,EX-4.4,EFTS
0001539497-20-001004,Morgan Stanley Capital I Trust 2020-HR8,0001816861,2020-07-31,2020-07-31,8-K,EX-4.3,EFTS
0001539497-22-000469,Benchmark 2022-B32 Mortgage Trust,0001900454,2022-02-18,2022-02-18,8-K,EX-4.2,EFTS
0001539497-19-001374,Wells Fargo Commercial Mortgage Trust 2019-C52,0001780678,2019-08-20,2019-08-20,8-K,EX-99.7,EFTS
0001539497-20-000457,CITIGROUP COMMERCIAL MORTGAGE TRUST 2020-GC46,0001800294,2020-02-26,2020-02-26,8-K,EX-4.9,EFTS
0001539497-19-001070,CSAIL 2019-C16 Commercial Mortgage Trust,0001776086,2019-06-27,2019-06-27,8-K,EX-4.4,EFTS
0001539497-22-000449,Benchmark 2022-B32 Mortgage Trust,0001900454,2022-02-16,2022-02-16,8-K,EX-4.7,EFTS
0001539497-22-000822,BBCMS Mortgage Trust 2022-C15,0001913593,2022-04-13,2022-04-13,8-K,EX-4.4,EFTS
0001539497-19-000874,BANK 2019-BNK18,0001774962,2019-05-31,2019-05-31,8-K,EX-4.2,EFTS
0001539497-22-000593,BANK 2022-BNK40,0001907569,2022-03-10,2022-03-10,8-K,EX-99.5,EFTS
0001539497-22-000658,BBCMS Mortgage Trust 2022-C14,0001901814,2022-03-18,2022-03-15,8-K,EX-4.1,EFTS
0001539497-19-000993,Benchmark 2019-B11 Mortgage Trust,0001775756,2019-06-17,2019-06-17,8-K,EX-4.3,EFTS
0001539497-19-001013,Morgan Stanley Capital I Trust 2019-H6,0001773339,2019-06-19,2019-06-19,8-K,EX-4.3,EFTS
0001539497-19-000257,BENCHMARK 2019-B9 MORTGAGE TRUST,0001764759,2019-02-14,2019-02-14,8-K,EX-4.3,EFTS
0001539497-19-001688,Benchmark 2019-B13 Mortgage Trust,0001785881,2019-10-17,2019-10-17,8-K,EX-4.2,EFTS
0001539497-20-000004,CITIGROUP COMMERCIAL MORTGAGE TRUST 2019-C7,0001794303,2020-01-03,2019-12-19,8-K,EX-4.2,EFTS
0001539497-20-001606,Benchmark 2020-B22 Mortgage Trust,0001833563,2020-12-31,2020-12-31,8-K,EX-4.3,EFTS
0001539497-21-000406,CSAIL 2021-C20 Commercial Mortgage Trust,0001832873,2021-03-30,2021-03-30,8-K,EX-4.5,EFTS
0001539497-21-001038,BBCMS Mortgage Trust 2021-C10,0001864196,2021-07-15,2021-07-15,8-K,EX-4.2,EFTS
0001539497-20-001456,Benchmark 2020-B21 Mortgage Trust,0001827183,2020-11-30,2020-11-30,8-K,EX-4.3,EFTS
0001539497-21-000385,Benchmark 2021-B24 Mortgage Trust,0001844998,2021-03-24,2021-03-24,8-K,EX-4.3,EFTS
0001539497-20-001549,Wells Fargo Commercial Mortgage Trust 2020-C58,0001827054,2020-12-16,2020-12-16,8-K,EX-99.7,EFTS
0001539497-19-002117,Benchmark 2019-B14 Mortgage Trust,0001790013,2019-11-21,2019-11-21,8-K,EX-4.2,EFTS
0001539497-20-000775,Wells Fargo Commercial Mortgage Trust 2020-C56,0001803858,2020-06-04,2020-06-04,8-K,EX-99.10,EFTS
0001539497-20-000779,CITIGROUP COMMERCIAL MORTGAGE TRUST 2019-C7,0001794303,2020-06-08,2019-12-19,8-K,EX-4.1,EFTS
0001539497-20-001598,GS Mortgage Securities Trust 2020-GSA2,0001833522,2020-12-29,2020-12-29,8-K,EX-4.2,EFTS
0001539497-20-000781,CITIGROUP COMMERCIAL MORTGAGE TRUST 2020-GC46,0001800294,2020-06-08,2020-02-26,8-K,EX-4.1,EFTS
0001539497-21-000675,Morgan Stanley Capital I Trust 2021-L5,0001856967,2021-05-11,2021-05-11,8-K,EX-4.2,EFTS
0001539497-20-001334,BBCMS Mortgage Trust 2020-C8,0001823722,2020-10-27,2020-10-27,8-K,EX-4.3,EFTS
0001539497-21-002131,BENCHMARK 2021-B31 MORTGAGE TRUST,0001894714,2021-12-22,2021-12-22,8-K,EX-4.3,EFTS
0001539497-21-000319,BBCMS Mortgage Trust 2021-C9,0001843823,2021-03-10,2021-03-10,8-K,EX-4.2,EFTS
0001539497-21-001851,Benchmark 2021-B30 Mortgage Trust,0001885855,2021-11-16,2021-11-16,8-K,EX-4.2,EFTS
0001539497-19-002316,BENCHMARK 2019-B15 MORTGAGE TRUST,0001793651,2019-12-18,2019-12-18,8-K,EX-4.8,EFTS
0001539497-21-000628,WELLS FARGO COMMERCIAL MORTGAGE TRUST 2021-C59,0001851817,2021-05-05,2021-05-05,8-K,EX-4.2,EFTS
0001539497-20-000769,WELLS FARGO COMMERCIAL MORTGAGE SECURITIES INC,0000850779,2020-06-04,2020-06-04,8-K,EX-99.10,EFTS
0001539497-21-000235,BENCHMARK 2021-B23 MORTGAGE TRUST,0001840644,2021-02-18,2021-02-18,8-K,EX-4.2,EFTS
0001539497-19-002326,CITIGROUP COMMERCIAL MORTGAGE TRUST 2019-C7,0001794303,2019-12-19,2019-12-19,8-K,EX-4.2,EFTS
0001539497-20-000470,Wells Fargo Commercial Mortgage Trust 2020-C55,0001799385,2020-02-27,2020-02-27,8-K,EX-4.4,EFTS
0001888524-23-016970,BMO 2023-C5 Mortgage Trust,0001972920,2023-12-13,2023-06-21,8-K,EX-4.1,EFTS
0001539497-20-001343,Benchmark 2020-B20 Mortgage Trust,0001824482,2020-10-30,2020-10-30,8-K,EX-4.3,EFTS
0001539497-19-002120,Morgan Stanley Capital I Trust 2019-L3,0001791295,2019-11-21,2019-11-21,8-K,EX-4.4,EFTS
0001539497-20-001231,BENCHMARK 2020-B19 MORTGAGE TRUST,0001821946,2020-09-30,2020-09-30,8-K,EX-4.3,EFTS
0001539497-21-001477,Benchmark 2021-B29 Mortgage Trust,0001880187,2021-09-30,2021-09-30,8-K,EX-4.3,EFTS
0001539497-22-001228,BBCMS Mortgage Trust 2022-C16,0001924780,2022-06-28,2022-06-28,8-K,EX-4.7,EFTS
0001539497-21-001955,BBCMS Mortgage Trust 2021-C12,0001891818,2021-11-30,2021-11-30,8-K,EX-4.2,EFTS
0001387131-19-009497,"FS Credit Real Estate Income Trust, Inc.",0001690536,2019-12-11,2019-12-05,8-K,EX-10.1,EFTS
0001539497-22-000495,BBCMS Mortgage Trust 2022-C14,0001901814,2022-02-23,2022-02-23,8-K,EX-4.3,EFTS
0001539497-23-000694,BANK5 2023-5YR1,0001967945,2023-04-19,2023-04-19,8-K,EX-4.2,EFTS
0001193125-22-096362,"FS Credit Real Estate Income Trust, Inc.",0001690536,2022-04-06,2022-03-31,8-K,EX-10.1,EFTS
0001539497-23-000764,BBCMS Mortgage Trust 2023-C19,0001966434,2023-04-27,2023-04-27,8-K,EX-4.7,EFTS
0001717547-21-000026,"BrightSpire Capital, Inc.",0001717547,2021-07-26,2021-07-20,8-K,EX-10.1,EFTS
0001628280-23-034544,ABBOTT LABORATORIES,0000001800,2023-10-18,2023-10-18,8-K,,submissions
0001628280-23-025156,ABBOTT LABORATORIES,0000001800,2023-07-20,2023-07-20,8-K,,submissions
0001104659-23-070203,ABBOTT LABORATORIES,0000001800,2023-06-12,2023-06-09,8-K,,submissions
0001104659-23-054706,ABBOTT LABORATORIES,0000001800,2023-05-02,2023-04-28,8-K,,submissions
0001628280-23-012020,ABBOTT LABORATORIES,0000001800,2023-04-19,2023-04-19,8-K,,submissions
0001104659-23-023291,ABBOTT LABORATORIES,0000001800,2023-02-17,2023-02-17,8-K,,submissions
0001628280-23-001516,ABBOTT LABORATORIES,0000001800,2023-01-25,2023-01-25,8-K,,submissions
0001104659-22-125832,ABBOTT LABORATORIES,0000001800,2022-12-09,2022-12-09,8-K,,submissions
0001104659-22-110612,ABBOTT LABORATORIES,0000001800,2022-10-21,2022-10-18,8-K,,submissions
0001628280-22-026588,ABBOTT LABORATORIES,0000001800,2022-10-19,2022-10-19,8-K,,submissions
0001104659-22-100434,ABBOTT LABORATORIES,0000001800,2022-09-15,2022-09-15,8-K,,submissions
0001104659-22-081006,ABBOTT LABORATORIES,0000001800,2022-07-20,2022-07-20,8-K,,submissions
0001104659-22-054704,ABBOTT LABORATORIES,0000001800,2022-05-02,2022-04-29,8-K,,submissions
0001104659-22-047560,ABBOTT LABORATORIES,0000001800,2022-04-20,2022-04-20,8-K,,submissions
0001104659-22-025612,ABBOTT LABORATORIES,0000001800,2022-02-22,2022-02-18,8-K,,submissions
0001104659-22-025072,ABBOTT LABORATORIES,0000001800,2022-02-18,2022-02-18,8-K,,submissions
0001104659-22-007648,ABBOTT LABORATORIES,0000001800,2022-01-26,2022-01-26,8-K,,submissions
0001104659-21-149094,ABBOTT LABORATORIES,0000001800,2021-12-13,2021-12-09,8-K,,submissions
0001104659-21-148608,ABBOTT LABORATORIES,0000001800,2021-12-10,2021-12-09,8-K,,submissions
0001104659-21-127874,ABBOTT LABORATORIES,0000001800,2021-10-20,2021-10-20,8-K,,submissions
0001104659-21-111825,ABBOTT LABORATORIES,0000001800,2021-09-01,2021-08-30,8-K,,submissions
0001104659-21-094680,ABBOTT LABORATORIES,0000001800,2021-07-22,2021-07-22,8-K,,submissions
0001104659-21-076394,ABBOTT LABORATORIES,0000001800,2021-06-03,2021-05-27,8-K,,submissions
0001104659-21-054917,ABBOTT LABORATORIES,0000001800,2021-04-26,2021-04-23,8-K,,submissions
0001104659-21-052205,ABBOTT LABORATORIES,0000001800,2021-04-20,2021-04-20,8-K,,submissions
0001104659-21-025772,ABBOTT LABORATORIES,0000001800,2021-02-19,2021-02-18,8-K,,submissions
0001104659-21-007942,ABBOTT LABORATORIES,0000001800,2021-01-27,2021-01-27,8-K,,submissions
0001104659-20-127945,ABBOTT LABORATORIES,0000001800,2020-11-20,2020-11-20,8-K,,submissions
0001104659-20-124388,ABBOTT LABORATORIES,0000001800,2020-11-12,2020-11-12,8-K,,submissions
0001104659-20-116611,ABBOTT LABORATORIES,0000001800,2020-10-21,2020-10-21,8-K,,submissions
0001104659-20-083929,ABBOTT LABORATORIES,0000001800,2020-07-16,2020-07-16,8-K,,submissions
0001104659-20-076435,ABBOTT LABORATORIES,0000001800,2020-06-24,2020-06-22,8-K,,submissions
0001104659-20-052424,ABBOTT LABORATORIES,0000001800,2020-04-28,2020-04-24,8-K,,submissions
0001104659-20-047187,ABBOTT LABORATORIES,0000001800,2020-04-16,2020-04-16,8-K,,submissions
0001104659-20-026170,ABBOTT LABORATORIES,0000001800,2020-02-27,2020-02-21,8-K,,submissions
0001104659-20-016749,ABBOTT LABORATORIES,0000001800,2020-02-11,2020-02-07,8-K,,submissions
0001104659-20-005717,ABBOTT LABORATORIES,0000001800,2020-01-22,2020-01-22,8-K,,submissions
0001104659-20-002145,ABBOTT LABORATORIES,0000001800,2020-01-08,2020-01-03,8-K,,submissions
0001104659-19-074388,ABBOTT LABORATORIES,0000001800,2019-12-19,2019-12-19,8-K,,submissions
0001104659-19-065447,ABBOTT LABORATORIES,0000001800,2019-11-19,2019-11-19,8-K,,submissions
0001104659-19-063029,ABBOTT LABORATORIES,0000001800,2019-11-13,2019-11-12,8-K,,submissions
0001104659-19-061944,ABBOTT LABORATORIES,0000001800,2019-11-12,2019-11-12,8-K,,submissions
0001104659-19-054283,ABBOTT LABORATORIES,0000001800,2019-10-16,2019-10-16,8-K,,submissions
0001410578-19-001645,ABBOTT LABORATORIES,0000001800,2019-10-15,2019-10-11,8-K,,submissions
0001410578-19-001152,ABBOTT LABORATORIES,0000001800,2019-09-10,2019-09-09,8-K,,submissions
0001104659-19-040664,ABBOTT LABORATORIES,0000001800,2019-07-17,2019-07-17,8-K,,submissions
0001104659-19-037443,ABBOTT LABORATORIES,0000001800,2019-06-25,2019-06-20,8-K,,submissions
0001104659-19-025282,ABBOTT LABORATORIES,0000001800,2019-04-30,2019-04-26,8-K,,submissions
0001104659-19-021809,ABBOTT LABORATORIES,0000001800,2019-04-17,2019-04-17,8-K,,submissions
0001104659-19-010347,ABBOTT LABORATORIES,0000001800,2019-02-25,2019-02-24,8-K,,submissions
0001104659-19-002848,ABBOTT LABORATORIES,0000001800,2019-01-23,2019-01-23,8-K,,submissions
0001104659-23-124047,AbbVie Inc.,0001551152,2023-12-06,2023-12-06,8-K,,submissions
0001104659-23-122241,AbbVie Inc.,0001551152,2023-11-30,2023-11-30,8-K,,submissions
0001551152-23-000040,AbbVie Inc.,0001551152,2023-10-27,2023-10-27,8-K,,submissions
0001104659-23-108864,AbbVie Inc.,0001551152,2023-10-12,2023-10-11,8-K,,submissions
0001551152-23-000036,AbbVie Inc.,0001551152,2023-10-04,2023-10-04,8-K,,submissions
0001551152-23-000028,AbbVie Inc.,0001551152,2023-07-27,2023-07-27,8-K,,submissions
0001551152-23-000026,AbbVie Inc.,0001551152,2023-07-06,2023-07-06,8-K,,submissions
0001104659-23-076373,AbbVie Inc.,0001551152,2023-06-29,2023-06-29,8-K,,submissions
0001104659-23-058520,AbbVie Inc.,0001551152,2023-05-10,2023-05-05,8-K,,submissions
0001551152-23-000019,AbbVie Inc.,0001551152,2023-04-27,2023-04-27,8-K,,submissions
0001551152-23-000015,AbbVie Inc.,0001551152,2023-04-05,2023-04-05,8-K,,submissions
0001104659-23-037749,AbbVie Inc.,0001551152,2023-03-28,2023-03-28,8-K,,submissions
0001551152-23-000006,AbbVie Inc.,0001551152,2023-02-09,2023-02-09,8-K,,submissions
0001104659-23-002452,AbbVie Inc.,0001551152,2023-01-10,2023-01-10,8-K,,submissions
0001551152-23-000004,AbbVie Inc.,0001551152,2023-01-06,2023-01-06,8-K,,submissions
0001104659-22-122661,AbbVie Inc.,0001551152,2022-11-29,2022-11-28,8-K,,submissions
0001551152-22-000038,AbbVie Inc.,0001551152,2022-10-28,2022-10-28,8-K,,submissions
0001104659-22-109061,AbbVie Inc.,0001551152,2022-10-17,2022-10-12,8-K,,submissions
0001104659-22-108910,AbbVie Inc.,0001551152,2022-10-14,2022-10-12,8-K,,submissions
0001551152-22-000034,AbbVie Inc.,0001551152,2022-10-05,2022-10-05,8-K,,submissions
0001551152-22-000026,AbbVie Inc.,0001551152,2022-07-29,2022-07-29,8-K,,submissions
0001551152-22-000023,AbbVie Inc.,0001551152,2022-07-06,2022-07-06,8-K,,submissions
0001104659-22-075519,AbbVie Inc.,0001551152,2022-06-29,2022-06-23,8-K,,submissions
0001104659-22-075039,AbbVie Inc.,0001551152,2022-06-28,2022-06-23,8-K,,submissions
0001104659-22-058862,AbbVie Inc.,0001551152,2022-05-11,2022-05-06,8-K,,submissions
0001551152-22-000012,AbbVie Inc.,0001551152,2022-04-29,2022-04-29,8-K,,submissions
0001551152-22-000010,AbbVie Inc.,0001551152,2022-04-29,2022-04-29,8-K,,submissions
0001104659-22-048450,AbbVie Inc.,0001551152,2022-04-21,2022-04-21,8-K,,submissions
0001104659-22-045308,AbbVie Inc.,0001551152,2022-04-13,2022-04-08,8-K,,submissions
0001104659-22-030613,AbbVie Inc.,0001551152,2022-03-04,2022-02-28,8-K,,submissions
0001551152-22-000003,AbbVie Inc.,0001551152,2022-02-02,2022-02-02,8-K,,submissions
0001104659-21-151213,AbbVie Inc.,0001551152,2021-12-17,2021-12-16,8-K,,submissions
0001104659-21-150570,AbbVie Inc.,0001551152,2021-12-16,2021-12-16,8-K,,submissions
0001551152-21-000028,AbbVie Inc.,0001551152,2021-10-29,2021-10-29,8-K,,submissions
0001104659-21-107639,AbbVie Inc.,0001551152,2021-08-19,2021-08-19,8-K,,submissions
0001551152-21-000021,AbbVie Inc.,0001551152,2021-07-30,2021-07-30,8-K,,submissions
0001104659-21-063958,AbbVie Inc.,0001551152,2021-05-10,2021-05-07,8-K,,submissions
0001551152-21-000013,AbbVie Inc.,0001551152,2021-04-30,2021-04-30,8-K,,submissions
0001104659-21-052229,AbbVie Inc.,0001551152,2021-04-20,2021-04-16,8-K,,submissions
0001104659-21-035654,AbbVie Inc.,0001551152,2021-03-12,2021-03-12,8-K,,submissions
0001551152-21-000003,AbbVie Inc.,0001551152,2021-02-03,2021-02-03,8-K,,submissions
0001104659-21-003462,AbbVie Inc.,0001551152,2021-01-12,2021-01-12,8-K,,submissions
0001104659-21-001570,AbbVie Inc.,0001551152,2021-01-06,2020-12-31,8-K,,submissions
0001104659-20-126925,AbbVie Inc.,0001551152,2020-11-18,2020-11-18,8-K,,submissions
0001104659-20-124093,AbbVie Inc.,0001551152,2020-11-12,2020-11-09,8-K,,submissions
0001551152-20-000029,AbbVie Inc.,0001551152,2020-10-30,2020-10-30,8-K,,submissions
0001104659-20-115857,AbbVie Inc.,0001551152,2020-10-19,2020-10-19,8-K,,submissions
0001104659-20-111687,AbbVie Inc.,0001551152,2020-10-02,2020-10-02,8-K,,submissions
0001551152-20-000019,AbbVie Inc.,0001551152,2020-07-31,2020-07-31,8-K,,submissions
0001104659-20-087827,AbbVie Inc.,0001551152,2020-07-29,2020-07-29,8-K,,submissions
0001104659-20-061621,AbbVie Inc.,0001551152,2020-05-14,2020-05-13,8-K,,submissions
0001104659-20-060256,AbbVie Inc.,0001551152,2020-05-12,2020-05-08,8-K,,submissions
0001104659-20-058837,AbbVie Inc.,0001551152,2020-05-08,2020-05-08,8-K,,submissions
0001104659-20-057093,AbbVie Inc.,0001551152,2020-05-06,2020-05-05,8-K,,submissions
0001551152-20-000010,AbbVie Inc.,0001551152,2020-05-01,2020-05-01,8-K,,submissions
0001104659-20-051316,AbbVie Inc.,0001551152,2020-04-27,2020-04-27,8-K,,submissions
0001104659-20-048487,AbbVie Inc.,0001551152,2020-04-20,2020-04-20,8-K,,submissions
0001104659-20-043408,AbbVie Inc.,0001551152,2020-04-06,2020-04-06,8-K,,submissions
0001104659-20-037093,AbbVie Inc.,0001551152,2020-03-23,2020-03-23,8-K,,submissions
0001104659-20-030507,AbbVie Inc.,0001551152,2020-03-09,2020-03-09,8-K,,submissions
0001104659-20-024097,AbbVie Inc.,0001551152,2020-02-24,2020-02-24,8-K,,submissions
0001104659-20-022002,AbbVie Inc.,0001551152,2020-02-14,2020-02-11,8-K,,submissions
0001551152-20-000004,AbbVie Inc.,0001551152,2020-02-07,2020-02-07,8-K,,submissions
0001104659-20-006940,AbbVie Inc.,0001551152,2020-01-27,2020-01-27,8-K,,submissions
0001104659-19-074689,AbbVie Inc.,0001551152,2019-12-20,2019-12-20,8-K,,submissions
0001104659-19-067264,AbbVie Inc.,0001551152,2019-11-26,2019-11-21,8-K,,submissions
0001104659-19-064905,AbbVie Inc.,0001551152,2019-11-18,2019-11-18,8-K,,submissions
0001104659-19-063366,AbbVie Inc.,0001551152,2019-11-13,2019-11-12,8-K,,submissions
0001104659-19-061290,AbbVie Inc.,0001551152,2019-11-08,2019-11-07,8-K,,submissions
0001104659-19-060862,AbbVie Inc.,0001551152,2019-11-07,2019-11-07,8-K,,submissions
0001104659-19-060477,AbbVie Inc.,0001551152,2019-11-06,2019-11-06,8-K,,submissions
0001551152-19-000026,AbbVie Inc.,0001551152,2019-11-01,2019-11-01,8-K,,submissions
0001104659-19-056315,AbbVie Inc.,0001551152,2019-10-25,2019-10-25,8-K,,submissions
0001104659-19-055567,AbbVie Inc.,0001551152,2019-10-22,2019-10-17,8-K,,submissions
0001410578-19-001438,AbbVie Inc.,0001551152,2019-09-26,2019-09-26,8-K,,submissions
0001410578-19-001379,AbbVie Inc.,0001551152,2019-09-23,2019-09-17,8-K,,submissions
0001410578-19-001244,AbbVie Inc.,0001551152,2019-09-16,2019-09-16,8-K,,submissions
0001410578-19-001242,AbbVie Inc.,0001551152,2019-09-16,2019-09-16,8-K,,submissions
0001410578-19-000980,AbbVie Inc.,0001551152,2019-08-30,2019-08-27,8-K,,submissions
0001551152-19-000021,AbbVie Inc.,0001551152,2019-07-26,2019-07-26,8-K,,submissions
0001104659-19-040574,AbbVie Inc.,0001551152,2019-07-16,2019-07-12,8-K,,submissions
0001104659-19-037446,AbbVie Inc.,0001551152,2019-06-25,2019-06-25,8-K,,submissions
0001104659-19-027194,AbbVie Inc.,0001551152,2019-05-06,2019-05-03,8-K,,submissions
0001551152-19-000012,AbbVie Inc.,0001551152,2019-04-25,2019-04-25,8-K,,submissions
0001551152-19-000004,AbbVie Inc.,0001551152,2019-01-25,2019-01-25,8-K,,submissions
0001104659-19-000837,AbbVie Inc.,0001551152,2019-01-04,2018-12-28,8-K,,submissions
0001104659-19-000836,AbbVie Inc.,0001551152,2019-01-04,2019-01-04,8-K,,submissions
0001467373-23-000401,Accenture plc,0001467373,2023-12-19,2023-12-19,8-K,,submissions
0001467373-23-000382,Accenture plc,0001467373,2023-12-06,2023-12-06,8-K,,submissions
0001467373-23-000303,Accenture plc,0001467373,2023-09-28,2023-09-28,8-K,,submissions
0001467373-23-000244,Accenture plc,0001467373,2023-07-27,2023-07-26,8-K,,submissions
0001467373-23-000220,Accenture plc,0001467373,2023-06-22,2023-06-22,8-K,,submissions
0001467373-23-000139,Accenture plc,0001467373,2023-04-14,2023-04-13,8-K,,submissions
0001467373-23-000123,Accenture plc,0001467373,2023-03-23,2023-03-23,8-K,,submissions
0001467373-23-000071,Accenture plc,0001467373,2023-02-01,2023-02-01,8-K,,submissions
0001467373-22-000369,Accenture plc,0001467373,2022-12-16,2022-12-16,8-K,,submissions
0001467373-22-000283,Accenture plc,0001467373,2022-09-22,2022-09-22,8-K,,submissions
0001467373-22-000218,Accenture plc,0001467373,2022-07-14,2022-07-13,8-K,,submissions
0001467373-22-000199,Accenture plc,0001467373,2022-06-23,2022-06-23,8-K,,submissions
0001467373-22-000143,Accenture plc,0001467373,2022-03-17,2022-03-17,8-K,,submissions
0001467373-22-000131,Accenture plc,0001467373,2022-03-03,2022-03-03,8-K,,submissions
0001467373-22-000127,Accenture plc,0001467373,2022-03-01,2022-03-01,8-K,,submissions
0001467373-22-000061,Accenture plc,0001467373,2022-01-31,2022-01-25,8-K,,submissions
0001467373-22-000041,Accenture plc,0001467373,2022-01-26,2022-01-26,8-K,,submissions
0001467373-21-000295,Accenture plc,0001467373,2021-12-16,2021-12-16,8-K,,submissions
0001467373-21-000218,Accenture plc,0001467373,2021-09-23,2021-09-23,8-K,,submissions
0001467373-21-000159,Accenture plc,0001467373,2021-06-24,2021-06-19,8-K,,submissions
0001467373-21-000150,Accenture plc,0001467373,2021-06-02,2021-06-02,8-K,,submissions
0001467373-21-000104,Accenture plc,0001467373,2021-03-18,2021-03-18,8-K,,submissions
0001467373-21-000050,Accenture plc,0001467373,2021-02-03,2021-02-03,8-K,,submissions
0001467373-20-000429,Accenture plc,0001467373,2020-12-17,2020-12-17,8-K,,submissions
0001467373-20-000417,Accenture plc,0001467373,2020-12-03,2020-12-03,8-K,,submissions
0001467373-20-000341,Accenture plc,0001467373,2020-10-05,2020-10-05,8-K,,submissions
0001467373-20-000336,Accenture plc,0001467373,2020-09-24,2020-09-24,8-K,,submissions
0001467373-20-000249,Accenture plc,0001467373,2020-06-25,2020-06-25,8-K,,submissions
0001467373-20-000157,Accenture plc,0001467373,2020-03-19,2020-03-19,8-K,,submissions
0001467373-20-000043,Accenture plc,0001467373,2020-01-30,2020-01-30,8-K,,submissions
0001467373-20-000041,Accenture plc,0001467373,2020-01-29,2020-01-27,8-K,,submissions
0001467373-20-000026,Accenture plc,0001467373,2020-01-13,2020-01-13,8-K,,submissions
0001467373-19-000394,Accenture plc,0001467373,2019-12-19,2019-12-19,8-K,,submissions
0001467373-19-000342,Accenture plc,0001467373,2019-11-01,2019-11-01,8-K,,submissions
0001467373-19-000274,Accenture plc,0001467373,2019-09-26,2019-09-26,8-K,,submissions
0001467373-19-000272,Accenture plc,0001467373,2019-09-24,2019-09-21,8-K,,submissions
0001467373-19-000245,Accenture plc,0001467373,2019-07-18,2019-07-18,8-K,,submissions
0001467373-19-000236,Accenture plc,0001467373,2019-07-11,2019-07-08,8-K,,submissions
0001467373-19-000219,Accenture plc,0001467373,2019-07-01,2019-07-01,8-K,,submissions
0001467373-19-000215,Accenture plc,0001467373,2019-06-27,2019-06-27,8-K,,submissions
0001467373-19-000201,Accenture plc,0001467373,2019-06-03,2019-06-03,8-K,,submissions
0001467373-19-000128,Accenture plc,0001467373,2019-03-28,2019-03-28,8-K,,submissions
0001467373-19-000042,Accenture plc,0001467373,2019-02-04,2019-01-31,8-K,,submissions
0001467373-19-000039,Accenture plc,0001467373,2019-01-31,2019-01-31,8-K,,submissions
0001467373-19-000032,Accenture plc,0001467373,2019-01-22,2019-01-18,8-K,,submissions
0001467373-19-000024,Accenture plc,0001467373,2019-01-11,2019-01-08,8-K,,submissions
0000796343-23-000254,ADOBE INC.,0000796343,2023-12-18,2023-12-17,8-K,,submissions
0000796343-23-000252,ADOBE INC.,0000796343,2023-12-13,2023-12-11,8-K,,submissions
0000796343-23-000226,ADOBE INC.,0000796343,2023-10-26,2023-10-25,8-K,,submissions
0000796343-23-000198,ADOBE INC.,0000796343,2023-09-14,2023-09-08,8-K,,submissions
0000796343-23-000133,ADOBE INC.,0000796343,2023-06-15,2023-06-15,8-K,,submissions
0000796343-23-000084,ADOBE INC.,0000796343,2023-04-24,2023-04-20,8-K,,submissions
0000796343-23-000044,ADOBE INC.,0000796343,2023-03-15,2023-03-15,8-K,,submissions
0000796343-23-000011,ADOBE INC.,0000796343,2023-01-26,2023-01-24,8-K,,submissions
0001193125-23-010953,ADOBE INC.,0000796343,2023-01-19,2023-01-19,8-K,,submissions
0000796343-22-000225,ADOBE INC.,0000796343,2022-12-15,2022-12-15,8-K,,submissions
0001140361-22-033412,ADOBE INC.,0000796343,2022-09-15,2022-09-15,8-K,,submissions
0000796343-22-000183,ADOBE INC.,0000796343,2022-09-15,2022-09-15,8-K,,submissions
0001193125-22-186450,ADOBE INC.,0000796343,2022-07-01,2022-06-30,8-K,,submissions
0000796343-22-000150,ADOBE INC.,0000796343,2022-06-16,2022-06-16,8-K,,submissions
0000796343-22-000123,ADOBE INC.,0000796343,2022-04-19,2022-04-14,8-K,,submissions
0000796343-22-000087,ADOBE INC.,0000796343,2022-03-22,2022-03-22,8-K,,submissions
0000796343-22-000085,ADOBE INC.,0000796343,2022-03-17,2022-03-17,8-K,,submissions
0000796343-22-000056,ADOBE INC.,0000796343,2022-01-27,2022-01-24,8-K,,submissions
0000796343-22-000027,ADOBE INC.,0000796343,2022-01-18,2022-01-13,8-K,,submissions
0000796343-22-000011,ADOBE INC.,0000796343,2022-01-10,2022-01-07,8-K,,submissions
0000796343-21-000249,ADOBE INC.,0000796343,2021-12-16,2021-12-13,8-K,,submissions
0000796343-21-000247,ADOBE INC.,0000796343,2021-12-16,2021-12-16,8-K,,submissions
0000796343-21-000237,ADOBE INC.,0000796343,2021-11-23,2021-11-21,8-K,,submissions
0000796343-21-000221,ADOBE INC.,0000796343,2021-10-22,2021-10-19,8-K,,submissions
0000796343-21-000213,ADOBE INC.,0000796343,2021-10-01,2021-09-29,8-K,,submissions
0000796343-21-000198,ADOBE INC.,0000796343,2021-09-21,2021-09-21,8-K,,submissions
0000796343-21-000146,ADOBE INC.,0000796343,2021-06-17,2021-06-17,8-K,,submissions
0000796343-21-000134,ADOBE INC.,0000796343,2021-06-02,2021-05-31,8-K,,submissions
0000796343-21-000128,ADOBE INC.,0000796343,2021-05-28,2021-05-28,8-K,,submissions
0000796343-21-000106,ADOBE INC.,0000796343,2021-04-22,2021-04-20,8-K,,submissions
0000796343-21-000063,ADOBE INC.,0000796343,2021-03-23,2021-03-18,8-K,,submissions
0000796343-21-000028,ADOBE INC.,0000796343,2021-01-27,2021-01-25,8-K,,submissions
0000796343-20-000248,ADOBE INC.,0000796343,2020-12-10,2020-12-07,8-K,,submissions
0000796343-20-000218,ADOBE INC.,0000796343,2020-10-23,2020-10-20,8-K,,submissions
0000796343-20-000212,ADOBE INC.,0000796343,2020-10-06,2020-10-02,8-K,,submissions
0000796343-20-000197,ADOBE INC.,0000796343,2020-09-15,2020-09-15,8-K,,submissions
0000796343-20-000129,ADOBE INC.,0000796343,2020-06-11,2020-06-08,8-K,,submissions
0000796343-20-000085,ADOBE INC.,0000796343,2020-04-10,2020-04-06,8-K,,submissions
0000796343-20-000054,ADOBE INC.,0000796343,2020-03-12,2020-03-12,8-K,,submissions
0001104659-20-009759,ADOBE INC.,0000796343,2020-02-03,2020-02-03,8-K,,submissions
0000796343-20-000040,ADOBE INC.,0000796343,2020-01-30,2020-01-24,8-K,,submissions
0001104659-20-006717,ADOBE INC.,0000796343,2020-01-24,2020-01-22,8-K,,submissions
0000796343-19-000185,ADOBE INC.,0000796343,2019-12-12,2019-12-12,8-K,,submissions
0000796343-19-000159,ADOBE INC.,0000796343,2019-09-17,2019-09-17,8-K,,submissions
0000796343-19-000132,ADOBE INC.,0000796343,2019-06-18,2019-06-18,8-K,,submissions
0000796343-19-000091,ADOBE INC.,0000796343,2019-04-12,2019-04-11,8-K,,submissions
0000796343-19-000066,ADOBE INC.,0000796343,2019-03-14,2019-03-14,8-K,,submissions
0000796343-19-000024,ADOBE INC.,0000796343,2019-01-28,2019-01-24,8-K,,submissions
0000796343-19-000008,ADOBE INC.,0000796343,2019-01-24,2019-01-17,8-K,,submissions
0000002488-23-000192,ADVANCED MICRO DEVICES INC,0000002488,2023-10-31,2023-10-31,8-K,,submissions
0000002488-23-000135,ADVANCED MICRO DEVICES INC,0000002488,2023-08-01,2023-08-01,8-K,,submissions
0000002488-23-000123,ADVANCED MICRO DEVICES INC,0000002488,2023-07-10,2023-07-05,8-K,,submissions
0001193125-23-151810,ADVANCED MICRO DEVICES INC,0000002488,2023-05-23,2023-05-18,8-K,,submissions
0000002488-23-000074,ADVANCED MICRO DEVICES INC,0000002488,2023-05-02,2023-05-02,8-K,,submissions
0000002488-23-000040,ADVANCED MICRO DEVICES INC,0000002488,2023-02-21,2023-02-14,8-K,,submissions
0000002488-23-000007,ADVANCED MICRO DEVICES INC,0000002488,2023-01-31,2023-01-31,8-K,,submissions
0000002488-23-000003,ADVANCED MICRO DEVICES INC,0000002488,2023-01-11,2023-01-08,8-K,,submissions
0000002488-22-000176,ADVANCED MICRO DEVICES INC,0000002488,2022-11-16,2022-11-16,8-K,,submissions
0000002488-22-000172,ADVANCED MICRO DEVICES INC,0000002488,2022-11-08,2022-11-03,8-K,,submissions
0000002488-22-000168,ADVANCED MICRO DEVICES INC,0000002488,2022-11-01,2022-11-01,8-K,,submissions
0000002488-22-000163,ADVANCED MICRO DEVICES INC,0000002488,2022-10-06,2022-10-06,8-K,,submissions
0000002488-22-000120,ADVANCED MICRO DEVICES INC,0000002488,2022-08-02,2022-08-02,8-K,,submissions
0000002488-22-000112,ADVANCED MICRO DEVICES INC,0000002488,2022-06-28,2022-06-23,8-K,,submissions
0001193125-22-171108,ADVANCED MICRO DEVICES INC,0000002488,2022-06-09,2022-06-09,8-K,,submissions
0001193125-22-170212,ADVANCED MICRO DEVICES INC,0000002488,2022-06-08,2022-06-07,8-K,,submissions
0001193125-22-156161,ADVANCED MICRO DEVICES INC,0000002488,2022-05-20,2022-05-18,8-K,,submissions
0000002488-22-000074,ADVANCED MICRO DEVICES INC,0000002488,2022-05-03,2022-04-29,8-K,,submissions
0000002488-22-000054,ADVANCED MICRO DEVICES INC,0000002488,2022-02-28,2022-02-22,8-K,,submissions
0000002488-22-000031,ADVANCED MICRO DEVICES INC,0000002488,2022-02-14,2022-02-14,8-K,,submissions
0000002488-22-000026,ADVANCED MICRO DEVICES INC,0000002488,2022-02-10,2022-02-09,8-K,,submissions
0000002488-22-000014,ADVANCED MICRO DEVICES INC,0000002488,2022-02-01,2022-02-01,8-K,,submissions
0000002488-22-000009,ADVANCED MICRO DEVICES INC,0000002488,2022-01-27,2022-01-27,8-K,,submissions
0000002488-21-000205,ADVANCED MICRO DEVICES INC,0000002488,2021-12-23,2021-12-23,8-K,,submissions
0000002488-21-000176,ADVANCED MICRO DEVICES INC,0000002488,2021-10-26,2021-10-26,8-K,,submissions
0000002488-21-000114,ADVANCED MICRO DEVICES INC,0000002488,2021-07-27,2021-07-27,8-K,,submissions
0000002488-21-000107,ADVANCED MICRO DEVICES INC,0000002488,2021-06-30,2021-06-29,8-K,,submissions
0000002488-21-000103,ADVANCED MICRO DEVICES INC,0000002488,2021-06-24,2021-06-21,8-K,,submissions
0001193125-21-169293,ADVANCED MICRO DEVICES INC,0000002488,2021-05-21,2021-05-19,8-K,,submissions
0000002488-21-000068,ADVANCED MICRO DEVICES INC,0000002488,2021-05-13,2021-05-13,8-K,,submissions
0000002488-21-000054,ADVANCED MICRO DEVICES INC,0000002488,2021-04-27,2021-04-27,8-K,,submissions
0000002488-21-000046,ADVANCED MICRO DEVICES INC,0000002488,2021-04-08,2021-04-07,8-K,,submissions
0001193125-21-073262,ADVANCED MICRO DEVICES INC,0000002488,2021-03-08,2021-03-08,8-K,,submissions
0000002488-21-000033,ADVANCED MICRO DEVICES INC,0000002488,2021-02-22,2021-02-16,8-K,,submissions
0000002488-21-000009,ADVANCED MICRO DEVICES INC,0000002488,2021-01-26,2021-01-26,8-K,,submissions
0000002488-21-000005,ADVANCED MICRO DEVICES INC,0000002488,2021-01-12,2021-01-11,8-K,,submissions
0000002488-21-000002,ADVANCED MICRO DEVICES INC,0000002488,2021-01-06,2020-12-31,8-K,,submissions
0001193125-20-278572,ADVANCED MICRO DEVICES INC,0000002488,2020-10-27,2020-10-27,8-K,,submissions
0001193125-20-277468,ADVANCED MICRO DEVICES INC,0000002488,2020-10-27,2020-10-26,8-K,,submissions
0000002488-20-000161,ADVANCED MICRO DEVICES INC,0000002488,2020-10-27,2020-10-27,8-K,,submissions
0000002488-20-000110,ADVANCED MICRO DEVICES INC,0000002488,2020-08-11,2020-08-06,8-K,,submissions
0000002488-20-000101,ADVANCED MICRO DEVICES INC,0000002488,2020-07-28,2020-07-28,8-K,,submissions
0000002488-20-000068,ADVANCED MICRO DEVICES INC,0000002488,2020-05-12,2020-05-07,8-K,,submissions
0000002488-20-000048,ADVANCED MICRO DEVICES INC,0000002488,2020-04-28,2020-04-28,8-K,,submissions
0000002488-20-000034,ADVANCED MICRO DEVICES INC,0000002488,2020-03-12,2020-03-06,8-K,,submissions
0000002488-20-000019,ADVANCED MICRO DEVICES INC,0000002488,2020-02-18,2020-02-11,8-K,,submissions
0000002488-20-000006,ADVANCED MICRO DEVICES INC,0000002488,2020-01-28,2020-01-28,8-K,,submissions
0000002488-19-000186,ADVANCED MICRO DEVICES INC,0000002488,2019-12-16,2019-12-13,8-K,,submissions
0000002488-19-000178,ADVANCED MICRO DEVICES INC,0000002488,2019-12-02,2019-11-25,8-K,,submissions
0000002488-19-000165,ADVANCED MICRO DEVICES INC,0000002488,2019-11-12,2019-11-07,8-K,,submissions
0000002488-19-000157,ADVANCED MICRO DEVICES INC,0000002488,2019-10-29,2019-10-29,8-K,,submissions
0000002488-19-000144,ADVANCED MICRO DEVICES INC,0000002488,2019-09-06,2019-09-03,8-K,,submissions
0000002488-19-000113,ADVANCED MICRO DEVICES INC,0000002488,2019-08-08,2019-08-05,8-K,,submissions
0000002488-19-000102,ADVANCED MICRO DEVICES INC,0000002488,2019-07-30,2019-07-30,8-K,,submissions
0000002488-19-000096,ADVANCED MICRO DEVICES INC,0000002488,2019-06-27,2019-06-21,8-K,,submissions
0000002488-19-000088,ADVANCED MICRO DEVICES INC,0000002488,2019-06-10,2019-06-07,8-K,,submissions
0000002488-19-000059,ADVANCED MICRO DEVICES INC,0000002488,2019-05-17,2019-05-15,8-K,,submissions
0000002488-19-000043,ADVANCED MICRO DEVICES INC,0000002488,2019-04-30,2019-04-30,8-K,,submissions
0000002488-19-000022,ADVANCED MICRO DEVICES INC,0000002488,2019-02-22,2019-02-19,8-K,,submissions
0000002488-19-000018,ADVANCED MICRO DEVICES INC,0000002488,2019-02-14,2019-02-13,8-K,,submissions
0000002488-19-000004,ADVANCED MICRO DEVICES INC,0000002488,2019-01-29,2019-01-28,8-K,,submissions
0000950170-23-071756,"AGILENT TECHNOLOGIES, INC.",0001090872,2023-12-20,2023-12-20,8-K,,submissions
0001090872-23-000018,"AGILENT TECHNOLOGIES, INC.",0001090872,2023-11-20,2023-11-20,8-K,,submissions
0000950170-23-057148,"AGILENT TECHNOLOGIES, INC.",0001090872,2023-11-01,2023-10-26,8-K,,submissions
0000950170-23-046178,"AGILENT TECHNOLOGIES, INC.",0001090872,2023-09-05,2023-09-01,8-K,,submissions
0001090872-23-000013,"AGILENT TECHNOLOGIES, INC.",0001090872,2023-08-15,2023-08-15,8-K,,submissions
0001193125-23-165893,"AGILENT TECHNOLOGIES, INC.",0001090872,2023-06-13,2023-06-07,8-K,,submissions
0001090872-23-000008,"AGILENT TECHNOLOGIES, INC.",0001090872,2023-05-23,2023-05-23,8-K,,submissions
0000950170-23-023437,"AGILENT TECHNOLOGIES, INC.",0001090872,2023-05-22,2023-05-17,8-K,,submissions
0000950170-23-008638,"AGILENT TECHNOLOGIES, INC.",0001090872,2023-03-17,2023-03-15,8-K,,submissions
0001090872-23-000002,"AGILENT TECHNOLOGIES, INC.",0001090872,2023-02-28,2023-02-28,8-K,,submissions
0000950170-23-000508,"AGILENT TECHNOLOGIES, INC.",0001090872,2023-01-09,2023-01-09,8-K,,submissions
0001090872-22-000020,"AGILENT TECHNOLOGIES, INC.",0001090872,2022-11-21,2022-11-21,8-K,,submissions
0001090872-22-000014,"AGILENT TECHNOLOGIES, INC.",0001090872,2022-08-16,2022-08-16,8-K,,submissions
0001090872-22-000010,"AGILENT TECHNOLOGIES, INC.",0001090872,2022-05-24,2022-05-24,8-K,,submissions
0001193125-22-108213,"AGILENT TECHNOLOGIES, INC.",0001090872,2022-04-19,2022-04-15,8-K,,submissions
0001564590-22-010863,"AGILENT TECHNOLOGIES, INC.",0001090872,2022-03-17,2022-03-16,8-K,,submissions
0001090872-22-000005,"AGILENT TECHNOLOGIES, INC.",0001090872,2022-02-22,2022-02-22,8-K,,submissions
0001090872-22-000003,"AGILENT TECHNOLOGIES, INC.",0001090872,2022-01-05,2022-01-05,8-K,,submissions
0001564590-21-060969,"AGILENT TECHNOLOGIES, INC.",0001090872,2021-12-22,2021-12-21,8-K,,submissions
0001564590-21-060015,"AGILENT TECHNOLOGIES, INC.",0001090872,2021-12-10,2021-12-08,8-K,,submissions
0001090872-21-000022,"AGILENT TECHNOLOGIES, INC.",0001090872,2021-11-22,2021-11-22,8-K,,submissions
0001564590-21-057679,"AGILENT TECHNOLOGIES, INC.",0001090872,2021-11-19,2021-11-17,8-K,,submissions
0001564590-21-048719,"AGILENT TECHNOLOGIES, INC.",0001090872,2021-09-23,2021-09-21,8-K,,submissions
0001090872-21-000012,"AGILENT TECHNOLOGIES, INC.",0001090872,2021-08-17,2021-08-17,8-K,,submissions
0001090872-21-000006,"AGILENT TECHNOLOGIES, INC.",0001090872,2021-05-25,2021-05-25,8-K,,submissions
0001564590-21-020108,"AGILENT TECHNOLOGIES, INC.",0001090872,2021-04-22,2021-04-21,8-K,,submissions
0001564590-21-014146,"AGILENT TECHNOLOGIES, INC.",0001090872,2021-03-18,2021-03-17,8-K,,submissions
0001193125-21-079841,"AGILENT TECHNOLOGIES, INC.",0001090872,2021-03-12,2021-03-12,8-K,,submissions
0001193125-21-071538,"AGILENT TECHNOLOGIES, INC.",0001090872,2021-03-05,2021-03-03,8-K,,submissions
0001090872-21-000002,"AGILENT TECHNOLOGIES, INC.",0001090872,2021-02-16,2021-02-16,8-K,,submissions
0001564590-21-000852,"AGILENT TECHNOLOGIES, INC.",0001090872,2021-01-11,2021-01-11,8-K,,submissions
0001090872-20-000017,"AGILENT TECHNOLOGIES, INC.",0001090872,2020-11-23,2020-11-23,8-K,,submissions
0001090872-20-000012,"AGILENT TECHNOLOGIES, INC.",0001090872,2020-08-18,2020-08-18,8-K,,submissions
0001193125-20-160693,"AGILENT TECHNOLOGIES, INC.",0001090872,2020-06-04,2020-06-04,8-K,,submissions
0001193125-20-158521,"AGILENT TECHNOLOGIES, INC.",0001090872,2020-06-02,2020-06-01,8-K,,submissions
0001090872-20-000008,"AGILENT TECHNOLOGIES, INC.",0001090872,2020-05-21,2020-05-21,8-K,,submissions
0001564590-20-017459,"AGILENT TECHNOLOGIES, INC.",0001090872,2020-04-20,2020-04-17,8-K,,submissions
0001564590-20-016564,"AGILENT TECHNOLOGIES, INC.",0001090872,2020-04-14,2020-04-14,8-K,,submissions
0001564590-20-011469,"AGILENT TECHNOLOGIES, INC.",0001090872,2020-03-18,2020-03-17,8-K,,submissions
0001090872-20-000002,"AGILENT TECHNOLOGIES, INC.",0001090872,2020-02-18,2020-02-18,8-K,,submissions
0001564590-20-001714,"AGILENT TECHNOLOGIES, INC.",0001090872,2020-01-23,2020-01-23,8-K,,submissions
0001090872-19-000020,"AGILENT TECHNOLOGIES, INC.",0001090872,2019-11-25,2019-11-25,8-K,,submissions
0001564590-19-037386,"AGILENT TECHNOLOGIES, INC.",0001090872,2019-10-22,2019-10-21,8-K,,submissions
0001564590-19-034970,"AGILENT TECHNOLOGIES, INC.",0001090872,2019-09-18,2019-09-18,8-K,,submissions
0001193125-19-245863,"AGILENT TECHNOLOGIES, INC.",0001090872,2019-09-16,2019-09-16,8-K,,submissions
0001193125-19-240125,"AGILENT TECHNOLOGIES, INC.",0001090872,2019-09-06,2019-09-05,8-K,,submissions
0001564590-19-032476,"AGILENT TECHNOLOGIES, INC.",0001090872,2019-08-16,2019-08-16,8-K,,submissions
0001090872-19-000013,"AGILENT TECHNOLOGIES, INC.",0001090872,2019-08-14,2019-08-14,8-K,,submissions
0001564590-19-030780,"AGILENT TECHNOLOGIES, INC.",0001090872,2019-08-08,2019-08-07,8-K,,submissions
0001090872-19-000008,"AGILENT TECHNOLOGIES, INC.",0001090872,2019-05-14,2019-05-14,8-K,,submissions
0001564590-19-009011,"AGILENT TECHNOLOGIES, INC.",0001090872,2019-03-22,2019-03-20,8-K,,submissions
0001193805-19-000279,"AGILENT TECHNOLOGIES, INC.",0001090872,2019-03-13,2019-03-13,8-K,,submissions
0001090872-19-000004,"AGILENT TECHNOLOGIES, INC.",0001090872,2019-02-20,2019-02-20,8-K,,submissions
0001090872-19-000002,"AGILENT TECHNOLOGIES, INC.",0001090872,2019-01-25,2019-01-25,8-K,,submissions
0001564590-19-000714,"AGILENT TECHNOLOGIES, INC.",0001090872,2019-01-17,2019-01-16,8-K,,submissions
0001086222-23-000282,AKAMAI TECHNOLOGIES INC,0001086222,2023-11-07,2023-11-07,8-K,,submissions
0001193125-23-237687,AKAMAI TECHNOLOGIES INC,0001086222,2023-09-19,2023-09-13,8-K,,submissions
0001193125-23-224913,AKAMAI TECHNOLOGIES INC,0001086222,2023-08-30,2023-08-28,8-K,,submissions
0001193125-23-215943,AKAMAI TECHNOLOGIES INC,0001086222,2023-08-18,2023-08-15,8-K,,submissions
0001193125-23-213918,AKAMAI TECHNOLOGIES INC,0001086222,2023-08-16,2023-08-15,8-K,,submissions
0001193125-23-212343,AKAMAI TECHNOLOGIES INC,0001086222,2023-08-14,2023-08-14,8-K,,submissions
0001086222-23-000246,AKAMAI TECHNOLOGIES INC,0001086222,2023-08-08,2023-08-08,8-K,,submissions
0001086222-23-000192,AKAMAI TECHNOLOGIES INC,0001086222,2023-05-15,2023-05-11,8-K,,submissions
0001086222-23-000185,AKAMAI TECHNOLOGIES INC,0001086222,2023-05-09,2023-05-09,8-K,,submissions
0001086222-23-000072,AKAMAI TECHNOLOGIES INC,0001086222,2023-02-24,2023-02-21,8-K,,submissions
0001086222-23-000041,AKAMAI TECHNOLOGIES INC,0001086222,2023-02-14,2023-02-14,8-K,,submissions
0001086222-22-000278,AKAMAI TECHNOLOGIES INC,0001086222,2022-12-16,2022-12-13,8-K,,submissions
0001193125-22-292004,AKAMAI TECHNOLOGIES INC,0001086222,2022-11-23,2022-11-22,8-K,,submissions
0001086222-22-000253,AKAMAI TECHNOLOGIES INC,0001086222,2022-11-10,2022-11-10,8-K,,submissions
0001086222-22-000249,AKAMAI TECHNOLOGIES INC,0001086222,2022-11-08,2022-11-08,8-K,,submissions
0001086222-22-000222,AKAMAI TECHNOLOGIES INC,0001086222,2022-08-09,2022-08-09,8-K,,submissions
0001086222-22-000167,AKAMAI TECHNOLOGIES INC,0001086222,2022-05-13,2022-05-12,8-K,,submissions
0001086222-22-000153,AKAMAI TECHNOLOGIES INC,0001086222,2022-05-03,2022-05-03,8-K,,submissions
0001086222-22-000105,AKAMAI TECHNOLOGIES INC,0001086222,2022-03-07,2022-03-07,8-K,,submissions
0001086222-22-000054,AKAMAI TECHNOLOGIES INC,0001086222,2022-02-25,2022-02-18,8-K,,submissions
0001086222-22-000011,AKAMAI TECHNOLOGIES INC,0001086222,2022-02-15,2022-02-15,8-K,,submissions
0001086222-21-000313,AKAMAI TECHNOLOGIES INC,0001086222,2021-12-16,2021-12-16,8-K,,submissions
0001086222-21-000307,AKAMAI TECHNOLOGIES INC,0001086222,2021-12-09,2021-12-06,8-K,,submissions
0001086222-21-000288,AKAMAI TECHNOLOGIES INC,0001086222,2021-11-15,2021-11-08,8-K,,submissions
0001086222-21-000279,AKAMAI TECHNOLOGIES INC,0001086222,2021-11-02,2021-11-02,8-K,,submissions
0001086222-21-000264,AKAMAI TECHNOLOGIES INC,0001086222,2021-09-29,2021-09-29,8-K,,submissions
0001086222-21-000235,AKAMAI TECHNOLOGIES INC,0001086222,2021-08-03,2021-08-03,8-K,,submissions
0001086222-21-000194,AKAMAI TECHNOLOGIES INC,0001086222,2021-06-07,2021-06-03,8-K,,submissions
0001086222-21-000144,AKAMAI TECHNOLOGIES INC,0001086222,2021-05-04,2021-05-04,8-K,,submissions
0001086222-21-000122,AKAMAI TECHNOLOGIES INC,0001086222,2021-04-06,2021-04-02,8-K,,submissions
0001086222-21-000116,AKAMAI TECHNOLOGIES INC,0001086222,2021-03-18,2021-03-17,8-K,,submissions
0001086222-21-000068,AKAMAI TECHNOLOGIES INC,0001086222,2021-02-23,2021-02-18,8-K,,submissions
0001086222-21-000010,AKAMAI TECHNOLOGIES INC,0001086222,2021-02-09,2021-02-04,8-K,,submissions
0001086222-20-000213,AKAMAI TECHNOLOGIES INC,0001086222,2020-10-27,2020-10-27,8-K,,submissions
0001086222-20-000183,AKAMAI TECHNOLOGIES INC,0001086222,2020-07-28,2020-07-28,8-K,,submissions
0001086222-20-000162,AKAMAI TECHNOLOGIES INC,0001086222,2020-05-26,2020-05-20,8-K,,submissions
0001086222-20-000091,AKAMAI TECHNOLOGIES INC,0001086222,2020-04-28,2020-04-28,8-K,,submissions
0001086222-20-000078,AKAMAI TECHNOLOGIES INC,0001086222,2020-03-18,2020-03-13,8-K,,submissions
0001086222-20-000073,AKAMAI TECHNOLOGIES INC,0001086222,2020-03-06,2020-03-03,8-K,,submissions
0001086222-20-000025,AKAMAI TECHNOLOGIES INC,0001086222,2020-02-11,2020-02-11,8-K,,submissions
0001086222-19-000229,AKAMAI TECHNOLOGIES INC,0001086222,2019-10-28,2019-10-28,8-K,,submissions
0001086222-19-000226,AKAMAI TECHNOLOGIES INC,0001086222,2019-10-02,2019-09-27,8-K,,submissions
0001086222-19-000218,AKAMAI TECHNOLOGIES INC,0001086222,2019-08-22,2019-08-19,8-K,,submissions
0001193125-19-223514,AKAMAI TECHNOLOGIES INC,0001086222,2019-08-16,2019-08-16,8-K,,submissions
0001086222-19-000216,AKAMAI TECHNOLOGIES INC,0001086222,2019-08-14,2019-08-13,8-K,,submissions
0001086222-19-000212,AKAMAI TECHNOLOGIES INC,0001086222,2019-08-12,2019-08-12,8-K,,submissions
0001086222-19-000198,AKAMAI TECHNOLOGIES INC,0001086222,2019-07-30,2019-07-30,8-K,,submissions
0001086222-19-000185,AKAMAI TECHNOLOGIES INC,0001086222,2019-06-11,2019-06-05,8-K,,submissions
0001086222-19-000152,AKAMAI TECHNOLOGIES INC,0001086222,2019-05-17,2019-05-15,8-K,,submissions
0001086222-19-000126,AKAMAI TECHNOLOGIES INC,0001086222,2019-04-30,2019-04-30,8-K,,submissions
0001086222-19-000062,AKAMAI TECHNOLOGIES INC,0001086222,2019-02-27,2019-02-21,8-K,,submissions
0001086222-19-000032,AKAMAI TECHNOLOGIES INC,0001086222,2019-02-13,2019-02-07,8-K,,submissions
0001086222-19-000030,AKAMAI TECHNOLOGIES INC,0001086222,2019-02-12,2019-02-12,8-K,,submissions
0001097149-23-000091,ALIGN TECHNOLOGY INC,0001097149,2023-12-05,2023-12-04,8-K,,submissions
0001097149-23-000087,ALIGN TECHNOLOGY INC,0001097149,2023-11-06,2023-11-03,8-K,,submissions
0001097149-23-000078,ALIGN TECHNOLOGY INC,0001097149,2023-10-27,2023-10-26,8-K,,submissions
0001097149-23-000075,ALIGN TECHNOLOGY INC,0001097149,2023-10-25,2023-10-25,8-K,,submissions
0001097149-23-000070,ALIGN TECHNOLOGY INC,0001097149,2023-09-06,2023-09-01,8-K,,submissions
0001097149-23-000064,ALIGN TECHNOLOGY INC,0001097149,2023-08-24,2023-08-21,8-K,,submissions
0001097149-23-000054,ALIGN TECHNOLOGY INC,0001097149,2023-07-26,2023-07-26,8-K,,submissions
0001097149-23-000049,ALIGN TECHNOLOGY INC,0001097149,2023-05-18,2023-05-17,8-K,,submissions
0001097149-23-000039,ALIGN TECHNOLOGY INC,0001097149,2023-04-26,2023-04-24,8-K,,submissions
0001097149-23-000015,ALIGN TECHNOLOGY INC,0001097149,2023-03-01,2023-02-27,8-K,,submissions
0001097149-23-000009,ALIGN TECHNOLOGY INC,0001097149,2023-02-06,2023-02-03,8-K,,submissions
0001097149-23-000005,ALIGN TECHNOLOGY INC,0001097149,2023-02-01,2023-02-01,8-K,,submissions
0001097149-22-000069,ALIGN TECHNOLOGY INC,0001097149,2022-12-27,2022-12-23,8-K,,submissions
0001097149-22-000062,ALIGN TECHNOLOGY INC,0001097149,2022-10-31,2022-10-28,8-K,,submissions
0001097149-22-000059,ALIGN TECHNOLOGY INC,0001097149,2022-10-26,2022-10-26,8-K,,submissions
0001097149-22-000051,ALIGN TECHNOLOGY INC,0001097149,2022-07-27,2022-07-27,8-K,,submissions
0001097149-22-000042,ALIGN TECHNOLOGY INC,0001097149,2022-05-19,2022-05-18,8-K,,submissions
0001097149-22-000029,ALIGN TECHNOLOGY INC,0001097149,2022-05-02,2022-04-29,8-K,,submissions
0001097149-22-000025,ALIGN TECHNOLOGY INC,0001097149,2022-04-27,2022-04-27,8-K,,submissions
0001097149-22-000007,ALIGN TECHNOLOGY INC,0001097149,2022-02-07,2022-02-07,8-K,,submissions
0001097149-22-000004,ALIGN TECHNOLOGY INC,0001097149,2022-02-02,2022-02-02,8-K,,submissions
0001097149-21-000069,ALIGN TECHNOLOGY INC,0001097149,2021-11-01,2021-10-29,8-K,,submissions
0001097149-21-000064,ALIGN TECHNOLOGY INC,0001097149,2021-10-27,2021-10-27,8-K,,submissions
0001097149-21-000058,ALIGN TECHNOLOGY INC,0001097149,2021-09-02,2021-09-02,8-K,,submissions
0001097149-21-000049,ALIGN TECHNOLOGY INC,0001097149,2021-08-02,2021-07-30,8-K,,submissions
0001097149-21-000046,ALIGN TECHNOLOGY INC,0001097149,2021-07-28,2021-07-28,8-K,,submissions
0001097149-21-000043,ALIGN TECHNOLOGY INC,0001097149,2021-06-24,2021-06-23,8-K,,submissions
0001097149-21-000037,ALIGN TECHNOLOGY INC,0001097149,2021-05-20,2021-05-19,8-K,,submissions
0001097149-21-000034,ALIGN TECHNOLOGY INC,0001097149,2021-05-18,2021-05-17,8-K,,submissions
0001097149-21-000030,ALIGN TECHNOLOGY INC,0001097149,2021-05-13,2021-05-13,8-K,,submissions
0001097149-21-000023,ALIGN TECHNOLOGY INC,0001097149,2021-05-03,2021-04-30,8-K,,submissions
0001171843-21-002877,ALIGN TECHNOLOGY INC,0001097149,2021-04-28,2021-04-28,8-K,,submissions
0001171843-21-001757,ALIGN TECHNOLOGY INC,0001097149,2021-03-15,2021-03-15,8-K,,submissions
0001171843-21-000713,ALIGN TECHNOLOGY INC,0001097149,2021-02-03,2021-02-03,8-K,,submissions
0001171843-20-008143,ALIGN TECHNOLOGY INC,0001097149,2020-11-23,2020-11-23,8-K,,submissions
0001171843-20-007137,ALIGN TECHNOLOGY INC,0001097149,2020-10-21,2020-10-21,8-K,,submissions
0001171843-20-005100,ALIGN TECHNOLOGY INC,0001097149,2020-07-22,2020-07-21,8-K,,submissions
0001097149-20-000040,ALIGN TECHNOLOGY INC,0001097149,2020-05-21,2020-05-20,8-K,,submissions
0001171843-20-003018,ALIGN TECHNOLOGY INC,0001097149,2020-04-29,2020-04-29,8-K,,submissions
0001097149-20-000012,ALIGN TECHNOLOGY INC,0001097149,2020-03-18,2020-03-18,8-K,,submissions
0001171843-20-001611,ALIGN TECHNOLOGY INC,0001097149,2020-03-10,2020-03-10,8-K,,submissions
0001097149-20-000010,ALIGN TECHNOLOGY INC,0001097149,2020-03-04,2020-03-03,8-K,,submissions
0001097149-20-000002,ALIGN TECHNOLOGY INC,0001097149,2020-01-31,2020-01-28,8-K,,submissions
0001171843-20-000574,ALIGN TECHNOLOGY INC,0001097149,2020-01-29,2020-01-29,8-K,,submissions
0001097149-19-000040,ALIGN TECHNOLOGY INC,0001097149,2019-11-26,2019-11-20,8-K,,submissions
0001171843-19-006728,ALIGN TECHNOLOGY INC,0001097149,2019-10-23,2019-10-23,8-K,,submissions
0001171843-19-006086,ALIGN TECHNOLOGY INC,0001097149,2019-09-24,2019-09-24,8-K,,submissions
0001171843-19-005087,ALIGN TECHNOLOGY INC,0001097149,2019-08-01,2019-08-01,8-K,,submissions
0001171843-19-005013,ALIGN TECHNOLOGY INC,0001097149,2019-07-31,2019-07-30,8-K,,submissions
0001171843-19-004787,ALIGN TECHNOLOGY INC,0001097149,2019-07-24,2019-07-24,8-K,,submissions
0001097149-19-000025,ALIGN TECHNOLOGY INC,0001097149,2019-05-16,2019-05-16,8-K,,submissions
0001171843-19-002589,ALIGN TECHNOLOGY INC,0001097149,2019-04-24,2019-04-24,8-K,,submissions
0001171843-19-002046,ALIGN TECHNOLOGY INC,0001097149,2019-03-28,2019-03-28,8-K,,submissions
0001171843-19-001497,ALIGN TECHNOLOGY INC,0001097149,2019-03-05,2019-03-05,8-K,,submissions
0001097149-19-000006,ALIGN TECHNOLOGY INC,0001097149,2019-02-05,2019-02-05,8-K,,submissions
0001097149-19-000004,ALIGN TECHNOLOGY INC,0001097149,2019-01-30,2019-01-30,8-K,,submissions
0001171843-19-000568,ALIGN TECHNOLOGY INC,0001097149,2019-01-29,2019-01-29,8-K,,submissions
0001097149-19-000002,ALIGN TECHNOLOGY INC,0001097149,2019-01-23,2019-01-22,8-K,,submissions
0001193125-23-295027,AMGEN INC,0000318154,2023-12-14,2023-12-12,8-K,,submissions
0000318154-23-000061,AMGEN INC,0000318154,2023-10-31,2023-10-31,8-K,,submissions
0001193125-23-252361,AMGEN INC,0000318154,2023-10-06,2023-10-06,8-K,,submissions
0001193125-23-251090,AMGEN INC,0000318154,2023-10-05,2023-10-05,8-K,,submissions
0001193125-23-233011,AMGEN INC,0000318154,2023-09-12,2023-09-11,8-K,,submissions
0001193125-23-228161,AMGEN INC,0000318154,2023-09-05,2023-09-01,8-K,,submissions
0001193125-23-227040,AMGEN INC,0000318154,2023-09-01,2023-09-01,8-K,,submissions
0001193125-23-203033,AMGEN INC,0000318154,2023-08-04,2023-08-01,8-K,,submissions
0000318154-23-000049,AMGEN INC,0000318154,2023-08-03,2023-08-03,8-K,,submissions
0001193125-23-160316,AMGEN INC,0000318154,2023-06-05,2023-06-02,8-K,,submissions
0001193125-23-150659,AMGEN INC,0000318154,2023-05-22,2023-05-19,8-K,,submissions
0001193125-23-147662,AMGEN INC,0000318154,2023-05-18,2023-05-17,8-K,,submissions
0001193125-23-146219,AMGEN INC,0000318154,2023-05-16,2023-05-16,8-K,,submissions
0000318154-23-000026,AMGEN INC,0000318154,2023-04-27,2023-04-27,8-K,,submissions
0001193125-23-066144,AMGEN INC,0000318154,2023-03-09,2023-03-09,8-K,,submissions
0001193125-23-058235,AMGEN INC,0000318154,2023-03-02,2023-03-02,8-K,,submissions
0001193125-23-040753,AMGEN INC,0000318154,2023-02-16,2023-02-15,8-K,,submissions
0000318154-23-000011,AMGEN INC,0000318154,2023-01-31,2023-01-30,8-K,,submissions
0001193125-22-311112,AMGEN INC,0000318154,2022-12-22,2022-12-22,8-K,,submissions
0001193125-22-302256,AMGEN INC,0000318154,2022-12-12,2022-12-11,8-K,,submissions
0001193125-22-297131,AMGEN INC,0000318154,2022-12-02,2022-12-02,8-K,,submissions
0000318154-22-000053,AMGEN INC,0000318154,2022-11-03,2022-11-03,8-K,,submissions
0001193125-22-265755,AMGEN INC,0000318154,2022-10-20,2022-10-20,8-K,,submissions
0001193125-22-224115,AMGEN INC,0000318154,2022-08-18,2022-08-15,8-K,,submissions
0000318154-22-000039,AMGEN INC,0000318154,2022-08-04,2022-08-04,8-K,,submissions
0001193125-22-211860,AMGEN INC,0000318154,2022-08-04,2022-08-03,8-K,,submissions
0001193125-22-211269,AMGEN INC,0000318154,2022-08-03,2022-08-03,8-K,,submissions
0001193125-22-154061,AMGEN INC,0000318154,2022-05-18,2022-05-17,8-K,,submissions
0000318154-22-000019,AMGEN INC,0000318154,2022-04-27,2022-04-27,8-K,,submissions
0001193125-22-052558,AMGEN INC,0000318154,2022-02-25,2022-02-24,8-K,,submissions
0001193125-22-048514,AMGEN INC,0000318154,2022-02-22,2022-02-17,8-K,,submissions
0000318154-22-000005,AMGEN INC,0000318154,2022-02-07,2022-02-07,8-K,,submissions
0001193125-22-023401,AMGEN INC,0000318154,2022-01-31,2022-01-31,8-K,,submissions
0000318154-21-000042,AMGEN INC,0000318154,2021-11-02,2021-11-02,8-K,,submissions
0001193125-21-240434,AMGEN INC,0000318154,2021-08-09,2021-08-09,8-K,,submissions
0000318154-21-000031,AMGEN INC,0000318154,2021-08-03,2021-08-03,8-K,,submissions
0001193125-21-229599,AMGEN INC,0000318154,2021-07-30,2021-07-29,8-K,,submissions
0001193125-21-225743,AMGEN INC,0000318154,2021-07-27,2021-07-27,8-K,,submissions
0001193125-21-177693,AMGEN INC,0000318154,2021-06-01,2021-06-01,8-K,,submissions
0001193125-21-166678,AMGEN INC,0000318154,2021-05-19,2021-05-18,8-K,,submissions
0000318154-21-000017,AMGEN INC,0000318154,2021-04-27,2021-04-27,8-K,,submissions
0001193125-21-118557,AMGEN INC,0000318154,2021-04-16,2021-04-16,8-K,,submissions
0001193125-21-068571,AMGEN INC,0000318154,2021-03-04,2021-03-04,8-K,,submissions
0000318154-21-000005,AMGEN INC,0000318154,2021-02-02,2021-02-02,8-K,,submissions
0000318154-20-000058,AMGEN INC,0000318154,2020-10-28,2020-10-28,8-K,,submissions
0001193125-20-222579,AMGEN INC,0000318154,2020-08-18,2020-08-17,8-K,,submissions
0001193125-20-219417,AMGEN INC,0000318154,2020-08-14,2020-08-13,8-K,,submissions
0001193125-20-203443,AMGEN INC,0000318154,2020-07-30,2020-07-30,8-K,,submissions
0000318154-20-000046,AMGEN INC,0000318154,2020-07-28,2020-07-28,8-K,,submissions
0001193125-20-197806,AMGEN INC,0000318154,2020-07-23,2020-07-23,8-K,,submissions
0001193125-20-197795,AMGEN INC,0000318154,2020-07-23,2020-07-22,8-K,,submissions
0001193125-20-147476,AMGEN INC,0000318154,2020-05-20,2020-05-19,8-K,,submissions
0001193125-20-134934,AMGEN INC,0000318154,2020-05-06,2020-05-06,8-K,,submissions
0000318154-20-000027,AMGEN INC,0000318154,2020-04-30,2020-04-30,8-K,,submissions
0001193125-20-091961,AMGEN INC,0000318154,2020-03-31,2020-03-31,8-K,,submissions
0001193125-20-044757,AMGEN INC,0000318154,2020-02-21,2020-02-21,8-K,,submissions
0000318154-20-000012,AMGEN INC,0000318154,2020-01-30,2020-01-30,8-K,,submissions
0001193125-20-000245,AMGEN INC,0000318154,2020-01-02,2020-01-02,8-K,,submissions
0001193125-19-312129,AMGEN INC,0000318154,2019-12-12,2019-12-12,8-K,,submissions
0001193125-19-297010,AMGEN INC,0000318154,2019-11-21,2019-11-21,8-K,,submissions
0001193125-19-280582,AMGEN INC,0000318154,2019-10-31,2019-10-31,8-K,,submissions
0000318154-19-000044,AMGEN INC,0000318154,2019-10-29,2019-10-29,8-K,,submissions
0001193125-19-272011,AMGEN INC,0000318154,2019-10-23,2019-10-22,8-K,,submissions
0001193125-19-270139,AMGEN INC,0000318154,2019-10-18,2019-10-17,8-K,,submissions
0001193125-19-228830,AMGEN INC,0000318154,2019-08-26,2019-08-26,8-K,,submissions
0000318154-19-000035,AMGEN INC,0000318154,2019-07-30,2019-07-30,8-K,,submissions
0001193125-19-152829,AMGEN INC,0000318154,2019-05-21,2019-05-21,8-K,,submissions
0000318154-19-000015,AMGEN INC,0000318154,2019-04-30,2019-04-30,8-K,,submissions
0000318154-19-000004,AMGEN INC,0000318154,2019-01-29,2019-01-29,8-K,,submissions
0001558370-23-016686,AMPHENOL CORP /DE/,0000820313,2023-10-25,2023-10-25,8-K,,submissions
0001104659-23-107500,AMPHENOL CORP /DE/,0000820313,2023-10-06,2023-10-06,8-K,,submissions
0001104659-23-087831,AMPHENOL CORP /DE/,0000820313,2023-08-04,2023-08-03,8-K,,submissions
0001558370-23-013240,AMPHENOL CORP /DE/,0000820313,2023-08-03,2023-08-03,8-K,,submissions
0001558370-23-012248,AMPHENOL CORP /DE/,0000820313,2023-07-26,2023-07-26,8-K,,submissions
0001104659-23-062335,AMPHENOL CORP /DE/,0000820313,2023-05-19,2023-05-18,8-K,,submissions
0001558370-23-006765,AMPHENOL CORP /DE/,0000820313,2023-04-26,2023-04-26,8-K,,submissions
0001104659-23-039148,AMPHENOL CORP /DE/,0000820313,2023-03-30,2023-03-30,8-K,,submissions
0001104659-23-037435,AMPHENOL CORP /DE/,0000820313,2023-03-28,2023-03-27,8-K,,submissions
0001558370-23-000501,AMPHENOL CORP /DE/,0000820313,2023-01-25,2023-01-25,8-K,,submissions
0001558370-23-000235,AMPHENOL CORP /DE/,0000820313,2023-01-12,2023-01-12,8-K,,submissions
0001558370-22-015364,AMPHENOL CORP /DE/,0000820313,2022-10-26,2022-10-26,8-K,,submissions
0001558370-22-011111,AMPHENOL CORP /DE/,0000820313,2022-07-27,2022-07-27,8-K,,submissions
0001104659-22-062473,AMPHENOL CORP /DE/,0000820313,2022-05-18,2022-05-18,8-K,,submissions
0001558370-22-006053,AMPHENOL CORP /DE/,0000820313,2022-04-27,2022-04-27,8-K,,submissions
0001104659-22-048395,AMPHENOL CORP /DE/,0000820313,2022-04-21,2022-04-19,8-K,,submissions
0001558370-22-000448,AMPHENOL CORP /DE/,0000820313,2022-01-26,2022-01-26,8-K,,submissions
0001104659-21-148645,AMPHENOL CORP /DE/,0000820313,2021-12-10,2021-11-30,8-K,,submissions
0001558370-21-016546,AMPHENOL CORP /DE/,0000820313,2021-12-06,2021-12-01,8-K,,submissions
0001558370-21-013572,AMPHENOL CORP /DE/,0000820313,2021-10-27,2021-10-27,8-K,,submissions
0001104659-21-115572,AMPHENOL CORP /DE/,0000820313,2021-09-14,2021-09-14,8-K,,submissions
0001104659-21-113881,AMPHENOL CORP /DE/,0000820313,2021-09-09,2021-09-07,8-K,,submissions
0001558370-21-009552,AMPHENOL CORP /DE/,0000820313,2021-07-29,2021-07-27,8-K,,submissions
0001558370-21-009424,AMPHENOL CORP /DE/,0000820313,2021-07-28,2021-07-28,8-K,,submissions
0001104659-21-069394,AMPHENOL CORP /DE/,0000820313,2021-05-19,2021-05-19,8-K,,submissions
0001558370-21-004999,AMPHENOL CORP /DE/,0000820313,2021-04-28,2021-04-28,8-K,,submissions
0001104659-21-047428,AMPHENOL CORP /DE/,0000820313,2021-04-07,2021-04-07,8-K,,submissions
0001558370-21-002855,AMPHENOL CORP /DE/,0000820313,2021-03-12,2021-03-12,8-K,,submissions
0001558370-21-000728,AMPHENOL CORP /DE/,0000820313,2021-02-04,2021-02-03,8-K,,submissions
0001558370-21-000424,AMPHENOL CORP /DE/,0000820313,2021-01-27,2021-01-27,8-K,,submissions
0001104659-21-005009,AMPHENOL CORP /DE/,0000820313,2021-01-19,2021-01-19,8-K,,submissions
0001104659-20-133423,AMPHENOL CORP /DE/,0000820313,2020-12-09,2020-12-08,8-K,,submissions
0001558370-20-011602,AMPHENOL CORP /DE/,0000820313,2020-10-21,2020-10-21,8-K,,submissions
0001558370-20-008632,AMPHENOL CORP /DE/,0000820313,2020-07-29,2020-07-29,8-K,,submissions
0001558370-20-008288,AMPHENOL CORP /DE/,0000820313,2020-07-22,2020-07-22,8-K,,submissions
0001104659-20-064454,AMPHENOL CORP /DE/,0000820313,2020-05-21,2020-05-20,8-K,,submissions
0001104659-20-056450,AMPHENOL CORP /DE/,0000820313,2020-05-05,2020-05-04,8-K,,submissions
0001104659-20-052559,AMPHENOL CORP /DE/,0000820313,2020-04-29,2020-04-28,8-K,,submissions
0001558370-20-004130,AMPHENOL CORP /DE/,0000820313,2020-04-22,2020-04-22,8-K,,submissions
0001558370-20-001200,AMPHENOL CORP /DE/,0000820313,2020-02-24,2020-02-24,8-K,,submissions
0001104659-20-023374,AMPHENOL CORP /DE/,0000820313,2020-02-20,2020-02-20,8-K,,submissions
0001104659-20-020771,AMPHENOL CORP /DE/,0000820313,2020-02-14,2020-02-13,8-K,,submissions
0001558370-20-000211,AMPHENOL CORP /DE/,0000820313,2020-01-22,2020-01-22,8-K,,submissions
0001558370-19-010810,AMPHENOL CORP /DE/,0000820313,2019-11-12,2019-11-10,8-K,,submissions
0001558370-19-009028,AMPHENOL CORP /DE/,0000820313,2019-10-23,2019-10-23,8-K,,submissions
0001410578-19-001234,AMPHENOL CORP /DE/,0000820313,2019-09-13,2019-09-11,8-K,,submissions
0001410578-19-001153,AMPHENOL CORP /DE/,0000820313,2019-09-10,2019-09-10,8-K,,submissions
0001410578-19-001052,AMPHENOL CORP /DE/,0000820313,2019-09-05,2019-09-04,8-K,,submissions
0001410578-19-001027,AMPHENOL CORP /DE/,0000820313,2019-09-04,2019-09-04,8-K,,submissions
0001558370-19-006240,AMPHENOL CORP /DE/,0000820313,2019-07-24,2019-07-24,8-K,,submissions
0001104659-19-031493,AMPHENOL CORP /DE/,0000820313,2019-05-23,2019-05-22,8-K,,submissions
0001558370-19-003210,AMPHENOL CORP /DE/,0000820313,2019-04-24,2019-04-24,8-K,,submissions
0001104659-19-021772,AMPHENOL CORP /DE/,0000820313,2019-04-17,2019-04-17,8-K,,submissions
0001558370-19-000202,AMPHENOL CORP /DE/,0000820313,2019-01-23,2019-01-23,8-K,,submissions
0001104659-19-002497,AMPHENOL CORP /DE/,0000820313,2019-01-18,2019-01-15,8-K,,submissions
0001104659-19-001473,AMPHENOL CORP /DE/,0000820313,2019-01-10,2019-01-09,8-K,,submissions
0001104659-19-001247,AMPHENOL CORP /DE/,0000820313,2019-01-08,2019-01-07,8-K,,submissions
0000006281-23-000209,ANALOG DEVICES INC,0000006281,2023-12-07,2023-12-05,8-K,,submissions
0000006281-23-000200,ANALOG DEVICES INC,0000006281,2023-11-21,2023-11-21,8-K,,submissions
0001193125-23-256156,ANALOG DEVICES INC,0000006281,2023-10-13,2023-10-12,8-K,,submissions
0001193125-23-250354,ANALOG DEVICES INC,0000006281,2023-10-04,2023-10-03,8-K,,submissions
0000006281-23-000177,ANALOG DEVICES INC,0000006281,2023-08-23,2023-08-23,8-K,,submissions
0001193125-23-160324,ANALOG DEVICES INC,0000006281,2023-06-05,2023-06-04,8-K,,submissions
0000006281-23-000151,ANALOG DEVICES INC,0000006281,2023-05-24,2023-05-24,8-K,,submissions
0001193125-23-148132,ANALOG DEVICES INC,0000006281,2023-05-18,2023-05-12,8-K,,submissions
0001193125-23-102841,ANALOG DEVICES INC,0000006281,2023-04-17,2023-04-14,8-K,,submissions
0001193125-23-078544,ANALOG DEVICES INC,0000006281,2023-03-24,2023-03-24,8-K,,submissions
0001193125-23-066812,ANALOG DEVICES INC,0000006281,2023-03-10,2023-03-08,8-K,,submissions
0000006281-23-000029,ANALOG DEVICES INC,0000006281,2023-02-15,2023-02-14,8-K,,submissions
0001193125-23-011366,ANALOG DEVICES INC,0000006281,2023-01-20,2023-01-17,8-K,,submissions
0001193125-22-300481,ANALOG DEVICES INC,0000006281,2022-12-08,2022-12-06,8-K,,submissions
0000006281-22-000246,ANALOG DEVICES INC,0000006281,2022-11-22,2022-11-22,8-K,,submissions
0001193125-22-259652,ANALOG DEVICES INC,0000006281,2022-10-07,2022-10-07,8-K,,submissions
0001193125-22-258570,ANALOG DEVICES INC,0000006281,2022-10-06,2022-10-06,8-K,,submissions
0001193125-22-248780,ANALOG DEVICES INC,0000006281,2022-09-22,2022-09-22,8-K,,submissions
0001193125-22-245660,ANALOG DEVICES INC,0000006281,2022-09-15,2022-09-08,8-K,,submissions
0001193125-22-241057,ANALOG DEVICES INC,0000006281,2022-09-08,2022-09-08,8-K,,submissions
0000006281-22-000222,ANALOG DEVICES INC,0000006281,2022-08-17,2022-08-17,8-K,,submissions
0001193125-22-182170,ANALOG DEVICES INC,0000006281,2022-06-27,2022-06-24,8-K,,submissions
0000006281-22-000167,ANALOG DEVICES INC,0000006281,2022-05-18,2022-05-18,8-K,,submissions
0001193125-22-072696,ANALOG DEVICES INC,0000006281,2022-03-11,2022-03-09,8-K,,submissions
0001193125-22-067064,ANALOG DEVICES INC,0000006281,2022-03-07,2022-03-07,8-K,,submissions
0000006281-22-000027,ANALOG DEVICES INC,0000006281,2022-03-07,2022-03-07,8-K,,submissions
0000006281-22-000019,ANALOG DEVICES INC,0000006281,2022-02-16,2022-02-15,8-K,,submissions
0001193125-22-014356,ANALOG DEVICES INC,0000006281,2022-01-21,2022-01-18,8-K,,submissions
0000006281-21-000280,ANALOG DEVICES INC,0000006281,2021-11-23,2021-11-23,8-K,,submissions
0001193125-21-292198,ANALOG DEVICES INC,0000006281,2021-10-05,2021-10-04,8-K,,submissions
0001193125-21-291953,ANALOG DEVICES INC,0000006281,2021-10-05,2021-10-05,8-K,,submissions
0001193125-21-286770,ANALOG DEVICES INC,0000006281,2021-09-29,2021-09-28,8-K,,submissions
0001193125-21-284989,ANALOG DEVICES INC,0000006281,2021-09-28,2021-09-28,8-K,,submissions
0000006281-21-000238,ANALOG DEVICES INC,0000006281,2021-09-08,2021-09-07,8-K,,submissions
0001193125-21-257596,ANALOG DEVICES INC,0000006281,2021-08-26,2021-08-26,8-K,,submissions
0001193125-21-253971,ANALOG DEVICES INC,0000006281,2021-08-23,2021-08-23,8-K,,submissions
0000006281-21-000196,ANALOG DEVICES INC,0000006281,2021-08-18,2021-08-18,8-K,,submissions
0001193125-21-197254,ANALOG DEVICES INC,0000006281,2021-06-23,2021-06-23,8-K,,submissions
0000006281-21-000167,ANALOG DEVICES INC,0000006281,2021-05-19,2021-05-19,8-K,,submissions
0000006281-21-000041,ANALOG DEVICES INC,0000006281,2021-03-11,2021-03-10,8-K,,submissions
0000006281-21-000031,ANALOG DEVICES INC,0000006281,2021-03-02,2021-03-02,8-K,,submissions
0000006281-21-000020,ANALOG DEVICES INC,0000006281,2021-02-17,2021-02-16,8-K,,submissions
0000006281-21-000011,ANALOG DEVICES INC,0000006281,2021-01-27,2021-01-21,8-K,,submissions
0001193125-20-320093,ANALOG DEVICES INC,0000006281,2020-12-17,2020-12-15,8-K,,submissions
0000006281-20-000155,ANALOG DEVICES INC,0000006281,2020-11-24,2020-11-24,8-K,,submissions
0000006281-20-000147,ANALOG DEVICES INC,0000006281,2020-11-06,2020-11-06,8-K,,submissions
0001193125-20-266425,ANALOG DEVICES INC,0000006281,2020-10-08,2020-10-08,8-K,,submissions
0001193125-20-259803,ANALOG DEVICES INC,0000006281,2020-09-30,2020-09-30,8-K,,submissions
0001193125-20-257263,ANALOG DEVICES INC,0000006281,2020-09-29,2020-09-29,8-K,,submissions
0000006281-20-000131,ANALOG DEVICES INC,0000006281,2020-09-10,2020-09-10,8-K,,submissions
0001193125-20-228505,ANALOG DEVICES INC,0000006281,2020-08-24,2020-08-24,8-K,,submissions
0000006281-20-000122,ANALOG DEVICES INC,0000006281,2020-08-19,2020-08-19,8-K,,submissions
0000006281-20-000119,ANALOG DEVICES INC,0000006281,2020-08-19,2020-08-18,8-K,,submissions
0001193125-20-192918,ANALOG DEVICES INC,0000006281,2020-07-15,2020-07-12,8-K,,submissions
0001193125-20-191443,ANALOG DEVICES INC,0000006281,2020-07-13,2020-07-12,8-K,,submissions
0000006281-20-000085,ANALOG DEVICES INC,0000006281,2020-05-20,2020-05-20,8-K,,submissions
0001193125-20-101422,ANALOG DEVICES INC,0000006281,2020-04-08,2020-04-08,8-K,,submissions
0001193125-20-100497,ANALOG DEVICES INC,0000006281,2020-04-07,2020-04-06,8-K,,submissions
0000006281-20-000071,ANALOG DEVICES INC,0000006281,2020-03-26,2020-03-26,8-K,,submissions
0000006281-20-000023,ANALOG DEVICES INC,0000006281,2020-03-11,2020-03-11,8-K,,submissions
0000006281-20-000012,ANALOG DEVICES INC,0000006281,2020-02-19,2020-02-18,8-K,,submissions
0000006281-19-000154,ANALOG DEVICES INC,0000006281,2019-12-13,2019-12-10,8-K,,submissions
0000006281-19-000151,ANALOG DEVICES INC,0000006281,2019-12-05,2019-12-05,8-K,,submissions
0000006281-19-000143,ANALOG DEVICES INC,0000006281,2019-11-26,2019-11-25,8-K,,submissions
0000006281-19-000140,ANALOG DEVICES INC,0000006281,2019-11-26,2019-11-26,8-K,,submissions
0000006281-19-000114,ANALOG DEVICES INC,0000006281,2019-08-21,2019-08-21,8-K,,submissions
0001193125-19-187384,ANALOG DEVICES INC,0000006281,2019-07-01,2019-06-28,8-K,,submissions
0000006281-19-000087,ANALOG DEVICES INC,0000006281,2019-05-22,2019-05-22,8-K,,submissions
0000006281-19-000044,ANALOG DEVICES INC,0000006281,2019-03-14,2019-03-13,8-K,,submissions
0001157523-19-000376,ANALOG DEVICES INC,0000006281,2019-02-20,2019-02-19,8-K,,submissions
0001193125-19-019812,ANALOG DEVICES INC,0000006281,2019-01-29,2019-01-28,8-K,,submissions
0000320193-23-000104,Apple Inc.,0000320193,2023-11-02,2023-11-02,8-K,,submissions
0000320193-23-000075,Apple Inc.,0000320193,2023-08-03,2023-08-03,8-K,,submissions
0001140361-23-023909,Apple Inc.,0000320193,2023-05-10,2023-05-08,8-K,,submissions
0000320193-23-000063,Apple Inc.,0000320193,2023-05-04,2023-05-04,8-K,,submissions
0001140361-23-011192,Apple Inc.,0000320193,2023-03-10,2023-03-10,8-K,,submissions
0000320193-23-000005,Apple Inc.,0000320193,2023-02-02,2023-02-02,8-K,,submissions
0001193125-22-278435,Apple Inc.,0000320193,2022-11-07,2022-11-06,8-K,,submissions
0000320193-22-000107,Apple Inc.,0000320193,2022-10-27,2022-10-27,8-K,,submissions
0001193125-22-225365,Apple Inc.,0000320193,2022-08-19,2022-08-17,8-K,,submissions
0001193125-22-214914,Apple Inc.,0000320193,2022-08-08,2022-08-01,8-K,,submissions
0000320193-22-000069,Apple Inc.,0000320193,2022-07-28,2022-07-28,8-K,,submissions
0000320193-22-000058,Apple Inc.,0000320193,2022-04-28,2022-04-28,8-K,,submissions
0001193125-22-066169,Apple Inc.,0000320193,2022-03-04,2022-03-04,8-K,,submissions
0000320193-22-000006,Apple Inc.,0000320193,2022-01-27,2022-01-27,8-K,,submissions
0001193125-21-328151,Apple Inc.,0000320193,2021-11-12,2021-11-09,8-K,,submissions
0000320193-21-000104,Apple Inc.,0000320193,2021-10-28,2021-10-28,8-K,,submissions
0001193125-21-237787,Apple Inc.,0000320193,2021-08-05,2021-07-29,8-K,,submissions
0000320193-21-000063,Apple Inc.,0000320193,2021-07-27,2021-07-27,8-K,,submissions
0000320193-21-000055,Apple Inc.,0000320193,2021-04-28,2021-04-28,8-K,,submissions
0001193125-21-054710,Apple Inc.,0000320193,2021-02-24,2021-02-23,8-K,,submissions
0001193125-21-032394,Apple Inc.,0000320193,2021-02-08,2021-02-01,8-K,,submissions
0000320193-21-000009,Apple Inc.,0000320193,2021-01-27,2021-01-27,8-K,,submissions
0001193125-21-001982,Apple Inc.,0000320193,2021-01-05,2020-12-29,8-K,,submissions
0000320193-20-000094,Apple Inc.,0000320193,2020-10-29,2020-10-29,8-K,,submissions
0001193125-20-225672,Apple Inc.,0000320193,2020-08-20,2020-08-13,8-K,,submissions
0001193125-20-213158,Apple Inc.,0000320193,2020-08-07,2020-08-03,8-K,,submissions
0000320193-20-000060,Apple Inc.,0000320193,2020-07-30,2020-07-30,8-K,,submissions
0001193125-20-139112,Apple Inc.,0000320193,2020-05-11,2020-05-04,8-K,,submissions
0000320193-20-000050,Apple Inc.,0000320193,2020-04-30,2020-04-30,8-K,,submissions
0001193125-20-050884,Apple Inc.,0000320193,2020-02-27,2020-02-26,8-K,,submissions
0001193125-20-039203,Apple Inc.,0000320193,2020-02-18,2020-02-17,8-K,,submissions
0000320193-20-000008,Apple Inc.,0000320193,2020-01-28,2020-01-28,8-K,,submissions
0001193125-19-292676,Apple Inc.,0000320193,2019-11-15,2019-11-07,8-K,,submissions
0000320193-19-000117,Apple Inc.,0000320193,2019-10-30,2019-10-30,8-K,,submissions
0000320193-19-000093,Apple Inc.,0000320193,2019-09-13,2019-09-10,8-K,,submissions
0001193125-19-242975,Apple Inc.,0000320193,2019-09-11,2019-09-04,8-K,,submissions
0000320193-19-000073,Apple Inc.,0000320193,2019-07-30,2019-07-30,8-K,,submissions
0000320193-19-000063,Apple Inc.,0000320193,2019-04-30,2019-04-30,8-K,,submissions
0000320193-19-000032,Apple Inc.,0000320193,2019-03-04,2019-03-01,8-K,,submissions
0000320193-19-000026,Apple Inc.,0000320193,2019-02-06,2019-02-05,8-K,,submissions
0000320193-19-000007,Apple Inc.,0000320193,2019-01-29,2019-01-29,8-K,,submissions
0000320193-19-000002,Apple Inc.,0000320193,2019-01-02,2019-01-02,8-K,,submissions
0001193125-23-293900,APPLIED MATERIALS INC /DE,0000006951,2023-12-13,2023-12-08,8-K,,submissions
0000006951-23-000035,APPLIED MATERIALS INC /DE,0000006951,2023-11-16,2023-11-16,8-K,,submissions
0000006951-23-000026,APPLIED MATERIALS INC /DE,0000006951,2023-08-17,2023-08-17,8-K,,submissions
0000006951-23-000017,APPLIED MATERIALS INC /DE,0000006951,2023-05-18,2023-05-18,8-K,,submissions
0001193125-23-069180,APPLIED MATERIALS INC /DE,0000006951,2023-03-13,2023-03-09,8-K,,submissions
0000006951-23-000007,APPLIED MATERIALS INC /DE,0000006951,2023-02-16,2023-02-16,8-K,,submissions
0001193125-22-307150,APPLIED MATERIALS INC /DE,0000006951,2022-12-16,2022-12-13,8-K,,submissions
0000006951-22-000037,APPLIED MATERIALS INC /DE,0000006951,2022-11-17,2022-11-17,8-K,,submissions
0001193125-22-267228,APPLIED MATERIALS INC /DE,0000006951,2022-10-24,2022-10-20,8-K,,submissions
0001193125-22-261327,APPLIED MATERIALS INC /DE,0000006951,2022-10-12,2022-10-12,8-K,,submissions
0001193125-22-254396,APPLIED MATERIALS INC /DE,0000006951,2022-09-29,2022-09-23,8-K,,submissions
0001193125-22-238999,APPLIED MATERIALS INC /DE,0000006951,2022-09-06,2022-09-06,8-K,,submissions
0001193125-22-230188,APPLIED MATERIALS INC /DE,0000006951,2022-08-25,2022-08-23,8-K,,submissions
0000006951-22-000027,APPLIED MATERIALS INC /DE,0000006951,2022-08-18,2022-08-18,8-K,,submissions
0000006951-22-000016,APPLIED MATERIALS INC /DE,0000006951,2022-05-19,2022-05-19,8-K,,submissions
0001193125-22-074595,APPLIED MATERIALS INC /DE,0000006951,2022-03-14,2022-03-10,8-K,,submissions
0001193125-22-067015,APPLIED MATERIALS INC /DE,0000006951,2022-03-07,2022-03-03,8-K,,submissions
0000006951-22-000005,APPLIED MATERIALS INC /DE,0000006951,2022-02-16,2022-02-16,8-K,,submissions
0001193125-21-351588,APPLIED MATERIALS INC /DE,0000006951,2021-12-08,2021-12-03,8-K,,submissions
0000006951-21-000038,APPLIED MATERIALS INC /DE,0000006951,2021-11-18,2021-11-18,8-K,,submissions
0001193125-21-288919,APPLIED MATERIALS INC /DE,0000006951,2021-10-01,2021-09-28,8-K,,submissions
0000006951-21-000028,APPLIED MATERIALS INC /DE,0000006951,2021-08-19,2021-08-19,8-K,,submissions
0000006951-21-000018,APPLIED MATERIALS INC /DE,0000006951,2021-05-20,2021-05-20,8-K,,submissions
0001193125-21-097484,APPLIED MATERIALS INC /DE,0000006951,2021-03-29,2021-03-29,8-K,,submissions
0001193125-21-088636,APPLIED MATERIALS INC /DE,0000006951,2021-03-22,2021-03-19,8-K,,submissions
0001193125-21-081597,APPLIED MATERIALS INC /DE,0000006951,2021-03-16,2021-03-11,8-K,,submissions
0000006951-21-000005,APPLIED MATERIALS INC /DE,0000006951,2021-02-18,2021-02-18,8-K,,submissions
0001193125-21-000294,APPLIED MATERIALS INC /DE,0000006951,2021-01-04,2020-12-30,8-K,,submissions
0001193125-20-312732,APPLIED MATERIALS INC /DE,0000006951,2020-12-08,2020-12-04,8-K,,submissions
0001193125-20-311846,APPLIED MATERIALS INC /DE,0000006951,2020-12-07,2020-12-03,8-K,,submissions
0000006951-20-000041,APPLIED MATERIALS INC /DE,0000006951,2020-11-12,2020-11-12,8-K,,submissions
0001193125-20-260456,APPLIED MATERIALS INC /DE,0000006951,2020-10-01,2020-09-30,8-K,,submissions
0000006951-20-000032,APPLIED MATERIALS INC /DE,0000006951,2020-08-13,2020-08-13,8-K,,submissions
0001193125-20-190518,APPLIED MATERIALS INC /DE,0000006951,2020-07-09,2020-07-03,8-K,,submissions
0001193125-20-184542,APPLIED MATERIALS INC /DE,0000006951,2020-07-01,2020-06-30,8-K,,submissions
0001193125-20-169572,APPLIED MATERIALS INC /DE,0000006951,2020-06-15,2020-06-09,8-K,,submissions
0001193125-20-155870,APPLIED MATERIALS INC /DE,0000006951,2020-05-29,2020-05-29,8-K,,submissions
0001193125-20-154394,APPLIED MATERIALS INC /DE,0000006951,2020-05-28,2020-05-26,8-K,,submissions
0000006951-20-000020,APPLIED MATERIALS INC /DE,0000006951,2020-05-14,2020-05-14,8-K,,submissions
0001193125-20-082684,APPLIED MATERIALS INC /DE,0000006951,2020-03-23,2020-03-23,8-K,,submissions
0001193125-20-082653,APPLIED MATERIALS INC /DE,0000006951,2020-03-23,2020-03-23,8-K,,submissions
0001193125-20-074929,APPLIED MATERIALS INC /DE,0000006951,2020-03-16,2020-03-12,8-K,,submissions
0001193125-20-044799,APPLIED MATERIALS INC /DE,0000006951,2020-02-21,2020-02-21,8-K,,submissions
0000006951-20-000007,APPLIED MATERIALS INC /DE,0000006951,2020-02-12,2020-02-12,8-K,,submissions
0000006951-19-000038,APPLIED MATERIALS INC /DE,0000006951,2019-11-14,2019-11-14,8-K,,submissions
0001193125-19-226074,APPLIED MATERIALS INC /DE,0000006951,2019-08-21,2019-08-19,8-K,,submissions
0000006951-19-000022,APPLIED MATERIALS INC /DE,0000006951,2019-08-15,2019-08-15,8-K,,submissions
0001193125-19-201317,APPLIED MATERIALS INC /DE,0000006951,2019-07-24,2019-07-22,8-K,,submissions
0001193125-19-186522,APPLIED MATERIALS INC /DE,0000006951,2019-07-01,2019-06-30,8-K,,submissions
0000006951-19-000014,APPLIED MATERIALS INC /DE,0000006951,2019-05-16,2019-05-16,8-K,,submissions
0001193125-19-071187,APPLIED MATERIALS INC /DE,0000006951,2019-03-12,2019-03-07,8-K,,submissions
0000006951-19-000004,APPLIED MATERIALS INC /DE,0000006951,2019-02-14,2019-02-14,8-K,,submissions
0001751008-23-000070,AppLovin Corp,0001751008,2023-11-08,2023-11-03,8-K,,submissions
0001193125-23-229188,AppLovin Corp,0001751008,2023-09-06,2023-09-05,8-K,,submissions
0001193125-23-216397,AppLovin Corp,0001751008,2023-08-21,2023-08-20,8-K,,submissions
0001751008-23-000064,AppLovin Corp,0001751008,2023-08-18,2023-08-18,8-K,,submissions
0001193125-23-214308,AppLovin Corp,0001751008,2023-08-16,2023-08-14,8-K,,submissions
0001193125-23-211388,AppLovin Corp,0001751008,2023-08-14,2023-08-14,8-K,,submissions
0001751008-23-000054,AppLovin Corp,0001751008,2023-06-12,2023-06-07,8-K,,submissions
0001193125-23-159174,AppLovin Corp,0001751008,2023-06-02,2023-06-01,8-K,,submissions
0001193125-23-146599,AppLovin Corp,0001751008,2023-05-17,2023-05-16,8-K,,submissions
0001193125-23-069044,AppLovin Corp,0001751008,2023-03-13,2023-03-13,8-K,,submissions
0001193125-23-025745,AppLovin Corp,0001751008,2023-02-06,2023-02-03,8-K,,submissions
0001193125-22-215724,AppLovin Corp,0001751008,2022-08-09,2022-08-09,8-K,,submissions
0001193125-22-171915,AppLovin Corp,0001751008,2022-06-10,2022-06-08,8-K,,submissions
0001193125-22-058038,AppLovin Corp,0001751008,2022-02-28,2022-02-23,8-K,,submissions
0001193125-22-044347,AppLovin Corp,0001751008,2022-02-16,2022-02-16,8-K,,submissions
0001193125-22-002630,AppLovin Corp,0001751008,2022-01-05,2022-01-01,8-K,,submissions
0001193125-21-325960,AppLovin Corp,0001751008,2021-11-10,2021-11-08,8-K,,submissions
0001193125-21-313339,AppLovin Corp,0001751008,2021-10-29,2021-10-25,8-K,,submissions
0001193125-21-298362,AppLovin Corp,0001751008,2021-10-14,2021-10-13,8-K,,submissions
0001193125-21-293279,AppLovin Corp,0001751008,2021-10-06,2021-10-06,8-K,,submissions
0001193125-21-243346,AppLovin Corp,0001751008,2021-08-11,2021-08-10,8-K,,submissions
0001193125-21-191209,AppLovin Corp,0001751008,2021-06-15,2021-06-14,8-K,,submissions
0001193125-21-159070,AppLovin Corp,0001751008,2021-05-12,2021-05-12,8-K,,submissions
0001193125-21-128966,AppLovin Corp,0001751008,2021-04-23,2021-04-20,8-K,,submissions
0001596532-23-000349,"Arista Networks, Inc.",0001596532,2023-12-20,2023-12-18,8-K,,submissions
0001596532-23-000324,"Arista Networks, Inc.",0001596532,2023-12-01,2023-12-01,8-K,,submissions
0001596532-23-000272,"Arista Networks, Inc.",0001596532,2023-10-30,2023-10-30,8-K,,submissions
0001596532-23-000196,"Arista Networks, Inc.",0001596532,2023-07-31,2023-07-27,8-K,,submissions
0001596532-23-000168,"Arista Networks, Inc.",0001596532,2023-06-16,2023-06-14,8-K,,submissions
0001596532-23-000101,"Arista Networks, Inc.",0001596532,2023-05-01,2023-05-01,8-K,,submissions
0001596532-23-000015,"Arista Networks, Inc.",0001596532,2023-02-13,2023-02-13,8-K,,submissions
0001596532-22-000292,"Arista Networks, Inc.",0001596532,2022-10-31,2022-10-31,8-K,,submissions
0001596532-22-000282,"Arista Networks, Inc.",0001596532,2022-10-25,2022-10-20,8-K,,submissions
0001596532-22-000218,"Arista Networks, Inc.",0001596532,2022-08-01,2022-08-01,8-K,,submissions
0001596532-22-000205,"Arista Networks, Inc.",0001596532,2022-07-25,2022-07-21,8-K,,submissions
0001596532-22-000179,"Arista Networks, Inc.",0001596532,2022-06-03,2022-05-31,8-K,,submissions
0001596532-22-000111,"Arista Networks, Inc.",0001596532,2022-05-02,2022-05-02,8-K,,submissions
0001596532-22-000100,"Arista Networks, Inc.",0001596532,2022-03-29,2022-03-28,8-K,,submissions
0001596532-22-000025,"Arista Networks, Inc.",0001596532,2022-02-14,2022-02-14,8-K,,submissions
0001596532-21-000351,"Arista Networks, Inc.",0001596532,2021-11-01,2021-11-01,8-K,,submissions
0001596532-21-000253,"Arista Networks, Inc.",0001596532,2021-08-02,2021-08-02,8-K,,submissions
0001596532-21-000242,"Arista Networks, Inc.",0001596532,2021-07-20,2021-07-19,8-K,,submissions
0001596532-21-000195,"Arista Networks, Inc.",0001596532,2021-06-03,2021-06-01,8-K,,submissions
0001596532-21-000138,"Arista Networks, Inc.",0001596532,2021-05-04,2021-05-04,8-K,,submissions
0001596532-21-000048,"Arista Networks, Inc.",0001596532,2021-02-18,2021-02-18,8-K,,submissions
0001596532-20-000225,"Arista Networks, Inc.",0001596532,2020-11-02,2020-11-02,8-K,,submissions
0001596532-20-000147,"Arista Networks, Inc.",0001596532,2020-08-04,2020-08-04,8-K,,submissions
0001596532-20-000124,"Arista Networks, Inc.",0001596532,2020-07-13,2020-07-10,8-K,,submissions
0001628280-20-008562,"Arista Networks, Inc.",0001596532,2020-05-29,2020-05-28,8-K,,submissions
0001628280-20-006442,"Arista Networks, Inc.",0001596532,2020-05-05,2020-05-05,8-K,,submissions
0001596532-20-000019,"Arista Networks, Inc.",0001596532,2020-02-13,2020-02-13,8-K,,submissions
0001596532-20-000003,"Arista Networks, Inc.",0001596532,2020-01-02,2019-12-31,8-K,,submissions
0001596532-19-000227,"Arista Networks, Inc.",0001596532,2019-10-31,2019-10-31,8-K,,submissions
0001596532-19-000181,"Arista Networks, Inc.",0001596532,2019-08-01,2019-08-01,8-K,,submissions
0001596532-19-000150,"Arista Networks, Inc.",0001596532,2019-05-29,2019-05-28,8-K,,submissions
0001596532-19-000099,"Arista Networks, Inc.",0001596532,2019-05-02,2019-05-02,8-K,,submissions
0001596532-19-000023,"Arista Networks, Inc.",0001596532,2019-02-14,2019-02-14,8-K,,submissions
0000769397-23-000187,"Autodesk, Inc.",0000769397,2023-11-21,2023-11-21,8-K,,submissions
0000769397-23-000157,"Autodesk, Inc.",0000769397,2023-08-23,2023-08-23,8-K,,submissions
0000769397-23-000119,"Autodesk, Inc.",0000769397,2023-06-22,2023-06-21,8-K,,submissions
0000769397-23-000106,"Autodesk, Inc.",0000769397,2023-05-25,2023-05-25,8-K,,submissions
0000769397-23-000022,"Autodesk, Inc.",0000769397,2023-02-23,2023-02-23,8-K,,submissions
0000769397-22-000153,"Autodesk, Inc.",0000769397,2022-12-15,2022-12-15,8-K,,submissions
0000769397-22-000138,"Autodesk, Inc.",0000769397,2022-11-22,2022-11-22,8-K,,submissions
0000769397-22-000118,"Autodesk, Inc.",0000769397,2022-08-24,2022-08-24,8-K,,submissions
0000769397-22-000110,"Autodesk, Inc.",0000769397,2022-08-23,2022-08-20,8-K,,submissions
0000769397-22-000079,"Autodesk, Inc.",0000769397,2022-06-21,2022-06-16,8-K,,submissions
0000769397-22-000070,"Autodesk, Inc.",0000769397,2022-05-26,2022-05-26,8-K,,submissions
0000769397-22-000051,"Autodesk, Inc.",0000769397,2022-04-28,2022-04-27,8-K,,submissions
0000769397-22-000013,"Autodesk, Inc.",0000769397,2022-02-24,2022-02-24,8-K,,submissions
0000769397-21-000095,"Autodesk, Inc.",0000769397,2021-12-03,2021-11-29,8-K,,submissions
0000769397-21-000087,"Autodesk, Inc.",0000769397,2021-11-23,2021-11-23,8-K,,submissions
0001193125-21-294288,"Autodesk, Inc.",0000769397,2021-10-07,2021-10-07,8-K,,submissions
0001193125-21-293028,"Autodesk, Inc.",0000769397,2021-10-06,2021-10-05,8-K,,submissions
0001193125-21-290276,"Autodesk, Inc.",0000769397,2021-10-04,2021-09-30,8-K,,submissions
0000769397-21-000067,"Autodesk, Inc.",0000769397,2021-08-25,2021-08-25,8-K,,submissions
0000769397-21-000041,"Autodesk, Inc.",0000769397,2021-06-21,2021-06-16,8-K,,submissions
0000769397-21-000031,"Autodesk, Inc.",0000769397,2021-05-27,2021-05-27,8-K,,submissions
0000769397-21-000017,"Autodesk, Inc.",0000769397,2021-03-29,2021-03-25,8-K,,submissions
0000769397-21-000009,"Autodesk, Inc.",0000769397,2021-02-25,2021-02-25,8-K,,submissions
0000769397-21-000005,"Autodesk, Inc.",0000769397,2021-01-22,2021-01-19,8-K,,submissions
0000769397-20-000042,"Autodesk, Inc.",0000769397,2020-12-14,2020-12-10,8-K,,submissions
0000769397-20-000036,"Autodesk, Inc.",0000769397,2020-11-24,2020-11-24,8-K,,submissions
0001628280-20-016321,"Autodesk, Inc.",0000769397,2020-11-12,2020-11-11,8-K,,submissions
0000769397-20-000028,"Autodesk, Inc.",0000769397,2020-08-25,2020-08-25,8-K,,submissions
0000769397-20-000025,"Autodesk, Inc.",0000769397,2020-06-23,2020-06-18,8-K,,submissions
0000769397-20-000019,"Autodesk, Inc.",0000769397,2020-05-27,2020-05-27,8-K,,submissions
0001193125-20-108139,"Autodesk, Inc.",0000769397,2020-04-15,2020-04-09,8-K,,submissions
0001193125-20-082595,"Autodesk, Inc.",0000769397,2020-03-23,2020-03-17,8-K,,submissions
0000769397-20-000008,"Autodesk, Inc.",0000769397,2020-03-04,2020-03-04,8-K,,submissions
0000769397-20-000005,"Autodesk, Inc.",0000769397,2020-02-27,2020-02-27,8-K,,submissions
0000769397-20-000002,"Autodesk, Inc.",0000769397,2020-02-03,2020-02-03,8-K,,submissions
0001193125-20-006887,"Autodesk, Inc.",0000769397,2020-01-14,2020-01-14,8-K,,submissions
0001193125-20-004793,"Autodesk, Inc.",0000769397,2020-01-09,2020-01-07,8-K,,submissions
0000769397-19-000048,"Autodesk, Inc.",0000769397,2019-11-26,2019-11-26,8-K,,submissions
0000769397-19-000043,"Autodesk, Inc.",0000769397,2019-09-25,2019-09-24,8-K,,submissions
0000769397-19-000037,"Autodesk, Inc.",0000769397,2019-08-27,2019-08-27,8-K,,submissions
0000769397-19-000033,"Autodesk, Inc.",0000769397,2019-06-13,2019-06-12,8-K,,submissions
0000769397-19-000026,"Autodesk, Inc.",0000769397,2019-05-23,2019-05-23,8-K,,submissions
0000769397-19-000019,"Autodesk, Inc.",0000769397,2019-04-24,2019-04-18,8-K,,submissions
0000769397-19-000017,"Autodesk, Inc.",0000769397,2019-03-25,2019-03-21,8-K,,submissions
0000769397-19-000006,"Autodesk, Inc.",0000769397,2019-02-28,2019-02-28,8-K,,submissions
0001628280-23-036194,BAXTER INTERNATIONAL INC,0000010456,2023-11-02,2023-11-02,8-K,,submissions
0001193125-23-249637,BAXTER INTERNATIONAL INC,0000010456,2023-10-03,2023-09-29,8-K,,submissions
0001628280-23-033402,BAXTER INTERNATIONAL INC,0000010456,2023-10-02,2023-09-29,8-K,,submissions
0001628280-23-030139,BAXTER INTERNATIONAL INC,0000010456,2023-08-21,2023-08-18,8-K,,submissions
0001628280-23-025823,BAXTER INTERNATIONAL INC,0000010456,2023-07-27,2023-07-27,8-K,,submissions
0001628280-23-024384,BAXTER INTERNATIONAL INC,0000010456,2023-07-06,2023-07-06,8-K,,submissions
0001628280-23-023907,BAXTER INTERNATIONAL INC,0000010456,2023-06-29,2023-06-29,8-K,,submissions
0001193125-23-138972,BAXTER INTERNATIONAL INC,0000010456,2023-05-09,2023-05-04,8-K,,submissions
0001628280-23-015793,BAXTER INTERNATIONAL INC,0000010456,2023-05-04,2023-05-02,8-K,,submissions
0001628280-23-013356,BAXTER INTERNATIONAL INC,0000010456,2023-04-27,2023-04-27,8-K,,submissions
0001628280-23-007718,BAXTER INTERNATIONAL INC,0000010456,2023-03-13,2023-03-13,8-K,,submissions
0001193125-23-039261,BAXTER INTERNATIONAL INC,0000010456,2023-02-14,2023-02-13,8-K,,submissions
0001628280-23-002862,BAXTER INTERNATIONAL INC,0000010456,2023-02-09,2023-02-09,8-K,,submissions
0001628280-23-000551,BAXTER INTERNATIONAL INC,0000010456,2023-01-06,2023-01-04,8-K,,submissions
0001628280-22-027148,BAXTER INTERNATIONAL INC,0000010456,2022-10-27,2022-10-27,8-K,,submissions
0001193125-22-255523,BAXTER INTERNATIONAL INC,0000010456,2022-09-30,2022-09-28,8-K,,submissions
0001628280-22-019638,BAXTER INTERNATIONAL INC,0000010456,2022-07-28,2022-07-28,8-K,,submissions
0001628280-22-015326,BAXTER INTERNATIONAL INC,0000010456,2022-05-25,2022-05-25,8-K,,submissions
0001193125-22-143745,BAXTER INTERNATIONAL INC,0000010456,2022-05-06,2022-05-03,8-K,,submissions
0001628280-22-010923,BAXTER INTERNATIONAL INC,0000010456,2022-04-28,2022-04-28,8-K,,submissions
0001628280-22-010921,BAXTER INTERNATIONAL INC,0000010456,2022-04-28,2022-04-28,8-K,,submissions
0001193125-22-081692,BAXTER INTERNATIONAL INC,0000010456,2022-03-22,2022-03-21,8-K,,submissions
0001628280-22-002932,BAXTER INTERNATIONAL INC,0000010456,2022-02-17,2022-02-17,8-K,,submissions
0001628280-21-024946,BAXTER INTERNATIONAL INC,0000010456,2021-12-13,2021-12-09,8-K,,submissions
0001193125-21-346720,BAXTER INTERNATIONAL INC,0000010456,2021-12-02,2021-12-01,8-K,,submissions
0001193125-21-342946,BAXTER INTERNATIONAL INC,0000010456,2021-11-30,2021-11-29,8-K,,submissions
0001193125-21-331944,BAXTER INTERNATIONAL INC,0000010456,2021-11-17,2021-11-16,8-K,,submissions
0001628280-21-023282,BAXTER INTERNATIONAL INC,0000010456,2021-11-15,2021-11-15,8-K,,submissions
0001628280-21-020690,BAXTER INTERNATIONAL INC,0000010456,2021-10-28,2021-10-28,8-K,,submissions
0001628280-21-020147,BAXTER INTERNATIONAL INC,0000010456,2021-10-18,2021-10-18,8-K,,submissions
0001193125-21-290255,BAXTER INTERNATIONAL INC,0000010456,2021-10-04,2021-09-30,8-K,,submissions
0001193125-21-263688,BAXTER INTERNATIONAL INC,0000010456,2021-09-02,2021-09-01,8-K,,submissions
0001628280-21-014820,BAXTER INTERNATIONAL INC,0000010456,2021-07-29,2021-07-29,8-K,,submissions
0001193125-21-151879,BAXTER INTERNATIONAL INC,0000010456,2021-05-05,2021-05-04,8-K,,submissions
0001628280-21-008034,BAXTER INTERNATIONAL INC,0000010456,2021-04-29,2021-04-29,8-K,,submissions
0001628280-21-008032,BAXTER INTERNATIONAL INC,0000010456,2021-04-29,2021-04-29,8-K,,submissions
0001628280-21-007596,BAXTER INTERNATIONAL INC,0000010456,2021-04-26,2021-04-26,8-K,,submissions
0001628280-21-002264,BAXTER INTERNATIONAL INC,0000010456,2021-02-16,2021-02-14,8-K,,submissions
0001628280-21-001450,BAXTER INTERNATIONAL INC,0000010456,2021-02-04,2021-02-04,8-K,,submissions
0001628280-21-000342,BAXTER INTERNATIONAL INC,0000010456,2021-01-11,2021-01-11,8-K,,submissions
0001628280-20-016670,BAXTER INTERNATIONAL INC,0000010456,2020-11-20,2020-11-16,8-K,,submissions
0001628280-20-015975,BAXTER INTERNATIONAL INC,0000010456,2020-11-06,2020-11-02,8-K,,submissions
0001628280-20-015054,BAXTER INTERNATIONAL INC,0000010456,2020-10-29,2020-10-29,8-K,,submissions
0001628280-20-015041,BAXTER INTERNATIONAL INC,0000010456,2020-10-29,2020-10-29,8-K,,submissions
0001628280-20-014380,BAXTER INTERNATIONAL INC,0000010456,2020-10-08,2020-10-02,8-K,,submissions
0001628280-20-013930,BAXTER INTERNATIONAL INC,0000010456,2020-09-28,2020-09-28,8-K,,submissions
0001628280-20-013919,BAXTER INTERNATIONAL INC,0000010456,2020-09-25,2020-09-24,8-K,,submissions
0001628280-20-010907,BAXTER INTERNATIONAL INC,0000010456,2020-07-30,2020-07-30,8-K,,submissions
0001193125-20-137671,BAXTER INTERNATIONAL INC,0000010456,2020-05-08,2020-05-05,8-K,,submissions
0001628280-20-005901,BAXTER INTERNATIONAL INC,0000010456,2020-04-30,2020-04-30,8-K,,submissions
0001193125-20-112641,BAXTER INTERNATIONAL INC,0000010456,2020-04-21,2020-04-21,8-K,,submissions
0001564590-20-013650,BAXTER INTERNATIONAL INC,0000010456,2020-03-27,2020-03-26,8-K,,submissions
0001193125-20-082615,BAXTER INTERNATIONAL INC,0000010456,2020-03-23,2020-03-23,8-K,,submissions
0001193125-20-075467,BAXTER INTERNATIONAL INC,0000010456,2020-03-17,2020-03-17,8-K,,submissions
0001193125-20-048467,BAXTER INTERNATIONAL INC,0000010456,2020-02-25,2020-02-21,8-K,,submissions
0001193125-20-035710,BAXTER INTERNATIONAL INC,0000010456,2020-02-13,2020-02-13,8-K,,submissions
0001193125-20-005772,BAXTER INTERNATIONAL INC,0000010456,2020-01-13,2020-01-12,8-K,,submissions
0001193125-19-321056,BAXTER INTERNATIONAL INC,0000010456,2019-12-20,2019-12-20,8-K,,submissions
0001193125-19-298562,BAXTER INTERNATIONAL INC,0000010456,2019-11-22,2019-11-20,8-K,,submissions
0001193125-19-286031,BAXTER INTERNATIONAL INC,0000010456,2019-11-06,2019-10-31,8-K,,submissions
0001193125-19-275647,BAXTER INTERNATIONAL INC,0000010456,2019-10-28,2019-10-28,8-K,,submissions
0001193125-19-273068,BAXTER INTERNATIONAL INC,0000010456,2019-10-24,2019-10-24,8-K,,submissions
0001193125-19-265217,BAXTER INTERNATIONAL INC,0000010456,2019-10-09,2019-10-04,8-K,,submissions
0001193125-19-201842,BAXTER INTERNATIONAL INC,0000010456,2019-07-25,2019-07-25,8-K,,submissions
0001193125-19-147345,BAXTER INTERNATIONAL INC,0000010456,2019-05-15,2019-05-15,8-K,,submissions
0001193125-19-143553,BAXTER INTERNATIONAL INC,0000010456,2019-05-10,2019-05-07,8-K,,submissions
0001193125-19-117975,BAXTER INTERNATIONAL INC,0000010456,2019-04-25,2019-04-25,8-K,,submissions
0001193125-19-082181,BAXTER INTERNATIONAL INC,0000010456,2019-03-21,2019-03-21,8-K,,submissions
0001193125-19-055791,BAXTER INTERNATIONAL INC,0000010456,2019-02-28,2019-02-25,8-K,,submissions
0001193125-19-023181,BAXTER INTERNATIONAL INC,0000010456,2019-01-31,2019-01-31,8-K,,submissions
0000010795-23-000127,BECTON DICKINSON & CO,0000010795,2023-12-21,2023-12-21,8-K,,submissions
0000010795-23-000109,BECTON DICKINSON & CO,0000010795,2023-11-27,2023-11-21,8-K,,submissions
0000010795-23-000087,BECTON DICKINSON & CO,0000010795,2023-11-09,2023-11-09,8-K,,submissions
0000010795-23-000081,BECTON DICKINSON & CO,0000010795,2023-09-21,2023-09-19,8-K,,submissions
0000010795-23-000072,BECTON DICKINSON & CO,0000010795,2023-08-03,2023-08-03,8-K,,submissions
0000010795-23-000060,BECTON DICKINSON & CO,0000010795,2023-07-24,2023-07-24,8-K,,submissions
0001140361-23-027393,BECTON DICKINSON & CO,0000010795,2023-05-31,2023-05-31,8-K,,submissions
0000010795-23-000038,BECTON DICKINSON & CO,0000010795,2023-05-04,2023-05-04,8-K,,submissions
0001140361-23-010990,BECTON DICKINSON & CO,0000010795,2023-03-10,2023-03-09,8-K,,submissions
0001140361-23-006356,BECTON DICKINSON & CO,0000010795,2023-02-13,2023-02-13,8-K,,submissions
0001140361-23-004866,BECTON DICKINSON & CO,0000010795,2023-02-07,2023-02-06,8-K,,submissions
0000010795-23-000026,BECTON DICKINSON & CO,0000010795,2023-02-02,2023-02-02,8-K,,submissions
0000010795-23-000015,BECTON DICKINSON & CO,0000010795,2023-01-30,2023-01-24,8-K,,submissions
0001140361-23-002734,BECTON DICKINSON & CO,0000010795,2023-01-25,2023-01-25,8-K,,submissions
0000010795-23-000009,BECTON DICKINSON & CO,0000010795,2023-01-06,2022-12-30,8-K,,submissions
0001628280-22-029364,BECTON DICKINSON & CO,0000010795,2022-11-10,2022-11-10,8-K,,submissions
0000010795-22-000065,BECTON DICKINSON & CO,0000010795,2022-09-23,2022-09-20,8-K,,submissions
0000010795-22-000059,BECTON DICKINSON & CO,0000010795,2022-08-25,2022-08-22,8-K,,submissions
0001140361-22-030509,BECTON DICKINSON & CO,0000010795,2022-08-22,2022-08-22,8-K,,submissions
0001140361-22-030495,BECTON DICKINSON & CO,0000010795,2022-08-22,2022-08-22,8-K,,submissions
0001140361-22-028896,BECTON DICKINSON & CO,0000010795,2022-08-09,2022-08-08,8-K,,submissions
0001140361-22-028573,BECTON DICKINSON & CO,0000010795,2022-08-08,2022-08-08,8-K,,submissions
0000010795-22-000049,BECTON DICKINSON & CO,0000010795,2022-08-04,2022-08-04,8-K,,submissions
0000010795-22-000042,BECTON DICKINSON & CO,0000010795,2022-05-31,2022-05-31,8-K,,submissions
0000010795-22-000038,BECTON DICKINSON & CO,0000010795,2022-05-05,2022-05-05,8-K,,submissions
0001140361-22-014800,BECTON DICKINSON & CO,0000010795,2022-04-18,2022-04-18,8-K,,submissions
0000010795-22-000031,BECTON DICKINSON & CO,0000010795,2022-04-14,2022-04-14,8-K,,submissions
0001193125-22-097657,BECTON DICKINSON & CO,0000010795,2022-04-06,2022-04-01,8-K,,submissions
0001193125-22-090652,BECTON DICKINSON & CO,0000010795,2022-03-31,2022-03-28,8-K,,submissions
0001193125-22-080554,BECTON DICKINSON & CO,0000010795,2022-03-21,2022-03-16,8-K,,submissions
0001193125-22-066046,BECTON DICKINSON & CO,0000010795,2022-03-04,2022-02-28,8-K,,submissions
0000010795-22-000022,BECTON DICKINSON & CO,0000010795,2022-03-01,2022-02-28,8-K,,submissions
0000010795-22-000014,BECTON DICKINSON & CO,0000010795,2022-02-03,2022-02-03,8-K,,submissions
0000010795-22-000007,BECTON DICKINSON & CO,0000010795,2022-01-26,2022-01-25,8-K,,submissions
0000010795-21-000083,BECTON DICKINSON & CO,0000010795,2021-11-04,2021-11-04,8-K,,submissions
0000010795-21-000079,BECTON DICKINSON & CO,0000010795,2021-10-22,2021-10-21,8-K,,submissions
0000010795-21-000073,BECTON DICKINSON & CO,0000010795,2021-10-04,2021-09-28,8-K,,submissions
0001140361-21-032587,BECTON DICKINSON & CO,0000010795,2021-09-27,2021-09-24,8-K,,submissions
0001140361-21-028901,BECTON DICKINSON & CO,0000010795,2021-08-19,2021-08-19,8-K,,submissions
0001140361-21-028306,BECTON DICKINSON & CO,0000010795,2021-08-13,2021-08-10,8-K,,submissions
0000010795-21-000061,BECTON DICKINSON & CO,0000010795,2021-08-11,2021-08-10,8-K,,submissions
0001140361-21-027724,BECTON DICKINSON & CO,0000010795,2021-08-10,2021-08-10,8-K,,submissions
0001140361-21-027063,BECTON DICKINSON & CO,0000010795,2021-08-05,2021-08-05,8-K,,submissions
0000010795-21-000054,BECTON DICKINSON & CO,0000010795,2021-08-05,2021-08-02,8-K,,submissions
0001193125-21-212422,BECTON DICKINSON & CO,0000010795,2021-07-12,2021-07-12,8-K,,submissions
0001140361-21-016246,BECTON DICKINSON & CO,0000010795,2021-05-06,2021-05-06,8-K,,submissions
0000010795-21-000044,BECTON DICKINSON & CO,0000010795,2021-05-06,2021-05-06,8-K,,submissions
0000010795-21-000039,BECTON DICKINSON & CO,0000010795,2021-04-26,2021-04-26,8-K,,submissions
0001140361-21-004715,BECTON DICKINSON & CO,0000010795,2021-02-12,2021-02-12,8-K,,submissions
0001140361-21-004377,BECTON DICKINSON & CO,0000010795,2021-02-11,2021-02-11,8-K,,submissions
0001140361-21-003992,BECTON DICKINSON & CO,0000010795,2021-02-10,2021-02-08,8-K,,submissions
0000010795-21-000025,BECTON DICKINSON & CO,0000010795,2021-02-04,2021-02-04,8-K,,submissions
0000010795-21-000019,BECTON DICKINSON & CO,0000010795,2021-01-28,2021-01-28,8-K,,submissions
0000010795-21-000013,BECTON DICKINSON & CO,0000010795,2021-01-12,2021-01-12,8-K,,submissions
0000010795-20-000044,BECTON DICKINSON & CO,0000010795,2020-11-17,2020-11-17,8-K,,submissions
0000010795-20-000040,BECTON DICKINSON & CO,0000010795,2020-11-05,2020-11-05,8-K,,submissions
0000010795-20-000036,BECTON DICKINSON & CO,0000010795,2020-10-22,2020-10-22,8-K,,submissions
0000010795-20-000032,BECTON DICKINSON & CO,0000010795,2020-10-05,2020-10-05,8-K,,submissions
0000010795-20-000024,BECTON DICKINSON & CO,0000010795,2020-08-06,2020-08-06,8-K,,submissions
0001140361-20-012479,BECTON DICKINSON & CO,0000010795,2020-05-26,2020-05-26,8-K,,submissions
0001140361-20-012072,BECTON DICKINSON & CO,0000010795,2020-05-20,2020-05-20,8-K,,submissions
0001140361-20-011484,BECTON DICKINSON & CO,0000010795,2020-05-13,2020-05-11,8-K,,submissions
0000010795-20-000016,BECTON DICKINSON & CO,0000010795,2020-05-07,2020-05-07,8-K,,submissions
0000010795-20-000013,BECTON DICKINSON & CO,0000010795,2020-04-30,2020-04-30,8-K,,submissions
0001140361-20-008843,BECTON DICKINSON & CO,0000010795,2020-04-14,2020-04-14,8-K,,submissions
0001140361-20-007843,BECTON DICKINSON & CO,0000010795,2020-04-02,2020-03-27,8-K,,submissions
0001140361-20-006481,BECTON DICKINSON & CO,0000010795,2020-03-23,2020-03-20,8-K,,submissions
0000010795-20-000007,BECTON DICKINSON & CO,0000010795,2020-02-06,2020-02-06,8-K,,submissions
0000010795-20-000003,BECTON DICKINSON & CO,0000010795,2020-01-31,2020-01-28,8-K,,submissions
0000010795-19-000043,BECTON DICKINSON & CO,0000010795,2019-11-05,2019-11-05,8-K,,submissions
0000010795-19-000040,BECTON DICKINSON & CO,0000010795,2019-10-28,2019-10-28,8-K,,submissions
0000010795-19-000037,BECTON DICKINSON & CO,0000010795,2019-10-23,2019-10-23,8-K,,submissions
0000010795-19-000034,BECTON DICKINSON & CO,0000010795,2019-09-27,2019-09-27,8-K,,submissions
0000010795-19-000028,BECTON DICKINSON & CO,0000010795,2019-08-06,2019-08-06,8-K,,submissions
0001140361-19-010401,BECTON DICKINSON & CO,0000010795,2019-06-04,2019-06-04,8-K,,submissions
0001140361-19-009991,BECTON DICKINSON & CO,0000010795,2019-05-29,2019-05-21,8-K,,submissions
0001140361-19-009406,BECTON DICKINSON & CO,0000010795,2019-05-20,2019-05-20,8-K,,submissions
0000010795-19-000018,BECTON DICKINSON & CO,0000010795,2019-05-09,2019-05-09,8-K,,submissions
0000010795-19-000007,BECTON DICKINSON & CO,0000010795,2019-02-05,2019-02-05,8-K,,submissions
0000010795-19-000004,BECTON DICKINSON & CO,0000010795,2019-01-24,2019-01-24,8-K,,submissions
0000010795-19-000002,BECTON DICKINSON & CO,0000010795,2019-01-17,2019-01-17,8-K,,submissions
0001558370-23-017051,BIO-TECHNE Corp,0000842023,2023-10-31,2023-10-26,8-K,,submissions
0001558370-23-016529,BIO-TECHNE Corp,0000842023,2023-10-19,2023-10-17,8-K,,submissions
0001558370-23-013727,BIO-TECHNE Corp,0000842023,2023-08-08,2023-08-08,8-K,,submissions
0001558370-23-007739,BIO-TECHNE Corp,0000842023,2023-05-03,2023-05-03,8-K,,submissions
0001558370-23-005339,BIO-TECHNE Corp,0000842023,2023-04-03,2023-03-31,8-K,,submissions
0001558370-23-002475,BIO-TECHNE Corp,0000842023,2023-03-01,2023-02-28,8-K,,submissions
0001558370-23-000758,BIO-TECHNE Corp,0000842023,2023-02-02,2023-02-02,8-K,,submissions
0001558370-23-000715,BIO-TECHNE Corp,0000842023,2023-01-31,2023-01-26,8-K,,submissions
0001558370-22-015710,BIO-TECHNE Corp,0000842023,2022-11-01,2022-10-27,8-K,,submissions
0001558370-22-014215,BIO-TECHNE Corp,0000842023,2022-09-07,2022-08-31,8-K,,submissions
0001558370-22-012336,BIO-TECHNE Corp,0000842023,2022-08-05,2022-08-04,8-K,,submissions
0001558370-22-012028,BIO-TECHNE Corp,0000842023,2022-08-04,2022-08-04,8-K,,submissions
0001558370-22-006932,BIO-TECHNE Corp,0000842023,2022-05-04,2022-05-04,8-K,,submissions
0001558370-22-006121,BIO-TECHNE Corp,0000842023,2022-04-27,2022-04-26,8-K,,submissions
0001437749-22-002038,BIO-TECHNE Corp,0000842023,2022-02-01,2022-02-01,8-K,,submissions
0001437749-21-029110,BIO-TECHNE Corp,0000842023,2021-12-22,2021-12-20,8-K,,submissions
0001437749-21-024807,BIO-TECHNE Corp,0000842023,2021-11-02,2021-11-02,8-K,,submissions
0001437749-21-024664,BIO-TECHNE Corp,0000842023,2021-10-29,2021-10-28,8-K,,submissions
0001437749-21-018609,BIO-TECHNE Corp,0000842023,2021-08-05,2021-08-05,8-K,,submissions
0001437749-21-010994,BIO-TECHNE Corp,0000842023,2021-05-06,2021-05-06,8-K,,submissions
0001437749-21-001705,BIO-TECHNE Corp,0000842023,2021-02-02,2021-02-02,8-K,,submissions
0001437749-20-022618,BIO-TECHNE Corp,0000842023,2020-11-05,2020-11-05,8-K,,submissions
0001437749-20-022390,BIO-TECHNE Corp,0000842023,2020-11-03,2020-10-29,8-K,,submissions
0001437749-20-016374,BIO-TECHNE Corp,0000842023,2020-08-04,2020-08-04,8-K,,submissions
0001437749-20-011291,BIO-TECHNE Corp,0000842023,2020-05-19,2020-05-18,8-K,,submissions
0001437749-20-008902,BIO-TECHNE Corp,0000842023,2020-04-30,2020-04-30,8-K,,submissions
0001437749-20-001618,BIO-TECHNE Corp,0000842023,2020-02-04,2020-02-04,8-K,,submissions
0001437749-19-020780,BIO-TECHNE Corp,0000842023,2019-10-29,2019-10-29,8-K,,submissions
0001437749-19-015521,BIO-TECHNE Corp,0000842023,2019-08-06,2019-08-06,8-K,,submissions
0001437749-19-012693,BIO-TECHNE Corp,0000842023,2019-06-25,2019-06-20,8-K,,submissions
0001437749-19-008208,BIO-TECHNE Corp,0000842023,2019-04-30,2019-04-30,8-K,,submissions
0001437749-19-001827,BIO-TECHNE Corp,0000842023,2019-02-05,2019-02-05,8-K,,submissions
0001193125-23-293433,BIOGEN INC.,0000875045,2023-12-12,2023-12-06,8-K,,submissions
0001193125-23-273579,BIOGEN INC.,0000875045,2023-11-08,2023-11-06,8-K,,submissions
0000875045-23-000035,BIOGEN INC.,0000875045,2023-11-08,2023-11-08,8-K,,submissions
0001193125-23-242617,BIOGEN INC.,0000875045,2023-09-26,2023-09-26,8-K,,submissions
0001193125-23-227692,BIOGEN INC.,0000875045,2023-09-01,2023-08-28,8-K,,submissions
0001193125-23-198542,BIOGEN INC.,0000875045,2023-07-31,2023-07-28,8-K,,submissions
0000875045-23-000027,BIOGEN INC.,0000875045,2023-07-25,2023-07-25,8-K,,submissions
0000875045-23-000024,BIOGEN INC.,0000875045,2023-06-29,2023-06-26,8-K,,submissions
0001193125-23-133476,BIOGEN INC.,0000875045,2023-05-03,2023-05-03,8-K,,submissions
0000875045-23-000012,BIOGEN INC.,0000875045,2023-04-25,2023-04-25,8-K,,submissions
0001193125-23-105074,BIOGEN INC.,0000875045,2023-04-18,2023-04-12,8-K,,submissions
0001193125-23-064961,BIOGEN INC.,0000875045,2023-03-09,2023-03-05,8-K,,submissions
0000875045-23-000005,BIOGEN INC.,0000875045,2023-02-15,2023-02-15,8-K,,submissions
0001193125-22-281950,BIOGEN INC.,0000875045,2022-11-10,2022-11-10,8-K,,submissions
0000875045-22-000028,BIOGEN INC.,0000875045,2022-10-25,2022-10-25,8-K,,submissions
0000875045-22-000020,BIOGEN INC.,0000875045,2022-07-20,2022-07-20,8-K,,submissions
0001193125-22-177791,BIOGEN INC.,0000875045,2022-06-21,2022-06-15,8-K,,submissions
0000875045-22-000013,BIOGEN INC.,0000875045,2022-05-03,2022-05-03,8-K,,submissions
0000875045-22-000003,BIOGEN INC.,0000875045,2022-02-03,2022-02-03,8-K,,submissions
0001193125-22-022381,BIOGEN INC.,0000875045,2022-01-31,2022-01-25,8-K,,submissions
0001193125-21-334519,BIOGEN INC.,0000875045,2021-11-19,2021-11-18,8-K,,submissions
0001193125-21-331813,BIOGEN INC.,0000875045,2021-11-17,2021-11-15,8-K,,submissions
0000875045-21-000049,BIOGEN INC.,0000875045,2021-10-20,2021-10-20,8-K,,submissions
0000875045-21-000041,BIOGEN INC.,0000875045,2021-07-22,2021-07-22,8-K,,submissions
0000875045-21-000032,BIOGEN INC.,0000875045,2021-06-08,2021-06-02,8-K,,submissions
0000875045-21-000025,BIOGEN INC.,0000875045,2021-04-22,2021-04-22,8-K,,submissions
0000875045-21-000018,BIOGEN INC.,0000875045,2021-04-09,2021-04-07,8-K,,submissions
0001193125-21-044891,BIOGEN INC.,0000875045,2021-02-16,2021-02-16,8-K,,submissions
0001193125-21-028202,BIOGEN INC.,0000875045,2021-02-04,2021-02-04,8-K,,submissions
0000875045-21-000005,BIOGEN INC.,0000875045,2021-02-03,2021-02-03,8-K,,submissions
0000875045-20-000032,BIOGEN INC.,0000875045,2020-10-21,2020-10-21,8-K,,submissions
0000875045-20-000026,BIOGEN INC.,0000875045,2020-09-21,2020-09-15,8-K,,submissions
0000875045-20-000018,BIOGEN INC.,0000875045,2020-07-22,2020-07-22,8-K,,submissions
0001193125-20-196496,BIOGEN INC.,0000875045,2020-07-22,2020-07-16,8-K,,submissions
0000875045-20-000015,BIOGEN INC.,0000875045,2020-06-18,2020-06-18,8-K,,submissions
0000875045-20-000013,BIOGEN INC.,0000875045,2020-06-05,2020-06-03,8-K,,submissions
0001193125-20-128818,BIOGEN INC.,0000875045,2020-04-30,2020-04-27,8-K,,submissions
0000875045-20-000008,BIOGEN INC.,0000875045,2020-04-22,2020-04-22,8-K,,submissions
0001193125-20-112164,BIOGEN INC.,0000875045,2020-04-20,2020-04-20,8-K,,submissions
0001193125-20-022940,BIOGEN INC.,0000875045,2020-02-03,2020-01-28,8-K,,submissions
0000875045-20-000002,BIOGEN INC.,0000875045,2020-01-30,2020-01-30,8-K,,submissions
0001193125-19-319126,BIOGEN INC.,0000875045,2019-12-19,2019-12-19,8-K,,submissions
0000875045-19-000038,BIOGEN INC.,0000875045,2019-10-22,2019-10-22,8-K,,submissions
0000875045-19-000036,BIOGEN INC.,0000875045,2019-10-01,2019-09-29,8-K,,submissions
0000875045-19-000027,BIOGEN INC.,0000875045,2019-07-23,2019-07-23,8-K,,submissions
0000875045-19-000023,BIOGEN INC.,0000875045,2019-06-20,2019-06-19,8-K,,submissions
0000875045-19-000021,BIOGEN INC.,0000875045,2019-05-15,2019-05-09,8-K,,submissions
0000875045-19-000019,BIOGEN INC.,0000875045,2019-04-29,2019-04-29,8-K,,submissions
0000875045-19-000014,BIOGEN INC.,0000875045,2019-04-24,2019-04-24,8-K,,submissions
0000875045-19-000011,BIOGEN INC.,0000875045,2019-03-25,2019-03-24,8-K,,submissions
0000875045-19-000002,BIOGEN INC.,0000875045,2019-01-29,2019-01-29,8-K,,submissions
0000885725-23-000051,BOSTON SCIENTIFIC CORP,0000885725,2023-11-22,2023-11-16,8-K,,submissions
0000885725-23-000045,BOSTON SCIENTIFIC CORP,0000885725,2023-10-26,2023-10-26,8-K,,submissions
0000885725-23-000041,BOSTON SCIENTIFIC CORP,0000885725,2023-07-27,2023-07-27,8-K,,submissions
0000885725-23-000038,BOSTON SCIENTIFIC CORP,0000885725,2023-06-27,2023-06-27,8-K,,submissions
0000885725-23-000033,BOSTON SCIENTIFIC CORP,0000885725,2023-06-06,2023-06-01,8-K,,submissions
0000885725-23-000028,BOSTON SCIENTIFIC CORP,0000885725,2023-05-09,2023-05-04,8-K,,submissions
0000885725-23-000024,BOSTON SCIENTIFIC CORP,0000885725,2023-04-26,2023-04-26,8-K,,submissions
0000885725-23-000010,BOSTON SCIENTIFIC CORP,0000885725,2023-03-01,2023-03-01,8-K,,submissions
0000885725-23-000004,BOSTON SCIENTIFIC CORP,0000885725,2023-02-01,2023-02-01,8-K,,submissions
0001104659-23-008661,BOSTON SCIENTIFIC CORP,0000885725,2023-01-31,2023-01-29,8-K,,submissions
0000885725-22-000030,BOSTON SCIENTIFIC CORP,0000885725,2022-11-21,2022-11-18,8-K,,submissions
0000885725-22-000026,BOSTON SCIENTIFIC CORP,0000885725,2022-10-26,2022-10-26,8-K,,submissions
0000885725-22-000020,BOSTON SCIENTIFIC CORP,0000885725,2022-07-27,2022-07-27,8-K,,submissions
0001104659-22-057017,BOSTON SCIENTIFIC CORP,0000885725,2022-05-06,2022-05-03,8-K,,submissions
0000885725-22-000011,BOSTON SCIENTIFIC CORP,0000885725,2022-04-27,2022-04-27,8-K,,submissions
0000885725-22-000009,BOSTON SCIENTIFIC CORP,0000885725,2022-04-05,2022-03-30,8-K,,submissions
0001104659-22-035047,BOSTON SCIENTIFIC CORP,0000885725,2022-03-17,2022-03-16,8-K,,submissions
0001104659-22-031615,BOSTON SCIENTIFIC CORP,0000885725,2022-03-08,2022-03-03,8-K,,submissions
0001104659-22-028937,BOSTON SCIENTIFIC CORP,0000885725,2022-03-02,2022-03-02,8-K,,submissions
0000885725-22-000004,BOSTON SCIENTIFIC CORP,0000885725,2022-02-15,2022-02-14,8-K,,submissions
0000885725-22-000002,BOSTON SCIENTIFIC CORP,0000885725,2022-02-02,2022-02-02,8-K,,submissions
0000885725-21-000056,BOSTON SCIENTIFIC CORP,0000885725,2021-11-23,2021-11-19,8-K,,submissions
0000885725-21-000054,BOSTON SCIENTIFIC CORP,0000885725,2021-11-09,2021-11-08,8-K,,submissions
0000885725-21-000049,BOSTON SCIENTIFIC CORP,0000885725,2021-10-27,2021-10-27,8-K,,submissions
0000885725-21-000045,BOSTON SCIENTIFIC CORP,0000885725,2021-10-06,2021-10-06,8-K,,submissions
0000885725-21-000043,BOSTON SCIENTIFIC CORP,0000885725,2021-09-21,2021-09-21,8-K,,submissions
0000885725-21-000039,BOSTON SCIENTIFIC CORP,0000885725,2021-09-01,2021-09-01,8-K,,submissions
0000885725-21-000028,BOSTON SCIENTIFIC CORP,0000885725,2021-07-27,2021-07-27,8-K,,submissions
0000885725-21-000025,BOSTON SCIENTIFIC CORP,0000885725,2021-06-24,2021-06-23,8-K,,submissions
0000885725-21-000024,BOSTON SCIENTIFIC CORP,0000885725,2021-06-24,2021-06-24,8-K,,submissions
0001104659-21-065917,BOSTON SCIENTIFIC CORP,0000885725,2021-05-13,2021-05-10,8-K,,submissions
0000885725-21-000016,BOSTON SCIENTIFIC CORP,0000885725,2021-05-11,2021-05-06,8-K,,submissions
0000885725-21-000012,BOSTON SCIENTIFIC CORP,0000885725,2021-04-28,2021-04-28,8-K,,submissions
0000885725-21-000010,BOSTON SCIENTIFIC CORP,0000885725,2021-03-11,2021-03-09,8-K,,submissions
0001104659-21-031097,BOSTON SCIENTIFIC CORP,0000885725,2021-03-03,2021-03-03,8-K,,submissions
0001104659-21-029993,BOSTON SCIENTIFIC CORP,0000885725,2021-03-01,2021-03-01,8-K,,submissions
0000885725-21-000006,BOSTON SCIENTIFIC CORP,0000885725,2021-02-03,2021-02-03,8-K,,submissions
0000885725-21-000004,BOSTON SCIENTIFIC CORP,0000885725,2021-01-21,2021-01-21,8-K,,submissions
0000885725-20-000053,BOSTON SCIENTIFIC CORP,0000885725,2020-12-14,2020-12-14,8-K,,submissions
0000885725-20-000051,BOSTON SCIENTIFIC CORP,0000885725,2020-12-01,2020-11-25,8-K,,submissions
0000885725-20-000049,BOSTON SCIENTIFIC CORP,0000885725,2020-11-24,2020-11-19,8-K,,submissions
0000885725-20-000046,BOSTON SCIENTIFIC CORP,0000885725,2020-11-18,2020-11-17,8-K,,submissions
0000885725-20-000041,BOSTON SCIENTIFIC CORP,0000885725,2020-10-28,2020-10-28,8-K,,submissions
0000885725-20-000039,BOSTON SCIENTIFIC CORP,0000885725,2020-10-05,2020-09-30,8-K,,submissions
0000885725-20-000034,BOSTON SCIENTIFIC CORP,0000885725,2020-08-03,2020-08-03,8-K,,submissions
0000885725-20-000031,BOSTON SCIENTIFIC CORP,0000885725,2020-07-29,2020-07-29,8-K,,submissions
0000947871-20-000545,BOSTON SCIENTIFIC CORP,0000885725,2020-06-08,2020-06-06,8-K,,submissions
0000947871-20-000527,BOSTON SCIENTIFIC CORP,0000885725,2020-05-29,2020-05-28,8-K,,submissions
0000947871-20-000519,BOSTON SCIENTIFIC CORP,0000885725,2020-05-28,2020-05-21,8-K,,submissions
0001104659-20-065010,BOSTON SCIENTIFIC CORP,0000885725,2020-05-22,2020-05-21,8-K,,submissions
0000947871-20-000487,BOSTON SCIENTIFIC CORP,0000885725,2020-05-18,2020-05-14,8-K,,submissions
0001104659-20-061823,BOSTON SCIENTIFIC CORP,0000885725,2020-05-15,2020-05-14,8-K,,submissions
0000885725-20-000024,BOSTON SCIENTIFIC CORP,0000885725,2020-05-12,2020-05-07,8-K,,submissions
0000885725-20-000019,BOSTON SCIENTIFIC CORP,0000885725,2020-04-29,2020-04-29,8-K,,submissions
0000947871-20-000397,BOSTON SCIENTIFIC CORP,0000885725,2020-04-21,2020-04-21,8-K,,submissions
0001104659-20-045409,BOSTON SCIENTIFIC CORP,0000885725,2020-04-10,2020-04-10,8-K,,submissions
0000885725-20-000017,BOSTON SCIENTIFIC CORP,0000885725,2020-04-02,2020-04-01,8-K,,submissions
0000885725-20-000014,BOSTON SCIENTIFIC CORP,0000885725,2020-03-30,2020-03-30,8-K,,submissions
0000947871-20-000156,BOSTON SCIENTIFIC CORP,0000885725,2020-02-27,2020-02-27,8-K,,submissions
0000885725-20-000009,BOSTON SCIENTIFIC CORP,0000885725,2020-02-05,2020-02-05,8-K,,submissions
0000885725-20-000007,BOSTON SCIENTIFIC CORP,0000885725,2020-02-05,2020-02-04,8-K,,submissions
0000947871-19-000976,BOSTON SCIENTIFIC CORP,0000885725,2019-12-18,2019-12-18,8-K,,submissions
0000947871-19-000894,BOSTON SCIENTIFIC CORP,0000885725,2019-12-05,2019-12-05,8-K,,submissions
0000947871-19-000866,BOSTON SCIENTIFIC CORP,0000885725,2019-11-26,2019-11-26,8-K,,submissions
0000885725-19-000048,BOSTON SCIENTIFIC CORP,0000885725,2019-11-20,2019-11-14,8-K,,submissions
0000947871-19-000804,BOSTON SCIENTIFIC CORP,0000885725,2019-11-12,2019-11-06,8-K,,submissions
0000947871-19-000795,BOSTON SCIENTIFIC CORP,0000885725,2019-11-07,2019-11-05,8-K,,submissions
0000885725-19-000043,BOSTON SCIENTIFIC CORP,0000885725,2019-10-23,2019-10-23,8-K,,submissions
0000947871-19-000752,BOSTON SCIENTIFIC CORP,0000885725,2019-10-22,2019-10-22,8-K,,submissions
0000947871-19-000602,BOSTON SCIENTIFIC CORP,0000885725,2019-08-19,2019-08-19,8-K,,submissions
0000947871-19-000598,BOSTON SCIENTIFIC CORP,0000885725,2019-08-15,2019-08-15,8-K,,submissions
0000947871-19-000568,BOSTON SCIENTIFIC CORP,0000885725,2019-08-07,2019-08-07,8-K,,submissions
0000885725-19-000038,BOSTON SCIENTIFIC CORP,0000885725,2019-07-24,2019-07-24,8-K,,submissions
0000947871-19-000488,BOSTON SCIENTIFIC CORP,0000885725,2019-07-02,2019-07-02,8-K,,submissions
0000885725-19-000032,BOSTON SCIENTIFIC CORP,0000885725,2019-06-11,2019-06-11,8-K,,submissions
0001104659-19-029732,BOSTON SCIENTIFIC CORP,0000885725,2019-05-15,2019-05-09,8-K,,submissions
0000885725-19-000026,BOSTON SCIENTIFIC CORP,0000885725,2019-05-09,2019-05-09,8-K,,submissions
0000885725-19-000021,BOSTON SCIENTIFIC CORP,0000885725,2019-04-24,2019-04-24,8-K,,submissions
0000885725-19-000019,BOSTON SCIENTIFIC CORP,0000885725,2019-04-17,2019-04-16,8-K,,submissions
0000947871-19-000172,BOSTON SCIENTIFIC CORP,0000885725,2019-03-01,2019-02-28,8-K,,submissions
0000885725-19-000016,BOSTON SCIENTIFIC CORP,0000885725,2019-02-25,2019-02-21,8-K,,submissions
0000885725-19-000014,BOSTON SCIENTIFIC CORP,0000885725,2019-02-22,2019-02-21,8-K,,submissions
0000947871-19-000125,BOSTON SCIENTIFIC CORP,0000885725,2019-02-15,2019-02-14,8-K,,submissions
0000885725-19-000009,BOSTON SCIENTIFIC CORP,0000885725,2019-02-06,2019-02-06,8-K,,submissions
0000885725-19-000006,BOSTON SCIENTIFIC CORP,0000885725,2019-01-29,2019-01-29,8-K,,submissions
0001140361-23-059159,BRISTOL MYERS SQUIBB CO,0000014272,2023-12-22,2023-12-22,8-K,,submissions
0001140361-23-052908,BRISTOL MYERS SQUIBB CO,0000014272,2023-11-13,2023-10-30,8-K,,submissions
0000014272-23-000179,BRISTOL MYERS SQUIBB CO,0000014272,2023-10-26,2023-10-26,8-K,,submissions
0001140361-23-038900,BRISTOL MYERS SQUIBB CO,0000014272,2023-08-10,2023-08-09,8-K,,submissions
0000014272-23-000150,BRISTOL MYERS SQUIBB CO,0000014272,2023-07-27,2023-07-27,8-K,,submissions
0001140361-23-022991,BRISTOL MYERS SQUIBB CO,0000014272,2023-05-04,2023-05-02,8-K,,submissions
0000014272-23-000102,BRISTOL MYERS SQUIBB CO,0000014272,2023-04-27,2023-04-27,8-K,,submissions
0001140361-23-020605,BRISTOL MYERS SQUIBB CO,0000014272,2023-04-26,2023-04-21,8-K,,submissions
0001140361-23-009050,BRISTOL MYERS SQUIBB CO,0000014272,2023-02-28,2023-02-23,8-K,,submissions
0000014272-23-000018,BRISTOL MYERS SQUIBB CO,0000014272,2023-02-02,2023-02-02,8-K,,submissions
0001140361-23-003577,BRISTOL MYERS SQUIBB CO,0000014272,2023-01-31,2023-01-29,8-K,,submissions
0001140361-23-000970,BRISTOL MYERS SQUIBB CO,0000014272,2023-01-09,2023-01-09,8-K,,submissions
0000014272-22-000194,BRISTOL MYERS SQUIBB CO,0000014272,2022-10-26,2022-10-25,8-K,,submissions
0000014272-22-000164,BRISTOL MYERS SQUIBB CO,0000014272,2022-07-27,2022-07-27,8-K,,submissions
0001140361-22-023069,BRISTOL MYERS SQUIBB CO,0000014272,2022-06-15,2022-06-14,8-K,,submissions
0001140361-22-017866,BRISTOL MYERS SQUIBB CO,0000014272,2022-05-05,2022-05-03,8-K,,submissions
0000014272-22-000112,BRISTOL MYERS SQUIBB CO,0000014272,2022-04-29,2022-04-29,8-K,,submissions
0001140361-22-014868,BRISTOL MYERS SQUIBB CO,0000014272,2022-04-18,2022-04-18,8-K,,submissions
0001140361-22-009916,BRISTOL MYERS SQUIBB CO,0000014272,2022-03-17,2022-03-14,8-K,,submissions
0001140361-22-007672,BRISTOL MYERS SQUIBB CO,0000014272,2022-03-03,2022-03-01,8-K,,submissions
0001140361-22-007493,BRISTOL MYERS SQUIBB CO,0000014272,2022-03-02,2022-03-02,8-K,,submissions
0001140361-22-006591,BRISTOL MYERS SQUIBB CO,0000014272,2022-02-24,2022-02-18,8-K,,submissions
0001140361-22-006206,BRISTOL MYERS SQUIBB CO,0000014272,2022-02-22,2022-02-15,8-K,,submissions
0001140361-22-005502,BRISTOL MYERS SQUIBB CO,0000014272,2022-02-15,2022-02-15,8-K,,submissions
0001140361-22-004274,BRISTOL MYERS SQUIBB CO,0000014272,2022-02-09,2022-02-08,8-K,,submissions
0000014272-22-000047,BRISTOL MYERS SQUIBB CO,0000014272,2022-02-04,2022-02-04,8-K,,submissions
0001140361-22-001018,BRISTOL MYERS SQUIBB CO,0000014272,2022-01-10,2022-01-10,8-K,,submissions
0001140361-21-038020,BRISTOL MYERS SQUIBB CO,0000014272,2021-11-16,2021-11-16,8-K,,submissions
0000014272-21-000223,BRISTOL MYERS SQUIBB CO,0000014272,2021-10-27,2021-10-27,8-K,,submissions
0001140361-21-027569,BRISTOL MYERS SQUIBB CO,0000014272,2021-08-09,2021-08-03,8-K,,submissions
0000014272-21-000184,BRISTOL MYERS SQUIBB CO,0000014272,2021-07-28,2021-07-28,8-K,,submissions
0001140361-21-018212,BRISTOL MYERS SQUIBB CO,0000014272,2021-05-20,2021-05-14,8-K,,submissions
0001140361-21-016224,BRISTOL MYERS SQUIBB CO,0000014272,2021-05-06,2021-05-04,8-K,,submissions
0001140361-21-015721,BRISTOL MYERS SQUIBB CO,0000014272,2021-05-04,2021-05-04,8-K,,submissions
0000014272-21-000124,BRISTOL MYERS SQUIBB CO,0000014272,2021-04-29,2021-04-29,8-K,,submissions
0001140361-21-007317,BRISTOL MYERS SQUIBB CO,0000014272,2021-03-04,2021-03-01,8-K,,submissions
0001140361-21-005853,BRISTOL MYERS SQUIBB CO,0000014272,2021-02-23,2021-02-19,8-K,,submissions
0001140361-21-005563,BRISTOL MYERS SQUIBB CO,0000014272,2021-02-22,2021-02-18,8-K,,submissions
0001140361-21-004119,BRISTOL MYERS SQUIBB CO,0000014272,2021-02-10,2021-02-10,8-K,,submissions
0001140361-21-003401,BRISTOL MYERS SQUIBB CO,0000014272,2021-02-04,2021-02-04,8-K,,submissions
0000014272-21-000058,BRISTOL MYERS SQUIBB CO,0000014272,2021-02-04,2021-02-04,8-K,,submissions
0001140361-21-003133,BRISTOL MYERS SQUIBB CO,0000014272,2021-02-02,2021-02-02,8-K,,submissions
0001140361-21-000737,BRISTOL MYERS SQUIBB CO,0000014272,2021-01-11,2021-01-11,8-K,,submissions
0001140361-21-000023,BRISTOL MYERS SQUIBB CO,0000014272,2021-01-04,2021-01-01,8-K,,submissions
0001140361-20-025818,BRISTOL MYERS SQUIBB CO,0000014272,2020-11-17,2020-11-17,8-K,,submissions
0001140361-20-025431,BRISTOL MYERS SQUIBB CO,0000014272,2020-11-13,2020-11-13,8-K,,submissions
0001140361-20-024741,BRISTOL MYERS SQUIBB CO,0000014272,2020-11-06,2020-11-04,8-K,,submissions
0000014272-20-000277,BRISTOL MYERS SQUIBB CO,0000014272,2020-11-05,2020-11-05,8-K,,submissions
0001140361-20-022423,BRISTOL MYERS SQUIBB CO,0000014272,2020-10-05,2020-10-03,8-K,,submissions
0001140361-20-018818,BRISTOL MYERS SQUIBB CO,0000014272,2020-08-20,2020-08-19,8-K,,submissions
0000014272-20-000227,BRISTOL MYERS SQUIBB CO,0000014272,2020-08-06,2020-08-06,8-K,,submissions
0001140361-20-017005,BRISTOL MYERS SQUIBB CO,0000014272,2020-07-30,2020-07-29,8-K,,submissions
0001140361-20-016129,BRISTOL MYERS SQUIBB CO,0000014272,2020-07-16,2020-07-16,8-K,,submissions
0001140361-20-013879,BRISTOL MYERS SQUIBB CO,0000014272,2020-06-16,2020-06-16,8-K,,submissions
0001140361-20-011960,BRISTOL MYERS SQUIBB CO,0000014272,2020-05-19,2020-05-19,8-K,,submissions
0000014272-20-000166,BRISTOL MYERS SQUIBB CO,0000014272,2020-05-07,2020-05-07,8-K,,submissions
0001140361-20-008836,BRISTOL MYERS SQUIBB CO,0000014272,2020-04-14,2020-04-14,8-K,,submissions
0001140361-20-006780,BRISTOL MYERS SQUIBB CO,0000014272,2020-03-25,2020-03-25,8-K,,submissions
0001140361-20-005627,BRISTOL MYERS SQUIBB CO,0000014272,2020-03-12,2020-03-10,8-K,,submissions
0001140361-20-005184,BRISTOL MYERS SQUIBB CO,0000014272,2020-03-09,2020-03-05,8-K,,submissions
0001140361-20-003922,BRISTOL MYERS SQUIBB CO,0000014272,2020-02-24,2020-02-20,8-K,,submissions
0000014272-20-000075,BRISTOL MYERS SQUIBB CO,0000014272,2020-02-06,2020-02-06,8-K,,submissions
0001140361-19-021261,BRISTOL MYERS SQUIBB CO,0000014272,2019-11-22,2019-11-21,8-K,,submissions
0001140361-19-021048,BRISTOL MYERS SQUIBB CO,0000014272,2019-11-20,2019-11-20,8-K,,submissions
0001140361-19-020720,BRISTOL MYERS SQUIBB CO,0000014272,2019-11-15,2019-11-15,8-K,,submissions
0001140361-19-020668,BRISTOL MYERS SQUIBB CO,0000014272,2019-11-15,2019-11-15,8-K,,submissions
0001140361-19-020255,BRISTOL MYERS SQUIBB CO,0000014272,2019-11-12,2019-11-12,8-K,,submissions
0001140361-19-019972,BRISTOL MYERS SQUIBB CO,0000014272,2019-11-07,2019-11-07,8-K,,submissions
0001140361-19-019765,BRISTOL MYERS SQUIBB CO,0000014272,2019-11-05,2019-11-05,8-K,,submissions
0001140361-19-019582,BRISTOL MYERS SQUIBB CO,0000014272,2019-11-01,2019-11-01,8-K,,submissions
0000014272-19-000192,BRISTOL MYERS SQUIBB CO,0000014272,2019-10-31,2019-10-31,8-K,,submissions
0001140361-19-019355,BRISTOL MYERS SQUIBB CO,0000014272,2019-10-30,2019-10-30,8-K,,submissions
0001140361-19-018644,BRISTOL MYERS SQUIBB CO,0000014272,2019-10-18,2019-10-18,8-K,,submissions
0001140361-19-018099,BRISTOL MYERS SQUIBB CO,0000014272,2019-10-08,2019-10-08,8-K,,submissions
0001140361-19-017072,BRISTOL MYERS SQUIBB CO,0000014272,2019-09-23,2019-09-23,8-K,,submissions
0001140361-19-016607,BRISTOL MYERS SQUIBB CO,0000014272,2019-09-12,2019-09-11,8-K,,submissions
0001140361-19-015573,BRISTOL MYERS SQUIBB CO,0000014272,2019-08-26,2019-08-25,8-K,,submissions
0000014272-19-000158,BRISTOL MYERS SQUIBB CO,0000014272,2019-07-25,2019-07-25,8-K,,submissions
0001140361-19-012029,BRISTOL MYERS SQUIBB CO,0000014272,2019-07-01,2019-07-01,8-K,,submissions
0001140361-19-011905,BRISTOL MYERS SQUIBB CO,0000014272,2019-06-28,2019-06-28,8-K,,submissions
0001140361-19-011398,BRISTOL MYERS SQUIBB CO,0000014272,2019-06-24,2019-06-24,8-K,,submissions
0001140361-19-010432,BRISTOL MYERS SQUIBB CO,0000014272,2019-06-05,2019-06-05,8-K,,submissions
0001140361-19-010115,BRISTOL MYERS SQUIBB CO,0000014272,2019-05-30,2019-05-29,8-K,,submissions
0001140361-19-009779,BRISTOL MYERS SQUIBB CO,0000014272,2019-05-24,2019-05-24,8-K,,submissions
0001140361-19-009278,BRISTOL MYERS SQUIBB CO,0000014272,2019-05-16,2019-05-16,8-K,,submissions
0001140361-19-008676,BRISTOL MYERS SQUIBB CO,0000014272,2019-05-08,2019-05-07,8-K,,submissions
0001140361-19-008217,BRISTOL MYERS SQUIBB CO,0000014272,2019-05-02,2019-05-01,8-K,,submissions
0001140361-19-008191,BRISTOL MYERS SQUIBB CO,0000014272,2019-05-01,2019-05-01,8-K,,submissions
0001140361-19-008115,BRISTOL MYERS SQUIBB CO,0000014272,2019-05-01,2019-05-01,8-K,,submissions
0000014272-19-000104,BRISTOL MYERS SQUIBB CO,0000014272,2019-04-25,2019-04-25,8-K,,submissions
0001140361-19-007225,BRISTOL MYERS SQUIBB CO,0000014272,2019-04-17,2019-04-17,8-K,,submissions
0001140361-19-007046,BRISTOL MYERS SQUIBB CO,0000014272,2019-04-12,2019-04-12,8-K,,submissions
0001140361-19-006510,BRISTOL MYERS SQUIBB CO,0000014272,2019-04-04,2019-04-04,8-K,,submissions
0001140361-19-005591,BRISTOL MYERS SQUIBB CO,0000014272,2019-03-26,2019-03-25,8-K,,submissions
0001140361-19-004566,BRISTOL MYERS SQUIBB CO,0000014272,2019-03-08,2019-03-08,8-K,,submissions
0001140361-19-004564,BRISTOL MYERS SQUIBB CO,0000014272,2019-03-08,2019-03-08,8-K,,submissions
0001140361-19-001955,BRISTOL MYERS SQUIBB CO,0000014272,2019-01-30,2019-01-25,8-K,,submissions
0001140361-19-001470,BRISTOL MYERS SQUIBB CO,0000014272,2019-01-24,2019-01-24,8-K,,submissions
0001140361-19-001355,BRISTOL MYERS SQUIBB CO,0000014272,2019-01-22,2019-01-18,8-K,,submissions
0001140361-19-000360,BRISTOL MYERS SQUIBB CO,0000014272,2019-01-04,2019-01-02,8-K,,submissions
0001140361-19-000175,BRISTOL MYERS SQUIBB CO,0000014272,2019-01-03,2019-01-03,8-K,,submissions
0001730168-23-000093,Broadcom Inc.,0001730168,2023-12-07,2023-12-07,8-K,,submissions
0001140361-23-054354,Broadcom Inc.,0001730168,2023-11-22,2023-11-22,8-K,,submissions
0001140361-23-050217,Broadcom Inc.,0001730168,2023-10-30,2023-10-30,8-K,,submissions
0001140361-23-048712,Broadcom Inc.,0001730168,2023-10-18,2023-10-18,8-K,,submissions
0001730168-23-000074,Broadcom Inc.,0001730168,2023-08-31,2023-08-31,8-K,,submissions
0001140361-23-040084,Broadcom Inc.,0001730168,2023-08-16,2023-08-15,8-K,,submissions
0001730168-23-000062,Broadcom Inc.,0001730168,2023-06-01,2023-06-01,8-K,,submissions
0001730168-23-000054,Broadcom Inc.,0001730168,2023-05-23,2023-05-23,8-K,,submissions
0001730168-23-000052,Broadcom Inc.,0001730168,2023-04-06,2023-04-06,8-K,,submissions
0001730168-23-000004,Broadcom Inc.,0001730168,2023-03-02,2023-03-02,8-K,,submissions
0001730168-22-000110,Broadcom Inc.,0001730168,2022-12-08,2022-12-08,8-K,,submissions
0001730168-22-000101,Broadcom Inc.,0001730168,2022-11-02,2022-10-31,8-K,,submissions
0001730168-22-000091,Broadcom Inc.,0001730168,2022-09-01,2022-09-01,8-K,,submissions
0001140361-22-025654,Broadcom Inc.,0001730168,2022-07-11,2022-07-06,8-K,,submissions
0001193125-22-161016,Broadcom Inc.,0001730168,2022-05-26,2022-05-26,8-K,,submissions
0001193125-22-160371,Broadcom Inc.,0001730168,2022-05-26,2022-05-26,8-K,,submissions
0001193125-22-160304,Broadcom Inc.,0001730168,2022-05-26,2022-05-26,8-K,,submissions
0001193125-22-108067,Broadcom Inc.,0001730168,2022-04-18,2022-04-18,8-K,,submissions
0001193125-22-105918,Broadcom Inc.,0001730168,2022-04-15,2022-04-14,8-K,,submissions
0001730168-22-000059,Broadcom Inc.,0001730168,2022-04-05,2022-04-04,8-K,,submissions
0001193125-22-092425,Broadcom Inc.,0001730168,2022-04-01,2022-03-31,8-K,,submissions
0001193125-22-090874,Broadcom Inc.,0001730168,2022-03-31,2022-03-31,8-K,,submissions
0001730168-22-000015,Broadcom Inc.,0001730168,2022-03-03,2022-03-03,8-K,,submissions
0001730168-21-000148,Broadcom Inc.,0001730168,2021-12-09,2021-12-09,8-K,,submissions
0001193125-21-287948,Broadcom Inc.,0001730168,2021-09-30,2021-09-30,8-K,,submissions
0001193125-21-284581,Broadcom Inc.,0001730168,2021-09-28,2021-09-27,8-K,,submissions
0001193125-21-271676,Broadcom Inc.,0001730168,2021-09-13,2021-09-13,8-K,,submissions
0001730168-21-000121,Broadcom Inc.,0001730168,2021-09-02,2021-09-02,8-K,,submissions
0001730168-21-000110,Broadcom Inc.,0001730168,2021-06-03,2021-06-02,8-K,,submissions
0001730168-21-000071,Broadcom Inc.,0001730168,2021-04-05,2021-04-05,8-K,,submissions
0001193125-21-102518,Broadcom Inc.,0001730168,2021-03-31,2021-03-31,8-K,,submissions
0001193125-21-098755,Broadcom Inc.,0001730168,2021-03-30,2021-03-29,8-K,,submissions
0001193125-21-081796,Broadcom Inc.,0001730168,2021-03-16,2021-03-15,8-K,,submissions
0001730168-21-000026,Broadcom Inc.,0001730168,2021-03-04,2021-03-04,8-K,,submissions
0001193125-21-025889,Broadcom Inc.,0001730168,2021-02-02,2021-02-02,8-K,,submissions
0001193125-21-011422,Broadcom Inc.,0001730168,2021-01-19,2021-01-19,8-K,,submissions
0001193125-21-003380,Broadcom Inc.,0001730168,2021-01-07,2021-01-06,8-K,,submissions
0001193125-21-001276,Broadcom Inc.,0001730168,2021-01-05,2021-01-04,8-K,,submissions
0001193125-21-000394,Broadcom Inc.,0001730168,2021-01-04,2021-01-04,8-K,,submissions
0001193125-20-315010,Broadcom Inc.,0001730168,2020-12-10,2020-12-10,8-K,,submissions
0001730168-20-000201,Broadcom Inc.,0001730168,2020-12-10,2020-12-10,8-K,,submissions
0001730168-20-000154,Broadcom Inc.,0001730168,2020-09-03,2020-09-03,8-K,,submissions
0001730168-20-000126,Broadcom Inc.,0001730168,2020-06-26,2020-06-26,8-K,,submissions
0001730168-20-000099,Broadcom Inc.,0001730168,2020-06-04,2020-06-04,8-K,,submissions
0001193125-20-159573,Broadcom Inc.,0001730168,2020-06-03,2020-06-03,8-K,,submissions
0001193125-20-148648,Broadcom Inc.,0001730168,2020-05-21,2020-05-21,8-K,,submissions
0001193125-20-146131,Broadcom Inc.,0001730168,2020-05-19,2020-05-19,8-K,,submissions
0001193125-20-137528,Broadcom Inc.,0001730168,2020-05-08,2020-05-08,8-K,,submissions
0001193125-20-134440,Broadcom Inc.,0001730168,2020-05-06,2020-05-05,8-K,,submissions
0001193125-20-133159,Broadcom Inc.,0001730168,2020-05-05,2020-05-05,8-K,,submissions
0001193125-20-114389,Broadcom Inc.,0001730168,2020-04-22,2020-04-22,8-K,,submissions
0001193125-20-107418,Broadcom Inc.,0001730168,2020-04-15,2020-04-14,8-K,,submissions
0001193125-20-102580,Broadcom Inc.,0001730168,2020-04-09,2020-04-09,8-K,,submissions
0001193125-20-099626,Broadcom Inc.,0001730168,2020-04-06,2020-04-06,8-K,,submissions
0001193125-20-099090,Broadcom Inc.,0001730168,2020-04-06,2020-04-06,8-K,,submissions
0001193125-20-092827,Broadcom Inc.,0001730168,2020-03-31,2020-03-30,8-K,,submissions
0001193125-20-071608,Broadcom Inc.,0001730168,2020-03-12,2020-03-12,8-K,,submissions
0001193125-20-021302,Broadcom Inc.,0001730168,2020-01-31,2020-01-28,8-K,,submissions
0001193125-20-013100,Broadcom Inc.,0001730168,2020-01-23,2020-01-23,8-K,,submissions
0001193125-20-005998,Broadcom Inc.,0001730168,2020-01-13,2020-01-10,8-K,,submissions
0001193125-20-004721,Broadcom Inc.,0001730168,2020-01-09,2020-01-09,8-K,,submissions
0001193125-19-312797,Broadcom Inc.,0001730168,2019-12-12,2019-12-10,8-K,,submissions
0001193125-19-282605,Broadcom Inc.,0001730168,2019-11-04,2019-11-04,8-K,,submissions
0001193125-19-258822,Broadcom Inc.,0001730168,2019-09-30,2019-09-24,8-K,,submissions
0001193125-19-244923,Broadcom Inc.,0001730168,2019-09-13,2019-09-13,8-K,,submissions
0001193125-19-243919,Broadcom Inc.,0001730168,2019-09-12,2019-09-12,8-K,,submissions
0001193125-19-217369,Broadcom Inc.,0001730168,2019-08-09,2019-08-08,8-K,,submissions
0001193125-19-181599,Broadcom Inc.,0001730168,2019-06-26,2019-06-26,8-K,,submissions
0001193125-19-172516,Broadcom Inc.,0001730168,2019-06-13,2019-06-11,8-K,,submissions
0001193125-19-169285,Broadcom Inc.,0001730168,2019-06-10,2019-06-10,8-K,,submissions
0001193125-19-139727,Broadcom Inc.,0001730168,2019-05-07,2019-05-07,8-K,,submissions
0001193125-19-099260,Broadcom Inc.,0001730168,2019-04-05,2019-04-05,8-K,,submissions
0001193125-19-094751,Broadcom Inc.,0001730168,2019-04-01,2019-03-29,8-K,,submissions
0001193125-19-074832,Broadcom Inc.,0001730168,2019-03-14,2019-03-13,8-K,,submissions
0001193125-19-017097,Broadcom Inc.,0001730168,2019-01-25,2019-01-25,8-K,,submissions
0001193125-19-008372,Broadcom Inc.,0001730168,2019-01-14,2019-01-11,8-K,,submissions
0001193125-19-004970,Broadcom Inc.,0001730168,2019-01-09,2019-01-08,8-K,,submissions
0000813672-23-000082,CADENCE DESIGN SYSTEMS INC,0000813672,2023-11-03,2023-11-02,8-K,,submissions
0000813672-23-000067,CADENCE DESIGN SYSTEMS INC,0000813672,2023-10-23,2023-10-23,8-K,,submissions
0000813672-23-000043,CADENCE DESIGN SYSTEMS INC,0000813672,2023-08-03,2023-08-02,8-K,,submissions
0000813672-23-000040,CADENCE DESIGN SYSTEMS INC,0000813672,2023-07-24,2023-07-24,8-K,,submissions
0000813672-23-000035,CADENCE DESIGN SYSTEMS INC,0000813672,2023-06-13,2023-06-13,8-K,,submissions
0000813672-23-000029,CADENCE DESIGN SYSTEMS INC,0000813672,2023-05-08,2023-05-04,8-K,,submissions
0000813672-23-000024,CADENCE DESIGN SYSTEMS INC,0000813672,2023-04-24,2023-04-24,8-K,,submissions
0000813672-23-000013,CADENCE DESIGN SYSTEMS INC,0000813672,2023-02-13,2023-02-08,8-K,,submissions
0000813672-23-000010,CADENCE DESIGN SYSTEMS INC,0000813672,2023-02-13,2023-02-13,8-K,,submissions
0000813672-22-000053,CADENCE DESIGN SYSTEMS INC,0000813672,2022-10-24,2022-10-24,8-K,,submissions
0000813672-22-000047,CADENCE DESIGN SYSTEMS INC,0000813672,2022-09-08,2022-09-07,8-K,,submissions
0000813672-22-000044,CADENCE DESIGN SYSTEMS INC,0000813672,2022-09-01,2022-08-31,8-K,,submissions
0001193125-22-221293,CADENCE DESIGN SYSTEMS INC,0000813672,2022-08-15,2022-08-11,8-K,,submissions
0000813672-22-000036,CADENCE DESIGN SYSTEMS INC,0000813672,2022-07-25,2022-07-25,8-K,,submissions
0000813672-22-000032,CADENCE DESIGN SYSTEMS INC,0000813672,2022-06-21,2022-06-21,8-K,,submissions
0000813672-22-000026,CADENCE DESIGN SYSTEMS INC,0000813672,2022-05-06,2022-05-05,8-K,,submissions
0000813672-22-000021,CADENCE DESIGN SYSTEMS INC,0000813672,2022-04-25,2022-04-25,8-K,,submissions
0000813672-22-000010,CADENCE DESIGN SYSTEMS INC,0000813672,2022-02-22,2022-02-22,8-K,,submissions
0000813672-22-000006,CADENCE DESIGN SYSTEMS INC,0000813672,2022-01-31,2022-01-31,8-K,,submissions
0000813672-22-000003,CADENCE DESIGN SYSTEMS INC,0000813672,2022-01-20,2022-01-13,8-K,,submissions
0000813672-21-000036,CADENCE DESIGN SYSTEMS INC,0000813672,2021-10-25,2021-10-25,8-K,,submissions
0000813672-21-000031,CADENCE DESIGN SYSTEMS INC,0000813672,2021-08-10,2021-08-04,8-K,,submissions
0001193125-21-224307,CADENCE DESIGN SYSTEMS INC,0000813672,2021-07-26,2021-07-21,8-K,,submissions
0000813672-21-000027,CADENCE DESIGN SYSTEMS INC,0000813672,2021-07-26,2021-07-26,8-K,,submissions
0001193125-21-206534,CADENCE DESIGN SYSTEMS INC,0000813672,2021-07-01,2021-06-30,8-K,,submissions
0001193125-21-155107,CADENCE DESIGN SYSTEMS INC,0000813672,2021-05-07,2021-05-06,8-K,,submissions
0000813672-21-000015,CADENCE DESIGN SYSTEMS INC,0000813672,2021-04-26,2021-04-26,8-K,,submissions
0001193125-21-071490,CADENCE DESIGN SYSTEMS INC,0000813672,2021-03-05,2021-03-02,8-K,,submissions
0000813672-21-000007,CADENCE DESIGN SYSTEMS INC,0000813672,2021-02-22,2021-02-22,8-K,,submissions
0001193125-21-041810,CADENCE DESIGN SYSTEMS INC,0000813672,2021-02-12,2021-02-10,8-K,,submissions
0001193125-20-307226,CADENCE DESIGN SYSTEMS INC,0000813672,2020-12-01,2020-11-30,8-K,,submissions
0000813672-20-000026,CADENCE DESIGN SYSTEMS INC,0000813672,2020-10-19,2020-10-19,8-K,,submissions
0000813672-20-000019,CADENCE DESIGN SYSTEMS INC,0000813672,2020-07-20,2020-07-20,8-K,,submissions
0001193125-20-131027,CADENCE DESIGN SYSTEMS INC,0000813672,2020-05-01,2020-04-30,8-K,,submissions
0000813672-20-000012,CADENCE DESIGN SYSTEMS INC,0000813672,2020-04-20,2020-04-20,8-K,,submissions
0001193125-20-074923,CADENCE DESIGN SYSTEMS INC,0000813672,2020-03-16,2020-03-15,8-K,,submissions
0001193125-20-060527,CADENCE DESIGN SYSTEMS INC,0000813672,2020-03-03,2020-02-26,8-K,,submissions
0000813672-20-000003,CADENCE DESIGN SYSTEMS INC,0000813672,2020-02-12,2020-02-12,8-K,,submissions
0001193125-20-031336,CADENCE DESIGN SYSTEMS INC,0000813672,2020-02-11,2020-02-05,8-K,,submissions
0000813672-19-000026,CADENCE DESIGN SYSTEMS INC,0000813672,2019-10-21,2019-10-21,8-K,,submissions
0000813672-19-000020,CADENCE DESIGN SYSTEMS INC,0000813672,2019-07-22,2019-07-22,8-K,,submissions
0001193125-19-136979,CADENCE DESIGN SYSTEMS INC,0000813672,2019-05-03,2019-05-02,8-K,,submissions
0000813672-19-000013,CADENCE DESIGN SYSTEMS INC,0000813672,2019-04-22,2019-04-22,8-K,,submissions
0000813672-19-000004,CADENCE DESIGN SYSTEMS INC,0000813672,2019-02-19,2019-02-19,8-K,,submissions
0001193125-19-032328,CADENCE DESIGN SYSTEMS INC,0000813672,2019-02-08,2019-02-05,8-K,,submissions
0000721371-23-000094,CARDINAL HEALTH INC,0000721371,2023-11-16,2023-11-15,8-K,,submissions
0000721371-23-000083,CARDINAL HEALTH INC,0000721371,2023-11-03,2023-11-03,8-K,,submissions
0001193125-23-229583,CARDINAL HEALTH INC,0000721371,2023-09-06,2023-09-01,8-K,,submissions
0000721371-23-000058,CARDINAL HEALTH INC,0000721371,2023-08-15,2023-08-10,8-K,,submissions
0000721371-23-000035,CARDINAL HEALTH INC,0000721371,2023-06-08,2023-06-08,8-K,,submissions
0000721371-23-000027,CARDINAL HEALTH INC,0000721371,2023-05-11,2023-05-11,8-K,,submissions
0001193125-23-135011,CARDINAL HEALTH INC,0000721371,2023-05-04,2023-05-03,8-K,,submissions
0000721371-23-000014,CARDINAL HEALTH INC,0000721371,2023-03-02,2023-02-27,8-K,,submissions
0000721371-23-000005,CARDINAL HEALTH INC,0000721371,2023-02-02,2023-02-02,8-K,,submissions
0000721371-22-000181,CARDINAL HEALTH INC,0000721371,2022-12-19,2022-12-16,8-K,,submissions
0000721371-22-000144,CARDINAL HEALTH INC,0000721371,2022-11-10,2022-11-09,8-K,,submissions
0000721371-22-000131,CARDINAL HEALTH INC,0000721371,2022-11-04,2022-11-04,8-K,,submissions
0000721371-22-000127,CARDINAL HEALTH INC,0000721371,2022-10-04,2022-09-30,8-K,,submissions
0000721371-22-000105,CARDINAL HEALTH INC,0000721371,2022-09-13,2022-09-13,8-K,,submissions
0000721371-22-000101,CARDINAL HEALTH INC,0000721371,2022-09-08,2022-09-07,8-K,,submissions
0000721371-22-000096,CARDINAL HEALTH INC,0000721371,2022-09-06,2022-09-05,8-K,,submissions
0000721371-22-000059,CARDINAL HEALTH INC,0000721371,2022-08-11,2022-08-07,8-K,,submissions
0000721371-22-000054,CARDINAL HEALTH INC,0000721371,2022-08-11,2022-08-11,8-K,,submissions
0000721371-22-000049,CARDINAL HEALTH INC,0000721371,2022-07-22,2022-07-18,8-K,,submissions
0000721371-22-000030,CARDINAL HEALTH INC,0000721371,2022-05-05,2022-05-05,8-K,,submissions
0000721371-22-000021,CARDINAL HEALTH INC,0000721371,2022-02-25,2022-02-25,8-K,,submissions
0000721371-22-000011,CARDINAL HEALTH INC,0000721371,2022-02-03,2022-02-03,8-K,,submissions
0000721371-22-000004,CARDINAL HEALTH INC,0000721371,2022-01-10,2022-01-10,8-K,,submissions
0000721371-21-000120,CARDINAL HEALTH INC,0000721371,2021-11-09,2021-11-05,8-K,,submissions
0000721371-21-000114,CARDINAL HEALTH INC,0000721371,2021-11-09,2021-11-09,8-K,,submissions
0000721371-21-000059,CARDINAL HEALTH INC,0000721371,2021-08-05,2021-08-05,8-K,,submissions
0001193125-21-221339,CARDINAL HEALTH INC,0000721371,2021-07-22,2021-07-21,8-K,,submissions
0000721371-21-000038,CARDINAL HEALTH INC,0000721371,2021-05-06,2021-05-06,8-K,,submissions
0000721371-21-000031,CARDINAL HEALTH INC,0000721371,2021-04-08,2021-04-06,8-K,,submissions
0000721371-21-000026,CARDINAL HEALTH INC,0000721371,2021-04-05,2021-03-31,8-K,,submissions
0000721371-21-000021,CARDINAL HEALTH INC,0000721371,2021-03-12,2021-03-12,8-K,,submissions
0000721371-21-000008,CARDINAL HEALTH INC,0000721371,2021-02-05,2021-02-05,8-K,,submissions
0000721371-20-000129,CARDINAL HEALTH INC,0000721371,2020-11-05,2020-11-05,8-K,,submissions
0000721371-20-000111,CARDINAL HEALTH INC,0000721371,2020-08-31,2020-08-26,8-K,,submissions
0000721371-20-000086,CARDINAL HEALTH INC,0000721371,2020-08-06,2020-08-06,8-K,,submissions
0000721371-20-000057,CARDINAL HEALTH INC,0000721371,2020-06-26,2020-06-24,8-K,,submissions
0000721371-20-000042,CARDINAL HEALTH INC,0000721371,2020-05-11,2020-05-11,8-K,,submissions
0000721371-20-000033,CARDINAL HEALTH INC,0000721371,2020-03-19,2020-03-13,8-K,,submissions
0000721371-20-000019,CARDINAL HEALTH INC,0000721371,2020-02-06,2020-02-06,8-K,,submissions
0000721371-20-000015,CARDINAL HEALTH INC,0000721371,2020-01-30,2020-01-30,8-K,,submissions
0000721371-20-000011,CARDINAL HEALTH INC,0000721371,2020-01-24,2020-01-21,8-K,,submissions
0000721371-19-000129,CARDINAL HEALTH INC,0000721371,2019-11-12,2019-11-06,8-K,,submissions
0000721371-19-000125,CARDINAL HEALTH INC,0000721371,2019-11-07,2019-11-07,8-K,,submissions
0000721371-19-000109,CARDINAL HEALTH INC,0000721371,2019-10-02,2019-09-30,8-K,,submissions
0000721371-19-000062,CARDINAL HEALTH INC,0000721371,2019-08-08,2019-08-07,8-K,,submissions
0000721371-19-000061,CARDINAL HEALTH INC,0000721371,2019-08-08,2019-08-07,8-K,,submissions
0000721371-19-000051,CARDINAL HEALTH INC,0000721371,2019-07-16,2019-07-12,8-K,,submissions
0000721371-19-000047,CARDINAL HEALTH INC,0000721371,2019-07-08,2019-07-01,8-K,,submissions
0000721371-19-000042,CARDINAL HEALTH INC,0000721371,2019-06-28,2019-06-27,8-K,,submissions
0000721371-19-000028,CARDINAL HEALTH INC,0000721371,2019-05-09,2019-05-09,8-K,,submissions
0000721371-19-000019,CARDINAL HEALTH INC,0000721371,2019-02-25,2019-02-19,8-K,,submissions
0000721371-19-000008,CARDINAL HEALTH INC,0000721371,2019-02-07,2019-02-07,8-K,,submissions
0001402057-23-000168,CDW Corp,0001402057,2023-11-01,2023-11-01,8-K,,submissions
0001402057-23-000130,CDW Corp,0001402057,2023-08-02,2023-08-02,8-K,,submissions
0001402057-23-000126,CDW Corp,0001402057,2023-08-01,2023-07-31,8-K,,submissions
0001193125-23-150450,CDW Corp,0001402057,2023-05-22,2023-05-18,8-K,,submissions
0001402057-23-000089,CDW Corp,0001402057,2023-05-03,2023-05-03,8-K,,submissions
0001402057-23-000083,CDW Corp,0001402057,2023-04-18,2023-04-18,8-K,,submissions
0001193125-23-082164,CDW Corp,0001402057,2023-03-28,2023-03-24,8-K,,submissions
0001402057-23-000006,CDW Corp,0001402057,2023-02-08,2023-02-08,8-K,,submissions
0001193125-23-001991,CDW Corp,0001402057,2023-01-05,2023-01-04,8-K,,submissions
0001193125-22-308331,CDW Corp,0001402057,2022-12-19,2022-12-14,8-K,,submissions
0001193125-22-284592,CDW Corp,0001402057,2022-11-14,2022-11-10,8-K,,submissions
0001402057-22-000158,CDW Corp,0001402057,2022-11-02,2022-11-02,8-K,,submissions
0001402057-22-000119,CDW Corp,0001402057,2022-08-03,2022-08-03,8-K,,submissions
0001193125-22-157435,CDW Corp,0001402057,2022-05-23,2022-05-19,8-K,,submissions
0001402057-22-000082,CDW Corp,0001402057,2022-05-04,2022-05-04,8-K,,submissions
0001193125-22-109420,CDW Corp,0001402057,2022-04-19,2022-04-17,8-K,,submissions
0001402057-22-000001,CDW Corp,0001402057,2022-02-09,2022-02-09,8-K,,submissions
0001193125-22-007352,CDW Corp,0001402057,2022-01-12,2022-01-12,8-K,,submissions
0001193125-21-346094,CDW Corp,0001402057,2021-12-02,2021-12-01,8-K,,submissions
0001193125-21-345306,CDW Corp,0001402057,2021-12-01,2021-12-01,8-K,,submissions
0001193125-21-342250,CDW Corp,0001402057,2021-11-29,2021-11-23,8-K,,submissions
0001193125-21-336792,CDW Corp,0001402057,2021-11-22,2021-11-16,8-K,,submissions
0001193125-21-333361,CDW Corp,0001402057,2021-11-18,2021-11-18,8-K,,submissions
0001402057-21-000152,CDW Corp,0001402057,2021-11-03,2021-11-03,8-K,,submissions
0001193125-21-300529,CDW Corp,0001402057,2021-10-18,2021-10-15,8-K,,submissions
0001193125-21-241155,CDW Corp,0001402057,2021-08-10,2021-08-06,8-K,,submissions
0001402057-21-000108,CDW Corp,0001402057,2021-08-04,2021-08-04,8-K,,submissions
0001193125-21-169253,CDW Corp,0001402057,2021-05-21,2021-05-19,8-K,,submissions
0001193125-21-150764,CDW Corp,0001402057,2021-05-05,2021-05-03,8-K,,submissions
0001402057-21-000071,CDW Corp,0001402057,2021-05-05,2021-05-05,8-K,,submissions
0001193125-21-100399,CDW Corp,0001402057,2021-03-30,2021-03-26,8-K,,submissions
0001193125-21-093487,CDW Corp,0001402057,2021-03-25,2021-03-24,8-K,,submissions
0001402057-21-000007,CDW Corp,0001402057,2021-02-10,2021-02-10,8-K,,submissions
0001193125-20-324664,CDW Corp,0001402057,2020-12-22,2020-12-17,8-K,,submissions
0001402057-20-000154,CDW Corp,0001402057,2020-11-02,2020-11-02,8-K,,submissions
0001193125-20-239565,CDW Corp,0001402057,2020-09-04,2020-09-01,8-K,,submissions
0001193125-20-219159,CDW Corp,0001402057,2020-08-13,2020-08-10,8-K,,submissions
0001402057-20-000123,CDW Corp,0001402057,2020-08-05,2020-08-05,8-K,,submissions
0001193125-20-150953,CDW Corp,0001402057,2020-05-26,2020-05-21,8-K,,submissions
0001402057-20-000091,CDW Corp,0001402057,2020-05-06,2020-05-06,8-K,,submissions
0001193125-20-113611,CDW Corp,0001402057,2020-04-21,2020-04-16,8-K,,submissions
0001193125-20-108753,CDW Corp,0001402057,2020-04-16,2020-04-16,8-K,,submissions
0001193125-20-054428,CDW Corp,0001402057,2020-02-28,2020-02-27,8-K,,submissions
0001402057-20-000008,CDW Corp,0001402057,2020-02-06,2020-02-06,8-K,,submissions
0001193125-19-321925,CDW Corp,0001402057,2019-12-23,2019-12-17,8-K,,submissions
0001171843-19-007010,CDW Corp,0001402057,2019-10-31,2019-10-31,8-K,,submissions
0001193125-19-256068,CDW Corp,0001402057,2019-09-26,2019-09-26,8-K,,submissions
0001193125-19-248376,CDW Corp,0001402057,2019-09-18,2019-09-12,8-K,,submissions
0001193125-19-243400,CDW Corp,0001402057,2019-09-12,2019-09-12,8-K,,submissions
0001171843-19-005010,CDW Corp,0001402057,2019-07-31,2019-07-31,8-K,,submissions
0001193125-19-154704,CDW Corp,0001402057,2019-05-23,2019-05-21,8-K,,submissions
0001171843-19-002793,CDW Corp,0001402057,2019-05-01,2019-05-01,8-K,,submissions
0001193125-19-070977,CDW Corp,0001402057,2019-03-11,2019-03-08,8-K,,submissions
0001171843-19-000786,CDW Corp,0001402057,2019-02-07,2019-02-07,8-K,,submissions
0001104659-23-129201,"Cencora, Inc.",0001140859,2023-12-26,2023-12-26,8-K,,submissions
0001104659-23-128303,"Cencora, Inc.",0001140859,2023-12-21,2023-12-18,8-K,,submissions
0001104659-23-117650,"Cencora, Inc.",0001140859,2023-11-14,2023-11-09,8-K,,submissions
0001140859-23-000147,"Cencora, Inc.",0001140859,2023-11-02,2023-11-02,8-K,,submissions
0001104659-23-108288,"Cencora, Inc.",0001140859,2023-10-10,2023-10-06,8-K,,submissions
0001104659-23-096698,"Cencora, Inc.",0001140859,2023-08-30,2023-08-30,8-K,,submissions
0001140859-23-000125,"Cencora, Inc.",0001140859,2023-08-15,2023-08-09,8-K,,submissions
0001104659-23-088891,"Cencora, Inc.",0001140859,2023-08-08,2023-08-02,8-K,,submissions
0001140859-23-000113,"Cencora, Inc.",0001140859,2023-08-02,2023-08-02,8-K,,submissions
0001104659-23-072551,"Cencora, Inc.",0001140859,2023-06-20,2023-06-15,8-K,,submissions
0001104659-23-069978,"Cencora, Inc.",0001140859,2023-06-09,2023-06-09,8-K,,submissions
0001104659-23-060749,"Cencora, Inc.",0001140859,2023-05-15,2023-05-11,8-K,,submissions
0001104659-23-056579,"Cencora, Inc.",0001140859,2023-05-05,2023-05-03,8-K,,submissions
0001140859-23-000082,"Cencora, Inc.",0001140859,2023-05-02,2023-05-02,8-K,,submissions
0001104659-23-047465,"Cencora, Inc.",0001140859,2023-04-20,2023-04-20,8-K,,submissions
0001140859-23-000077,"Cencora, Inc.",0001140859,2023-03-15,2023-03-09,8-K,,submissions
0001140859-23-000025,"Cencora, Inc.",0001140859,2023-02-01,2023-02-01,8-K,,submissions
0001140859-23-000021,"Cencora, Inc.",0001140859,2023-01-26,2023-01-23,8-K,,submissions
0001104659-23-005999,"Cencora, Inc.",0001140859,2023-01-24,2023-01-24,8-K,,submissions
0001104659-23-000085,"Cencora, Inc.",0001140859,2023-01-03,2023-01-01,8-K,,submissions
0001140859-22-000115,"Cencora, Inc.",0001140859,2022-12-16,2022-12-13,8-K,,submissions
0001104659-22-126272,"Cencora, Inc.",0001140859,2022-12-12,2022-12-08,8-K,,submissions
0001140859-22-000095,"Cencora, Inc.",0001140859,2022-11-16,2022-11-09,8-K,,submissions
0001104659-22-117259,"Cencora, Inc.",0001140859,2022-11-10,2022-11-06,8-K,,submissions
0001140859-22-000071,"Cencora, Inc.",0001140859,2022-11-07,2022-11-07,8-K,,submissions
0001140859-22-000064,"Cencora, Inc.",0001140859,2022-11-03,2022-11-03,8-K,,submissions
0001104659-22-111993,"Cencora, Inc.",0001140859,2022-10-27,2022-10-27,8-K,,submissions
0001104659-22-110913,"Cencora, Inc.",0001140859,2022-10-24,2022-10-21,8-K,,submissions
0001140859-22-000054,"Cencora, Inc.",0001140859,2022-09-27,2022-09-22,8-K,,submissions
0001104659-22-099264,"Cencora, Inc.",0001140859,2022-09-12,2022-09-12,8-K,,submissions
0001140859-22-000039,"Cencora, Inc.",0001140859,2022-08-03,2022-08-03,8-K,,submissions
0001140859-22-000028,"Cencora, Inc.",0001140859,2022-07-01,2022-06-27,8-K,,submissions
0001140859-22-000019,"Cencora, Inc.",0001140859,2022-05-06,2022-05-06,8-K,,submissions
0001140859-22-000015,"Cencora, Inc.",0001140859,2022-05-04,2022-05-04,8-K,,submissions
0001104659-22-041712,"Cencora, Inc.",0001140859,2022-04-01,2022-03-10,8-K,,submissions
0001140859-22-000011,"Cencora, Inc.",0001140859,2022-03-15,2022-03-10,8-K,,submissions
0001140859-22-000009,"Cencora, Inc.",0001140859,2022-02-25,2022-02-25,8-K,,submissions
0001140859-22-000004,"Cencora, Inc.",0001140859,2022-02-02,2022-02-02,8-K,,submissions
0001104659-21-135650,"Cencora, Inc.",0001140859,2021-11-08,2021-11-04,8-K,,submissions
0001140859-21-000056,"Cencora, Inc.",0001140859,2021-11-04,2021-11-04,8-K,,submissions
0001140859-21-000054,"Cencora, Inc.",0001140859,2021-11-04,2021-11-04,8-K,,submissions
0001140859-21-000049,"Cencora, Inc.",0001140859,2021-08-26,2021-08-20,8-K,,submissions
0001140859-21-000047,"Cencora, Inc.",0001140859,2021-08-18,2021-08-12,8-K,,submissions
0001140859-21-000042,"Cencora, Inc.",0001140859,2021-08-04,2021-08-04,8-K,,submissions
0001140859-21-000033,"Cencora, Inc.",0001140859,2021-07-23,2021-07-20,8-K,,submissions
0000950157-21-000585,"Cencora, Inc.",0001140859,2021-06-02,2021-06-01,8-K,,submissions
0001104659-21-066835,"Cencora, Inc.",0001140859,2021-05-14,2021-05-13,8-K,,submissions
0001140859-21-000022,"Cencora, Inc.",0001140859,2021-05-05,2021-05-05,8-K,,submissions
0001104659-21-045547,"Cencora, Inc.",0001140859,2021-04-01,2021-03-30,8-K,,submissions
0001104659-21-042433,"Cencora, Inc.",0001140859,2021-03-26,2021-03-25,8-K,,submissions
0001104659-21-040294,"Cencora, Inc.",0001140859,2021-03-23,2021-03-23,8-K,,submissions
0001140859-21-000015,"Cencora, Inc.",0001140859,2021-03-16,2021-03-11,8-K,,submissions
0000950157-21-000211,"Cencora, Inc.",0001140859,2021-02-18,2021-02-17,8-K,,submissions
0001140859-21-000007,"Cencora, Inc.",0001140859,2021-02-18,2021-02-12,8-K,,submissions
0001140859-21-000003,"Cencora, Inc.",0001140859,2021-02-04,2021-02-04,8-K,,submissions
0000950157-21-000022,"Cencora, Inc.",0001140859,2021-01-08,2021-01-06,8-K,,submissions
0000950157-21-000010,"Cencora, Inc.",0001140859,2021-01-06,2021-01-06,8-K,,submissions
0001140859-20-000046,"Cencora, Inc.",0001140859,2020-11-05,2020-11-05,8-K,,submissions
0001140859-20-000041,"Cencora, Inc.",0001140859,2020-10-19,2020-10-16,8-K,,submissions
0001140859-20-000037,"Cencora, Inc.",0001140859,2020-08-18,2020-08-13,8-K,,submissions
0001140859-20-000032,"Cencora, Inc.",0001140859,2020-08-05,2020-08-05,8-K,,submissions
0001104659-20-063800,"Cencora, Inc.",0001140859,2020-05-19,2020-05-19,8-K,,submissions
0001104659-20-060861,"Cencora, Inc.",0001140859,2020-05-13,2020-05-12,8-K,,submissions
0001140859-20-000020,"Cencora, Inc.",0001140859,2020-05-07,2020-05-07,8-K,,submissions
0001140859-20-000013,"Cencora, Inc.",0001140859,2020-03-09,2020-03-05,8-K,,submissions
0001140859-20-000006,"Cencora, Inc.",0001140859,2020-01-30,2020-01-23,8-K,,submissions
0001140859-20-000002,"Cencora, Inc.",0001140859,2020-01-02,2020-01-01,8-K,,submissions
0001140859-19-000042,"Cencora, Inc.",0001140859,2019-12-02,2019-12-01,8-K,,submissions
0001140859-19-000036,"Cencora, Inc.",0001140859,2019-11-07,2019-11-07,8-K,,submissions
0001140859-19-000032,"Cencora, Inc.",0001140859,2019-09-23,2019-09-18,8-K,,submissions
0001140859-19-000027,"Cencora, Inc.",0001140859,2019-08-01,2019-08-01,8-K,,submissions
0001140859-19-000024,"Cencora, Inc.",0001140859,2019-06-25,2019-06-19,8-K,,submissions
0001140859-19-000018,"Cencora, Inc.",0001140859,2019-05-20,2019-05-17,8-K,,submissions
0001140859-19-000013,"Cencora, Inc.",0001140859,2019-05-02,2019-05-02,8-K,,submissions
0001140859-19-000010,"Cencora, Inc.",0001140859,2019-03-05,2019-02-28,8-K,,submissions
0001140859-19-000005,"Cencora, Inc.",0001140859,2019-01-31,2019-01-31,8-K,,submissions
0001140859-19-000002,"Cencora, Inc.",0001140859,2019-01-11,2019-01-11,8-K,,submissions
0001071739-23-000217,CENTENE CORP,0001071739,2023-12-13,2023-12-08,8-K,,submissions
0001071739-23-000215,CENTENE CORP,0001071739,2023-12-12,2023-12-12,8-K,,submissions
0001071739-23-000213,CENTENE CORP,0001071739,2023-11-15,2023-11-15,8-K,,submissions
0001071739-23-000211,CENTENE CORP,0001071739,2023-10-24,2023-10-24,8-K,,submissions
0001071739-23-000202,CENTENE CORP,0001071739,2023-10-16,2023-10-16,8-K,,submissions
0001071739-23-000185,CENTENE CORP,0001071739,2023-09-06,2023-09-06,8-K,,submissions
0001071739-23-000182,CENTENE CORP,0001071739,2023-07-28,2023-07-28,8-K,,submissions
0001071739-23-000157,CENTENE CORP,0001071739,2023-06-06,2023-05-31,8-K,,submissions
0001071739-23-000151,CENTENE CORP,0001071739,2023-05-22,2023-05-19,8-K,,submissions
0001071739-23-000148,CENTENE CORP,0001071739,2023-05-15,2023-05-10,8-K,,submissions
0001071739-23-000114,CENTENE CORP,0001071739,2023-04-25,2023-04-25,8-K,,submissions
0001071739-23-000024,CENTENE CORP,0001071739,2023-02-07,2023-02-07,8-K,,submissions
0001071739-22-000388,CENTENE CORP,0001071739,2022-12-14,2022-12-13,8-K,,submissions
0001071739-22-000370,CENTENE CORP,0001071739,2022-11-16,2022-11-12,8-K,,submissions
0001071739-22-000362,CENTENE CORP,0001071739,2022-10-25,2022-10-25,8-K,,submissions
0001071739-22-000331,CENTENE CORP,0001071739,2022-09-30,2022-09-27,8-K,,submissions
0001071739-22-000287,CENTENE CORP,0001071739,2022-07-26,2022-07-26,8-K,,submissions
0001071739-22-000210,CENTENE CORP,0001071739,2022-05-02,2022-04-27,8-K,,submissions
0001071739-22-000180,CENTENE CORP,0001071739,2022-04-28,2022-04-26,8-K,,submissions
0001071739-22-000178,CENTENE CORP,0001071739,2022-04-26,2022-04-26,8-K,,submissions
0001071739-22-000163,CENTENE CORP,0001071739,2022-04-15,2022-04-11,8-K,,submissions
0001140361-22-010555,CENTENE CORP,0001071739,2022-03-22,2022-03-21,8-K,,submissions
0001071739-22-000077,CENTENE CORP,0001071739,2022-02-24,2022-02-23,8-K,,submissions
0001071739-22-000047,CENTENE CORP,0001071739,2022-02-08,2022-02-08,8-K,,submissions
0001071739-22-000017,CENTENE CORP,0001071739,2022-01-11,2022-01-11,8-K,,submissions
0001140361-22-000513,CENTENE CORP,0001071739,2022-01-04,2022-01-04,8-K,,submissions
0001140361-22-000372,CENTENE CORP,0001071739,2022-01-04,2022-01-04,8-K,,submissions
0001140361-21-041462,CENTENE CORP,0001071739,2021-12-14,2021-12-14,8-K,,submissions
0001071739-21-000247,CENTENE CORP,0001071739,2021-12-10,2021-12-10,8-K,,submissions
0001071739-21-000229,CENTENE CORP,0001071739,2021-10-29,2021-10-26,8-K,,submissions
0001071739-21-000227,CENTENE CORP,0001071739,2021-10-26,2021-10-26,8-K,,submissions
0001071739-21-000217,CENTENE CORP,0001071739,2021-10-08,2021-10-05,8-K,,submissions
0001071739-21-000201,CENTENE CORP,0001071739,2021-09-27,2021-09-22,8-K,,submissions
0001071739-21-000193,CENTENE CORP,0001071739,2021-09-07,2021-09-07,8-K,,submissions
0001140361-21-028770,CENTENE CORP,0001071739,2021-08-18,2021-08-16,8-K,,submissions
0001140361-21-028103,CENTENE CORP,0001071739,2021-08-12,2021-08-12,8-K,,submissions
0001140361-21-026236,CENTENE CORP,0001071739,2021-07-30,2021-07-29,8-K,,submissions
0001071739-21-000184,CENTENE CORP,0001071739,2021-07-27,2021-07-27,8-K,,submissions
0001071739-21-000179,CENTENE CORP,0001071739,2021-07-15,2021-07-12,8-K,,submissions
0001140361-21-023163,CENTENE CORP,0001071739,2021-07-01,2021-07-01,8-K,,submissions
0001140361-21-022342,CENTENE CORP,0001071739,2021-06-25,2021-06-24,8-K,,submissions
0001071739-21-000148,CENTENE CORP,0001071739,2021-06-14,2021-06-14,8-K,,submissions
0001071739-21-000135,CENTENE CORP,0001071739,2021-05-07,2021-05-06,8-K,,submissions
0001071739-21-000121,CENTENE CORP,0001071739,2021-04-30,2021-04-27,8-K,,submissions
0001071739-21-000093,CENTENE CORP,0001071739,2021-04-27,2021-04-27,8-K,,submissions
0001071739-21-000058,CENTENE CORP,0001071739,2021-03-19,2021-03-18,8-K,,submissions
0001071739-21-000049,CENTENE CORP,0001071739,2021-03-11,2021-03-05,8-K,,submissions
0001140361-21-005316,CENTENE CORP,0001071739,2021-02-18,2021-02-17,8-K,,submissions
0001140361-21-005231,CENTENE CORP,0001071739,2021-02-17,2021-02-17,8-K,,submissions
0001140361-21-004392,CENTENE CORP,0001071739,2021-02-11,2021-02-10,8-K,,submissions
0001140361-21-004020,CENTENE CORP,0001071739,2021-02-10,2021-02-10,8-K,,submissions
0001071739-21-000023,CENTENE CORP,0001071739,2021-02-09,2021-02-09,8-K,,submissions
0001071739-21-000021,CENTENE CORP,0001071739,2021-02-08,2021-02-08,8-K,,submissions
0001140361-21-000086,CENTENE CORP,0001071739,2021-01-04,2021-01-04,8-K,,submissions
0001140361-21-000027,CENTENE CORP,0001071739,2021-01-04,2021-01-04,8-K,,submissions
0001071739-20-000281,CENTENE CORP,0001071739,2020-12-21,2020-12-15,8-K,,submissions
0001071739-20-000275,CENTENE CORP,0001071739,2020-12-18,2020-12-18,8-K,,submissions
0001071739-20-000228,CENTENE CORP,0001071739,2020-10-27,2020-10-27,8-K,,submissions
0001140361-20-022652,CENTENE CORP,0001071739,2020-10-07,2020-10-07,8-K,,submissions
0001140361-20-021449,CENTENE CORP,0001071739,2020-09-24,2020-09-23,8-K,,submissions
0001071739-20-000204,CENTENE CORP,0001071739,2020-09-14,2020-09-14,8-K,,submissions
0001071739-20-000191,CENTENE CORP,0001071739,2020-07-28,2020-07-28,8-K,,submissions
0001071739-20-000146,CENTENE CORP,0001071739,2020-05-01,2020-04-28,8-K,,submissions
0001071739-20-000119,CENTENE CORP,0001071739,2020-04-28,2020-04-28,8-K,,submissions
0001071739-20-000092,CENTENE CORP,0001071739,2020-04-02,2020-04-02,8-K,,submissions
0001071739-20-000065,CENTENE CORP,0001071739,2020-02-21,2020-02-18,8-K,,submissions
0001140361-20-003140,CENTENE CORP,0001071739,2020-02-13,2020-02-13,8-K,,submissions
0001140361-20-002399,CENTENE CORP,0001071739,2020-02-05,2020-02-05,8-K,,submissions
0001140361-20-002336,CENTENE CORP,0001071739,2020-02-05,2020-02-05,8-K,,submissions
0001071739-20-000033,CENTENE CORP,0001071739,2020-02-04,2020-02-04,8-K,,submissions
0001140361-20-001310,CENTENE CORP,0001071739,2020-01-23,2020-01-23,8-K,,submissions
0001071739-20-000020,CENTENE CORP,0001071739,2020-01-22,2020-01-21,8-K,,submissions
0001071739-20-000016,CENTENE CORP,0001071739,2020-01-15,2020-01-14,8-K,,submissions
0001071739-20-000014,CENTENE CORP,0001071739,2020-01-13,2020-01-13,8-K,,submissions
0001071739-20-000012,CENTENE CORP,0001071739,2020-01-09,2020-01-08,8-K,,submissions
0001071739-19-000192,CENTENE CORP,0001071739,2019-12-19,2019-12-18,8-K,,submissions
0001140361-19-022546,CENTENE CORP,0001071739,2019-12-13,2019-12-13,8-K,,submissions
0001140361-19-022065,CENTENE CORP,0001071739,2019-12-06,2019-12-06,8-K,,submissions
0001071739-19-000152,CENTENE CORP,0001071739,2019-12-03,2019-12-02,8-K,,submissions
0001071739-19-000147,CENTENE CORP,0001071739,2019-11-21,2019-11-21,8-K,,submissions
0001071739-19-000137,CENTENE CORP,0001071739,2019-11-15,2019-11-14,8-K,,submissions
0001071739-19-000132,CENTENE CORP,0001071739,2019-11-12,2019-11-12,8-K,,submissions
0001071739-19-000127,CENTENE CORP,0001071739,2019-11-01,2019-11-01,8-K,,submissions
0001071739-19-000109,CENTENE CORP,0001071739,2019-10-23,2019-10-22,8-K,,submissions
0001071739-19-000102,CENTENE CORP,0001071739,2019-10-22,2019-10-22,8-K,,submissions
0001071739-19-000097,CENTENE CORP,0001071739,2019-10-21,2019-10-18,8-K,,submissions
0001071739-19-000088,CENTENE CORP,0001071739,2019-09-11,2019-09-11,8-K,,submissions
0001071739-19-000081,CENTENE CORP,0001071739,2019-07-23,2019-07-23,8-K,,submissions
0001140361-19-011450,CENTENE CORP,0001071739,2019-06-24,2019-06-24,8-K,,submissions
0001140361-19-011081,CENTENE CORP,0001071739,2019-06-14,2019-06-14,8-K,,submissions
0001140361-19-008594,CENTENE CORP,0001071739,2019-05-07,2019-05-07,8-K,,submissions
0001140361-19-008384,CENTENE CORP,0001071739,2019-05-03,2019-05-03,8-K,,submissions
0001071739-19-000059,CENTENE CORP,0001071739,2019-04-24,2019-04-23,8-K,,submissions
0001071739-19-000057,CENTENE CORP,0001071739,2019-04-23,2019-04-23,8-K,,submissions
0001193125-19-087588,CENTENE CORP,0001071739,2019-03-27,2019-03-26,8-K,,submissions
0001071739-19-000021,CENTENE CORP,0001071739,2019-02-07,2019-02-06,8-K,,submissions
0001071739-19-000019,CENTENE CORP,0001071739,2019-02-05,2019-02-05,8-K,,submissions
0001071739-19-000017,CENTENE CORP,0001071739,2019-02-04,2019-02-04,8-K,,submissions
0001071739-19-000014,CENTENE CORP,0001071739,2019-01-29,2019-01-28,8-K,,submissions
0001071739-19-000009,CENTENE CORP,0001071739,2019-01-07,2019-01-07,8-K,,submissions
0001100682-23-000025,"CHARLES RIVER LABORATORIES INTERNATIONAL, INC.",0001100682,2023-11-15,2023-11-14,8-K,,submissions
0001157523-23-001678,"CHARLES RIVER LABORATORIES INTERNATIONAL, INC.",0001100682,2023-11-08,2023-11-08,8-K,,submissions
0001157523-23-001294,"CHARLES RIVER LABORATORIES INTERNATIONAL, INC.",0001100682,2023-08-09,2023-08-09,8-K,,submissions
0001100682-23-000012,"CHARLES RIVER LABORATORIES INTERNATIONAL, INC.",0001100682,2023-05-15,2023-05-15,8-K,,submissions
0001157523-23-000819,"CHARLES RIVER LABORATORIES INTERNATIONAL, INC.",0001100682,2023-05-11,2023-05-11,8-K,,submissions
0001157523-23-000326,"CHARLES RIVER LABORATORIES INTERNATIONAL, INC.",0001100682,2023-02-22,2023-02-22,8-K,,submissions
0001100682-22-000037,"CHARLES RIVER LABORATORIES INTERNATIONAL, INC.",0001100682,2022-12-06,2022-12-05,8-K,,submissions
0001100682-22-000035,"CHARLES RIVER LABORATORIES INTERNATIONAL, INC.",0001100682,2022-11-30,2022-11-30,8-K,,submissions
0001157523-22-001470,"CHARLES RIVER LABORATORIES INTERNATIONAL, INC.",0001100682,2022-11-02,2022-11-02,8-K,,submissions
0001157523-22-000999,"CHARLES RIVER LABORATORIES INTERNATIONAL, INC.",0001100682,2022-08-03,2022-08-03,8-K,,submissions
0001100682-22-000023,"CHARLES RIVER LABORATORIES INTERNATIONAL, INC.",0001100682,2022-06-08,2022-06-08,8-K,,submissions
0001100682-22-000020,"CHARLES RIVER LABORATORIES INTERNATIONAL, INC.",0001100682,2022-05-12,2022-05-10,8-K,,submissions
0001157523-22-000551,"CHARLES RIVER LABORATORIES INTERNATIONAL, INC.",0001100682,2022-05-04,2022-05-04,8-K,,submissions
0001100682-22-000010,"CHARLES RIVER LABORATORIES INTERNATIONAL, INC.",0001100682,2022-03-28,2022-03-28,8-K,,submissions
0001157523-22-000208,"CHARLES RIVER LABORATORIES INTERNATIONAL, INC.",0001100682,2022-02-16,2022-02-16,8-K,,submissions
0001100682-22-000002,"CHARLES RIVER LABORATORIES INTERNATIONAL, INC.",0001100682,2022-01-11,2022-01-11,8-K,,submissions
0001100682-21-000028,"CHARLES RIVER LABORATORIES INTERNATIONAL, INC.",0001100682,2021-12-27,2021-12-22,8-K,,submissions
0001100682-21-000025,"CHARLES RIVER LABORATORIES INTERNATIONAL, INC.",0001100682,2021-12-15,2021-12-13,8-K,,submissions
0000950103-21-017730,"CHARLES RIVER LABORATORIES INTERNATIONAL, INC.",0001100682,2021-11-12,2021-11-11,8-K,,submissions
0000950103-21-017524,"CHARLES RIVER LABORATORIES INTERNATIONAL, INC.",0001100682,2021-11-09,2021-11-09,8-K,,submissions
0001157523-21-001314,"CHARLES RIVER LABORATORIES INTERNATIONAL, INC.",0001100682,2021-11-03,2021-11-03,8-K,,submissions
0001157523-21-000990,"CHARLES RIVER LABORATORIES INTERNATIONAL, INC.",0001100682,2021-08-04,2021-08-04,8-K,,submissions
0000950103-21-007423,"CHARLES RIVER LABORATORIES INTERNATIONAL, INC.",0001100682,2021-05-18,2021-05-18,8-K,,submissions
0001100682-21-000013,"CHARLES RIVER LABORATORIES INTERNATIONAL, INC.",0001100682,2021-05-10,2021-05-06,8-K,,submissions
0001157523-21-000575,"CHARLES RIVER LABORATORIES INTERNATIONAL, INC.",0001100682,2021-05-04,2021-05-04,8-K,,submissions
0000950103-21-005992,"CHARLES RIVER LABORATORIES INTERNATIONAL, INC.",0001100682,2021-04-23,2021-04-21,8-K,,submissions
0000950103-21-004764,"CHARLES RIVER LABORATORIES INTERNATIONAL, INC.",0001100682,2021-03-29,2021-03-29,8-K,,submissions
0000950103-21-004449,"CHARLES RIVER LABORATORIES INTERNATIONAL, INC.",0001100682,2021-03-23,2021-03-23,8-K,,submissions
0000950103-21-003699,"CHARLES RIVER LABORATORIES INTERNATIONAL, INC.",0001100682,2021-03-09,2021-03-08,8-K,,submissions
0000950103-21-002397,"CHARLES RIVER LABORATORIES INTERNATIONAL, INC.",0001100682,2021-02-17,2021-02-17,8-K,,submissions
0001157523-21-000195,"CHARLES RIVER LABORATORIES INTERNATIONAL, INC.",0001100682,2021-02-17,2021-02-17,8-K,,submissions
0001157523-20-001375,"CHARLES RIVER LABORATORIES INTERNATIONAL, INC.",0001100682,2020-10-29,2020-10-29,8-K,,submissions
0001100682-20-000029,"CHARLES RIVER LABORATORIES INTERNATIONAL, INC.",0001100682,2020-10-19,2020-10-16,8-K,,submissions
0001157523-20-001126,"CHARLES RIVER LABORATORIES INTERNATIONAL, INC.",0001100682,2020-08-05,2020-08-05,8-K,,submissions
0001100682-20-000014,"CHARLES RIVER LABORATORIES INTERNATIONAL, INC.",0001100682,2020-05-08,2020-05-06,8-K,,submissions
0001157523-20-000692,"CHARLES RIVER LABORATORIES INTERNATIONAL, INC.",0001100682,2020-05-07,2020-05-07,8-K,,submissions
0001100682-20-000008,"CHARLES RIVER LABORATORIES INTERNATIONAL, INC.",0001100682,2020-03-04,2020-02-28,8-K,,submissions
0001157523-20-000178,"CHARLES RIVER LABORATORIES INTERNATIONAL, INC.",0001100682,2020-02-11,2020-02-11,8-K,,submissions
0001157523-19-002196,"CHARLES RIVER LABORATORIES INTERNATIONAL, INC.",0001100682,2019-11-06,2019-11-06,8-K,,submissions
0001100682-19-000026,"CHARLES RIVER LABORATORIES INTERNATIONAL, INC.",0001100682,2019-10-23,2019-10-23,8-K,,submissions
0001100682-19-000023,"CHARLES RIVER LABORATORIES INTERNATIONAL, INC.",0001100682,2019-10-21,2019-10-21,8-K,,submissions
0001100682-19-000021,"CHARLES RIVER LABORATORIES INTERNATIONAL, INC.",0001100682,2019-10-01,2019-10-01,8-K,,submissions
0001100682-19-000015,"CHARLES RIVER LABORATORIES INTERNATIONAL, INC.",0001100682,2019-08-02,2019-07-30,8-K,,submissions
0001157523-19-001633,"CHARLES RIVER LABORATORIES INTERNATIONAL, INC.",0001100682,2019-07-31,2019-07-31,8-K,,submissions
0001564590-19-020141,"CHARLES RIVER LABORATORIES INTERNATIONAL, INC.",0001100682,2019-05-22,2019-05-21,8-K,,submissions
0001157523-19-001112,"CHARLES RIVER LABORATORIES INTERNATIONAL, INC.",0001100682,2019-05-07,2019-05-07,8-K,,submissions
0001564590-19-014899,"CHARLES RIVER LABORATORIES INTERNATIONAL, INC.",0001100682,2019-05-01,2019-04-27,8-K,,submissions
0001157523-19-000946,"CHARLES RIVER LABORATORIES INTERNATIONAL, INC.",0001100682,2019-04-30,2019-04-30,8-K,,submissions
0001193125-19-042570,"CHARLES RIVER LABORATORIES INTERNATIONAL, INC.",0001100682,2019-02-15,2019-02-12,8-K,,submissions
0001157523-19-000322,"CHARLES RIVER LABORATORIES INTERNATIONAL, INC.",0001100682,2019-02-13,2019-02-13,8-K,,submissions
0000936395-23-000041,CIENA CORP,0000936395,2023-12-07,2023-12-07,8-K,,submissions
0001193125-23-263172,CIENA CORP,0000936395,2023-10-25,2023-10-24,8-K,,submissions
0000936395-23-000037,CIENA CORP,0000936395,2023-10-03,2023-10-02,8-K,,submissions
0000936395-23-000030,CIENA CORP,0000936395,2023-08-31,2023-08-31,8-K,,submissions
0000936395-23-000024,CIENA CORP,0000936395,2023-06-06,2023-06-06,8-K,,submissions
0001193125-23-093438,CIENA CORP,0000936395,2023-04-06,2023-04-06,8-K,,submissions
0000936395-23-000018,CIENA CORP,0000936395,2023-04-03,2023-03-30,8-K,,submissions
0000936395-23-000009,CIENA CORP,0000936395,2023-03-06,2023-03-06,8-K,,submissions
0001193125-23-040339,CIENA CORP,0000936395,2023-02-15,2023-02-10,8-K,,submissions
0001193125-23-017784,CIENA CORP,0000936395,2023-01-27,2023-01-26,8-K,,submissions
0000936395-23-000003,CIENA CORP,0000936395,2023-01-24,2023-01-24,8-K,,submissions
0001193125-23-012175,CIENA CORP,0000936395,2023-01-23,2023-01-19,8-K,,submissions
0000936395-22-000058,CIENA CORP,0000936395,2022-12-08,2022-12-08,8-K,,submissions
0000936395-22-000055,CIENA CORP,0000936395,2022-11-22,2022-11-22,8-K,,submissions
0000936395-22-000049,CIENA CORP,0000936395,2022-09-01,2022-09-01,8-K,,submissions
0000936395-22-000042,CIENA CORP,0000936395,2022-06-02,2022-06-02,8-K,,submissions
0000936395-22-000035,CIENA CORP,0000936395,2022-04-20,2022-03-31,8-K,,submissions
0000936395-22-000024,CIENA CORP,0000936395,2022-03-07,2022-03-07,8-K,,submissions
0000936395-22-000016,CIENA CORP,0000936395,2022-02-15,2022-02-15,8-K,,submissions
0001193125-22-011373,CIENA CORP,0000936395,2022-01-18,2022-01-18,8-K,,submissions
0000936395-22-000006,CIENA CORP,0000936395,2022-01-12,2022-01-11,8-K,,submissions
0000936395-22-000004,CIENA CORP,0000936395,2022-01-10,2022-01-10,8-K,,submissions
0001193125-21-356718,CIENA CORP,0000936395,2021-12-14,2021-12-13,8-K,,submissions
0000936395-21-000048,CIENA CORP,0000936395,2021-12-09,2021-12-09,8-K,,submissions
0000936395-21-000046,CIENA CORP,0000936395,2021-11-03,2021-10-31,8-K,,submissions
0000936395-21-000036,CIENA CORP,0000936395,2021-09-02,2021-09-02,8-K,,submissions
0000936395-21-000027,CIENA CORP,0000936395,2021-06-03,2021-06-03,8-K,,submissions
0000936395-21-000015,CIENA CORP,0000936395,2021-04-06,2021-04-01,8-K,,submissions
0000936395-21-000006,CIENA CORP,0000936395,2021-03-04,2021-03-04,8-K,,submissions
0000936395-20-000038,CIENA CORP,0000936395,2020-12-10,2020-12-10,8-K,,submissions
0000936395-20-000033,CIENA CORP,0000936395,2020-09-03,2020-09-03,8-K,,submissions
0000936395-20-000030,CIENA CORP,0000936395,2020-07-01,2020-06-30,8-K,,submissions
0000936395-20-000025,CIENA CORP,0000936395,2020-06-04,2020-06-04,8-K,,submissions
0000936395-20-000014,CIENA CORP,0000936395,2020-04-06,2020-04-02,8-K,,submissions
0000936395-20-000006,CIENA CORP,0000936395,2020-03-05,2020-03-05,8-K,,submissions
0001193125-20-017079,CIENA CORP,0000936395,2020-01-28,2020-01-23,8-K,,submissions
0000936395-19-000051,CIENA CORP,0000936395,2019-12-12,2019-12-12,8-K,,submissions
0001193125-19-280501,CIENA CORP,0000936395,2019-10-31,2019-10-28,8-K,,submissions
0000936395-19-000045,CIENA CORP,0000936395,2019-10-03,2019-10-03,8-K,,submissions
0000936395-19-000036,CIENA CORP,0000936395,2019-09-05,2019-09-05,8-K,,submissions
0000936395-19-000033,CIENA CORP,0000936395,2019-08-29,2019-08-28,8-K,,submissions
0000936395-19-000017,CIENA CORP,0000936395,2019-06-06,2019-06-06,8-K,,submissions
0000936395-19-000012,CIENA CORP,0000936395,2019-04-01,2019-03-28,8-K,,submissions
0000936395-19-000005,CIENA CORP,0000936395,2019-03-05,2019-03-05,8-K,,submissions
0000950159-23-000321,Cigna Group,0001739940,2023-12-29,2023-12-29,8-K,,submissions
0000950159-23-000317,Cigna Group,0001739940,2023-12-11,2023-12-10,8-K,,submissions
0000950159-23-000315,Cigna Group,0001739940,2023-12-04,2023-12-04,8-K,,submissions
0000950159-23-000272,Cigna Group,0001739940,2023-11-02,2023-11-02,8-K,,submissions
0000950159-23-000267,Cigna Group,0001739940,2023-09-15,2023-09-14,8-K,,submissions
0000950159-23-000258,Cigna Group,0001739940,2023-09-11,2023-09-11,8-K,,submissions
0000950159-23-000227,Cigna Group,0001739940,2023-08-03,2023-08-03,8-K,,submissions
0000950159-23-000204,Cigna Group,0001739940,2023-06-05,2023-06-05,8-K,,submissions
0000950159-23-000159,Cigna Group,0001739940,2023-05-05,2023-05-05,8-K,,submissions
0000950159-23-000157,Cigna Group,0001739940,2023-05-01,2023-04-26,8-K,,submissions
0000950159-23-000155,Cigna Group,0001739940,2023-04-28,2023-04-27,8-K,,submissions
0000950159-23-000152,Cigna Group,0001739940,2023-04-27,2023-04-26,8-K,,submissions
0001140361-23-010511,Cigna Group,0001739940,2023-03-07,2023-03-07,8-K,,submissions
0000950159-23-000112,Cigna Group,0001739940,2023-02-27,2023-02-27,8-K,,submissions
0000950159-23-000019,Cigna Group,0001739940,2023-02-13,2023-02-13,8-K,,submissions
0000950159-23-000017,Cigna Group,0001739940,2023-02-03,2023-02-03,8-K,,submissions
0000950159-22-000255,Cigna Group,0001739940,2022-12-30,2022-12-30,8-K,,submissions
0000950159-22-000250,Cigna Group,0001739940,2022-11-30,2022-11-30,8-K,,submissions
0000950159-22-000227,Cigna Group,0001739940,2022-11-03,2022-11-03,8-K,,submissions
0000950159-22-000220,Cigna Group,0001739940,2022-10-28,2022-10-26,8-K,,submissions
0000950159-22-000207,Cigna Group,0001739940,2022-09-13,2022-09-13,8-K,,submissions
0000950159-22-000182,Cigna Group,0001739940,2022-08-04,2022-08-04,8-K,,submissions
0000950159-22-000171,Cigna Group,0001739940,2022-06-16,2022-06-15,8-K,,submissions
0000950159-22-000169,Cigna Group,0001739940,2022-06-03,2022-06-03,8-K,,submissions
0000950159-22-000107,Cigna Group,0001739940,2022-05-06,2022-05-06,8-K,,submissions
0000950159-22-000104,Cigna Group,0001739940,2022-05-02,2022-04-27,8-K,,submissions
0000950159-22-000102,Cigna Group,0001739940,2022-04-29,2022-04-28,8-K,,submissions
0000950159-22-000084,Cigna Group,0001739940,2022-02-24,2022-02-24,8-K,,submissions
0000950159-22-000018,Cigna Group,0001739940,2022-02-03,2022-02-03,8-K,,submissions
0000950159-22-000010,Cigna Group,0001739940,2022-01-24,2022-01-24,8-K,,submissions
0000950159-21-000364,Cigna Group,0001739940,2021-12-27,2021-12-27,8-K,,submissions
0000950159-21-000343,Cigna Group,0001739940,2021-12-08,2021-12-02,8-K,,submissions
0000950159-21-000335,Cigna Group,0001739940,2021-11-29,2021-11-29,8-K,,submissions
0000950159-21-000310,Cigna Group,0001739940,2021-11-04,2021-11-04,8-K,,submissions
0000950159-21-000290,Cigna Group,0001739940,2021-09-23,2021-09-20,8-K,,submissions
0000950159-21-000283,Cigna Group,0001739940,2021-09-02,2021-09-02,8-K,,submissions
0000950159-21-000207,Cigna Group,0001739940,2021-08-05,2021-08-05,8-K,,submissions
0000950159-21-000192,Cigna Group,0001739940,2021-07-30,2021-07-26,8-K,,submissions
0000950159-21-000176,Cigna Group,0001739940,2021-05-28,2021-05-28,8-K,,submissions
0000950159-21-000142,Cigna Group,0001739940,2021-05-07,2021-05-07,8-K,,submissions
0000950159-21-000138,Cigna Group,0001739940,2021-05-03,2021-04-28,8-K,,submissions
0001140361-21-015041,Cigna Group,0001739940,2021-04-30,2021-04-29,8-K,,submissions
0000950159-21-000116,Cigna Group,0001739940,2021-03-08,2021-03-08,8-K,,submissions
0001140361-21-007207,Cigna Group,0001739940,2021-03-03,2021-03-01,8-K,,submissions
0000950159-21-000111,Cigna Group,0001739940,2021-02-26,2021-02-26,8-K,,submissions
0000950159-21-000014,Cigna Group,0001739940,2021-02-04,2021-02-04,8-K,,submissions
0000950159-21-000006,Cigna Group,0001739940,2021-01-12,2021-01-06,8-K,,submissions
0000950159-20-000286,Cigna Group,0001739940,2020-12-31,2020-12-31,8-K,,submissions
0000950159-20-000281,Cigna Group,0001739940,2020-12-28,2020-12-28,8-K,,submissions
0000950159-20-000278,Cigna Group,0001739940,2020-12-11,2020-12-08,8-K,,submissions
0000950159-20-000273,Cigna Group,0001739940,2020-12-10,2020-12-10,8-K,,submissions
0000950159-20-000270,Cigna Group,0001739940,2020-11-30,2020-11-30,8-K,,submissions
0000950159-20-000238,Cigna Group,0001739940,2020-11-05,2020-11-05,8-K,,submissions
0000950159-20-000231,Cigna Group,0001739940,2020-10-30,2020-10-26,8-K,,submissions
0000950159-20-000223,Cigna Group,0001739940,2020-09-09,2020-09-09,8-K,,submissions
0000950159-20-000211,Cigna Group,0001739940,2020-08-20,2020-08-20,8-K,,submissions
0000950159-20-000161,Cigna Group,0001739940,2020-07-30,2020-07-30,8-K,,submissions
0000950159-20-000142,Cigna Group,0001739940,2020-05-26,2020-05-26,8-K,,submissions
0000950159-20-000110,Cigna Group,0001739940,2020-04-30,2020-04-30,8-K,,submissions
0000950159-20-000099,Cigna Group,0001739940,2020-04-24,2020-04-22,8-K,,submissions
0000950159-20-000089,Cigna Group,0001739940,2020-04-03,2020-04-01,8-K,,submissions
0001140361-20-005865,Cigna Group,0001739940,2020-03-16,2020-03-16,8-K,,submissions
0001140361-20-004888,Cigna Group,0001739940,2020-03-05,2020-03-04,8-K,,submissions
0000950159-20-000057,Cigna Group,0001739940,2020-02-27,2020-02-19,8-K,,submissions
0001140361-20-003579,Cigna Group,0001739940,2020-02-19,2020-02-14,8-K,,submissions
0000950159-20-000034,Cigna Group,0001739940,2020-02-06,2020-02-06,8-K,,submissions
0000950159-20-000008,Cigna Group,0001739940,2020-01-13,2020-01-13,8-K,,submissions
0000950159-19-000321,Cigna Group,0001739940,2019-12-30,2019-12-30,8-K,,submissions
0000950159-19-000319,Cigna Group,0001739940,2019-12-27,2019-12-23,8-K,,submissions
0000950159-19-000295,Cigna Group,0001739940,2019-12-11,2019-12-04,8-K,,submissions
0000950159-19-000244,Cigna Group,0001739940,2019-11-21,2019-11-21,8-K,,submissions
0000950159-19-000242,Cigna Group,0001739940,2019-11-20,2019-11-20,8-K,,submissions
0000950159-19-000208,Cigna Group,0001739940,2019-10-31,2019-10-31,8-K,,submissions
0000950159-19-000204,Cigna Group,0001739940,2019-10-29,2019-10-23,8-K,,submissions
0000950159-19-000178,Cigna Group,0001739940,2019-10-11,2019-10-10,8-K,,submissions
0000950159-19-000157,Cigna Group,0001739940,2019-09-27,2019-09-24,8-K,,submissions
0000950159-19-000155,Cigna Group,0001739940,2019-09-26,2019-09-26,8-K,,submissions
0000950159-19-000137,Cigna Group,0001739940,2019-09-09,2019-09-06,8-K,,submissions
0000950159-19-000129,Cigna Group,0001739940,2019-08-28,2019-08-28,8-K,,submissions
0000950159-19-000114,Cigna Group,0001739940,2019-08-01,2019-08-01,8-K,,submissions
0000950159-19-000085,Cigna Group,0001739940,2019-05-31,2019-05-31,8-K,,submissions
0000950159-19-000073,Cigna Group,0001739940,2019-05-02,2019-05-02,8-K,,submissions
0000950159-19-000069,Cigna Group,0001739940,2019-04-29,2019-04-24,8-K,,submissions
0000950159-19-000031,Cigna Group,0001739940,2019-02-26,2019-02-26,8-K,,submissions
0000950159-19-000028,Cigna Group,0001739940,2019-02-01,2019-02-01,8-K,,submissions
0000950159-19-000026,Cigna Group,0001739940,2019-01-30,2019-01-30,8-K,,submissions
0000950159-19-000020,Cigna Group,0001739940,2019-01-23,2019-01-22,8-K,,submissions
0000950159-19-000007,Cigna Group,0001739940,2019-01-07,2019-01-07,8-K,,submissions
0001193125-23-291721,"CISCO SYSTEMS, INC.",0000858877,2023-12-08,2023-12-06,8-K,,submissions
0001193125-23-277891,"CISCO SYSTEMS, INC.",0000858877,2023-11-15,2023-11-15,8-K,,submissions
0000858877-23-000025,"CISCO SYSTEMS, INC.",0000858877,2023-10-10,2023-10-04,8-K,,submissions
0001193125-23-240975,"CISCO SYSTEMS, INC.",0000858877,2023-09-25,2023-09-21,8-K,,submissions
0001193125-23-239165,"CISCO SYSTEMS, INC.",0000858877,2023-09-21,2023-09-20,8-K,,submissions
0001193125-23-214316,"CISCO SYSTEMS, INC.",0000858877,2023-08-16,2023-08-16,8-K,,submissions
0000858877-23-000016,"CISCO SYSTEMS, INC.",0000858877,2023-07-19,2023-07-18,8-K,,submissions
0001193125-23-147021,"CISCO SYSTEMS, INC.",0000858877,2023-05-17,2023-05-17,8-K,,submissions
0000858877-23-000009,"CISCO SYSTEMS, INC.",0000858877,2023-03-10,2023-03-09,8-K,,submissions
0000858877-23-000006,"CISCO SYSTEMS, INC.",0000858877,2023-02-21,2023-02-21,8-K,,submissions
0001193125-23-040212,"CISCO SYSTEMS, INC.",0000858877,2023-02-15,2023-02-15,8-K,,submissions
0000858877-22-000029,"CISCO SYSTEMS, INC.",0000858877,2022-12-16,2022-12-12,8-K,,submissions
0000858877-22-000027,"CISCO SYSTEMS, INC.",0000858877,2022-12-09,2022-12-08,8-K,,submissions
0001628280-22-030151,"CISCO SYSTEMS, INC.",0000858877,2022-11-16,2022-11-15,8-K,,submissions
0001193125-22-286782,"CISCO SYSTEMS, INC.",0000858877,2022-11-16,2022-11-16,8-K,,submissions
0000858877-22-000018,"CISCO SYSTEMS, INC.",0000858877,2022-10-04,2022-09-29,8-K,,submissions
0000858877-22-000015,"CISCO SYSTEMS, INC.",0000858877,2022-09-15,2022-09-12,8-K,,submissions
0001193125-22-228572,"CISCO SYSTEMS, INC.",0000858877,2022-08-24,2022-08-24,8-K,,submissions
0001193125-22-223250,"CISCO SYSTEMS, INC.",0000858877,2022-08-17,2022-08-17,8-K,,submissions
0001193125-22-176552,"CISCO SYSTEMS, INC.",0000858877,2022-06-17,2022-06-16,8-K,,submissions
0001193125-22-154039,"CISCO SYSTEMS, INC.",0000858877,2022-05-18,2022-05-18,8-K,,submissions
0001193125-22-086807,"CISCO SYSTEMS, INC.",0000858877,2022-03-28,2022-03-24,8-K,,submissions
0001193125-22-044372,"CISCO SYSTEMS, INC.",0000858877,2022-02-16,2022-02-16,8-K,,submissions
0001193125-22-037227,"CISCO SYSTEMS, INC.",0000858877,2022-02-11,2022-02-10,8-K,,submissions
0001193125-22-023458,"CISCO SYSTEMS, INC.",0000858877,2022-01-31,2022-01-26,8-K,,submissions
0001193125-21-361182,"CISCO SYSTEMS, INC.",0000858877,2021-12-17,2021-12-15,8-K,,submissions
0001193125-21-356837,"CISCO SYSTEMS, INC.",0000858877,2021-12-14,2021-12-09,8-K,,submissions
0001193125-21-332467,"CISCO SYSTEMS, INC.",0000858877,2021-11-17,2021-11-17,8-K,,submissions
0001193125-21-284199,"CISCO SYSTEMS, INC.",0000858877,2021-09-27,2021-09-22,8-K,,submissions
0001193125-21-250360,"CISCO SYSTEMS, INC.",0000858877,2021-08-18,2021-08-18,8-K,,submissions
0001193125-21-203324,"CISCO SYSTEMS, INC.",0000858877,2021-06-29,2021-06-25,8-K,,submissions
0001193125-21-166614,"CISCO SYSTEMS, INC.",0000858877,2021-05-19,2021-05-19,8-K,,submissions
0001193125-21-162081,"CISCO SYSTEMS, INC.",0000858877,2021-05-14,2021-05-13,8-K,,submissions
0001193125-21-073328,"CISCO SYSTEMS, INC.",0000858877,2021-03-08,2021-03-04,8-K,,submissions
0001193125-21-056977,"CISCO SYSTEMS, INC.",0000858877,2021-02-25,2021-02-22,8-K,,submissions
0001193125-21-034339,"CISCO SYSTEMS, INC.",0000858877,2021-02-09,2021-02-09,8-K,,submissions
0001193125-21-004250,"CISCO SYSTEMS, INC.",0000858877,2021-01-07,2021-01-07,8-K,,submissions
0001193125-20-320092,"CISCO SYSTEMS, INC.",0000858877,2020-12-17,2020-12-11,8-K,,submissions
0001193125-20-315999,"CISCO SYSTEMS, INC.",0000858877,2020-12-11,2020-12-10,8-K,,submissions
0001193125-20-305352,"CISCO SYSTEMS, INC.",0000858877,2020-11-30,2020-11-27,8-K,,submissions
0001193125-20-293020,"CISCO SYSTEMS, INC.",0000858877,2020-11-13,2020-11-11,8-K,,submissions
0001193125-20-291658,"CISCO SYSTEMS, INC.",0000858877,2020-11-12,2020-11-12,8-K,,submissions
0001193125-20-267248,"CISCO SYSTEMS, INC.",0000858877,2020-10-09,2020-10-07,8-K,,submissions
0001193125-20-252356,"CISCO SYSTEMS, INC.",0000858877,2020-09-23,2020-09-18,8-K,,submissions
0001193125-20-217756,"CISCO SYSTEMS, INC.",0000858877,2020-08-12,2020-08-12,8-K,,submissions
0001193125-20-217658,"CISCO SYSTEMS, INC.",0000858877,2020-08-12,2020-08-12,8-K,,submissions
0001193125-20-175641,"CISCO SYSTEMS, INC.",0000858877,2020-06-22,2020-06-17,8-K,,submissions
0001193125-20-141598,"CISCO SYSTEMS, INC.",0000858877,2020-05-13,2020-05-13,8-K,,submissions
0001193125-20-072960,"CISCO SYSTEMS, INC.",0000858877,2020-03-13,2020-03-11,8-K,,submissions
0001193125-20-065138,"CISCO SYSTEMS, INC.",0000858877,2020-03-06,2020-03-04,8-K,,submissions
0001193125-20-033208,"CISCO SYSTEMS, INC.",0000858877,2020-02-12,2020-02-12,8-K,,submissions
0001193125-20-015453,"CISCO SYSTEMS, INC.",0000858877,2020-01-27,2020-01-24,8-K,,submissions
0001193125-19-322662,"CISCO SYSTEMS, INC.",0000858877,2019-12-23,2019-12-20,8-K,,submissions
0001193125-19-312796,"CISCO SYSTEMS, INC.",0000858877,2019-12-12,2019-12-06,8-K,,submissions
0001193125-19-311525,"CISCO SYSTEMS, INC.",0000858877,2019-12-11,2019-12-10,8-K,,submissions
0001193125-19-306229,"CISCO SYSTEMS, INC.",0000858877,2019-12-04,2019-11-28,8-K,,submissions
0001193125-19-291002,"CISCO SYSTEMS, INC.",0000858877,2019-11-13,2019-11-13,8-K,,submissions
0001193125-19-226917,"CISCO SYSTEMS, INC.",0000858877,2019-08-22,2019-08-19,8-K,,submissions
0001193125-19-221195,"CISCO SYSTEMS, INC.",0000858877,2019-08-14,2019-08-14,8-K,,submissions
0001193125-19-190942,"CISCO SYSTEMS, INC.",0000858877,2019-07-09,2019-07-08,8-K,,submissions
0001193125-19-175707,"CISCO SYSTEMS, INC.",0000858877,2019-06-18,2019-06-13,8-K,,submissions
0001193125-19-165092,"CISCO SYSTEMS, INC.",0000858877,2019-06-04,2019-05-30,8-K,,submissions
0001193125-19-154111,"CISCO SYSTEMS, INC.",0000858877,2019-05-22,2019-05-21,8-K,,submissions
0001193125-19-147994,"CISCO SYSTEMS, INC.",0000858877,2019-05-15,2019-05-15,8-K,,submissions
0001193125-19-067296,"CISCO SYSTEMS, INC.",0000858877,2019-03-07,2019-03-04,8-K,,submissions
0001193125-19-037964,"CISCO SYSTEMS, INC.",0000858877,2019-02-13,2019-02-13,8-K,,submissions
0001058290-23-000329,COGNIZANT TECHNOLOGY SOLUTIONS CORP,0001058290,2023-11-01,2023-11-01,8-K,,submissions
0001058290-23-000316,COGNIZANT TECHNOLOGY SOLUTIONS CORP,0001058290,2023-09-28,2023-09-28,8-K,,submissions
0001058290-23-000255,COGNIZANT TECHNOLOGY SOLUTIONS CORP,0001058290,2023-08-02,2023-07-27,8-K,,submissions
0001058290-23-000230,COGNIZANT TECHNOLOGY SOLUTIONS CORP,0001058290,2023-06-09,2023-06-06,8-K,,submissions
0001058290-23-000132,COGNIZANT TECHNOLOGY SOLUTIONS CORP,0001058290,2023-05-03,2023-05-03,8-K,,submissions
0001058290-23-000114,COGNIZANT TECHNOLOGY SOLUTIONS CORP,0001058290,2023-03-31,2023-03-31,8-K,,submissions
0001058290-23-000092,COGNIZANT TECHNOLOGY SOLUTIONS CORP,0001058290,2023-03-06,2023-03-06,8-K,,submissions
0001058290-23-000030,COGNIZANT TECHNOLOGY SOLUTIONS CORP,0001058290,2023-02-16,2023-02-13,8-K,,submissions
0001058290-23-000019,COGNIZANT TECHNOLOGY SOLUTIONS CORP,0001058290,2023-02-02,2023-01-27,8-K,,submissions
0001058290-23-000008,COGNIZANT TECHNOLOGY SOLUTIONS CORP,0001058290,2023-01-12,2023-01-09,8-K,,submissions
0001058290-22-000320,COGNIZANT TECHNOLOGY SOLUTIONS CORP,0001058290,2022-11-02,2022-11-02,8-K,,submissions
0001058290-22-000314,COGNIZANT TECHNOLOGY SOLUTIONS CORP,0001058290,2022-10-17,2022-10-17,8-K,,submissions
0001058290-22-000310,COGNIZANT TECHNOLOGY SOLUTIONS CORP,0001058290,2022-10-07,2022-10-06,8-K,,submissions
0001058290-22-000238,COGNIZANT TECHNOLOGY SOLUTIONS CORP,0001058290,2022-07-27,2022-07-27,8-K,,submissions
0001058290-22-000221,COGNIZANT TECHNOLOGY SOLUTIONS CORP,0001058290,2022-07-06,2022-06-29,8-K,,submissions
0001058290-22-000213,COGNIZANT TECHNOLOGY SOLUTIONS CORP,0001058290,2022-06-28,2022-06-28,8-K,,submissions
0001058290-22-000201,COGNIZANT TECHNOLOGY SOLUTIONS CORP,0001058290,2022-06-10,2022-06-07,8-K,,submissions
0001058290-22-000111,COGNIZANT TECHNOLOGY SOLUTIONS CORP,0001058290,2022-05-04,2022-05-04,8-K,,submissions
0001193125-22-062221,COGNIZANT TECHNOLOGY SOLUTIONS CORP,0001058290,2022-03-02,2022-03-01,8-K,,submissions
0001058290-22-000015,COGNIZANT TECHNOLOGY SOLUTIONS CORP,0001058290,2022-02-02,2022-02-02,8-K,,submissions
0001058290-21-000278,COGNIZANT TECHNOLOGY SOLUTIONS CORP,0001058290,2021-10-27,2021-10-27,8-K,,submissions
0001058290-21-000241,COGNIZANT TECHNOLOGY SOLUTIONS CORP,0001058290,2021-09-07,2021-09-07,8-K,,submissions
0001058290-21-000211,COGNIZANT TECHNOLOGY SOLUTIONS CORP,0001058290,2021-07-28,2021-07-28,8-K,,submissions
0001058290-21-000147,COGNIZANT TECHNOLOGY SOLUTIONS CORP,0001058290,2021-06-04,2021-05-28,8-K,,submissions
0001058290-21-000102,COGNIZANT TECHNOLOGY SOLUTIONS CORP,0001058290,2021-05-05,2021-05-05,8-K,,submissions
0001058290-21-000022,COGNIZANT TECHNOLOGY SOLUTIONS CORP,0001058290,2021-02-03,2021-02-03,8-K,,submissions
0001058290-21-000014,COGNIZANT TECHNOLOGY SOLUTIONS CORP,0001058290,2021-01-06,2021-01-04,8-K,,submissions
0001058290-20-000185,COGNIZANT TECHNOLOGY SOLUTIONS CORP,0001058290,2020-12-14,2020-12-10,8-K,,submissions
0001058290-20-000135,COGNIZANT TECHNOLOGY SOLUTIONS CORP,0001058290,2020-10-28,2020-10-28,8-K,,submissions
0001206774-20-002232,COGNIZANT TECHNOLOGY SOLUTIONS CORP,0001058290,2020-07-29,2020-07-17,8-K,,submissions
0001058290-20-000047,COGNIZANT TECHNOLOGY SOLUTIONS CORP,0001058290,2020-07-29,2020-07-29,8-K,,submissions
0001058290-20-000038,COGNIZANT TECHNOLOGY SOLUTIONS CORP,0001058290,2020-06-05,2020-06-02,8-K,,submissions
0001058290-20-000029,COGNIZANT TECHNOLOGY SOLUTIONS CORP,0001058290,2020-05-07,2020-05-07,8-K,,submissions
0001058290-20-000022,COGNIZANT TECHNOLOGY SOLUTIONS CORP,0001058290,2020-04-20,2020-04-18,8-K,,submissions
0001058290-20-000020,COGNIZANT TECHNOLOGY SOLUTIONS CORP,0001058290,2020-04-09,2020-04-09,8-K,,submissions
0001058290-20-000013,COGNIZANT TECHNOLOGY SOLUTIONS CORP,0001058290,2020-03-09,2020-03-05,8-K,,submissions
0001058290-20-000004,COGNIZANT TECHNOLOGY SOLUTIONS CORP,0001058290,2020-02-05,2020-02-02,8-K,,submissions
0001058290-19-000038,COGNIZANT TECHNOLOGY SOLUTIONS CORP,0001058290,2019-12-06,2019-12-02,8-K,,submissions
0001058290-19-000034,COGNIZANT TECHNOLOGY SOLUTIONS CORP,0001058290,2019-10-30,2019-10-30,8-K,,submissions
0001058290-19-000028,COGNIZANT TECHNOLOGY SOLUTIONS CORP,0001058290,2019-09-20,2019-09-16,8-K,,submissions
0001058290-19-000024,COGNIZANT TECHNOLOGY SOLUTIONS CORP,0001058290,2019-07-31,2019-07-31,8-K,,submissions
0001058290-19-000021,COGNIZANT TECHNOLOGY SOLUTIONS CORP,0001058290,2019-07-18,2019-07-16,8-K,,submissions
0001058290-19-000019,COGNIZANT TECHNOLOGY SOLUTIONS CORP,0001058290,2019-06-07,2019-06-04,8-K,,submissions
0001058290-19-000014,COGNIZANT TECHNOLOGY SOLUTIONS CORP,0001058290,2019-05-02,2019-05-02,8-K,,submissions
0001058290-19-000006,COGNIZANT TECHNOLOGY SOLUTIONS CORP,0001058290,2019-02-06,2019-02-01,8-K,,submissions
0001193125-23-294380,COHERENT CORP.,0000820318,2023-12-13,2023-12-13,8-K,,submissions
0001193125-23-288416,COHERENT CORP.,0000820318,2023-12-04,2023-12-04,8-K,,submissions
0001193125-23-276082,COHERENT CORP.,0000820318,2023-11-13,2023-11-09,8-K,,submissions
0001193125-23-271381,COHERENT CORP.,0000820318,2023-11-06,2023-11-06,8-K,,submissions
0001193125-23-253029,COHERENT CORP.,0000820318,2023-10-10,2023-10-10,8-K,,submissions
0001193125-23-239587,COHERENT CORP.,0000820318,2023-09-21,2023-09-19,8-K,,submissions
0001193125-23-237086,COHERENT CORP.,0000820318,2023-09-19,2023-09-18,8-K,,submissions
0001193125-23-235505,COHERENT CORP.,0000820318,2023-09-15,2023-09-13,8-K,,submissions
0001193125-23-226859,COHERENT CORP.,0000820318,2023-09-01,2023-08-31,8-K,,submissions
0001193125-23-213587,COHERENT CORP.,0000820318,2023-08-16,2023-08-15,8-K,,submissions
0001193125-23-180985,COHERENT CORP.,0000820318,2023-07-03,2023-07-03,8-K,,submissions
0001193125-23-179441,COHERENT CORP.,0000820318,2023-06-30,2023-06-30,8-K,,submissions
0001193125-23-155919,COHERENT CORP.,0000820318,2023-05-30,2023-05-23,8-K,,submissions
0001193125-23-139932,COHERENT CORP.,0000820318,2023-05-10,2023-05-10,8-K,,submissions
0001193125-23-049023,COHERENT CORP.,0000820318,2023-02-24,2023-02-23,8-K,,submissions
0001193125-23-045851,COHERENT CORP.,0000820318,2023-02-23,2023-02-23,8-K,,submissions
0001193125-23-027572,COHERENT CORP.,0000820318,2023-02-08,2023-02-08,8-K,,submissions
0001193125-23-027571,COHERENT CORP.,0000820318,2023-02-08,2023-02-07,8-K,,submissions
0001193125-22-288996,COHERENT CORP.,0000820318,2022-11-18,2022-11-16,8-K,,submissions
0001193125-22-280764,COHERENT CORP.,0000820318,2022-11-09,2022-11-09,8-K,,submissions
0001193125-22-241521,COHERENT CORP.,0000820318,2022-09-09,2022-09-09,8-K,,submissions
0001193125-22-240836,COHERENT CORP.,0000820318,2022-09-08,2022-09-08,8-K,,submissions
0001193125-22-235791,COHERENT CORP.,0000820318,2022-09-01,2022-08-31,8-K,,submissions
0001193125-22-228112,COHERENT CORP.,0000820318,2022-08-24,2022-08-24,8-K,,submissions
0001193125-22-227538,COHERENT CORP.,0000820318,2022-08-23,2022-08-23,8-K,,submissions
0001193125-22-186770,COHERENT CORP.,0000820318,2022-07-01,2022-07-01,8-K,,submissions
0001193125-22-183458,COHERENT CORP.,0000820318,2022-06-28,2022-06-28,8-K,,submissions
0001193125-22-158505,COHERENT CORP.,0000820318,2022-05-24,2022-05-20,8-K,,submissions
0001193125-22-145674,COHERENT CORP.,0000820318,2022-05-10,2022-05-10,8-K,,submissions
0001193125-22-137818,COHERENT CORP.,0000820318,2022-05-03,2022-05-02,8-K,,submissions
0001193125-22-083438,COHERENT CORP.,0000820318,2022-03-24,2022-03-24,8-K,,submissions
0001193125-22-077748,COHERENT CORP.,0000820318,2022-03-17,2022-03-15,8-K,,submissions
0001193125-22-067965,COHERENT CORP.,0000820318,2022-03-07,2022-03-06,8-K,,submissions
0001193125-22-046612,COHERENT CORP.,0000820318,2022-02-18,2022-02-17,8-K,,submissions
0001193125-22-032742,COHERENT CORP.,0000820318,2022-02-09,2022-02-09,8-K,,submissions
0001193125-22-031889,COHERENT CORP.,0000820318,2022-02-09,2022-02-09,8-K,,submissions
0001193125-21-353969,COHERENT CORP.,0000820318,2021-12-10,2021-12-10,8-K,,submissions
0001193125-21-346011,COHERENT CORP.,0000820318,2021-12-02,2021-12-02,8-K,,submissions
0001193125-21-342944,COHERENT CORP.,0000820318,2021-11-30,2021-11-30,8-K,,submissions
0001193125-21-339339,COHERENT CORP.,0000820318,2021-11-24,2021-11-18,8-K,,submissions
0001193125-21-323826,COHERENT CORP.,0000820318,2021-11-09,2021-11-09,8-K,,submissions
0001193125-21-268894,COHERENT CORP.,0000820318,2021-09-09,2021-09-09,8-K,,submissions
0001193125-21-256850,COHERENT CORP.,0000820318,2021-08-26,2021-08-25,8-K,,submissions
0001193125-21-246796,COHERENT CORP.,0000820318,2021-08-16,2021-08-13,8-K,,submissions
0001193125-21-241180,COHERENT CORP.,0000820318,2021-08-10,2021-08-10,8-K,,submissions
0001193125-21-237904,COHERENT CORP.,0000820318,2021-08-05,2021-08-05,8-K,,submissions
0001193125-21-220024,COHERENT CORP.,0000820318,2021-07-21,2021-07-20,8-K,,submissions
0001193125-21-198741,COHERENT CORP.,0000820318,2021-06-24,2021-06-24,8-K,,submissions
0001193125-21-193471,COHERENT CORP.,0000820318,2021-06-21,2021-06-15,8-K,,submissions
0001193125-21-186742,COHERENT CORP.,0000820318,2021-06-09,2021-06-08,8-K,,submissions
0001193125-21-170997,COHERENT CORP.,0000820318,2021-05-24,2021-05-21,8-K,,submissions
0001193125-21-167254,COHERENT CORP.,0000820318,2021-05-20,2021-05-20,8-K,,submissions
0001193125-21-160858,COHERENT CORP.,0000820318,2021-05-14,2021-05-13,8-K,,submissions
0001193125-21-159354,COHERENT CORP.,0000820318,2021-05-12,2021-05-12,8-K,,submissions
0001193125-21-152524,COHERENT CORP.,0000820318,2021-05-06,2021-05-06,8-K,,submissions
0001193125-21-152512,COHERENT CORP.,0000820318,2021-05-06,2021-05-06,8-K,,submissions
0001193125-21-102324,COHERENT CORP.,0000820318,2021-03-31,2021-03-30,8-K,,submissions
0001193125-21-095186,COHERENT CORP.,0000820318,2021-03-26,2021-03-25,8-K,,submissions
0001193125-21-085483,COHERENT CORP.,0000820318,2021-03-18,2021-03-18,8-K,,submissions
0001193125-21-082234,COHERENT CORP.,0000820318,2021-03-16,2021-03-16,8-K,,submissions
0001193125-21-079572,COHERENT CORP.,0000820318,2021-03-12,2021-03-12,8-K,,submissions
0001193125-21-073334,COHERENT CORP.,0000820318,2021-03-08,2021-03-08,8-K,,submissions
0001193125-21-062382,COHERENT CORP.,0000820318,2021-03-01,2021-02-26,8-K,,submissions
0001193125-21-040190,COHERENT CORP.,0000820318,2021-02-12,2021-02-12,8-K,,submissions
0001171843-21-000848,COHERENT CORP.,0000820318,2021-02-09,2021-02-09,8-K,,submissions
0001193125-20-290353,COHERENT CORP.,0000820318,2020-11-12,2020-11-09,8-K,,submissions
0001171843-20-007625,COHERENT CORP.,0000820318,2020-11-05,2020-11-05,8-K,,submissions
0001171843-20-006858,COHERENT CORP.,0000820318,2020-10-05,2020-10-05,8-K,,submissions
0001193125-20-247285,COHERENT CORP.,0000820318,2020-09-16,2020-09-16,8-K,,submissions
0001193125-20-231336,COHERENT CORP.,0000820318,2020-08-26,2020-08-26,8-K,,submissions
0001171843-20-005892,COHERENT CORP.,0000820318,2020-08-13,2020-08-13,8-K,,submissions
0001193125-20-188771,COHERENT CORP.,0000820318,2020-07-07,2020-07-01,8-K,,submissions
0001193125-20-183371,COHERENT CORP.,0000820318,2020-06-30,2020-06-30,8-K,,submissions
0001193125-20-182949,COHERENT CORP.,0000820318,2020-06-29,2020-06-29,8-K,,submissions
0001193125-20-182942,COHERENT CORP.,0000820318,2020-06-29,2020-06-29,8-K,,submissions
0001193125-20-182936,COHERENT CORP.,0000820318,2020-06-29,2020-06-29,8-K,,submissions
0001193125-20-156545,COHERENT CORP.,0000820318,2020-06-01,2020-05-29,8-K,,submissions
0001193125-20-155799,COHERENT CORP.,0000820318,2020-05-29,2020-05-29,8-K,,submissions
0001193125-20-145328,COHERENT CORP.,0000820318,2020-05-19,2020-05-18,8-K,,submissions
0001171843-20-003585,COHERENT CORP.,0000820318,2020-05-11,2020-05-11,8-K,,submissions
0001171843-20-000834,COHERENT CORP.,0000820318,2020-02-10,2020-02-10,8-K,,submissions
0001193125-20-019766,COHERENT CORP.,0000820318,2020-01-30,2020-01-29,8-K,,submissions
0001193125-19-326612,COHERENT CORP.,0000820318,2019-12-31,2019-12-23,8-K,,submissions
0001193125-19-304778,COHERENT CORP.,0000820318,2019-12-03,2019-12-03,8-K,,submissions
0001193125-19-290146,COHERENT CORP.,0000820318,2019-11-12,2019-11-12,8-K,,submissions
0001193125-19-289368,COHERENT CORP.,0000820318,2019-11-12,2019-11-12,8-K,,submissions
0001171843-19-007425,COHERENT CORP.,0000820318,2019-11-12,2019-11-12,8-K,,submissions
0001193125-19-272584,COHERENT CORP.,0000820318,2019-10-23,2019-10-23,8-K,,submissions
0001193125-19-253627,COHERENT CORP.,0000820318,2019-09-24,2019-09-24,8-K,,submissions
0001193125-19-253049,COHERENT CORP.,0000820318,2019-09-24,2019-09-24,8-K,,submissions
0001193125-19-250134,COHERENT CORP.,0000820318,2019-09-20,2019-09-20,8-K,,submissions
0001193125-19-248114,COHERENT CORP.,0000820318,2019-09-18,2019-09-18,8-K,,submissions
0001193125-19-232444,COHERENT CORP.,0000820318,2019-08-28,2019-08-22,8-K,,submissions
0001193125-19-226885,COHERENT CORP.,0000820318,2019-08-22,2019-08-16,8-K,,submissions
0001193125-19-222891,COHERENT CORP.,0000820318,2019-08-16,2019-08-14,8-K,,submissions
0001193125-19-222521,COHERENT CORP.,0000820318,2019-08-15,2019-08-15,8-K,,submissions
0001193125-19-219508,COHERENT CORP.,0000820318,2019-08-13,2019-08-13,8-K,,submissions
0001171843-19-005433,COHERENT CORP.,0000820318,2019-08-13,2019-08-13,8-K,,submissions
0001193125-19-209907,COHERENT CORP.,0000820318,2019-08-01,2019-08-01,8-K,,submissions
0001193125-19-202673,COHERENT CORP.,0000820318,2019-07-25,2019-07-25,8-K,,submissions
0001193125-19-191239,COHERENT CORP.,0000820318,2019-07-09,2019-07-05,8-K,,submissions
0001193125-19-189236,COHERENT CORP.,0000820318,2019-07-03,2019-06-27,8-K,,submissions
0001193125-19-162819,COHERENT CORP.,0000820318,2019-05-31,2019-05-24,8-K,,submissions
0001193125-19-153259,COHERENT CORP.,0000820318,2019-05-22,2019-05-21,8-K,,submissions
0001193125-19-152064,COHERENT CORP.,0000820318,2019-05-21,2019-05-20,8-K,,submissions
0001193125-19-130884,COHERENT CORP.,0000820318,2019-05-01,2019-05-01,8-K,,submissions
0001171843-19-002791,COHERENT CORP.,0000820318,2019-05-01,2019-05-01,8-K,,submissions
0001193125-19-086709,COHERENT CORP.,0000820318,2019-03-26,2019-03-26,8-K,,submissions
0001193125-19-071038,COHERENT CORP.,0000820318,2019-03-12,2019-03-11,8-K,,submissions
0001193125-19-067379,COHERENT CORP.,0000820318,2019-03-07,2019-03-01,8-K,,submissions
0001193125-19-064743,COHERENT CORP.,0000820318,2019-03-06,2019-03-06,8-K,,submissions
0001193125-19-025503,COHERENT CORP.,0000820318,2019-02-01,2019-02-01,8-K,,submissions
0001171843-19-000624,COHERENT CORP.,0000820318,2019-01-31,2019-01-31,8-K,,submissions
0000711404-23-000073,"COOPER COMPANIES, INC.",0000711404,2023-12-14,2023-12-12,8-K,,submissions
0000711404-23-000068,"COOPER COMPANIES, INC.",0000711404,2023-12-07,2023-12-06,8-K,,submissions
0000711404-23-000056,"COOPER COMPANIES, INC.",0000711404,2023-11-30,2023-11-30,8-K,,submissions
0000711404-23-000047,"COOPER COMPANIES, INC.",0000711404,2023-09-12,2023-09-11,8-K,,submissions
0000711404-23-000040,"COOPER COMPANIES, INC.",0000711404,2023-08-30,2023-08-30,8-K,,submissions
0000711404-23-000029,"COOPER COMPANIES, INC.",0000711404,2023-06-01,2023-06-01,8-K,,submissions
0000711404-23-000016,"COOPER COMPANIES, INC.",0000711404,2023-03-16,2023-03-15,8-K,,submissions
0000711404-23-000008,"COOPER COMPANIES, INC.",0000711404,2023-03-02,2023-03-02,8-K,,submissions
0000711404-22-000058,"COOPER COMPANIES, INC.",0000711404,2022-12-19,2022-12-13,8-K,,submissions
0000711404-22-000046,"COOPER COMPANIES, INC.",0000711404,2022-12-08,2022-12-08,8-K,,submissions
0001193125-22-257592,"COOPER COMPANIES, INC.",0000711404,2022-10-04,2022-10-01,8-K,,submissions
0000711404-22-000038,"COOPER COMPANIES, INC.",0000711404,2022-08-31,2022-08-31,8-K,,submissions
0000711404-22-000023,"COOPER COMPANIES, INC.",0000711404,2022-06-02,2022-06-02,8-K,,submissions
0001193125-22-079445,"COOPER COMPANIES, INC.",0000711404,2022-03-18,2022-03-16,8-K,,submissions
0000711404-22-000010,"COOPER COMPANIES, INC.",0000711404,2022-03-03,2022-03-03,8-K,,submissions
0001193125-22-029799,"COOPER COMPANIES, INC.",0000711404,2022-02-07,2022-02-07,8-K,,submissions
0001193125-21-361145,"COOPER COMPANIES, INC.",0000711404,2021-12-17,2021-12-17,8-K,,submissions
0001193125-21-353917,"COOPER COMPANIES, INC.",0000711404,2021-12-10,2021-12-07,8-K,,submissions
0000711404-21-000030,"COOPER COMPANIES, INC.",0000711404,2021-12-02,2021-12-02,8-K,,submissions
0001193125-21-326207,"COOPER COMPANIES, INC.",0000711404,2021-11-10,2021-11-06,8-K,,submissions
0001193125-21-321676,"COOPER COMPANIES, INC.",0000711404,2021-11-05,2021-11-02,8-K,,submissions
0000711404-21-000021,"COOPER COMPANIES, INC.",0000711404,2021-09-02,2021-09-02,8-K,,submissions
0000711404-21-000014,"COOPER COMPANIES, INC.",0000711404,2021-06-03,2021-06-03,8-K,,submissions
0001193125-21-159178,"COOPER COMPANIES, INC.",0000711404,2021-05-12,2021-05-12,8-K,,submissions
0001193125-21-091155,"COOPER COMPANIES, INC.",0000711404,2021-03-23,2021-03-17,8-K,,submissions
0000711404-21-000006,"COOPER COMPANIES, INC.",0000711404,2021-03-04,2021-03-04,8-K,,submissions
0001193125-21-025835,"COOPER COMPANIES, INC.",0000711404,2021-02-02,2021-01-28,8-K,,submissions
0001193125-20-314930,"COOPER COMPANIES, INC.",0000711404,2020-12-10,2020-12-08,8-K,,submissions
0000711404-20-000037,"COOPER COMPANIES, INC.",0000711404,2020-12-03,2020-12-03,8-K,,submissions
0001193125-20-291748,"COOPER COMPANIES, INC.",0000711404,2020-11-12,2020-11-12,8-K,,submissions
0000711404-20-000026,"COOPER COMPANIES, INC.",0000711404,2020-09-03,2020-09-03,8-K,,submissions
0001193125-20-187858,"COOPER COMPANIES, INC.",0000711404,2020-07-06,2020-07-01,8-K,,submissions
0000711404-20-000016,"COOPER COMPANIES, INC.",0000711404,2020-06-04,2020-06-04,8-K,,submissions
0001564590-20-014844,"COOPER COMPANIES, INC.",0000711404,2020-04-02,2020-04-01,8-K,,submissions
0001193125-20-078986,"COOPER COMPANIES, INC.",0000711404,2020-03-19,2020-03-18,8-K,,submissions
0000711404-20-000006,"COOPER COMPANIES, INC.",0000711404,2020-03-05,2020-03-05,8-K,,submissions
0001193125-19-315153,"COOPER COMPANIES, INC.",0000711404,2019-12-16,2019-12-10,8-K,,submissions
0000711404-19-000045,"COOPER COMPANIES, INC.",0000711404,2019-12-05,2019-12-05,8-K,,submissions
0001193125-19-257426,"COOPER COMPANIES, INC.",0000711404,2019-09-27,2019-09-27,8-K,,submissions
0000711404-19-000034,"COOPER COMPANIES, INC.",0000711404,2019-08-29,2019-08-29,8-K,,submissions
0000711404-19-000022,"COOPER COMPANIES, INC.",0000711404,2019-05-30,2019-05-30,8-K,,submissions
0001193125-19-110857,"COOPER COMPANIES, INC.",0000711404,2019-04-18,2019-04-17,8-K,,submissions
0001193125-19-082159,"COOPER COMPANIES, INC.",0000711404,2019-03-21,2019-03-18,8-K,,submissions
0000711404-19-000008,"COOPER COMPANIES, INC.",0000711404,2019-03-05,2019-03-05,8-K,,submissions
0001206774-23-001259,CORNING INC /NY,0000024741,2023-11-27,2023-11-27,8-K,,submissions
0001437749-23-028803,CORNING INC /NY,0000024741,2023-10-24,2023-10-24,8-K,,submissions
0001206774-23-001180,CORNING INC /NY,0000024741,2023-10-05,2023-10-03,8-K,,submissions
0001206774-23-001120,CORNING INC /NY,0000024741,2023-09-05,2023-09-05,8-K,,submissions
0001437749-23-020585,CORNING INC /NY,0000024741,2023-07-25,2023-07-25,8-K,,submissions
0001206774-23-000767,CORNING INC /NY,0000024741,2023-06-21,2023-06-20,8-K,,submissions
0001206774-23-000726,CORNING INC /NY,0000024741,2023-05-30,2023-05-30,8-K,,submissions
0001206774-23-000711,CORNING INC /NY,0000024741,2023-05-22,2023-05-22,8-K,,submissions
0001206774-23-000695,CORNING INC /NY,0000024741,2023-05-15,2023-05-15,8-K,,submissions
0001206774-23-000647,CORNING INC /NY,0000024741,2023-05-01,2023-04-27,8-K,,submissions
0001437749-23-010959,CORNING INC /NY,0000024741,2023-04-25,2023-04-25,8-K,,submissions
0001437749-23-002082,CORNING INC /NY,0000024741,2023-01-31,2023-01-31,8-K,,submissions
0001437749-22-024657,CORNING INC /NY,0000024741,2022-10-25,2022-10-25,8-K,,submissions
0001206774-22-002402,CORNING INC /NY,0000024741,2022-09-07,2022-09-07,8-K,,submissions
0001437749-22-017731,CORNING INC /NY,0000024741,2022-07-26,2022-07-26,8-K,,submissions
0001206774-22-001480,CORNING INC /NY,0000024741,2022-06-07,2022-06-06,8-K,,submissions
0001206774-22-001297,CORNING INC /NY,0000024741,2022-04-29,2022-04-28,8-K,,submissions
0001437749-22-009689,CORNING INC /NY,0000024741,2022-04-26,2022-04-26,8-K,,submissions
0001206774-22-000308,CORNING INC /NY,0000024741,2022-02-03,2022-02-02,8-K,,submissions
0001437749-22-001651,CORNING INC /NY,0000024741,2022-01-26,2022-01-26,8-K,,submissions
0001206774-21-002838,CORNING INC /NY,0000024741,2021-12-09,2021-12-07,8-K,,submissions
0001437749-21-024260,CORNING INC /NY,0000024741,2021-10-26,2021-10-26,8-K,,submissions
0001437749-21-017620,CORNING INC /NY,0000024741,2021-07-27,2021-07-27,8-K,,submissions
0001206774-21-001642,CORNING INC /NY,0000024741,2021-06-29,2021-06-29,8-K,,submissions
0001359948-21-000124,CORNING INC /NY,0000024741,2021-06-10,2021-06-09,8-K,,submissions
0001206774-21-001305,CORNING INC /NY,0000024741,2021-04-29,2021-04-29,8-K,,submissions
0001437749-21-009849,CORNING INC /NY,0000024741,2021-04-27,2021-04-27,8-K,,submissions
0001193125-21-105621,CORNING INC /NY,0000024741,2021-04-05,2021-04-05,8-K,,submissions
0001193125-21-028831,CORNING INC /NY,0000024741,2021-02-04,2021-02-03,8-K,,submissions
0001193125-21-027351,CORNING INC /NY,0000024741,2021-02-03,2021-02-03,8-K,,submissions
0000024741-21-000007,CORNING INC /NY,0000024741,2021-01-27,2021-01-27,8-K,,submissions
0000024741-20-000061,CORNING INC /NY,0000024741,2020-10-27,2020-10-27,8-K,,submissions
0000024741-20-000050,CORNING INC /NY,0000024741,2020-07-28,2020-07-28,8-K,,submissions
0001193125-20-146615,CORNING INC /NY,0000024741,2020-05-20,2020-05-20,8-K,,submissions
0001193125-20-131044,CORNING INC /NY,0000024741,2020-05-01,2020-04-30,8-K,,submissions
0000024741-20-000022,CORNING INC /NY,0000024741,2020-04-28,2020-04-28,8-K,,submissions
0001193125-20-102107,CORNING INC /NY,0000024741,2020-04-09,2020-04-06,8-K,,submissions
0001193125-20-090987,CORNING INC /NY,0000024741,2020-03-30,2020-03-26,8-K,,submissions
0000024741-20-000009,CORNING INC /NY,0000024741,2020-01-29,2020-01-29,8-K,,submissions
0001193125-19-295623,CORNING INC /NY,0000024741,2019-11-19,2019-11-19,8-K,,submissions
0000024741-19-000057,CORNING INC /NY,0000024741,2019-10-29,2019-10-29,8-K,,submissions
0001193125-19-221065,CORNING INC /NY,0000024741,2019-08-14,2019-08-14,8-K,,submissions
0000024741-19-000048,CORNING INC /NY,0000024741,2019-07-30,2019-07-30,8-K,,submissions
0001193125-19-136741,CORNING INC /NY,0000024741,2019-05-03,2019-05-02,8-K,,submissions
0000024741-19-000020,CORNING INC /NY,0000024741,2019-04-30,2019-04-30,8-K,,submissions
0000024741-19-000010,CORNING INC /NY,0000024741,2019-01-29,2019-01-29,8-K,,submissions
0001535527-23-000024,"CrowdStrike Holdings, Inc.",0001535527,2023-11-28,2023-11-28,8-K,,submissions
0001535527-23-000018,"CrowdStrike Holdings, Inc.",0001535527,2023-08-30,2023-08-30,8-K,,submissions
0001104659-23-073728,"CrowdStrike Holdings, Inc.",0001535527,2023-06-22,2023-06-21,8-K,,submissions
0001535527-23-000012,"CrowdStrike Holdings, Inc.",0001535527,2023-05-31,2023-05-31,8-K,,submissions
0001535527-23-000006,"CrowdStrike Holdings, Inc.",0001535527,2023-03-07,2023-03-07,8-K,,submissions
0001104659-23-028507,"CrowdStrike Holdings, Inc.",0001535527,2023-03-03,2023-03-01,8-K,,submissions
0001104659-23-005624,"CrowdStrike Holdings, Inc.",0001535527,2023-01-23,2023-01-18,8-K,,submissions
0001535527-22-000023,"CrowdStrike Holdings, Inc.",0001535527,2022-11-29,2022-11-29,8-K,,submissions
0001535527-22-000016,"CrowdStrike Holdings, Inc.",0001535527,2022-08-30,2022-08-30,8-K,,submissions
0001104659-22-077774,"CrowdStrike Holdings, Inc.",0001535527,2022-07-06,2022-06-29,8-K,,submissions
0001535527-22-000010,"CrowdStrike Holdings, Inc.",0001535527,2022-06-02,2022-06-02,8-K,,submissions
0001104659-22-044351,"CrowdStrike Holdings, Inc.",0001535527,2022-04-08,2022-04-06,8-K,,submissions
0001535527-22-000004,"CrowdStrike Holdings, Inc.",0001535527,2022-03-09,2022-03-09,8-K,,submissions
0001104659-22-004504,"CrowdStrike Holdings, Inc.",0001535527,2022-01-14,2022-01-12,8-K,,submissions
0001104659-21-154724,"CrowdStrike Holdings, Inc.",0001535527,2021-12-30,2021-12-27,8-K,,submissions
0001535527-21-000026,"CrowdStrike Holdings, Inc.",0001535527,2021-12-01,2021-12-01,8-K,,submissions
0001104659-21-129072,"CrowdStrike Holdings, Inc.",0001535527,2021-10-22,2021-10-20,8-K,,submissions
0001104659-21-117007,"CrowdStrike Holdings, Inc.",0001535527,2021-09-17,2021-09-17,8-K,,submissions
0001535527-21-000017,"CrowdStrike Holdings, Inc.",0001535527,2021-08-31,2021-08-31,8-K,,submissions
0001104659-21-101531,"CrowdStrike Holdings, Inc.",0001535527,2021-08-06,2021-08-04,8-K,,submissions
0001104659-21-089005,"CrowdStrike Holdings, Inc.",0001535527,2021-07-02,2021-06-30,8-K,,submissions
0001535527-21-000011,"CrowdStrike Holdings, Inc.",0001535527,2021-06-03,2021-06-03,8-K,,submissions
0001104659-21-048810,"CrowdStrike Holdings, Inc.",0001535527,2021-04-09,2021-04-06,8-K,,submissions
0001535527-21-000005,"CrowdStrike Holdings, Inc.",0001535527,2021-03-16,2021-03-16,8-K,,submissions
0001104659-21-035670,"CrowdStrike Holdings, Inc.",0001535527,2021-03-12,2021-03-09,8-K,,submissions
0001104659-21-025063,"CrowdStrike Holdings, Inc.",0001535527,2021-02-18,2021-02-18,8-K,,submissions
0001104659-21-005883,"CrowdStrike Holdings, Inc.",0001535527,2021-01-20,2021-01-20,8-K,,submissions
0001104659-21-000959,"CrowdStrike Holdings, Inc.",0001535527,2021-01-05,2021-01-04,8-K,,submissions
0001104659-20-132008,"CrowdStrike Holdings, Inc.",0001535527,2020-12-03,2020-11-30,8-K,,submissions
0001535527-20-000023,"CrowdStrike Holdings, Inc.",0001535527,2020-12-02,2020-12-02,8-K,,submissions
0001104659-20-107900,"CrowdStrike Holdings, Inc.",0001535527,2020-09-24,2020-09-23,8-K,,submissions
0001535527-20-000017,"CrowdStrike Holdings, Inc.",0001535527,2020-09-02,2020-09-02,8-K,,submissions
0001104659-20-082109,"CrowdStrike Holdings, Inc.",0001535527,2020-07-08,2020-07-06,8-K,,submissions
0001104659-20-074711,"CrowdStrike Holdings, Inc.",0001535527,2020-06-18,2020-06-18,8-K,,submissions
0001535527-20-000010,"CrowdStrike Holdings, Inc.",0001535527,2020-06-02,2020-06-02,8-K,,submissions
0001104659-20-045597,"CrowdStrike Holdings, Inc.",0001535527,2020-04-10,2020-04-09,8-K,,submissions
0001535527-20-000004,"CrowdStrike Holdings, Inc.",0001535527,2020-03-19,2020-03-19,8-K,,submissions
0001535527-19-000007,"CrowdStrike Holdings, Inc.",0001535527,2019-12-05,2019-12-05,8-K,,submissions
0001558370-19-008509,"CrowdStrike Holdings, Inc.",0001535527,2019-09-05,2019-09-05,8-K,,submissions
0001558370-19-006148,"CrowdStrike Holdings, Inc.",0001535527,2019-07-18,2019-07-18,8-K,,submissions
0001104659-19-035685,"CrowdStrike Holdings, Inc.",0001535527,2019-06-14,2019-06-14,8-K,,submissions
0000064803-23-000049,CVS HEALTH Corp,0000064803,2023-12-05,2023-12-05,8-K,,submissions
0000064803-23-000046,CVS HEALTH Corp,0000064803,2023-11-01,2023-11-01,8-K,,submissions
0000947871-23-000994,CVS HEALTH Corp,0000064803,2023-10-16,2023-10-13,8-K,,submissions
0000064803-23-000040,CVS HEALTH Corp,0000064803,2023-10-13,2023-10-13,8-K,,submissions
0000947871-23-000948,CVS HEALTH Corp,0000064803,2023-09-21,2023-09-20,8-K,,submissions
0000064803-23-000036,CVS HEALTH Corp,0000064803,2023-09-11,2023-09-11,8-K,,submissions
0000947871-23-000898,CVS HEALTH Corp,0000064803,2023-08-23,2023-08-23,8-K,,submissions
0000947871-23-000871,CVS HEALTH Corp,0000064803,2023-08-17,2023-08-17,8-K,,submissions
0000064803-23-000032,CVS HEALTH Corp,0000064803,2023-08-02,2023-08-02,8-K,,submissions
0000947871-23-000769,CVS HEALTH Corp,0000064803,2023-07-20,2023-07-19,8-K,,submissions
0001193125-23-159832,CVS HEALTH Corp,0000064803,2023-06-02,2023-06-02,8-K,,submissions
0001193125-23-158071,CVS HEALTH Corp,0000064803,2023-06-01,2023-05-30,8-K,,submissions
0000064803-23-000024,CVS HEALTH Corp,0000064803,2023-05-31,2023-05-31,8-K,,submissions
0000064803-23-000021,CVS HEALTH Corp,0000064803,2023-05-25,2023-05-25,8-K,,submissions
0000064803-23-000019,CVS HEALTH Corp,0000064803,2023-05-24,2023-05-18,8-K,,submissions
0000064803-23-000015,CVS HEALTH Corp,0000064803,2023-05-03,2023-05-03,8-K,,submissions
0000947871-23-000511,CVS HEALTH Corp,0000064803,2023-05-02,2023-05-01,8-K,,submissions
0000947871-23-000398,CVS HEALTH Corp,0000064803,2023-03-30,2023-03-30,8-K,,submissions
0001193125-23-043484,CVS HEALTH Corp,0000064803,2023-02-21,2023-02-21,8-K,,submissions
0001193125-23-040200,CVS HEALTH Corp,0000064803,2023-02-15,2023-02-13,8-K,,submissions
0000947871-23-000139,CVS HEALTH Corp,0000064803,2023-02-08,2023-02-08,8-K,,submissions
0000064803-23-000008,CVS HEALTH Corp,0000064803,2023-02-08,2023-02-08,8-K,,submissions
0000947871-23-000133,CVS HEALTH Corp,0000064803,2023-02-08,2023-02-08,8-K,,submissions
0000947871-23-000080,CVS HEALTH Corp,0000064803,2023-01-23,2023-01-18,8-K,,submissions
0000064803-23-000003,CVS HEALTH Corp,0000064803,2023-01-09,2023-01-09,8-K,,submissions
0000947871-22-001199,CVS HEALTH Corp,0000064803,2022-11-21,2022-11-17,8-K,,submissions
0000064803-22-000037,CVS HEALTH Corp,0000064803,2022-11-02,2022-11-02,8-K,,submissions
0001193125-22-265682,CVS HEALTH Corp,0000064803,2022-10-20,2022-10-19,8-K,,submissions
0000947871-22-001055,CVS HEALTH Corp,0000064803,2022-10-06,2022-10-06,8-K,,submissions
0000947871-22-000962,CVS HEALTH Corp,0000064803,2022-09-13,2022-09-12,8-K,,submissions
0000064803-22-000032,CVS HEALTH Corp,0000064803,2022-09-13,2022-09-13,8-K,,submissions
0001193125-22-238311,CVS HEALTH Corp,0000064803,2022-09-06,2022-09-02,8-K,,submissions
0001193125-22-238304,CVS HEALTH Corp,0000064803,2022-09-06,2022-09-02,8-K,,submissions
0000064803-22-000028,CVS HEALTH Corp,0000064803,2022-08-03,2022-08-03,8-K,,submissions
0000947871-22-000819,CVS HEALTH Corp,0000064803,2022-08-02,2022-08-02,8-K,,submissions
0000947871-22-000785,CVS HEALTH Corp,0000064803,2022-07-15,2022-07-15,8-K,,submissions
0000064803-22-000021,CVS HEALTH Corp,0000064803,2022-06-09,2022-06-09,8-K,,submissions
0000064803-22-000018,CVS HEALTH Corp,0000064803,2022-05-16,2022-05-11,8-K,,submissions
0000947871-22-000596,CVS HEALTH Corp,0000064803,2022-05-16,2022-05-16,8-K,,submissions
0000064803-22-000015,CVS HEALTH Corp,0000064803,2022-05-04,2022-05-04,8-K,,submissions
0000947871-22-000426,CVS HEALTH Corp,0000064803,2022-03-30,2022-03-30,8-K,,submissions
0000947871-22-000392,CVS HEALTH Corp,0000064803,2022-03-25,2022-03-21,8-K,,submissions
0000947871-22-000347,CVS HEALTH Corp,0000064803,2022-03-10,2022-03-08,8-K,,submissions
0000064803-22-000007,CVS HEALTH Corp,0000064803,2022-02-09,2022-02-09,8-K,,submissions
0000064803-22-000002,CVS HEALTH Corp,0000064803,2022-01-11,2022-01-11,8-K,,submissions
0000947871-21-001273,CVS HEALTH Corp,0000064803,2021-12-13,2021-12-13,8-K,,submissions
0000064803-21-000036,CVS HEALTH Corp,0000064803,2021-12-09,2021-12-09,8-K,,submissions
0000947871-21-001217,CVS HEALTH Corp,0000064803,2021-11-18,2021-11-17,8-K,,submissions
0000064803-21-000033,CVS HEALTH Corp,0000064803,2021-11-03,2021-11-03,8-K,,submissions
0001193125-21-254013,CVS HEALTH Corp,0000064803,2021-08-23,2021-08-23,8-K,,submissions
0001193125-21-250356,CVS HEALTH Corp,0000064803,2021-08-18,2021-08-18,8-K,,submissions
0001193125-21-243404,CVS HEALTH Corp,0000064803,2021-08-11,2021-08-09,8-K,,submissions
0001193125-21-239928,CVS HEALTH Corp,0000064803,2021-08-09,2021-08-09,8-K,,submissions
0000064803-21-000027,CVS HEALTH Corp,0000064803,2021-08-04,2021-08-04,8-K,,submissions
0000947871-21-000690,CVS HEALTH Corp,0000064803,2021-06-10,2021-06-09,8-K,,submissions
0000947871-21-000575,CVS HEALTH Corp,0000064803,2021-05-18,2021-05-17,8-K,,submissions
0000064803-21-000019,CVS HEALTH Corp,0000064803,2021-05-17,2021-05-13,8-K,,submissions
0000064803-21-000016,CVS HEALTH Corp,0000064803,2021-05-04,2021-05-04,8-K,,submissions
0000064803-21-000010,CVS HEALTH Corp,0000064803,2021-02-16,2021-02-16,8-K,,submissions
0001193125-20-323177,CVS HEALTH Corp,0000064803,2020-12-21,2020-12-21,8-K,,submissions
0001193125-20-319098,CVS HEALTH Corp,0000064803,2020-12-16,2020-12-16,8-K,,submissions
0001193125-20-313889,CVS HEALTH Corp,0000064803,2020-12-09,2020-12-07,8-K,,submissions
0001193125-20-311338,CVS HEALTH Corp,0000064803,2020-12-07,2020-12-07,8-K,,submissions
0000947871-20-000854,CVS HEALTH Corp,0000064803,2020-11-06,2020-11-05,8-K,,submissions
0000064803-20-000040,CVS HEALTH Corp,0000064803,2020-11-06,2020-11-06,8-K,,submissions
0000947871-20-000764,CVS HEALTH Corp,0000064803,2020-09-25,2020-09-25,8-K,,submissions
0000064803-20-000033,CVS HEALTH Corp,0000064803,2020-09-15,2020-09-15,8-K,,submissions
0001193125-20-231317,CVS HEALTH Corp,0000064803,2020-08-26,2020-08-26,8-K,,submissions
0001193125-20-227082,CVS HEALTH Corp,0000064803,2020-08-21,2020-08-21,8-K,,submissions
0001193125-20-220556,CVS HEALTH Corp,0000064803,2020-08-14,2020-08-12,8-K,,submissions
0001193125-20-217104,CVS HEALTH Corp,0000064803,2020-08-12,2020-08-12,8-K,,submissions
0000064803-20-000029,CVS HEALTH Corp,0000064803,2020-08-05,2020-08-05,8-K,,submissions
0000947871-20-000619,CVS HEALTH Corp,0000064803,2020-07-10,2020-07-08,8-K,,submissions
0000064803-20-000019,CVS HEALTH Corp,0000064803,2020-06-10,2020-06-10,8-K,,submissions
0000064803-20-000017,CVS HEALTH Corp,0000064803,2020-05-19,2020-05-14,8-K,,submissions
0000064803-20-000014,CVS HEALTH Corp,0000064803,2020-05-06,2020-05-06,8-K,,submissions
0001193125-20-092890,CVS HEALTH Corp,0000064803,2020-03-31,2020-03-26,8-K,,submissions
0000947871-20-000290,CVS HEALTH Corp,0000064803,2020-03-26,2020-03-26,8-K,,submissions
0000947871-20-000198,CVS HEALTH Corp,0000064803,2020-03-06,2020-03-03,8-K,,submissions
0000947871-20-000109,CVS HEALTH Corp,0000064803,2020-02-12,2020-02-10,8-K,,submissions
0000064803-20-000004,CVS HEALTH Corp,0000064803,2020-02-12,2020-02-12,8-K,,submissions
0000947871-20-000094,CVS HEALTH Corp,0000064803,2020-02-07,2020-02-07,8-K,,submissions
0000947871-20-000064,CVS HEALTH Corp,0000064803,2020-02-03,2020-02-03,8-K,,submissions
0000064803-19-000047,CVS HEALTH Corp,0000064803,2019-11-06,2019-11-06,8-K,,submissions
0000947871-19-000658,CVS HEALTH Corp,0000064803,2019-09-05,2019-09-04,8-K,,submissions
0000947871-19-000641,CVS HEALTH Corp,0000064803,2019-08-29,2019-08-28,8-K,,submissions
0001193125-19-226402,CVS HEALTH Corp,0000064803,2019-08-22,2019-08-21,8-K,,submissions
0001193125-19-224092,CVS HEALTH Corp,0000064803,2019-08-19,2019-08-19,8-K,,submissions
0001193125-19-222479,CVS HEALTH Corp,0000064803,2019-08-15,2019-08-15,8-K,,submissions
0001193125-19-221234,CVS HEALTH Corp,0000064803,2019-08-14,2019-08-14,8-K,,submissions
0001193125-19-219029,CVS HEALTH Corp,0000064803,2019-08-12,2019-08-08,8-K,,submissions
0001193125-19-216135,CVS HEALTH Corp,0000064803,2019-08-08,2019-08-08,8-K,,submissions
0000064803-19-000042,CVS HEALTH Corp,0000064803,2019-08-08,2019-08-08,8-K,,submissions
0000064803-19-000036,CVS HEALTH Corp,0000064803,2019-08-07,2019-08-07,8-K,,submissions
0000064803-19-000024,CVS HEALTH Corp,0000064803,2019-06-04,2019-06-04,8-K,,submissions
0001193125-19-150598,CVS HEALTH Corp,0000064803,2019-05-17,2019-05-16,8-K,,submissions
0000064803-19-000018,CVS HEALTH Corp,0000064803,2019-05-01,2019-05-01,8-K,,submissions
0000064803-19-000006,CVS HEALTH Corp,0000064803,2019-02-20,2019-02-20,8-K,,submissions
0000313616-23-000258,DANAHER CORP /DE/,0000313616,2023-10-24,2023-10-24,8-K,,submissions
0000313616-23-000252,DANAHER CORP /DE/,0000313616,2023-10-02,2023-09-29,8-K,,submissions
0001140361-23-044482,DANAHER CORP /DE/,0000313616,2023-09-19,2023-09-18,8-K,,submissions
0001140361-23-043697,DANAHER CORP /DE/,0000313616,2023-09-12,2023-09-11,8-K,,submissions
0000313616-23-000250,DANAHER CORP /DE/,0000313616,2023-08-31,2023-08-31,8-K,,submissions
0000313616-23-000249,DANAHER CORP /DE/,0000313616,2023-08-31,2023-08-30,8-K,,submissions
0000313616-23-000244,DANAHER CORP /DE/,0000313616,2023-08-15,2023-08-11,8-K,,submissions
0000313616-23-000218,DANAHER CORP /DE/,0000313616,2023-07-25,2023-07-25,8-K,,submissions
0000313616-23-000175,DANAHER CORP /DE/,0000313616,2023-05-11,2023-05-09,8-K,,submissions
0000313616-23-000129,DANAHER CORP /DE/,0000313616,2023-04-25,2023-04-25,8-K,,submissions
0000313616-23-000006,DANAHER CORP /DE/,0000313616,2023-01-24,2023-01-24,8-K,,submissions
0000313616-23-000004,DANAHER CORP /DE/,0000313616,2023-01-18,2023-01-18,8-K,,submissions
0000313616-23-000002,DANAHER CORP /DE/,0000313616,2023-01-09,2023-01-09,8-K,,submissions
0000313616-22-000276,DANAHER CORP /DE/,0000313616,2022-12-07,2022-12-06,8-K,,submissions
0000313616-22-000227,DANAHER CORP /DE/,0000313616,2022-10-20,2022-10-20,8-K,,submissions
0000313616-22-000173,DANAHER CORP /DE/,0000313616,2022-07-21,2022-07-21,8-K,,submissions
0000313616-22-000158,DANAHER CORP /DE/,0000313616,2022-06-29,2022-06-27,8-K,,submissions
0000313616-22-000127,DANAHER CORP /DE/,0000313616,2022-05-12,2022-05-10,8-K,,submissions
0000313616-22-000111,DANAHER CORP /DE/,0000313616,2022-04-21,2022-04-21,8-K,,submissions
0000313616-22-000104,DANAHER CORP /DE/,0000313616,2022-04-01,2022-04-01,8-K,,submissions
0000313616-22-000005,DANAHER CORP /DE/,0000313616,2022-01-27,2022-01-27,8-K,,submissions
0000313616-22-000003,DANAHER CORP /DE/,0000313616,2022-01-11,2022-01-11,8-K,,submissions
0001628280-21-024858,DANAHER CORP /DE/,0000313616,2021-12-10,2021-12-01,8-K,,submissions
0000313616-21-000116,DANAHER CORP /DE/,0000313616,2021-12-08,2021-12-07,8-K,,submissions
0000313616-21-000114,DANAHER CORP /DE/,0000313616,2021-10-21,2021-10-21,8-K,,submissions
0000313616-21-000108,DANAHER CORP /DE/,0000313616,2021-09-15,2021-09-14,8-K,,submissions
0000313616-21-000106,DANAHER CORP /DE/,0000313616,2021-08-24,2021-08-24,8-K,,submissions
0000313616-21-000104,DANAHER CORP /DE/,0000313616,2021-07-26,2021-07-26,8-K,,submissions
0000313616-21-000102,DANAHER CORP /DE/,0000313616,2021-07-22,2021-07-22,8-K,,submissions
0000313616-21-000096,DANAHER CORP /DE/,0000313616,2021-07-13,2021-07-13,8-K,,submissions
0000313616-21-000074,DANAHER CORP /DE/,0000313616,2021-05-13,2021-05-12,8-K,,submissions
0000313616-21-000072,DANAHER CORP /DE/,0000313616,2021-05-07,2021-05-05,8-K,,submissions
0000313616-21-000061,DANAHER CORP /DE/,0000313616,2021-04-22,2021-04-22,8-K,,submissions
0000313616-21-000057,DANAHER CORP /DE/,0000313616,2021-04-13,2021-04-13,8-K,,submissions
0000313616-21-000006,DANAHER CORP /DE/,0000313616,2021-01-28,2021-01-28,8-K,,submissions
0000313616-21-000004,DANAHER CORP /DE/,0000313616,2021-01-13,2021-01-13,8-K,,submissions
0000313616-20-000144,DANAHER CORP /DE/,0000313616,2020-10-22,2020-10-22,8-K,,submissions
0001628280-20-014349,DANAHER CORP /DE/,0000313616,2020-10-06,2020-09-29,8-K,,submissions
0000313616-20-000123,DANAHER CORP /DE/,0000313616,2020-07-23,2020-07-23,8-K,,submissions
0001193125-20-165131,DANAHER CORP /DE/,0000313616,2020-06-10,2020-06-05,8-K,,submissions
0001628280-20-007564,DANAHER CORP /DE/,0000313616,2020-05-12,2020-05-12,8-K,,submissions
0000313616-20-000091,DANAHER CORP /DE/,0000313616,2020-05-06,2020-05-06,8-K,,submissions
0000313616-20-000089,DANAHER CORP /DE/,0000313616,2020-05-06,2020-05-05,8-K,,submissions
0000313616-20-000081,DANAHER CORP /DE/,0000313616,2020-04-13,2020-04-13,8-K,,submissions
0001628280-20-004813,DANAHER CORP /DE/,0000313616,2020-04-08,2020-04-03,8-K,,submissions
0000313616-20-000079,DANAHER CORP /DE/,0000313616,2020-04-01,2020-03-31,8-K,,submissions
0001193125-20-090923,DANAHER CORP /DE/,0000313616,2020-03-30,2020-03-25,8-K,,submissions
0000313616-20-000065,DANAHER CORP /DE/,0000313616,2020-03-06,2020-03-02,8-K,,submissions
0000313616-20-000042,DANAHER CORP /DE/,0000313616,2020-02-21,2020-02-19,8-K,,submissions
0000313616-20-000005,DANAHER CORP /DE/,0000313616,2020-01-30,2020-01-30,8-K,,submissions
0000313616-20-000002,DANAHER CORP /DE/,0000313616,2020-01-13,2020-01-13,8-K,,submissions
0000313616-19-000176,DANAHER CORP /DE/,0000313616,2019-12-18,2019-12-18,8-K,,submissions
0000313616-19-000174,DANAHER CORP /DE/,0000313616,2019-12-18,2019-12-18,8-K,,submissions
0000313616-19-000170,DANAHER CORP /DE/,0000313616,2019-12-02,2019-12-02,8-K,,submissions
0000313616-19-000157,DANAHER CORP /DE/,0000313616,2019-11-13,2019-11-13,8-K,,submissions
0001193125-19-287312,DANAHER CORP /DE/,0000313616,2019-11-07,2019-11-07,8-K,,submissions
0001193125-19-279253,DANAHER CORP /DE/,0000313616,2019-10-31,2019-10-29,8-K,,submissions
0000313616-19-000150,DANAHER CORP /DE/,0000313616,2019-10-24,2019-10-24,8-K,,submissions
0000313616-19-000146,DANAHER CORP /DE/,0000313616,2019-09-20,2019-09-19,8-K,,submissions
0001193125-19-247354,DANAHER CORP /DE/,0000313616,2019-09-18,2019-09-18,8-K,,submissions
0001193125-19-238057,DANAHER CORP /DE/,0000313616,2019-09-05,2019-09-03,8-K,,submissions
0001193125-19-234046,DANAHER CORP /DE/,0000313616,2019-08-29,2019-08-27,8-K,,submissions
0000313616-19-000129,DANAHER CORP /DE/,0000313616,2019-07-18,2019-07-18,8-K,,submissions
0000313616-19-000083,DANAHER CORP /DE/,0000313616,2019-05-08,2019-05-07,8-K,,submissions
0000313616-19-000070,DANAHER CORP /DE/,0000313616,2019-04-18,2019-04-18,8-K,,submissions
0001193125-19-061189,DANAHER CORP /DE/,0000313616,2019-03-01,2019-02-26,8-K,,submissions
0001193125-19-049954,DANAHER CORP /DE/,0000313616,2019-02-25,2019-02-25,8-K,,submissions
0000313616-19-000006,DANAHER CORP /DE/,0000313616,2019-01-29,2019-01-29,8-K,,submissions
0000313616-19-000004,DANAHER CORP /DE/,0000313616,2019-01-08,2019-01-07,8-K,,submissions
0001561550-23-000053,"Datadog, Inc.",0001561550,2023-11-07,2023-11-07,8-K,,submissions
0001561550-23-000035,"Datadog, Inc.",0001561550,2023-08-08,2023-08-08,8-K,,submissions
0001561550-23-000031,"Datadog, Inc.",0001561550,2023-06-09,2023-06-08,8-K,,submissions
0001561550-23-000020,"Datadog, Inc.",0001561550,2023-05-04,2023-05-04,8-K,,submissions
0001561550-23-000003,"Datadog, Inc.",0001561550,2023-02-16,2023-02-16,8-K,,submissions
0001561550-22-000043,"Datadog, Inc.",0001561550,2022-11-03,2022-11-03,8-K,,submissions
0001561550-22-000033,"Datadog, Inc.",0001561550,2022-08-04,2022-08-04,8-K,,submissions
0001561550-22-000029,"Datadog, Inc.",0001561550,2022-06-03,2022-06-02,8-K,,submissions
0001561550-22-000023,"Datadog, Inc.",0001561550,2022-05-05,2022-05-05,8-K,,submissions
0001561550-22-000004,"Datadog, Inc.",0001561550,2022-02-10,2022-02-10,8-K,,submissions
0001561550-21-000024,"Datadog, Inc.",0001561550,2021-11-04,2021-11-04,8-K,,submissions
0001561550-21-000015,"Datadog, Inc.",0001561550,2021-08-05,2021-08-05,8-K,,submissions
0001561550-21-000010,"Datadog, Inc.",0001561550,2021-06-16,2021-06-10,8-K,,submissions
0001561550-21-000004,"Datadog, Inc.",0001561550,2021-05-06,2021-05-06,8-K,,submissions
0001564590-21-005553,"Datadog, Inc.",0001561550,2021-02-11,2021-02-11,8-K,,submissions
0001564590-20-052986,"Datadog, Inc.",0001561550,2020-11-10,2020-11-10,8-K,,submissions
0001564590-20-037808,"Datadog, Inc.",0001561550,2020-08-06,2020-08-06,8-K,,submissions
0001193125-20-169581,"Datadog, Inc.",0001561550,2020-06-15,2020-06-11,8-K,,submissions
0001193125-20-158639,"Datadog, Inc.",0001561550,2020-06-02,2020-05-28,8-K,,submissions
0001564590-20-024231,"Datadog, Inc.",0001561550,2020-05-11,2020-05-11,8-K,,submissions
0001564590-20-004607,"Datadog, Inc.",0001561550,2020-02-13,2020-02-13,8-K,,submissions
0001193125-19-308325,"Datadog, Inc.",0001561550,2019-12-06,2019-12-06,8-K,,submissions
0001564590-19-042935,"Datadog, Inc.",0001561550,2019-11-12,2019-11-12,8-K,,submissions
0001193125-19-252279,"Datadog, Inc.",0001561550,2019-09-23,2019-09-23,8-K,,submissions
0000927066-23-000207,DAVITA INC.,0000927066,2023-11-07,2023-11-07,8-K,,submissions
0000927066-23-000175,DAVITA INC.,0000927066,2023-08-03,2023-08-03,8-K,,submissions
0000927066-23-000170,DAVITA INC.,0000927066,2023-07-25,2023-07-19,8-K,,submissions
0000927066-23-000162,DAVITA INC.,0000927066,2023-07-13,2023-07-12,8-K,,submissions
0000927066-23-000152,DAVITA INC.,0000927066,2023-06-08,2023-06-06,8-K,,submissions
0000927066-23-000102,DAVITA INC.,0000927066,2023-05-08,2023-05-08,8-K,,submissions
0000927066-23-000096,DAVITA INC.,0000927066,2023-05-01,2023-04-28,8-K,,submissions
0000927066-23-000070,DAVITA INC.,0000927066,2023-03-21,2023-03-15,8-K,,submissions
0000927066-23-000009,DAVITA INC.,0000927066,2023-02-22,2023-02-22,8-K,,submissions
0000927066-22-000164,DAVITA INC.,0000927066,2022-10-28,2022-10-28,8-K,,submissions
0000927066-22-000160,DAVITA INC.,0000927066,2022-10-18,2022-10-14,8-K,,submissions
0000927066-22-000152,DAVITA INC.,0000927066,2022-09-13,2022-09-08,8-K,,submissions
0000927066-22-000131,DAVITA INC.,0000927066,2022-08-01,2022-08-01,8-K,,submissions
0000927066-22-000121,DAVITA INC.,0000927066,2022-06-14,2022-06-09,8-K,,submissions
0000927066-22-000110,DAVITA INC.,0000927066,2022-05-26,2022-05-25,8-K,,submissions
0000927066-22-000075,DAVITA INC.,0000927066,2022-05-05,2022-05-05,8-K,,submissions
0000927066-22-000046,DAVITA INC.,0000927066,2022-04-08,2022-04-06,8-K,,submissions
0000927066-22-000006,DAVITA INC.,0000927066,2022-02-10,2022-02-10,8-K,,submissions
0000927066-22-000002,DAVITA INC.,0000927066,2022-02-09,2022-02-09,8-K,,submissions
0000927066-21-000189,DAVITA INC.,0000927066,2021-12-17,2021-12-17,8-K,,submissions
0000927066-21-000164,DAVITA INC.,0000927066,2021-10-28,2021-10-28,8-K,,submissions
0000927066-21-000159,DAVITA INC.,0000927066,2021-09-09,2021-09-09,8-K,,submissions
0000927066-21-000135,DAVITA INC.,0000927066,2021-08-03,2021-08-03,8-K,,submissions
0000927066-21-000127,DAVITA INC.,0000927066,2021-06-14,2021-06-10,8-K,,submissions
0000927066-21-000117,DAVITA INC.,0000927066,2021-05-21,2021-05-19,8-K,,submissions
0000927066-21-000072,DAVITA INC.,0000927066,2021-04-29,2021-04-29,8-K,,submissions
0000927066-21-000032,DAVITA INC.,0000927066,2021-03-09,2021-03-09,8-K,,submissions
0000927066-21-000022,DAVITA INC.,0000927066,2021-02-26,2021-02-26,8-K,,submissions
0000927066-21-000019,DAVITA INC.,0000927066,2021-02-25,2021-02-24,8-K,,submissions
0000927066-21-000016,DAVITA INC.,0000927066,2021-02-24,2021-02-24,8-K,,submissions
0000927066-21-000004,DAVITA INC.,0000927066,2021-02-11,2021-02-11,8-K,,submissions
0000927066-20-000266,DAVITA INC.,0000927066,2020-12-10,2020-12-09,8-K,,submissions
0000927066-20-000219,DAVITA INC.,0000927066,2020-11-13,2020-11-06,8-K,,submissions
0000927066-20-000213,DAVITA INC.,0000927066,2020-10-29,2020-10-29,8-K,,submissions
0000927066-20-000209,DAVITA INC.,0000927066,2020-10-05,2020-10-01,8-K,,submissions
0001193125-20-241042,DAVITA INC.,0000927066,2020-09-08,2020-09-07,8-K,,submissions
0001193125-20-221701,DAVITA INC.,0000927066,2020-08-17,2020-08-17,8-K,,submissions
0000927066-20-000177,DAVITA INC.,0000927066,2020-08-11,2020-08-11,8-K,,submissions
0000927066-20-000174,DAVITA INC.,0000927066,2020-08-11,2020-08-10,8-K,,submissions
0000927066-20-000171,DAVITA INC.,0000927066,2020-08-07,2020-08-06,8-K,,submissions
0000927066-20-000167,DAVITA INC.,0000927066,2020-08-06,2020-08-06,8-K,,submissions
0000927066-20-000162,DAVITA INC.,0000927066,2020-07-30,2020-07-30,8-K,,submissions
0000927066-20-000148,DAVITA INC.,0000927066,2020-06-17,2020-06-11,8-K,,submissions
0000927066-20-000125,DAVITA INC.,0000927066,2020-06-09,2020-06-09,8-K,,submissions
0000927066-20-000112,DAVITA INC.,0000927066,2020-05-27,2020-05-26,8-K,,submissions
0000927066-20-000109,DAVITA INC.,0000927066,2020-05-26,2020-05-26,8-K,,submissions
0000927066-20-000071,DAVITA INC.,0000927066,2020-05-05,2020-05-05,8-K,,submissions
0000927066-20-000061,DAVITA INC.,0000927066,2020-04-13,2020-04-13,8-K,,submissions
0000927066-20-000057,DAVITA INC.,0000927066,2020-03-23,2020-03-23,8-K,,submissions
0000927066-20-000023,DAVITA INC.,0000927066,2020-03-16,2020-03-10,8-K,,submissions
0000927066-20-000010,DAVITA INC.,0000927066,2020-02-10,2020-02-10,8-K,,submissions
0000927066-20-000005,DAVITA INC.,0000927066,2020-01-24,2020-01-23,8-K,,submissions
0000927066-19-000172,DAVITA INC.,0000927066,2019-11-05,2019-11-05,8-K,,submissions
0000927066-19-000160,DAVITA INC.,0000927066,2019-10-29,2019-10-26,8-K,,submissions
0000927066-19-000137,DAVITA INC.,0000927066,2019-08-14,2019-08-12,8-K,,submissions
0000927066-19-000131,DAVITA INC.,0000927066,2019-08-01,2019-08-01,8-K,,submissions
0001193125-19-198406,DAVITA INC.,0000927066,2019-07-22,2019-07-22,8-K,,submissions
0000927066-19-000116,DAVITA INC.,0000927066,2019-06-21,2019-06-17,8-K,,submissions
0000927066-19-000111,DAVITA INC.,0000927066,2019-06-20,2019-06-20,8-K,,submissions
0000927066-19-000108,DAVITA INC.,0000927066,2019-06-19,2019-06-19,8-K,,submissions
0000927066-19-000058,DAVITA INC.,0000927066,2019-05-07,2019-05-07,8-K,,submissions
0001193125-19-123788,DAVITA INC.,0000927066,2019-04-29,2019-04-27,8-K,,submissions
0000927066-19-000022,DAVITA INC.,0000927066,2019-02-13,2019-02-13,8-K,,submissions
0001193125-23-297664,Dell Technologies Inc.,0001571996,2023-12-18,2023-12-15,8-K,,submissions
0001571996-23-000042,Dell Technologies Inc.,0001571996,2023-12-05,2023-12-01,8-K,,submissions
0001193125-23-288428,Dell Technologies Inc.,0001571996,2023-12-04,2023-12-04,8-K,,submissions
0001571996-23-000039,Dell Technologies Inc.,0001571996,2023-11-30,2023-11-30,8-K,,submissions
0001193125-23-251131,Dell Technologies Inc.,0001571996,2023-10-05,2023-10-05,8-K,,submissions
0001571996-23-000034,Dell Technologies Inc.,0001571996,2023-09-26,2023-09-20,8-K,,submissions
0001571996-23-000029,Dell Technologies Inc.,0001571996,2023-08-31,2023-08-31,8-K,,submissions
0001571996-23-000024,Dell Technologies Inc.,0001571996,2023-07-28,2023-07-27,8-K,,submissions
0001193125-23-186639,Dell Technologies Inc.,0001571996,2023-07-13,2023-07-11,8-K,,submissions
0001193125-23-180570,Dell Technologies Inc.,0001571996,2023-06-30,2023-06-29,8-K,,submissions
0001571996-23-000021,Dell Technologies Inc.,0001571996,2023-06-22,2023-06-20,8-K,,submissions
0001193125-23-167472,Dell Technologies Inc.,0001571996,2023-06-15,2023-06-15,8-K,,submissions
0001571996-23-000014,Dell Technologies Inc.,0001571996,2023-06-01,2023-06-01,8-K,,submissions
0001571996-23-000002,Dell Technologies Inc.,0001571996,2023-03-02,2023-02-26,8-K,,submissions
0001193125-23-024781,Dell Technologies Inc.,0001571996,2023-02-06,2023-02-06,8-K,,submissions
0001193125-23-014260,Dell Technologies Inc.,0001571996,2023-01-24,2023-01-24,8-K,,submissions
0001193125-23-006528,Dell Technologies Inc.,0001571996,2023-01-11,2023-01-09,8-K,,submissions
0001571996-22-000041,Dell Technologies Inc.,0001571996,2022-11-21,2022-11-21,8-K,,submissions
0001571996-22-000038,Dell Technologies Inc.,0001571996,2022-11-16,2022-11-15,8-K,,submissions
0001571996-22-000028,Dell Technologies Inc.,0001571996,2022-08-25,2022-08-25,8-K,,submissions
0001193125-22-196334,Dell Technologies Inc.,0001571996,2022-07-18,2022-07-18,8-K,,submissions
0001571996-22-000025,Dell Technologies Inc.,0001571996,2022-06-29,2022-06-27,8-K,,submissions
0001571996-22-000013,Dell Technologies Inc.,0001571996,2022-05-26,2022-05-26,8-K,,submissions
0001571996-22-000004,Dell Technologies Inc.,0001571996,2022-02-24,2022-02-24,8-K,,submissions
0001193125-21-362482,Dell Technologies Inc.,0001571996,2021-12-20,2021-12-20,8-K,,submissions
0001193125-21-357927,Dell Technologies Inc.,0001571996,2021-12-15,2021-12-13,8-K,,submissions
0001193125-21-349218,Dell Technologies Inc.,0001571996,2021-12-07,2021-12-06,8-K,,submissions
0001571996-21-000060,Dell Technologies Inc.,0001571996,2021-11-23,2021-11-23,8-K,,submissions
0001193125-21-315488,Dell Technologies Inc.,0001571996,2021-11-01,2021-10-29,8-K,,submissions
0001571996-21-000052,Dell Technologies Inc.,0001571996,2021-11-01,2021-10-29,8-K,,submissions
0001193125-21-304052,Dell Technologies Inc.,0001571996,2021-10-21,2021-10-15,8-K,,submissions
0001571996-21-000050,Dell Technologies Inc.,0001571996,2021-10-19,2021-10-19,8-K,,submissions
0001193125-21-294210,Dell Technologies Inc.,0001571996,2021-10-07,2021-10-07,8-K,,submissions
0001571996-21-000047,Dell Technologies Inc.,0001571996,2021-09-30,2021-09-30,8-K,,submissions
0001571996-21-000045,Dell Technologies Inc.,0001571996,2021-09-27,2021-09-23,8-K,,submissions
0001193125-21-280190,Dell Technologies Inc.,0001571996,2021-09-23,2021-09-23,8-K,,submissions
0001193125-21-276810,Dell Technologies Inc.,0001571996,2021-09-20,2021-09-20,8-K,,submissions
0001571996-21-000037,Dell Technologies Inc.,0001571996,2021-08-26,2021-08-26,8-K,,submissions
0001571996-21-000034,Dell Technologies Inc.,0001571996,2021-07-01,2021-06-28,8-K,,submissions
0001571996-21-000031,Dell Technologies Inc.,0001571996,2021-06-24,2021-06-22,8-K,,submissions
0001193125-21-197644,Dell Technologies Inc.,0001571996,2021-06-24,2021-06-24,8-K,,submissions
0001571996-21-000029,Dell Technologies Inc.,0001571996,2021-06-16,2021-06-15,8-K,,submissions
0001571996-21-000019,Dell Technologies Inc.,0001571996,2021-05-27,2021-05-27,8-K,,submissions
0001571996-21-000010,Dell Technologies Inc.,0001571996,2021-05-03,2021-05-01,8-K,,submissions
0001193125-21-116271,Dell Technologies Inc.,0001571996,2021-04-14,2021-04-14,8-K,,submissions
0001571996-21-000003,Dell Technologies Inc.,0001571996,2021-02-25,2021-02-25,8-K,,submissions
0001193125-21-047844,Dell Technologies Inc.,0001571996,2021-02-18,2021-02-18,8-K,,submissions
0001571996-20-000048,Dell Technologies Inc.,0001571996,2020-11-24,2020-11-24,8-K,,submissions
0001571996-20-000041,Dell Technologies Inc.,0001571996,2020-08-27,2020-08-27,8-K,,submissions
0001571996-20-000037,Dell Technologies Inc.,0001571996,2020-07-02,2020-06-29,8-K,,submissions
0001571996-20-000028,Dell Technologies Inc.,0001571996,2020-05-28,2020-05-28,8-K,,submissions
0001193125-20-102602,Dell Technologies Inc.,0001571996,2020-04-09,2020-04-09,8-K,,submissions
0001571996-20-000021,Dell Technologies Inc.,0001571996,2020-04-08,2020-04-07,8-K,,submissions
0001571996-20-000019,Dell Technologies Inc.,0001571996,2020-04-03,2020-04-03,8-K,,submissions
0001571996-20-000015,Dell Technologies Inc.,0001571996,2020-03-26,2020-03-26,8-K,,submissions
0001571996-20-000009,Dell Technologies Inc.,0001571996,2020-02-27,2020-02-24,8-K,,submissions
0001571996-20-000005,Dell Technologies Inc.,0001571996,2020-02-18,2020-02-18,8-K,,submissions
0001571996-20-000002,Dell Technologies Inc.,0001571996,2020-01-09,2020-01-08,8-K,,submissions
0001193125-20-002200,Dell Technologies Inc.,0001571996,2020-01-06,2019-12-30,8-K,,submissions
0001193125-19-313947,Dell Technologies Inc.,0001571996,2019-12-13,2019-12-11,8-K,,submissions
0001571996-19-000052,Dell Technologies Inc.,0001571996,2019-12-10,2019-12-09,8-K,,submissions
0001571996-19-000044,Dell Technologies Inc.,0001571996,2019-12-02,2019-12-02,8-K,,submissions
0001571996-19-000042,Dell Technologies Inc.,0001571996,2019-11-26,2019-11-26,8-K,,submissions
0001193125-19-252192,Dell Technologies Inc.,0001571996,2019-09-23,2019-09-19,8-K,,submissions
0001571996-19-000036,Dell Technologies Inc.,0001571996,2019-08-29,2019-08-29,8-K,,submissions
0001193125-19-226939,Dell Technologies Inc.,0001571996,2019-08-22,2019-08-22,8-K,,submissions
0001571996-19-000032,Dell Technologies Inc.,0001571996,2019-07-11,2019-07-09,8-K,,submissions
0001571996-19-000030,Dell Technologies Inc.,0001571996,2019-07-03,2019-06-28,8-K,,submissions
0001571996-19-000028,Dell Technologies Inc.,0001571996,2019-06-27,2019-06-24,8-K,,submissions
0001571996-19-000021,Dell Technologies Inc.,0001571996,2019-05-30,2019-05-30,8-K,,submissions
0001571996-19-000010,Dell Technologies Inc.,0001571996,2019-04-02,2019-04-02,8-K,,submissions
0001193125-19-082281,Dell Technologies Inc.,0001571996,2019-03-21,2019-03-20,8-K,,submissions
0001571996-19-000005,Dell Technologies Inc.,0001571996,2019-03-19,2019-03-15,8-K,,submissions
0001193125-19-074935,Dell Technologies Inc.,0001571996,2019-03-14,2019-03-13,8-K,,submissions
0001193125-19-066045,Dell Technologies Inc.,0001571996,2019-03-07,2019-03-06,8-K,,submissions
0001571996-19-000002,Dell Technologies Inc.,0001571996,2019-02-28,2019-02-28,8-K,,submissions
0001093557-23-000222,DEXCOM INC,0001093557,2023-11-02,2023-10-31,8-K,,submissions
0001093557-23-000219,DEXCOM INC,0001093557,2023-10-26,2023-10-26,8-K,,submissions
0001093557-23-000218,DEXCOM INC,0001093557,2023-10-26,2023-10-24,8-K,,submissions
0001093557-23-000191,DEXCOM INC,0001093557,2023-08-28,2023-08-24,8-K,,submissions
0001093557-23-000173,DEXCOM INC,0001093557,2023-07-27,2023-07-27,8-K,,submissions
0001093557-23-000157,DEXCOM INC,0001093557,2023-06-26,2023-06-23,8-K,,submissions
0001193125-23-149463,DEXCOM INC,0001093557,2023-05-19,2023-05-18,8-K,,submissions
0001193125-23-137248,DEXCOM INC,0001093557,2023-05-05,2023-05-02,8-K,,submissions
0001193125-23-133137,DEXCOM INC,0001093557,2023-05-03,2023-05-03,8-K,,submissions
0001193125-23-131265,DEXCOM INC,0001093557,2023-05-02,2023-05-02,8-K,,submissions
0001093557-23-000117,DEXCOM INC,0001093557,2023-04-27,2023-04-27,8-K,,submissions
0001093557-23-000022,DEXCOM INC,0001093557,2023-02-09,2023-02-09,8-K,,submissions
0001093557-23-000004,DEXCOM INC,0001093557,2023-01-09,2023-01-09,8-K,,submissions
0001093557-22-000170,DEXCOM INC,0001093557,2022-10-27,2022-10-27,8-K,,submissions
0001193125-22-235278,DEXCOM INC,0001093557,2022-08-31,2022-08-25,8-K,,submissions
0001093557-22-000151,DEXCOM INC,0001093557,2022-08-05,2022-08-01,8-K,,submissions
0001093557-22-000145,DEXCOM INC,0001093557,2022-07-28,2022-07-26,8-K,,submissions
0001093557-22-000142,DEXCOM INC,0001093557,2022-07-28,2022-07-28,8-K,,submissions
0001193125-22-190521,DEXCOM INC,0001093557,2022-07-08,2022-07-05,8-K,,submissions
0001193125-22-171920,DEXCOM INC,0001093557,2022-06-10,2022-06-10,8-K,,submissions
0001193125-22-155671,DEXCOM INC,0001093557,2022-05-20,2022-05-19,8-K,,submissions
0001093557-22-000096,DEXCOM INC,0001093557,2022-04-28,2022-04-28,8-K,,submissions
0001093557-22-000010,DEXCOM INC,0001093557,2022-02-10,2022-02-10,8-K,,submissions
0001193125-22-005104,DEXCOM INC,0001093557,2022-01-10,2022-01-10,8-K,,submissions
0001093557-21-000293,DEXCOM INC,0001093557,2021-12-17,2021-12-15,8-K,,submissions
0001193125-21-336940,DEXCOM INC,0001093557,2021-11-22,2021-11-22,8-K,,submissions
0001093557-21-000246,DEXCOM INC,0001093557,2021-10-28,2021-10-28,8-K,,submissions
0001193125-21-298744,DEXCOM INC,0001093557,2021-10-14,2021-10-13,8-K,,submissions
0001093557-21-000227,DEXCOM INC,0001093557,2021-09-14,2021-09-09,8-K,,submissions
0001193125-21-270913,DEXCOM INC,0001093557,2021-09-13,2021-09-08,8-K,,submissions
0001093557-21-000190,DEXCOM INC,0001093557,2021-07-29,2021-07-29,8-K,,submissions
0001193125-21-205018,DEXCOM INC,0001093557,2021-07-01,2021-06-30,8-K,,submissions
0001193125-21-169442,DEXCOM INC,0001093557,2021-05-21,2021-05-20,8-K,,submissions
0001093557-21-000125,DEXCOM INC,0001093557,2021-04-29,2021-04-29,8-K,,submissions
0001093557-21-000089,DEXCOM INC,0001093557,2021-03-23,2021-03-19,8-K,,submissions
0001093557-21-000084,DEXCOM INC,0001093557,2021-03-17,2021-03-11,8-K,,submissions
0001093557-21-000022,DEXCOM INC,0001093557,2021-02-11,2021-02-11,8-K,,submissions
0001193125-21-005793,DEXCOM INC,0001093557,2021-01-11,2021-01-11,8-K,,submissions
0001193125-20-314878,DEXCOM INC,0001093557,2020-12-10,2020-12-04,8-K,,submissions
0001093557-20-000292,DEXCOM INC,0001093557,2020-10-27,2020-10-27,8-K,,submissions
0001193125-20-277129,DEXCOM INC,0001093557,2020-10-26,2020-10-20,8-K,,submissions
0001093557-20-000278,DEXCOM INC,0001093557,2020-10-13,2020-10-11,8-K,,submissions
0001193125-20-242202,DEXCOM INC,0001093557,2020-09-09,2020-09-03,8-K,,submissions
0001193125-20-217131,DEXCOM INC,0001093557,2020-08-12,2020-08-11,8-K,,submissions
0001093557-20-000215,DEXCOM INC,0001093557,2020-07-28,2020-07-28,8-K,,submissions
0001193125-20-182596,DEXCOM INC,0001093557,2020-06-29,2020-06-29,8-K,,submissions
0001193125-20-150279,DEXCOM INC,0001093557,2020-05-22,2020-05-21,8-K,,submissions
0001193125-20-143408,DEXCOM INC,0001093557,2020-05-15,2020-05-11,8-K,,submissions
0001193125-20-139830,DEXCOM INC,0001093557,2020-05-12,2020-05-12,8-K,,submissions
0001193125-20-138228,DEXCOM INC,0001093557,2020-05-11,2020-05-11,8-K,,submissions
0001093557-20-000140,DEXCOM INC,0001093557,2020-04-28,2020-04-28,8-K,,submissions
0001093557-20-000054,DEXCOM INC,0001093557,2020-03-10,2020-03-10,8-K,,submissions
0001093557-20-000028,DEXCOM INC,0001093557,2020-02-13,2020-02-13,8-K,,submissions
0001193125-20-005913,DEXCOM INC,0001093557,2020-01-13,2020-01-13,8-K,,submissions
0001093557-19-000235,DEXCOM INC,0001093557,2019-11-06,2019-11-06,8-K,,submissions
0001093557-19-000209,DEXCOM INC,0001093557,2019-09-18,2019-09-13,8-K,,submissions
0001093557-19-000179,DEXCOM INC,0001093557,2019-07-31,2019-07-31,8-K,,submissions
0001093557-19-000137,DEXCOM INC,0001093557,2019-06-04,2019-06-04,8-K,,submissions
0001093557-19-000118,DEXCOM INC,0001093557,2019-05-01,2019-05-01,8-K,,submissions
0001093557-19-000106,DEXCOM INC,0001093557,2019-04-24,2019-04-24,8-K,,submissions
0001093557-19-000039,DEXCOM INC,0001093557,2019-02-21,2019-02-21,8-K,,submissions
0001193125-19-003192,DEXCOM INC,0001093557,2019-01-07,2019-01-07,8-K,,submissions
0001099800-23-000042,Edwards Lifesciences Corp,0001099800,2023-12-07,2023-12-07,8-K,,submissions
0001099800-23-000037,Edwards Lifesciences Corp,0001099800,2023-10-25,2023-10-25,8-K,,submissions
0001099800-23-000032,Edwards Lifesciences Corp,0001099800,2023-07-26,2023-07-26,8-K,,submissions
0001193125-23-144564,Edwards Lifesciences Corp,0001099800,2023-05-15,2023-05-11,8-K,,submissions
0001099800-23-000019,Edwards Lifesciences Corp,0001099800,2023-04-26,2023-04-26,8-K,,submissions
0001193125-23-043538,Edwards Lifesciences Corp,0001099800,2023-02-21,2023-02-16,8-K,,submissions
0001099800-23-000003,Edwards Lifesciences Corp,0001099800,2023-01-31,2023-01-31,8-K,,submissions
0001193125-22-301136,Edwards Lifesciences Corp,0001099800,2022-12-08,2022-12-06,8-K,,submissions
0001193125-22-274553,Edwards Lifesciences Corp,0001099800,2022-11-01,2022-11-01,8-K,,submissions
0001099800-22-000023,Edwards Lifesciences Corp,0001099800,2022-10-27,2022-10-27,8-K,,submissions
0001099800-22-000016,Edwards Lifesciences Corp,0001099800,2022-07-28,2022-07-28,8-K,,submissions
0001193125-22-199173,Edwards Lifesciences Corp,0001099800,2022-07-21,2022-07-15,8-K,,submissions
0001193125-22-140622,Edwards Lifesciences Corp,0001099800,2022-05-04,2022-05-03,8-K,,submissions
0001099800-22-000007,Edwards Lifesciences Corp,0001099800,2022-04-26,2022-04-26,8-K,,submissions
0001099800-22-000002,Edwards Lifesciences Corp,0001099800,2022-01-26,2022-01-26,8-K,,submissions
0001099800-21-000024,Edwards Lifesciences Corp,0001099800,2021-10-27,2021-10-27,8-K,,submissions
0001099800-21-000020,Edwards Lifesciences Corp,0001099800,2021-07-29,2021-07-29,8-K,,submissions
0001193125-21-216533,Edwards Lifesciences Corp,0001099800,2021-07-15,2021-07-15,8-K,,submissions
0001193125-21-151848,Edwards Lifesciences Corp,0001099800,2021-05-05,2021-05-04,8-K,,submissions
0001099800-21-000010,Edwards Lifesciences Corp,0001099800,2021-04-20,2021-04-20,8-K,,submissions
0001099800-21-000004,Edwards Lifesciences Corp,0001099800,2021-01-27,2021-01-27,8-K,,submissions
0001099800-20-000022,Edwards Lifesciences Corp,0001099800,2020-10-22,2020-10-21,8-K,,submissions
0001099800-20-000017,Edwards Lifesciences Corp,0001099800,2020-07-23,2020-07-23,8-K,,submissions
0001193125-20-193022,Edwards Lifesciences Corp,0001099800,2020-07-15,2020-07-13,8-K,,submissions
0001193125-20-191882,Edwards Lifesciences Corp,0001099800,2020-07-13,2020-07-13,8-K,,submissions
0001193125-20-137597,Edwards Lifesciences Corp,0001099800,2020-05-08,2020-05-07,8-K,,submissions
0001099800-20-000007,Edwards Lifesciences Corp,0001099800,2020-04-23,2020-04-23,8-K,,submissions
0001099800-20-000002,Edwards Lifesciences Corp,0001099800,2020-01-30,2020-01-30,8-K,,submissions
0001099800-19-000022,Edwards Lifesciences Corp,0001099800,2019-10-23,2019-10-23,8-K,,submissions
0001099800-19-000017,Edwards Lifesciences Corp,0001099800,2019-07-23,2019-07-23,8-K,,submissions
0001193125-19-141632,Edwards Lifesciences Corp,0001099800,2019-05-08,2019-05-02,8-K,,submissions
0001099800-19-000008,Edwards Lifesciences Corp,0001099800,2019-04-23,2019-04-23,8-K,,submissions
0001099800-19-000002,Edwards Lifesciences Corp,0001099800,2019-01-31,2019-01-31,8-K,,submissions
0001193125-19-009348,Edwards Lifesciences Corp,0001099800,2019-01-15,2019-01-15,8-K,,submissions
0001193125-23-258013,"Elevance Health, Inc.",0001156039,2023-10-18,2023-10-18,8-K,,submissions
0001193125-23-256139,"Elevance Health, Inc.",0001156039,2023-10-13,2023-10-13,8-K,,submissions
0001156039-23-000106,"Elevance Health, Inc.",0001156039,2023-10-05,2023-10-04,8-K,,submissions
0001193125-23-238307,"Elevance Health, Inc.",0001156039,2023-09-20,2023-09-20,8-K,,submissions
0001193125-23-205527,"Elevance Health, Inc.",0001156039,2023-08-08,2023-08-02,8-K,,submissions
0001193125-23-189147,"Elevance Health, Inc.",0001156039,2023-07-19,2023-07-19,8-K,,submissions
0001156039-23-000082,"Elevance Health, Inc.",0001156039,2023-06-13,2023-06-13,8-K,,submissions
0001156039-23-000067,"Elevance Health, Inc.",0001156039,2023-05-11,2023-05-10,8-K,,submissions
0001193125-23-105591,"Elevance Health, Inc.",0001156039,2023-04-19,2023-04-19,8-K,,submissions
0001193125-23-076793,"Elevance Health, Inc.",0001156039,2023-03-22,2023-03-22,8-K,,submissions
0001193125-23-044107,"Elevance Health, Inc.",0001156039,2023-02-22,2023-02-15,8-K,,submissions
0001193125-23-028419,"Elevance Health, Inc.",0001156039,2023-02-08,2023-01-30,8-K,,submissions
0001193125-23-014676,"Elevance Health, Inc.",0001156039,2023-01-25,2023-01-25,8-K,,submissions
0001193125-22-277914,"Elevance Health, Inc.",0001156039,2022-11-04,2022-10-26,8-K,,submissions
0001193125-22-267819,"Elevance Health, Inc.",0001156039,2022-10-25,2022-10-24,8-K,,submissions
0001193125-22-264838,"Elevance Health, Inc.",0001156039,2022-10-19,2022-10-19,8-K,,submissions
0001193125-22-197362,"Elevance Health, Inc.",0001156039,2022-07-20,2022-07-20,8-K,,submissions
0001193125-22-183957,"Elevance Health, Inc.",0001156039,2022-06-28,2022-06-27,8-K,,submissions
0001193125-22-165676,"Elevance Health, Inc.",0001156039,2022-06-02,2022-06-02,8-K,,submissions
0001193125-22-154417,"Elevance Health, Inc.",0001156039,2022-05-19,2022-05-18,8-K,,submissions
0001193125-22-133790,"Elevance Health, Inc.",0001156039,2022-04-29,2022-04-26,8-K,,submissions
0001193125-22-110122,"Elevance Health, Inc.",0001156039,2022-04-20,2022-04-20,8-K,,submissions
0001193125-22-068592,"Elevance Health, Inc.",0001156039,2022-03-08,2022-03-08,8-K,,submissions
0001193125-22-017585,"Elevance Health, Inc.",0001156039,2022-01-26,2022-01-26,8-K,,submissions
0001193125-21-302489,"Elevance Health, Inc.",0001156039,2021-10-20,2021-10-20,8-K,,submissions
0001193125-21-267864,"Elevance Health, Inc.",0001156039,2021-09-08,2021-09-08,8-K,,submissions
0001193125-21-236343,"Elevance Health, Inc.",0001156039,2021-08-04,2021-08-03,8-K,,submissions
0001193125-21-220025,"Elevance Health, Inc.",0001156039,2021-07-21,2021-07-21,8-K,,submissions
0001193125-21-181937,"Elevance Health, Inc.",0001156039,2021-06-04,2021-06-04,8-K,,submissions
0001193125-21-175381,"Elevance Health, Inc.",0001156039,2021-05-27,2021-05-26,8-K,,submissions
0001193125-21-123532,"Elevance Health, Inc.",0001156039,2021-04-21,2021-04-21,8-K,,submissions
0001193125-21-084138,"Elevance Health, Inc.",0001156039,2021-03-17,2021-03-08,8-K,,submissions
0001193125-21-065680,"Elevance Health, Inc.",0001156039,2021-03-02,2021-03-02,8-K,,submissions
0001193125-21-018334,"Elevance Health, Inc.",0001156039,2021-01-27,2021-01-27,8-K,,submissions
0001193125-20-279045,"Elevance Health, Inc.",0001156039,2020-10-28,2020-10-28,8-K,,submissions
0001193125-20-264775,"Elevance Health, Inc.",0001156039,2020-10-06,2020-09-30,8-K,,submissions
0001193125-20-201725,"Elevance Health, Inc.",0001156039,2020-07-29,2020-07-29,8-K,,submissions
0001193125-20-164098,"Elevance Health, Inc.",0001156039,2020-06-09,2020-06-09,8-K,,submissions
0001193125-20-148721,"Elevance Health, Inc.",0001156039,2020-05-21,2020-05-21,8-K,,submissions
0001193125-20-133805,"Elevance Health, Inc.",0001156039,2020-05-05,2020-04-30,8-K,,submissions
0001193125-20-124220,"Elevance Health, Inc.",0001156039,2020-04-29,2020-04-29,8-K,,submissions
0001193125-20-101410,"Elevance Health, Inc.",0001156039,2020-04-08,2020-04-08,8-K,,submissions
0001193125-20-067219,"Elevance Health, Inc.",0001156039,2020-03-09,2020-03-09,8-K,,submissions
0001193125-20-017551,"Elevance Health, Inc.",0001156039,2020-01-29,2020-01-29,8-K,,submissions
0001193125-19-272013,"Elevance Health, Inc.",0001156039,2019-10-23,2019-10-23,8-K,,submissions
0001193125-19-259881,"Elevance Health, Inc.",0001156039,2019-10-01,2019-10-01,8-K,,submissions
0001193125-19-245266,"Elevance Health, Inc.",0001156039,2019-09-16,2019-09-16,8-K,,submissions
0001193125-19-240850,"Elevance Health, Inc.",0001156039,2019-09-09,2019-09-04,8-K,,submissions
0001193125-19-200472,"Elevance Health, Inc.",0001156039,2019-07-24,2019-07-24,8-K,,submissions
0001193125-19-174802,"Elevance Health, Inc.",0001156039,2019-06-17,2019-06-17,8-K,,submissions
0001193125-19-147906,"Elevance Health, Inc.",0001156039,2019-05-15,2019-05-15,8-K,,submissions
0001193125-19-115614,"Elevance Health, Inc.",0001156039,2019-04-24,2019-04-24,8-K,,submissions
0001193125-19-065706,"Elevance Health, Inc.",0001156039,2019-03-06,2019-03-06,8-K,,submissions
0001193125-19-021591,"Elevance Health, Inc.",0001156039,2019-01-30,2019-01-30,8-K,,submissions
0001048695-23-000037,"F5, INC.",0001048695,2023-11-02,2023-10-31,8-K,,submissions
0001048695-23-000034,"F5, INC.",0001048695,2023-10-24,2023-10-24,8-K,,submissions
0001048695-23-000032,"F5, INC.",0001048695,2023-10-05,2023-09-29,8-K,,submissions
0001048695-23-000028,"F5, INC.",0001048695,2023-07-25,2023-07-21,8-K,,submissions
0001048695-23-000026,"F5, INC.",0001048695,2023-07-24,2023-07-24,8-K,,submissions
0001048695-23-000016,"F5, INC.",0001048695,2023-04-19,2023-04-19,8-K,,submissions
0001048695-23-000014,"F5, INC.",0001048695,2023-03-10,2023-03-09,8-K,,submissions
0001048695-23-000007,"F5, INC.",0001048695,2023-01-24,2023-01-24,8-K,,submissions
0001048695-23-000005,"F5, INC.",0001048695,2023-01-20,2023-01-15,8-K,,submissions
0001048695-23-000003,"F5, INC.",0001048695,2023-01-09,2023-01-04,8-K,,submissions
0001048695-22-000031,"F5, INC.",0001048695,2022-11-02,2022-10-27,8-K,,submissions
0001048695-22-000029,"F5, INC.",0001048695,2022-10-25,2022-10-25,8-K,,submissions
0001048695-22-000027,"F5, INC.",0001048695,2022-10-11,2022-10-07,8-K,,submissions
0001048695-22-000023,"F5, INC.",0001048695,2022-07-25,2022-07-22,8-K,,submissions
0001048695-22-000012,"F5, INC.",0001048695,2022-04-26,2022-04-26,8-K,,submissions
0001048695-22-000009,"F5, INC.",0001048695,2022-03-11,2022-03-10,8-K,,submissions
0001048695-22-000005,"F5, INC.",0001048695,2022-01-25,2022-01-25,8-K,,submissions
0001048695-22-000003,"F5, INC.",0001048695,2022-01-10,2022-01-05,8-K,,submissions
0001048695-21-000041,"F5, INC.",0001048695,2021-11-15,2021-11-12,8-K,,submissions
0001048695-21-000035,"F5, INC.",0001048695,2021-10-26,2021-10-26,8-K,,submissions
0001140361-21-031767,"F5, INC.",0001048695,2021-09-20,2021-09-20,8-K,,submissions
0001048695-21-000031,"F5, INC.",0001048695,2021-07-26,2021-07-26,8-K,,submissions
0001048695-21-000029,"F5, INC.",0001048695,2021-06-17,2021-06-14,8-K,,submissions
0001048695-21-000017,"F5, INC.",0001048695,2021-04-27,2021-04-27,8-K,,submissions
0001048695-21-000015,"F5, INC.",0001048695,2021-03-15,2021-03-11,8-K,,submissions
0001048695-21-000004,"F5, INC.",0001048695,2021-01-27,2021-01-21,8-K,,submissions
0001048695-21-000002,"F5, INC.",0001048695,2021-01-26,2021-01-26,8-K,,submissions
0001140361-21-001982,"F5, INC.",0001048695,2021-01-25,2021-01-22,8-K,,submissions
0001140361-21-000498,"F5, INC.",0001048695,2021-01-07,2021-01-05,8-K,,submissions
0001140361-20-024941,"F5, INC.",0001048695,2020-11-09,2020-11-09,8-K,,submissions
0001048695-20-000039,"F5, INC.",0001048695,2020-10-26,2020-10-26,8-K,,submissions
0001048695-20-000037,"F5, INC.",0001048695,2020-09-24,2020-09-24,8-K,,submissions
0001048695-20-000032,"F5, INC.",0001048695,2020-07-27,2020-07-27,8-K,,submissions
0001048695-20-000023,"F5, INC.",0001048695,2020-04-27,2020-04-27,8-K,,submissions
0001048695-20-000018,"F5, INC.",0001048695,2020-04-07,2020-04-01,8-K,,submissions
0001048695-20-000016,"F5, INC.",0001048695,2020-03-13,2020-03-12,8-K,,submissions
0001140361-20-004468,"F5, INC.",0001048695,2020-03-02,2020-03-01,8-K,,submissions
0001048695-20-000007,"F5, INC.",0001048695,2020-01-27,2020-01-27,8-K,,submissions
0001140361-20-001429,"F5, INC.",0001048695,2020-01-24,2020-01-24,8-K,,submissions
0001048695-20-000005,"F5, INC.",0001048695,2020-01-23,2020-01-21,8-K,,submissions
0001048695-20-000002,"F5, INC.",0001048695,2020-01-17,2020-01-14,8-K,,submissions
0001140361-19-023141,"F5, INC.",0001048695,2019-12-24,2019-12-19,8-K,,submissions
0001048695-19-000036,"F5, INC.",0001048695,2019-12-19,2019-12-19,8-K,,submissions
0001048695-19-000032,"F5, INC.",0001048695,2019-10-23,2019-10-23,8-K,,submissions
0001048695-19-000023,"F5, INC.",0001048695,2019-07-24,2019-07-24,8-K,,submissions
0001193125-19-142363,"F5, INC.",0001048695,2019-05-09,2019-05-08,8-K,,submissions
0001048695-19-000012,"F5, INC.",0001048695,2019-04-24,2019-04-24,8-K,,submissions
0001048695-19-000010,"F5, INC.",0001048695,2019-03-14,2019-03-14,8-K,,submissions
0001193125-19-070884,"F5, INC.",0001048695,2019-03-11,2019-03-09,8-K,,submissions
0001048695-19-000006,"F5, INC.",0001048695,2019-01-23,2019-01-23,8-K,,submissions
0001048695-19-000005,"F5, INC.",0001048695,2019-01-23,2019-01-23,8-K,,submissions
0001048695-19-000002,"F5, INC.",0001048695,2019-01-09,2019-01-09,8-K,,submissions
0001193125-23-273555,FAIR ISAAC CORP,0000814547,2023-11-08,2023-11-02,8-K,,submissions
0001157523-23-001687,FAIR ISAAC CORP,0000814547,2023-11-08,2023-11-08,8-K,,submissions
0001193125-23-220226,FAIR ISAAC CORP,0000814547,2023-08-24,2023-08-22,8-K,,submissions
0001157523-23-001229,FAIR ISAAC CORP,0000814547,2023-08-02,2023-08-02,8-K,,submissions
0001193125-23-162583,FAIR ISAAC CORP,0000814547,2023-06-07,2023-06-05,8-K,,submissions
0001193125-23-144515,FAIR ISAAC CORP,0000814547,2023-05-15,2023-05-15,8-K,,submissions
0001157523-23-000638,FAIR ISAAC CORP,0000814547,2023-04-27,2023-04-27,8-K,,submissions
0001193125-23-058241,FAIR ISAAC CORP,0000814547,2023-03-02,2023-03-01,8-K,,submissions
0001157523-23-000102,FAIR ISAAC CORP,0000814547,2023-01-26,2023-01-26,8-K,,submissions
0001193125-23-004827,FAIR ISAAC CORP,0000814547,2023-01-09,2023-01-09,8-K,,submissions
0001157523-22-001577,FAIR ISAAC CORP,0000814547,2022-11-09,2022-11-09,8-K,,submissions
0001157523-22-001010,FAIR ISAAC CORP,0000814547,2022-08-03,2022-08-03,8-K,,submissions
0001157523-22-000484,FAIR ISAAC CORP,0000814547,2022-04-27,2022-04-27,8-K,,submissions
0001193125-22-063099,FAIR ISAAC CORP,0000814547,2022-03-02,2022-03-01,8-K,,submissions
0001564590-22-002668,FAIR ISAAC CORP,0000814547,2022-01-27,2022-01-27,8-K,,submissions
0001193125-22-005793,FAIR ISAAC CORP,0000814547,2022-01-10,2022-01-05,8-K,,submissions
0001193125-21-361078,FAIR ISAAC CORP,0000814547,2021-12-17,2021-12-17,8-K,,submissions
0001193125-21-356940,FAIR ISAAC CORP,0000814547,2021-12-14,2021-12-14,8-K,,submissions
0001193125-21-356250,FAIR ISAAC CORP,0000814547,2021-12-14,2021-12-14,8-K,,submissions
0001564590-21-056201,FAIR ISAAC CORP,0000814547,2021-11-10,2021-11-10,8-K,,submissions
0001193125-21-303977,FAIR ISAAC CORP,0000814547,2021-10-21,2021-10-20,8-K,,submissions
0001193125-21-251573,FAIR ISAAC CORP,0000814547,2021-08-19,2021-08-19,8-K,,submissions
0001564590-21-040253,FAIR ISAAC CORP,0000814547,2021-08-03,2021-08-03,8-K,,submissions
0001564590-21-024120,FAIR ISAAC CORP,0000814547,2021-05-05,2021-05-05,8-K,,submissions
0001193125-21-069462,FAIR ISAAC CORP,0000814547,2021-03-04,2021-03-03,8-K,,submissions
0001564590-21-003030,FAIR ISAAC CORP,0000814547,2021-01-28,2021-01-28,8-K,,submissions
0001564590-20-052992,FAIR ISAAC CORP,0000814547,2020-11-10,2020-11-10,8-K,,submissions
0001193125-20-247156,FAIR ISAAC CORP,0000814547,2020-09-16,2020-09-14,8-K,,submissions
0001193125-20-232242,FAIR ISAAC CORP,0000814547,2020-08-27,2020-08-26,8-K,,submissions
0001564590-20-034353,FAIR ISAAC CORP,0000814547,2020-07-29,2020-07-29,8-K,,submissions
0001564590-20-019755,FAIR ISAAC CORP,0000814547,2020-04-29,2020-04-29,8-K,,submissions
0001193125-20-063075,FAIR ISAAC CORP,0000814547,2020-03-05,2020-03-04,8-K,,submissions
0001193125-20-019650,FAIR ISAAC CORP,0000814547,2020-01-30,2020-01-30,8-K,,submissions
0001193125-19-308369,FAIR ISAAC CORP,0000814547,2019-12-06,2019-12-06,8-K,,submissions
0001193125-19-305422,FAIR ISAAC CORP,0000814547,2019-12-03,2019-12-03,8-K,,submissions
0001193125-19-304835,FAIR ISAAC CORP,0000814547,2019-12-03,2019-12-03,8-K,,submissions
0001104659-19-059508,FAIR ISAAC CORP,0000814547,2019-11-04,2019-11-04,8-K,,submissions
0001193125-19-228655,FAIR ISAAC CORP,0000814547,2019-08-26,2019-08-21,8-K,,submissions
0001144204-19-036893,FAIR ISAAC CORP,0000814547,2019-07-31,2019-07-31,8-K,,submissions
0001193125-19-179399,FAIR ISAAC CORP,0000814547,2019-06-24,2019-06-24,8-K,,submissions
0001144204-19-022384,FAIR ISAAC CORP,0000814547,2019-04-30,2019-04-30,8-K,,submissions
0001193125-19-060995,FAIR ISAAC CORP,0000814547,2019-03-01,2019-02-28,8-K,,submissions
0001193125-19-023966,FAIR ISAAC CORP,0000814547,2019-01-31,2019-01-30,8-K,,submissions
0001144204-19-003771,FAIR ISAAC CORP,0000814547,2019-01-30,2019-01-30,8-K,,submissions
0001274494-23-000026,"FIRST SOLAR, INC.",0001274494,2023-12-27,2023-12-22,8-K,,submissions
0001274494-23-000024,"FIRST SOLAR, INC.",0001274494,2023-10-31,2023-10-31,8-K,,submissions
0001274494-23-000021,"FIRST SOLAR, INC.",0001274494,2023-07-27,2023-07-27,8-K,,submissions
0001274494-23-000019,"FIRST SOLAR, INC.",0001274494,2023-07-26,2023-07-20,8-K,,submissions
0001274494-23-000014,"FIRST SOLAR, INC.",0001274494,2023-07-06,2023-06-30,8-K,,submissions
0001274494-23-000011,"FIRST SOLAR, INC.",0001274494,2023-05-10,2023-05-09,8-K,,submissions
0001274494-23-000009,"FIRST SOLAR, INC.",0001274494,2023-04-27,2023-04-27,8-K,,submissions
0001274494-23-000001,"FIRST SOLAR, INC.",0001274494,2023-02-28,2023-02-28,8-K,,submissions
0001274494-22-000038,"FIRST SOLAR, INC.",0001274494,2022-10-27,2022-10-27,8-K,,submissions
0001274494-22-000032,"FIRST SOLAR, INC.",0001274494,2022-07-28,2022-07-28,8-K,,submissions
0001274494-22-000029,"FIRST SOLAR, INC.",0001274494,2022-05-27,2022-05-26,8-K,,submissions
0001274494-22-000028,"FIRST SOLAR, INC.",0001274494,2022-05-27,2022-05-24,8-K,,submissions
0001274494-22-000023,"FIRST SOLAR, INC.",0001274494,2022-05-16,2022-05-12,8-K,,submissions
0001274494-22-000017,"FIRST SOLAR, INC.",0001274494,2022-04-28,2022-04-28,8-K,,submissions
0001274494-22-000011,"FIRST SOLAR, INC.",0001274494,2022-04-01,2022-03-29,8-K,,submissions
0001274494-22-000008,"FIRST SOLAR, INC.",0001274494,2022-03-01,2022-03-01,8-K,,submissions
0001274494-22-000002,"FIRST SOLAR, INC.",0001274494,2022-02-18,2022-02-16,8-K,,submissions
0001274494-21-000030,"FIRST SOLAR, INC.",0001274494,2021-11-04,2021-11-04,8-K,,submissions
0001274494-21-000022,"FIRST SOLAR, INC.",0001274494,2021-07-29,2021-07-29,8-K,,submissions
0001274494-21-000018,"FIRST SOLAR, INC.",0001274494,2021-07-23,2021-07-22,8-K,,submissions
0001274494-21-000014,"FIRST SOLAR, INC.",0001274494,2021-07-20,2021-07-15,8-K,,submissions
0001274494-21-000012,"FIRST SOLAR, INC.",0001274494,2021-07-07,2021-06-30,8-K,,submissions
0001274494-21-000005,"FIRST SOLAR, INC.",0001274494,2021-05-13,2021-05-12,8-K,,submissions
0001628280-21-008203,"FIRST SOLAR, INC.",0001274494,2021-04-29,2021-04-29,8-K,,submissions
0001628280-21-005137,"FIRST SOLAR, INC.",0001274494,2021-03-19,2021-03-18,8-K,,submissions
0001628280-21-003286,"FIRST SOLAR, INC.",0001274494,2021-02-25,2021-02-25,8-K,,submissions
0001628280-21-000753,"FIRST SOLAR, INC.",0001274494,2021-01-25,2021-01-24,8-K,,submissions
0001274494-20-000068,"FIRST SOLAR, INC.",0001274494,2020-12-16,2020-12-14,8-K,,submissions
0001274494-20-000064,"FIRST SOLAR, INC.",0001274494,2020-11-09,2020-11-05,8-K,,submissions
0001274494-20-000062,"FIRST SOLAR, INC.",0001274494,2020-11-09,2020-11-06,8-K,,submissions
0001274494-20-000057,"FIRST SOLAR, INC.",0001274494,2020-10-27,2020-10-27,8-K,,submissions
0001274494-20-000053,"FIRST SOLAR, INC.",0001274494,2020-09-21,2020-09-16,8-K,,submissions
0001274494-20-000034,"FIRST SOLAR, INC.",0001274494,2020-08-06,2020-08-06,8-K,,submissions
0001274494-20-000029,"FIRST SOLAR, INC.",0001274494,2020-07-29,2020-07-23,8-K,,submissions
0001274494-20-000022,"FIRST SOLAR, INC.",0001274494,2020-06-05,2020-06-03,8-K,,submissions
0001274494-20-000016,"FIRST SOLAR, INC.",0001274494,2020-05-15,2020-05-13,8-K,,submissions
0001628280-20-006971,"FIRST SOLAR, INC.",0001274494,2020-05-07,2020-05-07,8-K,,submissions
0001274494-20-000008,"FIRST SOLAR, INC.",0001274494,2020-02-20,2020-02-20,8-K,,submissions
0001274494-20-000005,"FIRST SOLAR, INC.",0001274494,2020-02-18,2020-02-13,8-K,,submissions
0001274494-20-000003,"FIRST SOLAR, INC.",0001274494,2020-01-06,2020-01-06,8-K,,submissions
0001274494-19-000038,"FIRST SOLAR, INC.",0001274494,2019-11-19,2019-11-18,8-K,,submissions
0001274494-19-000034,"FIRST SOLAR, INC.",0001274494,2019-10-24,2019-10-24,8-K,,submissions
0001274494-19-000030,"FIRST SOLAR, INC.",0001274494,2019-08-01,2019-08-01,8-K,,submissions
0001274494-19-000028,"FIRST SOLAR, INC.",0001274494,2019-07-10,2019-07-09,8-K,,submissions
0001274494-19-000026,"FIRST SOLAR, INC.",0001274494,2019-06-24,2019-06-24,8-K,,submissions
0001274494-19-000022,"FIRST SOLAR, INC.",0001274494,2019-05-16,2019-05-15,8-K,,submissions
0001274494-19-000020,"FIRST SOLAR, INC.",0001274494,2019-05-16,2019-05-15,8-K,,submissions
0001274494-19-000014,"FIRST SOLAR, INC.",0001274494,2019-05-02,2019-05-02,8-K,,submissions
0001274494-19-000012,"FIRST SOLAR, INC.",0001274494,2019-04-25,2019-04-23,8-K,,submissions
0001274494-19-000006,"FIRST SOLAR, INC.",0001274494,2019-03-21,2019-03-18,8-K,,submissions
0001274494-19-000002,"FIRST SOLAR, INC.",0001274494,2019-02-21,2019-02-21,8-K,,submissions
0001262039-23-000041,"Fortinet, Inc.",0001262039,2023-12-01,2023-11-28,8-K,,submissions
0001262039-23-000035,"Fortinet, Inc.",0001262039,2023-11-02,2023-11-02,8-K,,submissions
0001262039-23-000027,"Fortinet, Inc.",0001262039,2023-08-03,2023-08-03,8-K,,submissions
0001262039-23-000024,"Fortinet, Inc.",0001262039,2023-06-23,2023-06-16,8-K,,submissions
0001262039-23-000013,"Fortinet, Inc.",0001262039,2023-05-04,2023-05-04,8-K,,submissions
0001262039-23-000006,"Fortinet, Inc.",0001262039,2023-02-08,2023-02-05,8-K,,submissions
0001262039-23-000003,"Fortinet, Inc.",0001262039,2023-02-07,2023-02-07,8-K,,submissions
0001262039-22-000035,"Fortinet, Inc.",0001262039,2022-11-02,2022-11-02,8-K,,submissions
0001262039-22-000026,"Fortinet, Inc.",0001262039,2022-08-03,2022-08-03,8-K,,submissions
0001262039-22-000023,"Fortinet, Inc.",0001262039,2022-06-22,2022-06-22,8-K,,submissions
0001262039-22-000021,"Fortinet, Inc.",0001262039,2022-06-21,2022-06-17,8-K,,submissions
0001262039-22-000015,"Fortinet, Inc.",0001262039,2022-05-04,2022-05-04,8-K,,submissions
0001262039-22-000012,"Fortinet, Inc.",0001262039,2022-05-02,2022-04-28,8-K,,submissions
0001262039-22-000010,"Fortinet, Inc.",0001262039,2022-04-22,2022-04-22,8-K,,submissions
0001262039-22-000005,"Fortinet, Inc.",0001262039,2022-02-03,2022-02-03,8-K,,submissions
0001262039-21-000027,"Fortinet, Inc.",0001262039,2021-11-04,2021-11-04,8-K,,submissions
0001262039-21-000024,"Fortinet, Inc.",0001262039,2021-10-06,2021-10-04,8-K,,submissions
0001262039-21-000019,"Fortinet, Inc.",0001262039,2021-07-29,2021-07-29,8-K,,submissions
0001262039-21-000016,"Fortinet, Inc.",0001262039,2021-06-23,2021-06-18,8-K,,submissions
0001262039-21-000011,"Fortinet, Inc.",0001262039,2021-04-29,2021-04-29,8-K,,submissions
0001104659-21-056360,"Fortinet, Inc.",0001262039,2021-04-28,2021-04-23,8-K,,submissions
0001193125-21-071498,"Fortinet, Inc.",0001262039,2021-03-05,2021-03-05,8-K,,submissions
0001193125-21-057281,"Fortinet, Inc.",0001262039,2021-02-25,2021-02-24,8-K,,submissions
0001262039-21-000005,"Fortinet, Inc.",0001262039,2021-02-04,2021-02-04,8-K,,submissions
0001262039-20-000070,"Fortinet, Inc.",0001262039,2020-12-08,2020-12-08,8-K,,submissions
0001262039-20-000063,"Fortinet, Inc.",0001262039,2020-10-29,2020-10-29,8-K,,submissions
0001262039-20-000056,"Fortinet, Inc.",0001262039,2020-08-26,2020-08-22,8-K,,submissions
0001262039-20-000051,"Fortinet, Inc.",0001262039,2020-08-06,2020-08-06,8-K,,submissions
0001262039-20-000044,"Fortinet, Inc.",0001262039,2020-07-21,2020-07-17,8-K,,submissions
0001262039-20-000038,"Fortinet, Inc.",0001262039,2020-06-24,2020-06-19,8-K,,submissions
0001262039-20-000029,"Fortinet, Inc.",0001262039,2020-05-06,2020-05-06,8-K,,submissions
0001262039-20-000025,"Fortinet, Inc.",0001262039,2020-04-23,2020-04-17,8-K,,submissions
0001262039-20-000015,"Fortinet, Inc.",0001262039,2020-02-28,2020-02-26,8-K,,submissions
0001262039-20-000004,"Fortinet, Inc.",0001262039,2020-02-06,2020-02-06,8-K,,submissions
0001262039-19-000038,"Fortinet, Inc.",0001262039,2019-12-12,2019-12-12,8-K,,submissions
0001262039-19-000032,"Fortinet, Inc.",0001262039,2019-10-31,2019-10-31,8-K,,submissions
0001262039-19-000027,"Fortinet, Inc.",0001262039,2019-10-28,2019-10-28,8-K,,submissions
0001262039-19-000025,"Fortinet, Inc.",0001262039,2019-10-23,2019-10-18,8-K,,submissions
0001262039-19-000021,"Fortinet, Inc.",0001262039,2019-08-01,2019-08-01,8-K,,submissions
0001262039-19-000018,"Fortinet, Inc.",0001262039,2019-06-26,2019-06-21,8-K,,submissions
0001262039-19-000010,"Fortinet, Inc.",0001262039,2019-05-02,2019-05-02,8-K,,submissions
0001262039-19-000002,"Fortinet, Inc.",0001262039,2019-02-06,2019-02-06,8-K,,submissions
0000749251-23-000055,GARTNER INC,0000749251,2023-12-11,2023-12-08,8-K,,submissions
0000749251-23-000050,GARTNER INC,0000749251,2023-11-03,2023-10-31,8-K,,submissions
0000749251-23-000037,GARTNER INC,0000749251,2023-08-01,2023-08-01,8-K,,submissions
0000749251-23-000030,GARTNER INC,0000749251,2023-06-14,2023-06-08,8-K,,submissions
0000749251-23-000026,GARTNER INC,0000749251,2023-06-02,2023-06-01,8-K,,submissions
0000749251-23-000019,GARTNER INC,0000749251,2023-05-02,2023-05-02,8-K,,submissions
0000749251-23-000003,GARTNER INC,0000749251,2023-02-07,2023-02-02,8-K,,submissions
0000749251-22-000033,GARTNER INC,0000749251,2022-11-01,2022-11-01,8-K,,submissions
0000749251-22-000027,GARTNER INC,0000749251,2022-08-02,2022-08-02,8-K,,submissions
0000749251-22-000023,GARTNER INC,0000749251,2022-07-15,2022-07-11,8-K,,submissions
0000749251-22-000021,GARTNER INC,0000749251,2022-06-06,2022-06-02,8-K,,submissions
0000749251-22-000016,GARTNER INC,0000749251,2022-05-03,2022-04-28,8-K,,submissions
0000749251-22-000003,GARTNER INC,0000749251,2022-02-08,2022-02-03,8-K,,submissions
0000749251-21-000036,GARTNER INC,0000749251,2021-11-02,2021-11-02,8-K,,submissions
0000749251-21-000028,GARTNER INC,0000749251,2021-08-03,2021-07-29,8-K,,submissions
0001193125-21-195111,GARTNER INC,0000749251,2021-06-21,2021-06-18,8-K,,submissions
0001193125-21-190619,GARTNER INC,0000749251,2021-06-15,2021-06-15,8-K,,submissions
0000749251-21-000023,GARTNER INC,0000749251,2021-06-08,2021-06-03,8-K,,submissions
0000749251-21-000020,GARTNER INC,0000749251,2021-05-05,2021-04-29,8-K,,submissions
0000749251-21-000018,GARTNER INC,0000749251,2021-05-04,2021-04-29,8-K,,submissions
0000749251-21-000007,GARTNER INC,0000749251,2021-02-09,2021-02-03,8-K,,submissions
0000749251-21-000004,GARTNER INC,0000749251,2021-02-09,2021-02-04,8-K,,submissions
0000749251-20-000033,GARTNER INC,0000749251,2020-11-03,2020-11-03,8-K,,submissions
0001193125-20-256749,GARTNER INC,0000749251,2020-09-28,2020-09-28,8-K,,submissions
0001193125-20-244749,GARTNER INC,0000749251,2020-09-14,2020-09-14,8-K,,submissions
0000749251-20-000025,GARTNER INC,0000749251,2020-08-04,2020-08-04,8-K,,submissions
0001193125-20-185950,GARTNER INC,0000749251,2020-07-02,2020-07-01,8-K,,submissions
0001193125-20-176014,GARTNER INC,0000749251,2020-06-23,2020-06-22,8-K,,submissions
0001193125-20-171888,GARTNER INC,0000749251,2020-06-18,2020-06-18,8-K,,submissions
0001193125-20-166069,GARTNER INC,0000749251,2020-06-11,2020-06-08,8-K,,submissions
0000749251-20-000013,GARTNER INC,0000749251,2020-05-07,2020-05-07,8-K,,submissions
0001193125-20-084265,GARTNER INC,0000749251,2020-03-25,2020-03-25,8-K,,submissions
0001193125-20-067184,GARTNER INC,0000749251,2020-03-09,2020-03-09,8-K,,submissions
0001193125-20-025380,GARTNER INC,0000749251,2020-02-05,2020-01-30,8-K,,submissions
0000749251-20-000005,GARTNER INC,0000749251,2020-02-04,2020-02-04,8-K,,submissions
0000749251-19-000023,GARTNER INC,0000749251,2019-10-31,2019-10-31,8-K,,submissions
0000749251-19-000014,GARTNER INC,0000749251,2019-07-30,2019-07-30,8-K,,submissions
0001193125-19-162833,GARTNER INC,0000749251,2019-05-31,2019-05-30,8-K,,submissions
0000749251-19-000008,GARTNER INC,0000749251,2019-05-07,2019-05-07,8-K,,submissions
0001193125-19-094578,GARTNER INC,0000749251,2019-04-01,2019-04-01,8-K,,submissions
0001193125-19-039149,GARTNER INC,0000749251,2019-02-14,2019-02-14,8-K,,submissions
0000749251-19-000002,GARTNER INC,0000749251,2019-02-05,2019-02-05,8-K,,submissions
0001932393-23-000133,GE HealthCare Technologies Inc.,0001932393,2023-12-15,2023-12-13,8-K,,submissions
0001932393-23-000124,GE HealthCare Technologies Inc.,0001932393,2023-10-31,2023-10-31,8-K,,submissions
0001932393-23-000111,GE HealthCare Technologies Inc.,0001932393,2023-07-25,2023-07-25,8-K,,submissions
0001932393-23-000094,GE HealthCare Technologies Inc.,0001932393,2023-05-25,2023-05-23,8-K,,submissions
0000950142-23-001385,GE HealthCare Technologies Inc.,0001932393,2023-05-09,2023-05-04,8-K,,submissions
0001932393-23-000086,GE HealthCare Technologies Inc.,0001932393,2023-04-25,2023-04-25,8-K,,submissions
0001932393-23-000041,GE HealthCare Technologies Inc.,0001932393,2023-03-24,2023-03-23,8-K,,submissions
0001932393-23-000037,GE HealthCare Technologies Inc.,0001932393,2023-03-03,2023-03-01,8-K,,submissions
0001932393-23-000031,GE HealthCare Technologies Inc.,0001932393,2023-02-24,2023-02-24,8-K,,submissions
0001932393-23-000012,GE HealthCare Technologies Inc.,0001932393,2023-02-03,2023-02-01,8-K,,submissions
0001932393-23-000007,GE HealthCare Technologies Inc.,0001932393,2023-01-30,2023-01-30,8-K,,submissions
0001932393-23-000004,GE HealthCare Technologies Inc.,0001932393,2023-01-10,2023-01-06,8-K,,submissions
0001193125-23-001161,GE HealthCare Technologies Inc.,0001932393,2023-01-04,2023-01-03,8-K,,submissions
0001193125-22-314166,GE HealthCare Technologies Inc.,0001932393,2022-12-29,2022-12-29,8-K,,submissions
0001193125-22-304900,GE HealthCare Technologies Inc.,0001932393,2022-12-14,2022-12-13,8-K,,submissions
0001193125-22-301053,GE HealthCare Technologies Inc.,0001932393,2022-12-08,2022-12-08,8-K,,submissions
0000849399-23-000027,Gen Digital Inc.,0000849399,2023-11-07,2023-11-07,8-K,,submissions
0000849399-23-000025,Gen Digital Inc.,0000849399,2023-10-04,2023-09-30,8-K,,submissions
0000849399-23-000023,Gen Digital Inc.,0000849399,2023-09-13,2023-09-12,8-K,,submissions
0000849399-23-000016,Gen Digital Inc.,0000849399,2023-08-03,2023-08-03,8-K,,submissions
0000849399-23-000011,Gen Digital Inc.,0000849399,2023-05-11,2023-05-11,8-K,,submissions
0000849399-23-000005,Gen Digital Inc.,0000849399,2023-02-02,2023-02-02,8-K,,submissions
0000849399-22-000023,Gen Digital Inc.,0000849399,2022-11-08,2022-11-08,8-K,,submissions
0001104659-22-115277,Gen Digital Inc.,0000849399,2022-11-07,2022-11-07,8-K,,submissions
0001104659-22-101187,Gen Digital Inc.,0000849399,2022-09-19,2022-09-19,8-K,,submissions
0001104659-22-100851,Gen Digital Inc.,0000849399,2022-09-16,2022-09-13,8-K,,submissions
0001104659-22-099111,Gen Digital Inc.,0000849399,2022-09-12,2022-09-08,8-K,,submissions
0001104659-22-098068,Gen Digital Inc.,0000849399,2022-09-07,2022-09-07,8-K,,submissions
0001104659-22-097212,Gen Digital Inc.,0000849399,2022-09-02,2022-09-02,8-K,,submissions
0000849399-22-000016,Gen Digital Inc.,0000849399,2022-08-04,2022-08-04,8-K,,submissions
0001104659-22-080312,Gen Digital Inc.,0000849399,2022-07-18,2022-07-15,8-K,,submissions
0001104659-22-062423,Gen Digital Inc.,0000849399,2022-05-18,2022-05-04,8-K,,submissions
0000849399-22-000010,Gen Digital Inc.,0000849399,2022-05-05,2022-05-05,8-K,,submissions
0001104659-22-054938,Gen Digital Inc.,0000849399,2022-05-03,2022-05-03,8-K,,submissions
0001104659-22-038305,Gen Digital Inc.,0000849399,2022-03-28,2022-03-28,8-K,,submissions
0001104659-22-036723,Gen Digital Inc.,0000849399,2022-03-23,2022-03-22,8-K,,submissions
0001104659-22-034216,Gen Digital Inc.,0000849399,2022-03-16,2022-03-16,8-K,,submissions
0001104659-22-025143,Gen Digital Inc.,0000849399,2022-02-18,2022-02-17,8-K,,submissions
0001104659-22-011747,Gen Digital Inc.,0000849399,2022-02-04,2022-02-04,8-K,,submissions
0000849399-22-000005,Gen Digital Inc.,0000849399,2022-02-03,2022-02-03,8-K,,submissions
0001104659-22-008265,Gen Digital Inc.,0000849399,2022-01-27,2022-01-27,8-K,,submissions
0001104659-22-003653,Gen Digital Inc.,0000849399,2022-01-12,2022-01-12,8-K,,submissions
0001104659-21-139724,Gen Digital Inc.,0000849399,2021-11-16,2021-11-15,8-K,,submissions
0000849399-21-000019,Gen Digital Inc.,0000849399,2021-11-04,2021-11-04,8-K,,submissions
0001104659-21-131773,Gen Digital Inc.,0000849399,2021-10-29,2021-10-29,8-K,,submissions
0001104659-21-115938,Gen Digital Inc.,0000849399,2021-09-15,2021-09-14,8-K,,submissions
0001104659-21-112640,Gen Digital Inc.,0000849399,2021-09-03,2021-09-01,8-K,,submissions
0001104659-21-102969,Gen Digital Inc.,0000849399,2021-08-10,2021-08-10,8-K,,submissions
0001157523-21-000930,Gen Digital Inc.,0000849399,2021-07-27,2021-07-27,8-K,,submissions
0001104659-21-092314,Gen Digital Inc.,0000849399,2021-07-15,2021-07-14,8-K,,submissions
0001104659-21-086853,Gen Digital Inc.,0000849399,2021-06-29,2021-06-28,8-K,,submissions
0001104659-21-077699,Gen Digital Inc.,0000849399,2021-06-07,2021-06-04,8-K,,submissions
0001104659-21-065987,Gen Digital Inc.,0000849399,2021-05-13,2021-05-13,8-K,,submissions
0001104659-21-063918,Gen Digital Inc.,0000849399,2021-05-10,2021-05-07,8-K,,submissions
0001157523-21-000641,Gen Digital Inc.,0000849399,2021-05-10,2021-05-10,8-K,,submissions
0001157523-21-000144,Gen Digital Inc.,0000849399,2021-02-04,2021-02-04,8-K,,submissions
0001104659-21-005332,Gen Digital Inc.,0000849399,2021-01-19,2021-01-19,8-K,,submissions
0001104659-20-132874,Gen Digital Inc.,0000849399,2020-12-07,2020-12-07,8-K,,submissions
0001157523-20-001452,Gen Digital Inc.,0000849399,2020-11-05,2020-11-05,8-K,,submissions
0001104659-20-103074,Gen Digital Inc.,0000849399,2020-09-08,2020-09-08,8-K,,submissions
0001157523-20-001152,Gen Digital Inc.,0000849399,2020-08-06,2020-08-06,8-K,,submissions
0001104659-20-082096,Gen Digital Inc.,0000849399,2020-07-08,2020-07-08,8-K,,submissions
0001104659-20-067796,Gen Digital Inc.,0000849399,2020-05-29,2020-05-28,8-K,,submissions
0001157523-20-000768,Gen Digital Inc.,0000849399,2020-05-18,2020-05-17,8-K,,submissions
0001157523-20-000745,Gen Digital Inc.,0000849399,2020-05-14,2020-05-14,8-K,,submissions
0001104659-20-029783,Gen Digital Inc.,0000849399,2020-03-05,2020-03-05,8-K,,submissions
0001104659-20-025423,Gen Digital Inc.,0000849399,2020-02-26,2020-02-25,8-K,,submissions
0001157523-20-000166,Gen Digital Inc.,0000849399,2020-02-06,2020-02-06,8-K,,submissions
0001104659-20-011259,Gen Digital Inc.,0000849399,2020-02-05,2020-01-30,8-K,,submissions
0001104659-20-005288,Gen Digital Inc.,0000849399,2020-01-21,2020-01-16,8-K,,submissions
0001104659-20-002689,Gen Digital Inc.,0000849399,2020-01-09,2020-01-09,8-K,,submissions
0001104659-19-075033,Gen Digital Inc.,0000849399,2019-12-20,2019-12-19,8-K,,submissions
0001104659-19-071453,Gen Digital Inc.,0000849399,2019-12-10,2019-12-05,8-K,,submissions
0001104659-19-070618,Gen Digital Inc.,0000849399,2019-12-06,2019-12-03,8-K,,submissions
0001104659-19-062646,Gen Digital Inc.,0000849399,2019-11-12,2019-11-11,8-K,,submissions
0000849399-19-000017,Gen Digital Inc.,0000849399,2019-11-08,2019-11-04,8-K,,submissions
0001157523-19-002234,Gen Digital Inc.,0000849399,2019-11-07,2019-11-07,8-K,,submissions
0001104659-19-059239,Gen Digital Inc.,0000849399,2019-11-04,2019-11-04,8-K,,submissions
0001410578-19-000981,Gen Digital Inc.,0000849399,2019-08-30,2019-08-30,8-K,,submissions
0001410578-19-000940,Gen Digital Inc.,0000849399,2019-08-27,2019-08-21,8-K,,submissions
0001104659-19-044918,Gen Digital Inc.,0000849399,2019-08-08,2019-08-08,8-K,,submissions
0001157523-19-001784,Gen Digital Inc.,0000849399,2019-08-08,2019-08-08,8-K,,submissions
0001193125-19-170236,Gen Digital Inc.,0000849399,2019-06-11,2019-06-10,8-K,,submissions
0001157523-19-001183,Gen Digital Inc.,0000849399,2019-05-09,2019-05-07,8-K,,submissions
0001193125-19-024436,Gen Digital Inc.,0000849399,2019-02-01,2019-01-31,8-K,,submissions
0001157523-19-000204,Gen Digital Inc.,0000849399,2019-01-31,2019-01-31,8-K,,submissions
0001193125-19-004649,Gen Digital Inc.,0000849399,2019-01-08,2019-01-07,8-K,,submissions
0000882095-23-000029,"GILEAD SCIENCES, INC.",0000882095,2023-11-07,2023-11-07,8-K,,submissions
0001104659-23-100638,"GILEAD SCIENCES, INC.",0000882095,2023-09-14,2023-09-14,8-K,,submissions
0001104659-23-092665,"GILEAD SCIENCES, INC.",0000882095,2023-08-16,2023-08-16,8-K,,submissions
0000882095-23-000022,"GILEAD SCIENCES, INC.",0000882095,2023-08-03,2023-08-03,8-K,,submissions
0000882095-23-000019,"GILEAD SCIENCES, INC.",0000882095,2023-05-05,2023-05-03,8-K,,submissions
0000882095-23-000014,"GILEAD SCIENCES, INC.",0000882095,2023-04-27,2023-04-27,8-K,,submissions
0001104659-23-011167,"GILEAD SCIENCES, INC.",0000882095,2023-02-06,2023-02-06,8-K,,submissions
0000882095-23-000003,"GILEAD SCIENCES, INC.",0000882095,2023-02-02,2023-02-02,8-K,,submissions
0000882095-22-000022,"GILEAD SCIENCES, INC.",0000882095,2022-10-27,2022-10-27,8-K,,submissions
0001104659-22-099101,"GILEAD SCIENCES, INC.",0000882095,2022-09-12,2022-09-12,8-K,,submissions
0000882095-22-000016,"GILEAD SCIENCES, INC.",0000882095,2022-08-02,2022-08-02,8-K,,submissions
0001104659-22-083642,"GILEAD SCIENCES, INC.",0000882095,2022-07-28,2022-07-28,8-K,,submissions
0001104659-22-066521,"GILEAD SCIENCES, INC.",0000882095,2022-05-31,2022-05-25,8-K,,submissions
0001104659-22-056435,"GILEAD SCIENCES, INC.",0000882095,2022-05-05,2022-05-04,8-K,,submissions
0000882095-22-000010,"GILEAD SCIENCES, INC.",0000882095,2022-04-28,2022-04-28,8-K,,submissions
0001104659-22-030888,"GILEAD SCIENCES, INC.",0000882095,2022-03-07,2022-03-07,8-K,,submissions
0000882095-22-000003,"GILEAD SCIENCES, INC.",0000882095,2022-02-01,2022-02-01,8-K,,submissions
0001104659-22-010300,"GILEAD SCIENCES, INC.",0000882095,2022-02-01,2022-02-01,8-K,,submissions
0001104659-22-001923,"GILEAD SCIENCES, INC.",0000882095,2022-01-06,2022-01-05,8-K,,submissions
0000882095-21-000024,"GILEAD SCIENCES, INC.",0000882095,2021-10-28,2021-10-28,8-K,,submissions
0000882095-21-000018,"GILEAD SCIENCES, INC.",0000882095,2021-07-29,2021-07-29,8-K,,submissions
0001104659-21-066766,"GILEAD SCIENCES, INC.",0000882095,2021-05-14,2021-05-12,8-K,,submissions
0000882095-21-000010,"GILEAD SCIENCES, INC.",0000882095,2021-04-29,2021-04-29,8-K,,submissions
0000882095-21-000005,"GILEAD SCIENCES, INC.",0000882095,2021-02-04,2021-02-04,8-K,,submissions
0000882095-21-000002,"GILEAD SCIENCES, INC.",0000882095,2021-01-11,2021-01-11,8-K,,submissions
0001104659-20-133195,"GILEAD SCIENCES, INC.",0000882095,2020-12-08,2020-12-07,8-K,,submissions
0000882095-20-000023,"GILEAD SCIENCES, INC.",0000882095,2020-10-28,2020-10-28,8-K,,submissions
0001104659-20-117765,"GILEAD SCIENCES, INC.",0000882095,2020-10-23,2020-10-23,8-K,,submissions
0001104659-20-117064,"GILEAD SCIENCES, INC.",0000882095,2020-10-22,2020-10-17,8-K,,submissions
0001104659-20-110185,"GILEAD SCIENCES, INC.",0000882095,2020-09-30,2020-09-30,8-K,,submissions
0001104659-20-109844,"GILEAD SCIENCES, INC.",0000882095,2020-09-29,2020-09-23,8-K,,submissions
0000950103-20-017822,"GILEAD SCIENCES, INC.",0000882095,2020-09-14,2020-09-13,8-K,,submissions
0000882095-20-000016,"GILEAD SCIENCES, INC.",0000882095,2020-07-30,2020-07-30,8-K,,submissions
0001104659-20-073779,"GILEAD SCIENCES, INC.",0000882095,2020-06-16,2020-06-14,8-K,,submissions
0001104659-20-058609,"GILEAD SCIENCES, INC.",0000882095,2020-05-08,2020-05-06,8-K,,submissions
0000882095-20-000009,"GILEAD SCIENCES, INC.",0000882095,2020-04-30,2020-04-30,8-K,,submissions
0001104659-20-027472,"GILEAD SCIENCES, INC.",0000882095,2020-03-02,2020-03-01,8-K,,submissions
0000882095-20-000003,"GILEAD SCIENCES, INC.",0000882095,2020-02-04,2020-02-04,8-K,,submissions
0001104659-20-009228,"GILEAD SCIENCES, INC.",0000882095,2020-01-31,2020-01-28,8-K,,submissions
0000882095-19-000024,"GILEAD SCIENCES, INC.",0000882095,2019-10-24,2019-10-24,8-K,,submissions
0001144204-19-048251,"GILEAD SCIENCES, INC.",0000882095,2019-10-15,2019-10-15,8-K,,submissions
0001410578-19-000939,"GILEAD SCIENCES, INC.",0000882095,2019-08-27,2019-08-23,8-K,,submissions
0000882095-19-000017,"GILEAD SCIENCES, INC.",0000882095,2019-07-30,2019-07-30,8-K,,submissions
0001104659-19-040899,"GILEAD SCIENCES, INC.",0000882095,2019-07-18,2019-07-14,8-K,,submissions
0001104659-19-040673,"GILEAD SCIENCES, INC.",0000882095,2019-07-17,2019-07-17,8-K,,submissions
0001104659-19-040672,"GILEAD SCIENCES, INC.",0000882095,2019-07-17,2019-07-17,8-K,,submissions
0001104659-19-032209,"GILEAD SCIENCES, INC.",0000882095,2019-05-29,2019-05-23,8-K,,submissions
0001104659-19-028215,"GILEAD SCIENCES, INC.",0000882095,2019-05-09,2019-05-08,8-K,,submissions
0000882095-19-000011,"GILEAD SCIENCES, INC.",0000882095,2019-05-02,2019-05-02,8-K,,submissions
0001104659-19-025972,"GILEAD SCIENCES, INC.",0000882095,2019-05-01,2019-04-30,8-K,,submissions
0001104659-19-011828,"GILEAD SCIENCES, INC.",0000882095,2019-03-01,2019-03-01,8-K,,submissions
0000882095-19-000003,"GILEAD SCIENCES, INC.",0000882095,2019-02-04,2019-02-04,8-K,,submissions
0001609711-23-000165,GoDaddy Inc.,0001609711,2023-11-02,2023-11-02,8-K,,submissions
0001609711-23-000153,GoDaddy Inc.,0001609711,2023-10-06,2023-10-05,8-K,,submissions
0001609711-23-000127,GoDaddy Inc.,0001609711,2023-08-03,2023-08-03,8-K,,submissions
0001609711-23-000122,GoDaddy Inc.,0001609711,2023-07-19,2023-07-19,8-K,,submissions
0001609711-23-000116,GoDaddy Inc.,0001609711,2023-07-14,2023-07-14,8-K,,submissions
0001609711-23-000099,GoDaddy Inc.,0001609711,2023-06-08,2023-06-06,8-K,,submissions
0001609711-23-000092,GoDaddy Inc.,0001609711,2023-05-05,2023-05-05,8-K,,submissions
0001609711-23-000080,GoDaddy Inc.,0001609711,2023-05-04,2023-05-04,8-K,,submissions
0001609711-23-000028,GoDaddy Inc.,0001609711,2023-02-14,2023-02-08,8-K,,submissions
0001609711-23-000009,GoDaddy Inc.,0001609711,2023-01-25,2023-01-22,8-K,,submissions
0001609711-22-000141,GoDaddy Inc.,0001609711,2022-11-10,2022-11-10,8-K,,submissions
0001609711-22-000130,GoDaddy Inc.,0001609711,2022-11-03,2022-11-03,8-K,,submissions
0001609711-22-000126,GoDaddy Inc.,0001609711,2022-10-21,2022-10-21,8-K,,submissions
0001609711-22-000118,GoDaddy Inc.,0001609711,2022-09-29,2022-09-23,8-K,,submissions
0001609711-22-000101,GoDaddy Inc.,0001609711,2022-08-03,2022-08-03,8-K,,submissions
0001609711-22-000097,GoDaddy Inc.,0001609711,2022-07-15,2022-07-15,8-K,,submissions
0001609711-22-000092,GoDaddy Inc.,0001609711,2022-07-08,2022-07-07,8-K,,submissions
0001609711-22-000068,GoDaddy Inc.,0001609711,2022-06-03,2022-06-01,8-K,,submissions
0001609711-22-000060,GoDaddy Inc.,0001609711,2022-05-04,2022-05-04,8-K,,submissions
0001609711-22-000019,GoDaddy Inc.,0001609711,2022-02-16,2022-02-14,8-K,,submissions
0001609711-22-000017,GoDaddy Inc.,0001609711,2022-02-10,2022-02-10,8-K,,submissions
0001609711-22-000003,GoDaddy Inc.,0001609711,2022-01-05,2022-01-03,8-K,,submissions
0001609711-21-000130,GoDaddy Inc.,0001609711,2021-12-13,2021-12-08,8-K,,submissions
0001609711-21-000126,GoDaddy Inc.,0001609711,2021-12-06,2021-11-30,8-K,,submissions
0001609711-21-000122,GoDaddy Inc.,0001609711,2021-11-22,2021-11-22,8-K,,submissions
0001609711-21-000114,GoDaddy Inc.,0001609711,2021-11-03,2021-11-03,8-K,,submissions
0001609711-21-000107,GoDaddy Inc.,0001609711,2021-08-12,2021-08-11,8-K,,submissions
0001609711-21-000101,GoDaddy Inc.,0001609711,2021-08-04,2021-08-04,8-K,,submissions
0001609711-21-000065,GoDaddy Inc.,0001609711,2021-06-04,2021-06-02,8-K,,submissions
0001609711-21-000059,GoDaddy Inc.,0001609711,2021-05-05,2021-05-01,8-K,,submissions
0001609711-21-000040,GoDaddy Inc.,0001609711,2021-03-11,2021-03-08,8-K,,submissions
0001609711-21-000026,GoDaddy Inc.,0001609711,2021-02-26,2021-02-22,8-K,,submissions
0001609711-21-000008,GoDaddy Inc.,0001609711,2021-02-11,2021-02-10,8-K,,submissions
0001609711-20-000141,GoDaddy Inc.,0001609711,2020-11-04,2020-10-30,8-K,,submissions
0001609711-20-000134,GoDaddy Inc.,0001609711,2020-09-11,2020-09-09,8-K,,submissions
0001609711-20-000115,GoDaddy Inc.,0001609711,2020-08-13,2020-08-10,8-K,,submissions
0001609711-20-000105,GoDaddy Inc.,0001609711,2020-08-05,2020-07-31,8-K,,submissions
0001193125-20-177094,GoDaddy Inc.,0001609711,2020-06-24,2020-06-22,8-K,,submissions
0001609711-20-000091,GoDaddy Inc.,0001609711,2020-06-05,2020-06-03,8-K,,submissions
0001609711-20-000056,GoDaddy Inc.,0001609711,2020-05-06,2020-05-06,8-K,,submissions
0001609711-20-000053,GoDaddy Inc.,0001609711,2020-04-23,2020-03-05,8-K,,submissions
0001609711-20-000046,GoDaddy Inc.,0001609711,2020-04-03,2020-04-02,8-K,,submissions
0001609711-20-000013,GoDaddy Inc.,0001609711,2020-02-13,2020-02-13,8-K,,submissions
0001609711-20-000004,GoDaddy Inc.,0001609711,2020-02-10,2020-02-07,8-K,,submissions
0001609711-19-000250,GoDaddy Inc.,0001609711,2019-12-06,2019-12-04,8-K,,submissions
0001609711-19-000226,GoDaddy Inc.,0001609711,2019-11-06,2019-11-06,8-K,,submissions
0001609711-19-000222,GoDaddy Inc.,0001609711,2019-10-04,2019-10-03,8-K,,submissions
0001609711-19-000212,GoDaddy Inc.,0001609711,2019-09-09,2019-09-04,8-K,,submissions
0001609711-19-000190,GoDaddy Inc.,0001609711,2019-08-02,2019-07-30,8-K,,submissions
0001609711-19-000185,GoDaddy Inc.,0001609711,2019-08-01,2019-08-01,8-K,,submissions
0001609711-19-000176,GoDaddy Inc.,0001609711,2019-07-16,2019-07-12,8-K,,submissions
0001609711-19-000131,GoDaddy Inc.,0001609711,2019-06-07,2019-06-04,8-K,,submissions
0001609711-19-000111,GoDaddy Inc.,0001609711,2019-05-31,2019-05-28,8-K,,submissions
0001609711-19-000087,GoDaddy Inc.,0001609711,2019-05-02,2019-05-02,8-K,,submissions
0001609711-19-000042,GoDaddy Inc.,0001609711,2019-02-28,2019-02-25,8-K,,submissions
0001609711-19-000015,GoDaddy Inc.,0001609711,2019-02-26,2019-02-25,8-K,,submissions
0001609711-19-000010,GoDaddy Inc.,0001609711,2019-02-20,2019-02-20,8-K,,submissions
0001609711-19-000008,GoDaddy Inc.,0001609711,2019-02-14,2019-02-08,8-K,,submissions
0001193125-23-274071,"HCA Healthcare, Inc.",0000860730,2023-11-09,2023-11-09,8-K,,submissions
0001193125-23-261204,"HCA Healthcare, Inc.",0000860730,2023-10-24,2023-10-24,8-K,,submissions
0001193125-23-195360,"HCA Healthcare, Inc.",0000860730,2023-07-27,2023-07-27,8-K,,submissions
0001193125-23-184269,"HCA Healthcare, Inc.",0000860730,2023-07-10,2023-07-10,8-K,,submissions
0001193125-23-155487,"HCA Healthcare, Inc.",0000860730,2023-05-26,2023-05-26,8-K,,submissions
0001193125-23-136049,"HCA Healthcare, Inc.",0000860730,2023-05-04,2023-05-04,8-K,,submissions
0001193125-23-131536,"HCA Healthcare, Inc.",0000860730,2023-05-02,2023-05-01,8-K,,submissions
0001193125-23-110578,"HCA Healthcare, Inc.",0000860730,2023-04-21,2023-04-19,8-K,,submissions
0001193125-23-109258,"HCA Healthcare, Inc.",0000860730,2023-04-21,2023-04-21,8-K,,submissions
0001193125-23-094138,"HCA Healthcare, Inc.",0000860730,2023-04-06,2023-04-03,8-K,,submissions
0001193125-23-016833,"HCA Healthcare, Inc.",0000860730,2023-01-27,2023-01-27,8-K,,submissions
0001193125-23-001579,"HCA Healthcare, Inc.",0000860730,2023-01-04,2023-01-04,8-K,,submissions
0001193125-22-308372,"HCA Healthcare, Inc.",0000860730,2022-12-19,2022-12-19,8-K,,submissions
0001193125-22-269593,"HCA Healthcare, Inc.",0000860730,2022-10-26,2022-10-20,8-K,,submissions
0001193125-22-266319,"HCA Healthcare, Inc.",0000860730,2022-10-21,2022-10-21,8-K,,submissions
0001193125-22-222847,"HCA Healthcare, Inc.",0000860730,2022-08-17,2022-08-15,8-K,,submissions
0001193125-22-199606,"HCA Healthcare, Inc.",0000860730,2022-07-22,2022-07-22,8-K,,submissions
0001193125-22-160031,"HCA Healthcare, Inc.",0000860730,2022-05-26,2022-05-25,8-K,,submissions
0001193125-22-120439,"HCA Healthcare, Inc.",0000860730,2022-04-26,2022-04-21,8-K,,submissions
0001193125-22-114235,"HCA Healthcare, Inc.",0000860730,2022-04-22,2022-04-22,8-K,,submissions
0001193125-22-101742,"HCA Healthcare, Inc.",0000860730,2022-04-11,2022-04-08,8-K,,submissions
0001193125-22-098964,"HCA Healthcare, Inc.",0000860730,2022-04-07,2022-04-07,8-K,,submissions
0001193125-22-070987,"HCA Healthcare, Inc.",0000860730,2022-03-10,2022-03-09,8-K,,submissions
0001193125-22-063719,"HCA Healthcare, Inc.",0000860730,2022-03-03,2022-03-03,8-K,,submissions
0001193125-22-063063,"HCA Healthcare, Inc.",0000860730,2022-03-02,2022-03-02,8-K,,submissions
0001193125-22-062405,"HCA Healthcare, Inc.",0000860730,2022-03-02,2022-03-02,8-K,,submissions
0001193125-22-019075,"HCA Healthcare, Inc.",0000860730,2022-01-27,2022-01-24,8-K,,submissions
0001193125-21-309426,"HCA Healthcare, Inc.",0000860730,2021-10-27,2021-10-21,8-K,,submissions
0001193125-21-304715,"HCA Healthcare, Inc.",0000860730,2021-10-22,2021-10-22,8-K,,submissions
0001193125-21-225096,"HCA Healthcare, Inc.",0000860730,2021-07-27,2021-07-27,8-K,,submissions
0001193125-21-219158,"HCA Healthcare, Inc.",0000860730,2021-07-20,2021-07-20,8-K,,submissions
0001193125-21-205276,"HCA Healthcare, Inc.",0000860730,2021-07-01,2021-06-30,8-K,,submissions
0001193125-21-195711,"HCA Healthcare, Inc.",0000860730,2021-06-22,2021-06-21,8-K,,submissions
0001193125-21-150111,"HCA Healthcare, Inc.",0000860730,2021-05-04,2021-04-28,8-K,,submissions
0001193125-21-125676,"HCA Healthcare, Inc.",0000860730,2021-04-22,2021-04-22,8-K,,submissions
0001193125-21-111694,"HCA Healthcare, Inc.",0000860730,2021-04-09,2021-04-09,8-K,,submissions
0001193125-21-025346,"HCA Healthcare, Inc.",0000860730,2021-02-02,2021-01-29,8-K,,submissions
0001193125-20-276104,"HCA Healthcare, Inc.",0000860730,2020-10-26,2020-10-26,8-K,,submissions
0001193125-20-266399,"HCA Healthcare, Inc.",0000860730,2020-10-08,2020-10-08,8-K,,submissions
0001193125-20-196820,"HCA Healthcare, Inc.",0000860730,2020-07-22,2020-07-22,8-K,,submissions
0001193125-20-135015,"HCA Healthcare, Inc.",0000860730,2020-05-06,2020-04-30,8-K,,submissions
0001193125-20-112965,"HCA Healthcare, Inc.",0000860730,2020-04-21,2020-04-21,8-K,,submissions
0001193125-20-096038,"HCA Healthcare, Inc.",0000860730,2020-04-02,2020-03-27,8-K,,submissions
0001193125-20-080819,"HCA Healthcare, Inc.",0000860730,2020-03-20,2020-03-19,8-K,,submissions
0001193125-20-050213,"HCA Healthcare, Inc.",0000860730,2020-02-26,2020-02-26,8-K,,submissions
0001193125-20-033383,"HCA Healthcare, Inc.",0000860730,2020-02-12,2020-02-11,8-K,,submissions
0001193125-20-030658,"HCA Healthcare, Inc.",0000860730,2020-02-11,2020-02-11,8-K,,submissions
0001193125-20-016154,"HCA Healthcare, Inc.",0000860730,2020-01-28,2020-01-28,8-K,,submissions
0001193125-19-297641,"HCA Healthcare, Inc.",0000860730,2019-11-21,2019-11-20,8-K,,submissions
0001193125-19-277113,"HCA Healthcare, Inc.",0000860730,2019-10-29,2019-10-29,8-K,,submissions
0001193125-19-265871,"HCA Healthcare, Inc.",0000860730,2019-10-10,2019-10-08,8-K,,submissions
0001193125-19-206299,"HCA Healthcare, Inc.",0000860730,2019-07-30,2019-07-30,8-K,,submissions
0001193125-19-199011,"HCA Healthcare, Inc.",0000860730,2019-07-22,2019-07-16,8-K,,submissions
0001193125-19-171339,"HCA Healthcare, Inc.",0000860730,2019-06-12,2019-06-12,8-K,,submissions
0001193125-19-168266,"HCA Healthcare, Inc.",0000860730,2019-06-07,2019-06-05,8-K,,submissions
0001193125-19-135052,"HCA Healthcare, Inc.",0000860730,2019-05-02,2019-04-26,8-K,,submissions
0001193125-19-127530,"HCA Healthcare, Inc.",0000860730,2019-04-30,2019-04-30,8-K,,submissions
0001193125-19-095729,"HCA Healthcare, Inc.",0000860730,2019-04-02,2019-03-28,8-K,,submissions
0001193125-19-050027,"HCA Healthcare, Inc.",0000860730,2019-02-25,2019-02-21,8-K,,submissions
0001193125-19-022657,"HCA Healthcare, Inc.",0000860730,2019-01-30,2019-01-30,8-K,,submissions
0001193125-19-019842,"HCA Healthcare, Inc.",0000860730,2019-01-29,2019-01-29,8-K,,submissions
0001193125-19-014056,"HCA Healthcare, Inc.",0000860730,2019-01-22,2019-01-17,8-K,,submissions
0001193125-19-010996,"HCA Healthcare, Inc.",0000860730,2019-01-17,2019-01-17,8-K,,submissions
0001193125-23-297629,HENRY SCHEIN INC,0001000228,2023-12-18,2023-12-12,8-K,,submissions
0001193125-23-278944,HENRY SCHEIN INC,0001000228,2023-11-16,2023-11-10,8-K,,submissions
0001000228-23-000046,HENRY SCHEIN INC,0001000228,2023-11-13,2023-11-13,8-K,,submissions
0001193125-23-269356,HENRY SCHEIN INC,0001000228,2023-11-02,2023-11-02,8-K,,submissions
0001193125-23-261152,HENRY SCHEIN INC,0001000228,2023-10-24,2023-10-24,8-K,,submissions
0001193125-23-256465,HENRY SCHEIN INC,0001000228,2023-10-16,2023-10-15,8-K,,submissions
0001000228-23-000041,HENRY SCHEIN INC,0001000228,2023-08-07,2023-08-07,8-K,,submissions
0001193125-23-186248,HENRY SCHEIN INC,0001000228,2023-07-13,2023-07-11,8-K,,submissions
0001193125-23-154352,HENRY SCHEIN INC,0001000228,2023-05-25,2023-05-23,8-K,,submissions
0001000228-23-000024,HENRY SCHEIN INC,0001000228,2023-05-09,2023-05-09,8-K,,submissions
0001193125-23-079156,HENRY SCHEIN INC,0001000228,2023-03-24,2023-03-23,8-K,,submissions
0001193125-23-049547,HENRY SCHEIN INC,0001000228,2023-02-27,2023-02-27,8-K,,submissions
0001000228-23-000006,HENRY SCHEIN INC,0001000228,2023-02-16,2023-02-16,8-K,,submissions
0001193125-22-293869,HENRY SCHEIN INC,0001000228,2022-11-29,2022-11-28,8-K,,submissions
0001000228-22-000066,HENRY SCHEIN INC,0001000228,2022-11-01,2022-11-01,8-K,,submissions
0001000228-22-000053,HENRY SCHEIN INC,0001000228,2022-08-02,2022-08-02,8-K,,submissions
0001193125-22-156133,HENRY SCHEIN INC,0001000228,2022-05-20,2022-05-18,8-K,,submissions
0001000228-22-000030,HENRY SCHEIN INC,0001000228,2022-05-03,2022-05-03,8-K,,submissions
0001193125-22-094333,HENRY SCHEIN INC,0001000228,2022-04-04,2022-03-29,8-K,,submissions
0001000228-22-000013,HENRY SCHEIN INC,0001000228,2022-02-15,2022-02-15,8-K,,submissions
0001193125-22-002148,HENRY SCHEIN INC,0001000228,2022-01-05,2022-01-04,8-K,,submissions
0001193125-21-350793,HENRY SCHEIN INC,0001000228,2021-12-08,2021-12-07,8-K,,submissions
0001000228-21-000078,HENRY SCHEIN INC,0001000228,2021-11-02,2021-11-02,8-K,,submissions
0001193125-21-303524,HENRY SCHEIN INC,0001000228,2021-10-21,2021-10-20,8-K,,submissions
0001193125-21-253351,HENRY SCHEIN INC,0001000228,2021-08-23,2021-08-20,8-K,,submissions
0001000228-21-000058,HENRY SCHEIN INC,0001000228,2021-08-03,2021-08-03,8-K,,submissions
0001193125-21-162809,HENRY SCHEIN INC,0001000228,2021-05-17,2021-05-13,8-K,,submissions
0001000228-21-000033,HENRY SCHEIN INC,0001000228,2021-05-04,2021-05-04,8-K,,submissions
0001193125-21-072310,HENRY SCHEIN INC,0001000228,2021-03-08,2021-03-03,8-K,,submissions
0001000228-21-000016,HENRY SCHEIN INC,0001000228,2021-02-17,2021-02-17,8-K,,submissions
0001193125-21-035462,HENRY SCHEIN INC,0001000228,2021-02-10,2021-02-04,8-K,,submissions
0001000228-20-000064,HENRY SCHEIN INC,0001000228,2020-11-02,2020-11-02,8-K,,submissions
0001193125-20-217044,HENRY SCHEIN INC,0001000228,2020-08-12,2020-08-11,8-K,,submissions
0001000228-20-000053,HENRY SCHEIN INC,0001000228,2020-08-04,2020-08-04,8-K,,submissions
0001193125-20-178254,HENRY SCHEIN INC,0001000228,2020-06-25,2020-06-22,8-K,,submissions
0001193125-20-175618,HENRY SCHEIN INC,0001000228,2020-06-22,2020-06-20,8-K,,submissions
0001193125-20-151575,HENRY SCHEIN INC,0001000228,2020-05-26,2020-05-21,8-K,,submissions
0001000228-20-000031,HENRY SCHEIN INC,0001000228,2020-05-05,2020-05-05,8-K,,submissions
0001193125-20-112187,HENRY SCHEIN INC,0001000228,2020-04-20,2020-04-17,8-K,,submissions
0001193125-20-098912,HENRY SCHEIN INC,0001000228,2020-04-06,2020-04-03,8-K,,submissions
0001000228-20-000014,HENRY SCHEIN INC,0001000228,2020-02-20,2020-02-20,8-K,,submissions
0001193125-19-319710,HENRY SCHEIN INC,0001000228,2019-12-20,2019-12-20,8-K,,submissions
0001193125-19-301168,HENRY SCHEIN INC,0001000228,2019-11-26,2019-11-20,8-K,,submissions
0001000228-19-000065,HENRY SCHEIN INC,0001000228,2019-11-05,2019-11-05,8-K,,submissions
0001193125-19-270398,HENRY SCHEIN INC,0001000228,2019-10-21,2019-10-21,8-K,,submissions
0001193125-19-217405,HENRY SCHEIN INC,0001000228,2019-08-09,2019-08-08,8-K,,submissions
0001000228-19-000047,HENRY SCHEIN INC,0001000228,2019-08-06,2019-08-06,8-K,,submissions
0001193125-19-155351,HENRY SCHEIN INC,0001000228,2019-05-23,2019-05-22,8-K,,submissions
0001000228-19-000028,HENRY SCHEIN INC,0001000228,2019-05-07,2019-05-07,8-K,,submissions
0001000228-19-000012,HENRY SCHEIN INC,0001000228,2019-02-20,2019-02-20,8-K,,submissions
0001193125-19-032454,HENRY SCHEIN INC,0001000228,2019-02-08,2019-02-07,8-K,,submissions
0001193125-19-014864,HENRY SCHEIN INC,0001000228,2019-01-23,2019-01-23,8-K,,submissions
0001645590-23-000110,Hewlett Packard Enterprise Co,0001645590,2023-12-15,2023-12-13,8-K,,submissions
0001645590-23-000105,Hewlett Packard Enterprise Co,0001645590,2023-11-28,2023-11-28,8-K,,submissions
0001645590-23-000103,Hewlett Packard Enterprise Co,0001645590,2023-10-19,2023-10-19,8-K,,submissions
0001645590-23-000097,Hewlett Packard Enterprise Co,0001645590,2023-09-28,2023-09-27,8-K,,submissions
0001645590-23-000093,Hewlett Packard Enterprise Co,0001645590,2023-09-19,2023-09-19,8-K,,submissions
0001645590-23-000082,Hewlett Packard Enterprise Co,0001645590,2023-08-29,2023-08-29,8-K,,submissions
0001645590-23-000079,Hewlett Packard Enterprise Co,0001645590,2023-08-07,2023-08-03,8-K,,submissions
0001645590-23-000076,Hewlett Packard Enterprise Co,0001645590,2023-06-14,2023-06-14,8-K,,submissions
0001140361-23-029849,Hewlett Packard Enterprise Co,0001645590,2023-06-14,2023-06-14,8-K,,submissions
0001140361-23-028791,Hewlett Packard Enterprise Co,0001645590,2023-06-07,2023-06-05,8-K,,submissions
0001645590-23-000054,Hewlett Packard Enterprise Co,0001645590,2023-05-30,2023-05-30,8-K,,submissions
0001645590-23-000050,Hewlett Packard Enterprise Co,0001645590,2023-05-26,2023-05-26,8-K,,submissions
0001645590-23-000042,Hewlett Packard Enterprise Co,0001645590,2023-04-06,2023-04-05,8-K,,submissions
0001140361-23-012785,Hewlett Packard Enterprise Co,0001645590,2023-03-21,2023-03-21,8-K,,submissions
0001140361-23-010713,Hewlett Packard Enterprise Co,0001645590,2023-03-08,2023-03-07,8-K,,submissions
0001645590-23-000029,Hewlett Packard Enterprise Co,0001645590,2023-03-02,2023-03-02,8-K,,submissions
0001645590-23-000011,Hewlett Packard Enterprise Co,0001645590,2023-02-09,2023-02-09,8-K,,submissions
0001645590-23-000008,Hewlett Packard Enterprise Co,0001645590,2023-01-30,2023-01-27,8-K,,submissions
0001645590-23-000005,Hewlett Packard Enterprise Co,0001645590,2023-01-10,2023-01-10,8-K,,submissions
0001645590-23-000002,Hewlett Packard Enterprise Co,0001645590,2023-01-03,2022-12-30,8-K,,submissions
0001645590-22-000067,Hewlett Packard Enterprise Co,0001645590,2022-11-29,2022-11-29,8-K,,submissions
0001645590-22-000063,Hewlett Packard Enterprise Co,0001645590,2022-10-31,2022-10-28,8-K,,submissions
0001645590-22-000060,Hewlett Packard Enterprise Co,0001645590,2022-10-19,2022-10-19,8-K,,submissions
0001645590-22-000055,Hewlett Packard Enterprise Co,0001645590,2022-09-22,2022-09-22,8-K,,submissions
0001645590-22-000047,Hewlett Packard Enterprise Co,0001645590,2022-08-30,2022-08-30,8-K,,submissions
0001645590-22-000045,Hewlett Packard Enterprise Co,0001645590,2022-07-15,2022-07-15,8-K,,submissions
0001645590-22-000041,Hewlett Packard Enterprise Co,0001645590,2022-06-21,2022-06-17,8-K,,submissions
0001645590-22-000025,Hewlett Packard Enterprise Co,0001645590,2022-06-01,2022-06-01,8-K,,submissions
0001645590-22-000020,Hewlett Packard Enterprise Co,0001645590,2022-04-25,2022-04-22,8-K,,submissions
0001645590-22-000018,Hewlett Packard Enterprise Co,0001645590,2022-04-07,2022-04-05,8-K,,submissions
0001645590-22-000010,Hewlett Packard Enterprise Co,0001645590,2022-03-01,2022-03-01,8-K,,submissions
0001645590-22-000002,Hewlett Packard Enterprise Co,0001645590,2022-01-24,2022-01-18,8-K,,submissions
0001645590-21-000063,Hewlett Packard Enterprise Co,0001645590,2021-11-30,2021-11-30,8-K,,submissions
0001645590-21-000061,Hewlett Packard Enterprise Co,0001645590,2021-10-28,2021-10-28,8-K,,submissions
0001645590-21-000059,Hewlett Packard Enterprise Co,0001645590,2021-10-14,2021-10-14,8-K,,submissions
0001645590-21-000053,Hewlett Packard Enterprise Co,0001645590,2021-09-02,2021-09-02,8-K,,submissions
0001645590-21-000050,Hewlett Packard Enterprise Co,0001645590,2021-08-23,2021-08-23,8-K,,submissions
0001645590-21-000048,Hewlett Packard Enterprise Co,0001645590,2021-07-01,2021-07-01,8-K,,submissions
0001645590-21-000038,Hewlett Packard Enterprise Co,0001645590,2021-06-01,2021-06-01,8-K,,submissions
0001645590-21-000025,Hewlett Packard Enterprise Co,0001645590,2021-04-19,2021-04-14,8-K,,submissions
0001645590-21-000018,Hewlett Packard Enterprise Co,0001645590,2021-03-17,2021-03-15,8-K,,submissions
0001645590-21-000013,Hewlett Packard Enterprise Co,0001645590,2021-03-02,2021-03-02,8-K,,submissions
0001645590-21-000004,Hewlett Packard Enterprise Co,0001645590,2021-02-04,2021-02-04,8-K,,submissions
0001645590-21-000002,Hewlett Packard Enterprise Co,0001645590,2021-01-14,2021-01-12,8-K,,submissions
0001645590-20-000053,Hewlett Packard Enterprise Co,0001645590,2020-12-01,2020-12-01,8-K,,submissions
0001645590-20-000049,Hewlett Packard Enterprise Co,0001645590,2020-11-03,2020-10-29,8-K,,submissions
0001645590-20-000045,Hewlett Packard Enterprise Co,0001645590,2020-10-15,2020-10-15,8-K,,submissions
0001645590-20-000043,Hewlett Packard Enterprise Co,0001645590,2020-09-21,2020-09-21,8-K,,submissions
0001645590-20-000037,Hewlett Packard Enterprise Co,0001645590,2020-08-25,2020-08-25,8-K,,submissions
0001645590-20-000034,Hewlett Packard Enterprise Co,0001645590,2020-07-27,2020-07-24,8-K,,submissions
0001140361-20-016321,Hewlett Packard Enterprise Co,0001645590,2020-07-17,2020-07-14,8-K,,submissions
0001645590-20-000032,Hewlett Packard Enterprise Co,0001645590,2020-07-13,2020-07-11,8-K,,submissions
0001645590-20-000019,Hewlett Packard Enterprise Co,0001645590,2020-05-21,2020-05-19,8-K,,submissions
0001645590-20-000015,Hewlett Packard Enterprise Co,0001645590,2020-04-28,2020-04-23,8-K,,submissions
0001193125-20-102623,Hewlett Packard Enterprise Co,0001645590,2020-04-09,2020-04-06,8-K,,submissions
0001193125-20-099017,Hewlett Packard Enterprise Co,0001645590,2020-04-06,2020-04-06,8-K,,submissions
0001645590-20-000011,Hewlett Packard Enterprise Co,0001645590,2020-04-03,2020-04-01,8-K,,submissions
0001645590-20-000006,Hewlett Packard Enterprise Co,0001645590,2020-03-03,2020-03-03,8-K,,submissions
0001645590-20-000004,Hewlett Packard Enterprise Co,0001645590,2020-02-13,2020-02-12,8-K,,submissions
0001645590-20-000002,Hewlett Packard Enterprise Co,0001645590,2020-02-06,2020-01-31,8-K,,submissions
0001645590-19-000042,Hewlett Packard Enterprise Co,0001645590,2019-11-25,2019-11-25,8-K,,submissions
0001645590-19-000039,Hewlett Packard Enterprise Co,0001645590,2019-11-04,2019-10-30,8-K,,submissions
0001645590-19-000037,Hewlett Packard Enterprise Co,0001645590,2019-10-23,2019-10-23,8-K,,submissions
0001410578-19-001424,Hewlett Packard Enterprise Co,0001645590,2019-09-25,2019-09-25,8-K,,submissions
0001193125-19-244872,Hewlett Packard Enterprise Co,0001645590,2019-09-13,2019-09-13,8-K,,submissions
0001193125-19-240074,Hewlett Packard Enterprise Co,0001645590,2019-09-06,2019-09-04,8-K,,submissions
0001645590-19-000028,Hewlett Packard Enterprise Co,0001645590,2019-08-27,2019-08-27,8-K,,submissions
0001645590-19-000026,Hewlett Packard Enterprise Co,0001645590,2019-08-20,2019-08-15,8-K,,submissions
0001645590-19-000024,Hewlett Packard Enterprise Co,0001645590,2019-08-20,2019-08-16,8-K,,submissions
0001645590-19-000021,Hewlett Packard Enterprise Co,0001645590,2019-06-24,2019-06-24,8-K,,submissions
0001645590-19-000012,Hewlett Packard Enterprise Co,0001645590,2019-05-23,2019-05-23,8-K,,submissions
0001104659-19-030135,Hewlett Packard Enterprise Co,0001645590,2019-05-17,2019-05-16,8-K,,submissions
0001645590-19-000010,Hewlett Packard Enterprise Co,0001645590,2019-04-09,2019-04-03,8-K,,submissions
0001645590-19-000008,Hewlett Packard Enterprise Co,0001645590,2019-02-21,2019-02-21,8-K,,submissions
0001645590-19-000006,Hewlett Packard Enterprise Co,0001645590,2019-02-13,2019-02-13,8-K,,submissions
0001645590-19-000003,Hewlett Packard Enterprise Co,0001645590,2019-01-31,2019-01-31,8-K,,submissions
0001140361-23-057798,HP INC,0000047217,2023-12-15,2023-12-12,8-K,,submissions
0000047217-23-000091,HP INC,0000047217,2023-11-21,2023-11-21,8-K,,submissions
0001140361-23-053857,HP INC,0000047217,2023-11-17,2023-11-13,8-K,,submissions
0000047217-23-000086,HP INC,0000047217,2023-10-11,2023-10-10,8-K,,submissions
0000047217-23-000081,HP INC,0000047217,2023-09-21,2023-09-19,8-K,,submissions
0000047217-23-000060,HP INC,0000047217,2023-08-29,2023-08-29,8-K,,submissions
0001140361-23-034085,HP INC,0000047217,2023-07-11,2023-07-11,8-K,,submissions
0001140361-23-031447,HP INC,0000047217,2023-06-26,2023-06-26,8-K,,submissions
0000047217-23-000054,HP INC,0000047217,2023-06-23,2023-06-21,8-K,,submissions
0000047217-23-000035,HP INC,0000047217,2023-05-30,2023-05-30,8-K,,submissions
0000047217-23-000023,HP INC,0000047217,2023-04-27,2023-04-24,8-K,,submissions
0000047217-23-000015,HP INC,0000047217,2023-02-28,2023-02-28,8-K,,submissions
0000047217-22-000061,HP INC,0000047217,2022-11-22,2022-11-18,8-K,,submissions
0001140361-22-032608,HP INC,0000047217,2022-09-07,2022-09-01,8-K,,submissions
0000047217-22-000047,HP INC,0000047217,2022-08-30,2022-08-30,8-K,,submissions
0000950103-22-014548,HP INC,0000047217,2022-08-29,2022-08-29,8-K,,submissions
0001140361-22-031043,HP INC,0000047217,2022-08-26,2022-08-23,8-K,,submissions
0001140361-22-026395,HP INC,0000047217,2022-07-19,2022-07-19,8-K,,submissions
0001140361-22-023652,HP INC,0000047217,2022-06-21,2022-06-21,8-K,,submissions
0001140361-22-022344,HP INC,0000047217,2022-06-08,2022-06-06,8-K,,submissions
0000047217-22-000032,HP INC,0000047217,2022-05-31,2022-05-31,8-K,,submissions
0001140361-22-015595,HP INC,0000047217,2022-04-22,2022-04-19,8-K,,submissions
0001140361-22-014388,HP INC,0000047217,2022-04-13,2022-04-11,8-K,,submissions
0001140361-22-012297,HP INC,0000047217,2022-03-31,2022-03-29,8-K,,submissions
0000950103-22-005264,HP INC,0000047217,2022-03-28,2022-03-28,8-K,,submissions
0000047217-22-000006,HP INC,0000047217,2022-02-28,2022-02-28,8-K,,submissions
0001140361-22-006171,HP INC,0000047217,2022-02-18,2022-02-14,8-K,,submissions
0000047217-21-000055,HP INC,0000047217,2021-11-23,2021-11-23,8-K,,submissions
0001140361-21-038216,HP INC,0000047217,2021-11-17,2021-11-16,8-K,,submissions
0001140361-21-035009,HP INC,0000047217,2021-10-20,2021-10-20,8-K,,submissions
0000047217-21-000043,HP INC,0000047217,2021-08-26,2021-08-26,8-K,,submissions
0001140361-21-021905,HP INC,0000047217,2021-06-22,2021-06-22,8-K,,submissions
0001140361-21-021509,HP INC,0000047217,2021-06-21,2021-06-16,8-K,,submissions
0001140361-21-020105,HP INC,0000047217,2021-06-08,2021-06-07,8-K,,submissions
0001140361-21-019469,HP INC,0000047217,2021-06-01,2021-05-26,8-K,,submissions
0000047217-21-000024,HP INC,0000047217,2021-05-27,2021-05-27,8-K,,submissions
0001140361-21-018400,HP INC,0000047217,2021-05-21,2021-05-18,8-K,,submissions
0000047217-21-000018,HP INC,0000047217,2021-04-16,2021-04-13,8-K,,submissions
0000047217-21-000003,HP INC,0000047217,2021-02-25,2021-02-25,8-K,,submissions
0001140361-21-005513,HP INC,0000047217,2021-02-19,2021-02-16,8-K,,submissions
0001140361-21-002805,HP INC,0000047217,2021-02-01,2021-01-29,8-K,,submissions
0001140361-21-001455,HP INC,0000047217,2021-01-19,2021-01-12,8-K,,submissions
0000047217-20-000039,HP INC,0000047217,2020-11-24,2020-11-24,8-K,,submissions
0001140361-20-020028,HP INC,0000047217,2020-09-09,2020-09-07,8-K,,submissions
0000047217-20-000027,HP INC,0000047217,2020-08-27,2020-08-27,8-K,,submissions
0001140361-20-014890,HP INC,0000047217,2020-06-26,2020-06-25,8-K,,submissions
0001140361-20-014091,HP INC,0000047217,2020-06-17,2020-06-17,8-K,,submissions
0001140361-20-013484,HP INC,0000047217,2020-06-10,2020-06-09,8-K,,submissions
0001140361-20-013351,HP INC,0000047217,2020-06-09,2020-06-09,8-K,,submissions
0001140361-20-012720,HP INC,0000047217,2020-05-29,2020-05-29,8-K,,submissions
0000047217-20-000012,HP INC,0000047217,2020-05-27,2020-05-27,8-K,,submissions
0000047217-20-000009,HP INC,0000047217,2020-05-14,2020-05-11,8-K,,submissions
0001140361-20-007086,HP INC,0000047217,2020-03-27,2020-03-26,8-K,,submissions
0001140361-20-004271,HP INC,0000047217,2020-02-27,2020-02-27,8-K,,submissions
0001140361-20-003924,HP INC,0000047217,2020-02-24,2020-02-22,8-K,,submissions
0000047217-20-000004,HP INC,0000047217,2020-02-24,2020-02-24,8-K,,submissions
0000930413-20-000467,HP INC,0000047217,2020-02-20,2020-02-20,8-K,,submissions
0000047217-19-000061,HP INC,0000047217,2019-11-26,2019-11-26,8-K,,submissions
0000047217-19-000054,HP INC,0000047217,2019-11-01,2019-10-30,8-K,,submissions
0000047217-19-000052,HP INC,0000047217,2019-10-04,2019-09-30,8-K,,submissions
0000047217-19-000050,HP INC,0000047217,2019-09-30,2019-09-25,8-K,,submissions
0001193125-19-226886,HP INC,0000047217,2019-08-22,2019-08-20,8-K,,submissions
0000047217-19-000044,HP INC,0000047217,2019-08-22,2019-07-31,8-K,,submissions
0000047217-19-000025,HP INC,0000047217,2019-05-23,2019-05-23,8-K,,submissions
0000047217-19-000021,HP INC,0000047217,2019-04-25,2019-04-23,8-K,,submissions
0000047217-19-000011,HP INC,0000047217,2019-02-27,2019-02-27,8-K,,submissions
0000047217-19-000006,HP INC,0000047217,2019-02-13,2019-02-07,8-K,,submissions
0000047217-19-000002,HP INC,0000047217,2019-01-23,2019-01-17,8-K,,submissions
0000049071-23-000070,HUMANA INC,0000049071,2023-12-07,2023-12-07,8-K,,submissions
0000049071-23-000067,HUMANA INC,0000049071,2023-12-01,2023-12-01,8-K,,submissions
0001628280-23-038312,HUMANA INC,0000049071,2023-11-09,2023-11-09,8-K,,submissions
0001628280-23-036761,HUMANA INC,0000049071,2023-11-03,2023-11-03,8-K,,submissions
0000049071-23-000062,HUMANA INC,0000049071,2023-11-01,2023-11-01,8-K,,submissions
0000049071-23-000058,HUMANA INC,0000049071,2023-10-11,2023-10-09,8-K,,submissions
0000049071-23-000055,HUMANA INC,0000049071,2023-09-06,2023-09-06,8-K,,submissions
0000049071-23-000052,HUMANA INC,0000049071,2023-08-21,2023-08-17,8-K,,submissions
0000049071-23-000046,HUMANA INC,0000049071,2023-08-02,2023-08-02,8-K,,submissions
0000049071-23-000038,HUMANA INC,0000049071,2023-06-16,2023-06-16,8-K,,submissions
0001193125-23-159869,HUMANA INC,0000049071,2023-06-02,2023-06-02,8-K,,submissions
0000049071-23-000029,HUMANA INC,0000049071,2023-06-01,2023-06-01,8-K,,submissions
0000049071-23-000022,HUMANA INC,0000049071,2023-04-26,2023-04-26,8-K,,submissions
0000049071-23-000018,HUMANA INC,0000049071,2023-04-24,2023-04-20,8-K,,submissions
0001193125-23-069153,HUMANA INC,0000049071,2023-03-13,2023-03-13,8-K,,submissions
0001193125-23-054410,HUMANA INC,0000049071,2023-03-01,2023-02-27,8-K,,submissions
0000049071-23-000013,HUMANA INC,0000049071,2023-02-23,2023-02-23,8-K,,submissions
0000049071-23-000007,HUMANA INC,0000049071,2023-02-01,2023-02-01,8-K,,submissions
0000049071-23-000002,HUMANA INC,0000049071,2023-01-09,2023-01-09,8-K,,submissions
0000049071-22-000083,HUMANA INC,0000049071,2022-12-08,2022-12-08,8-K,,submissions
0000049071-22-000079,HUMANA INC,0000049071,2022-12-01,2022-12-01,8-K,,submissions
0001193125-22-291138,HUMANA INC,0000049071,2022-11-22,2022-11-22,8-K,,submissions
0001193125-22-280280,HUMANA INC,0000049071,2022-11-08,2022-11-07,8-K,,submissions
0001193125-22-276332,HUMANA INC,0000049071,2022-11-03,2022-11-02,8-K,,submissions
0000049071-22-000069,HUMANA INC,0000049071,2022-11-02,2022-11-02,8-K,,submissions
0000049071-22-000060,HUMANA INC,0000049071,2022-09-15,2022-09-12,8-K,,submissions
0000049071-22-000054,HUMANA INC,0000049071,2022-07-27,2022-07-27,8-K,,submissions
0000049071-22-000046,HUMANA INC,0000049071,2022-06-21,2022-06-16,8-K,,submissions
0001193125-22-167326,HUMANA INC,0000049071,2022-06-03,2022-06-03,8-K,,submissions
0000049071-22-000035,HUMANA INC,0000049071,2022-06-01,2022-06-01,8-K,,submissions
0000049071-22-000029,HUMANA INC,0000049071,2022-04-27,2022-04-27,8-K,,submissions
0000049071-22-000026,HUMANA INC,0000049071,2022-04-25,2022-04-21,8-K,,submissions
0001193125-22-112157,HUMANA INC,0000049071,2022-04-21,2022-04-21,8-K,,submissions
0001193125-22-082811,HUMANA INC,0000049071,2022-03-23,2022-03-23,8-K,,submissions
0001193125-22-081176,HUMANA INC,0000049071,2022-03-22,2022-03-21,8-K,,submissions
0000049071-22-000024,HUMANA INC,0000049071,2022-03-01,2022-03-01,8-K,,submissions
0000049071-22-000021,HUMANA INC,0000049071,2022-03-01,2022-02-28,8-K,,submissions
0000895345-22-000208,HUMANA INC,0000049071,2022-02-22,2022-02-22,8-K,,submissions
0001193125-22-034772,HUMANA INC,0000049071,2022-02-11,2022-02-10,8-K,,submissions
0000049071-22-000010,HUMANA INC,0000049071,2022-02-02,2022-02-02,8-K,,submissions
0001193125-22-007278,HUMANA INC,0000049071,2022-01-12,2022-01-11,8-K,,submissions
0000049071-22-000003,HUMANA INC,0000049071,2022-01-06,2022-01-06,8-K,,submissions
0000049071-21-000142,HUMANA INC,0000049071,2021-12-01,2021-12-01,8-K,,submissions
0000049071-21-000134,HUMANA INC,0000049071,2021-11-03,2021-11-03,8-K,,submissions
0000049071-21-000122,HUMANA INC,0000049071,2021-09-07,2021-09-07,8-K,,submissions
0001193125-21-252852,HUMANA INC,0000049071,2021-08-20,2021-08-19,8-K,,submissions
0001193125-21-235039,HUMANA INC,0000049071,2021-08-03,2021-08-03,8-K,,submissions
0001193125-21-231838,HUMANA INC,0000049071,2021-08-02,2021-07-29,8-K,,submissions
0000049071-21-000110,HUMANA INC,0000049071,2021-07-28,2021-07-28,8-K,,submissions
0001193125-21-201198,HUMANA INC,0000049071,2021-06-28,2021-06-28,8-K,,submissions
0001193125-21-182941,HUMANA INC,0000049071,2021-06-04,2021-05-28,8-K,,submissions
0000049071-21-000093,HUMANA INC,0000049071,2021-06-02,2021-06-01,8-K,,submissions
0000049071-21-000079,HUMANA INC,0000049071,2021-04-28,2021-04-28,8-K,,submissions
0000049071-21-000074,HUMANA INC,0000049071,2021-04-23,2021-04-23,8-K,,submissions
0000049071-21-000066,HUMANA INC,0000049071,2021-03-22,2021-03-22,8-K,,submissions
0000049071-21-000063,HUMANA INC,0000049071,2021-03-01,2021-03-01,8-K,,submissions
0000049071-21-000034,HUMANA INC,0000049071,2021-02-18,2021-02-18,8-K,,submissions
0000049071-21-000022,HUMANA INC,0000049071,2021-02-03,2021-02-03,8-K,,submissions
0000049071-21-000019,HUMANA INC,0000049071,2021-01-08,2021-01-08,8-K,,submissions
0000049071-21-000003,HUMANA INC,0000049071,2021-01-05,2021-01-05,8-K,,submissions
0001193125-20-325255,HUMANA INC,0000049071,2020-12-23,2020-12-22,8-K,,submissions
0000049071-20-000153,HUMANA INC,0000049071,2020-12-01,2020-12-01,8-K,,submissions
0000049071-20-000132,HUMANA INC,0000049071,2020-11-03,2020-11-03,8-K,,submissions
0000049071-20-000120,HUMANA INC,0000049071,2020-09-08,2020-09-08,8-K,,submissions
0000049071-20-000117,HUMANA INC,0000049071,2020-09-01,2020-09-01,8-K,,submissions
0001193125-20-214365,HUMANA INC,0000049071,2020-08-10,2020-08-05,8-K,,submissions
0000049071-20-000104,HUMANA INC,0000049071,2020-08-05,2020-08-05,8-K,,submissions
0000049071-20-000086,HUMANA INC,0000049071,2020-05-29,2020-05-29,8-K,,submissions
0000049071-20-000081,HUMANA INC,0000049071,2020-04-29,2020-04-29,8-K,,submissions
0000049071-20-000078,HUMANA INC,0000049071,2020-04-24,2020-04-24,8-K,,submissions
0000049071-20-000071,HUMANA INC,0000049071,2020-03-27,2020-03-26,8-K,,submissions
0000049071-20-000064,HUMANA INC,0000049071,2020-03-24,2020-03-24,8-K,,submissions
0000049071-20-000049,HUMANA INC,0000049071,2020-03-02,2020-03-02,8-K,,submissions
0000049071-20-000028,HUMANA INC,0000049071,2020-02-20,2020-02-20,8-K,,submissions
0000049071-20-000020,HUMANA INC,0000049071,2020-02-07,2020-02-07,8-K,,submissions
0000049071-20-000018,HUMANA INC,0000049071,2020-02-05,2020-02-05,8-K,,submissions
0000049071-20-000015,HUMANA INC,0000049071,2020-01-08,2020-01-08,8-K,,submissions
0000049071-19-000122,HUMANA INC,0000049071,2019-12-16,2019-12-16,8-K,,submissions
0000049071-19-000108,HUMANA INC,0000049071,2019-12-02,2019-12-02,8-K,,submissions
0000049071-19-000103,HUMANA INC,0000049071,2019-11-06,2019-11-06,8-K,,submissions
0000049071-19-000099,HUMANA INC,0000049071,2019-10-15,2019-10-15,8-K,,submissions
0000049071-19-000093,HUMANA INC,0000049071,2019-09-23,2019-09-23,8-K,,submissions
0000049071-19-000091,HUMANA INC,0000049071,2019-09-03,2019-09-03,8-K,,submissions
0001193125-19-222527,HUMANA INC,0000049071,2019-08-15,2019-08-15,8-K,,submissions
0001193125-19-218110,HUMANA INC,0000049071,2019-08-09,2019-08-08,8-K,,submissions
0001193125-19-212049,HUMANA INC,0000049071,2019-08-02,2019-07-31,8-K,,submissions
0000049071-19-000083,HUMANA INC,0000049071,2019-07-31,2019-07-31,8-K,,submissions
0000049071-19-000077,HUMANA INC,0000049071,2019-07-19,2019-07-19,8-K,,submissions
0001193125-19-163308,HUMANA INC,0000049071,2019-06-03,2019-06-03,8-K,,submissions
0000049071-19-000065,HUMANA INC,0000049071,2019-05-31,2019-05-31,8-K,,submissions
0001193125-19-130862,HUMANA INC,0000049071,2019-05-01,2019-05-01,8-K,,submissions
0001193125-19-112123,HUMANA INC,0000049071,2019-04-19,2019-04-18,8-K,,submissions
0000049071-19-000033,HUMANA INC,0000049071,2019-02-28,2019-02-26,8-K,,submissions
0001193125-19-028836,HUMANA INC,0000049071,2019-02-06,2019-02-06,8-K,,submissions
0001193125-19-022579,HUMANA INC,0000049071,2019-01-30,2019-01-29,8-K,,submissions
0001193125-19-000638,HUMANA INC,0000049071,2019-01-02,2019-01-02,8-K,,submissions
0001104659-23-125363,INTERNATIONAL BUSINESS MACHINES CORP,0000051143,2023-12-12,2023-12-12,8-K,,submissions
0000051143-23-000028,INTERNATIONAL BUSINESS MACHINES CORP,0000051143,2023-10-26,2023-10-25,8-K,,submissions
0000051143-23-000026,INTERNATIONAL BUSINESS MACHINES CORP,0000051143,2023-10-25,2023-10-25,8-K,,submissions
0001104659-23-085847,INTERNATIONAL BUSINESS MACHINES CORP,0000051143,2023-07-31,2023-07-25,8-K,,submissions
0000051143-23-000015,INTERNATIONAL BUSINESS MACHINES CORP,0000051143,2023-07-20,2023-07-19,8-K,,submissions
0000051143-23-000010,INTERNATIONAL BUSINESS MACHINES CORP,0000051143,2023-07-19,2023-07-19,8-K,,submissions
0001104659-23-072220,INTERNATIONAL BUSINESS MACHINES CORP,0000051143,2023-06-16,2023-06-15,8-K,,submissions
0001104659-23-052975,INTERNATIONAL BUSINESS MACHINES CORP,0000051143,2023-04-28,2023-04-25,8-K,,submissions
0001558370-23-006321,INTERNATIONAL BUSINESS MACHINES CORP,0000051143,2023-04-20,2023-04-19,8-K,,submissions
0001558370-23-006218,INTERNATIONAL BUSINESS MACHINES CORP,0000051143,2023-04-19,2023-04-19,8-K,,submissions
0001104659-23-010509,INTERNATIONAL BUSINESS MACHINES CORP,0000051143,2023-02-03,2023-01-30,8-K,,submissions
0001104659-23-010504,INTERNATIONAL BUSINESS MACHINES CORP,0000051143,2023-02-03,2023-01-30,8-K,,submissions
0001558370-23-000608,INTERNATIONAL BUSINESS MACHINES CORP,0000051143,2023-01-26,2023-01-25,8-K,,submissions
0001558370-23-000529,INTERNATIONAL BUSINESS MACHINES CORP,0000051143,2023-01-25,2023-01-25,8-K,,submissions
0001104659-23-001206,INTERNATIONAL BUSINESS MACHINES CORP,0000051143,2023-01-05,2023-01-02,8-K,,submissions
0001558370-22-015133,INTERNATIONAL BUSINESS MACHINES CORP,0000051143,2022-10-20,2022-10-19,8-K,,submissions
0001558370-22-015079,INTERNATIONAL BUSINESS MACHINES CORP,0000051143,2022-10-19,2022-10-19,8-K,,submissions
0001104659-22-103516,INTERNATIONAL BUSINESS MACHINES CORP,0000051143,2022-09-28,2022-09-28,8-K,,submissions
0001104659-22-099631,INTERNATIONAL BUSINESS MACHINES CORP,0000051143,2022-09-13,2022-09-13,8-K,,submissions
0001104659-22-082789,INTERNATIONAL BUSINESS MACHINES CORP,0000051143,2022-07-26,2022-07-20,8-K,,submissions
0001558370-22-010829,INTERNATIONAL BUSINESS MACHINES CORP,0000051143,2022-07-19,2022-07-18,8-K,,submissions
0001558370-22-010793,INTERNATIONAL BUSINESS MACHINES CORP,0000051143,2022-07-18,2022-07-18,8-K,,submissions
0000950157-22-000765,INTERNATIONAL BUSINESS MACHINES CORP,0000051143,2022-07-01,2022-06-30,8-K,,submissions
0001104659-22-053570,INTERNATIONAL BUSINESS MACHINES CORP,0000051143,2022-04-29,2022-04-26,8-K,,submissions
0001558370-22-005646,INTERNATIONAL BUSINESS MACHINES CORP,0000051143,2022-04-20,2022-04-19,8-K,,submissions
0001558370-22-005584,INTERNATIONAL BUSINESS MACHINES CORP,0000051143,2022-04-19,2022-04-19,8-K,,submissions
0001558370-22-004921,INTERNATIONAL BUSINESS MACHINES CORP,0000051143,2022-03-31,2022-03-31,8-K,,submissions
0001104659-22-013887,INTERNATIONAL BUSINESS MACHINES CORP,0000051143,2022-02-08,2022-02-02,8-K,,submissions
0001104659-22-012005,INTERNATIONAL BUSINESS MACHINES CORP,0000051143,2022-02-04,2022-01-31,8-K,,submissions
0001558370-22-000425,INTERNATIONAL BUSINESS MACHINES CORP,0000051143,2022-01-25,2022-01-24,8-K,,submissions
0001558370-22-000384,INTERNATIONAL BUSINESS MACHINES CORP,0000051143,2022-01-24,2022-01-24,8-K,,submissions
0001558370-21-017039,INTERNATIONAL BUSINESS MACHINES CORP,0000051143,2021-12-27,2021-12-27,8-K,,submissions
0001558370-21-016363,INTERNATIONAL BUSINESS MACHINES CORP,0000051143,2021-11-29,2021-11-29,8-K,,submissions
0001558370-21-014643,INTERNATIONAL BUSINESS MACHINES CORP,0000051143,2021-11-04,2021-11-03,8-K,,submissions
0001104659-21-128990,INTERNATIONAL BUSINESS MACHINES CORP,0000051143,2021-10-22,2021-10-22,8-K,,submissions
0001558370-21-013351,INTERNATIONAL BUSINESS MACHINES CORP,0000051143,2021-10-21,2021-10-20,8-K,,submissions
0001558370-21-013312,INTERNATIONAL BUSINESS MACHINES CORP,0000051143,2021-10-20,2021-10-20,8-K,,submissions
0001104659-21-126749,INTERNATIONAL BUSINESS MACHINES CORP,0000051143,2021-10-15,2021-10-15,8-K,,submissions
0001104659-21-125064,INTERNATIONAL BUSINESS MACHINES CORP,0000051143,2021-10-12,2021-10-12,8-K,,submissions
0001558370-21-012961,INTERNATIONAL BUSINESS MACHINES CORP,0000051143,2021-10-04,2021-10-04,8-K,,submissions
0001104659-21-122061,INTERNATIONAL BUSINESS MACHINES CORP,0000051143,2021-10-01,2021-10-01,8-K,,submissions
0001104659-21-121014,INTERNATIONAL BUSINESS MACHINES CORP,0000051143,2021-09-30,2021-09-27,8-K,,submissions
0001558370-21-012847,INTERNATIONAL BUSINESS MACHINES CORP,0000051143,2021-09-28,2021-09-28,8-K,,submissions
0001558370-21-009019,INTERNATIONAL BUSINESS MACHINES CORP,0000051143,2021-07-20,2021-07-19,8-K,,submissions
0001558370-21-009005,INTERNATIONAL BUSINESS MACHINES CORP,0000051143,2021-07-19,2021-07-19,8-K,,submissions
0001104659-21-088901,INTERNATIONAL BUSINESS MACHINES CORP,0000051143,2021-07-02,2021-06-29,8-K,,submissions
0001104659-21-085825,INTERNATIONAL BUSINESS MACHINES CORP,0000051143,2021-06-25,2021-06-21,8-K,,submissions
0000950157-21-000696,INTERNATIONAL BUSINESS MACHINES CORP,0000051143,2021-06-25,2021-06-22,8-K,,submissions
0001104659-21-059030,INTERNATIONAL BUSINESS MACHINES CORP,0000051143,2021-04-30,2021-04-27,8-K,,submissions
0001558370-21-004495,INTERNATIONAL BUSINESS MACHINES CORP,0000051143,2021-04-20,2021-04-19,8-K,,submissions
0001558370-21-004470,INTERNATIONAL BUSINESS MACHINES CORP,0000051143,2021-04-19,2021-04-19,8-K,,submissions
0001104659-21-039070,INTERNATIONAL BUSINESS MACHINES CORP,0000051143,2021-03-19,2021-03-15,8-K,,submissions
0001104659-21-027214,INTERNATIONAL BUSINESS MACHINES CORP,0000051143,2021-02-24,2021-02-24,8-K,,submissions
0001104659-21-009428,INTERNATIONAL BUSINESS MACHINES CORP,0000051143,2021-01-29,2021-01-26,8-K,,submissions
0001558370-21-000349,INTERNATIONAL BUSINESS MACHINES CORP,0000051143,2021-01-22,2021-01-21,8-K,,submissions
0001558370-21-000327,INTERNATIONAL BUSINESS MACHINES CORP,0000051143,2021-01-21,2021-01-21,8-K,,submissions
0001104659-20-140982,INTERNATIONAL BUSINESS MACHINES CORP,0000051143,2020-12-31,2020-12-24,8-K,,submissions
0001104659-20-137423,INTERNATIONAL BUSINESS MACHINES CORP,0000051143,2020-12-18,2020-12-15,8-K,,submissions
0001104659-20-136302,INTERNATIONAL BUSINESS MACHINES CORP,0000051143,2020-12-16,2020-12-15,8-K,,submissions
0001558370-20-011577,INTERNATIONAL BUSINESS MACHINES CORP,0000051143,2020-10-20,2020-10-19,8-K,,submissions
0001558370-20-011556,INTERNATIONAL BUSINESS MACHINES CORP,0000051143,2020-10-19,2020-10-19,8-K,,submissions
0001104659-20-113260,INTERNATIONAL BUSINESS MACHINES CORP,0000051143,2020-10-08,2020-10-08,8-K,,submissions
0001558370-20-008273,INTERNATIONAL BUSINESS MACHINES CORP,0000051143,2020-07-21,2020-07-20,8-K,,submissions
0001558370-20-008241,INTERNATIONAL BUSINESS MACHINES CORP,0000051143,2020-07-20,2020-07-20,8-K,,submissions
0000950157-20-000842,INTERNATIONAL BUSINESS MACHINES CORP,0000051143,2020-07-02,2020-07-02,8-K,,submissions
0000950157-20-000589,INTERNATIONAL BUSINESS MACHINES CORP,0000051143,2020-05-06,2020-04-30,8-K,,submissions
0001104659-20-055484,INTERNATIONAL BUSINESS MACHINES CORP,0000051143,2020-05-01,2020-04-28,8-K,,submissions
0001104659-20-053383,INTERNATIONAL BUSINESS MACHINES CORP,0000051143,2020-04-29,2020-04-28,8-K,,submissions
0001558370-20-004097,INTERNATIONAL BUSINESS MACHINES CORP,0000051143,2020-04-21,2020-04-20,8-K,,submissions
0001558370-20-004062,INTERNATIONAL BUSINESS MACHINES CORP,0000051143,2020-04-20,2020-04-20,8-K,,submissions
0001104659-20-044219,INTERNATIONAL BUSINESS MACHINES CORP,0000051143,2020-04-07,2020-04-03,8-K,,submissions
0000950157-20-000175,INTERNATIONAL BUSINESS MACHINES CORP,0000051143,2020-02-10,2020-02-04,8-K,,submissions
0001104659-20-009809,INTERNATIONAL BUSINESS MACHINES CORP,0000051143,2020-02-03,2020-02-03,8-K,,submissions
0001104659-20-008982,INTERNATIONAL BUSINESS MACHINES CORP,0000051143,2020-01-31,2020-01-28,8-K,,submissions
0001104659-20-007846,INTERNATIONAL BUSINESS MACHINES CORP,0000051143,2020-01-29,2020-01-28,8-K,,submissions
0001558370-20-000218,INTERNATIONAL BUSINESS MACHINES CORP,0000051143,2020-01-22,2020-01-21,8-K,,submissions
0001558370-20-000200,INTERNATIONAL BUSINESS MACHINES CORP,0000051143,2020-01-21,2020-01-21,8-K,,submissions
0001104659-19-066657,INTERNATIONAL BUSINESS MACHINES CORP,0000051143,2019-11-22,2019-11-11,8-K,,submissions
0001104659-19-062171,INTERNATIONAL BUSINESS MACHINES CORP,0000051143,2019-11-12,2019-11-05,8-K,,submissions
0001558370-19-008942,INTERNATIONAL BUSINESS MACHINES CORP,0000051143,2019-10-17,2019-10-16,8-K,,submissions
0001558370-19-008923,INTERNATIONAL BUSINESS MACHINES CORP,0000051143,2019-10-16,2019-10-16,8-K,,submissions
0001144204-19-045696,INTERNATIONAL BUSINESS MACHINES CORP,0000051143,2019-09-24,2019-09-23,8-K,,submissions
0001558370-19-006914,INTERNATIONAL BUSINESS MACHINES CORP,0000051143,2019-08-02,2019-08-02,8-K,,submissions
0001558370-19-006902,INTERNATIONAL BUSINESS MACHINES CORP,0000051143,2019-08-02,2019-08-02,8-K,,submissions
0000950157-19-000769,INTERNATIONAL BUSINESS MACHINES CORP,0000051143,2019-07-19,2019-07-19,8-K,,submissions
0001558370-19-006151,INTERNATIONAL BUSINESS MACHINES CORP,0000051143,2019-07-18,2019-07-17,8-K,,submissions
0001558370-19-006130,INTERNATIONAL BUSINESS MACHINES CORP,0000051143,2019-07-17,2019-07-17,8-K,,submissions
0000950142-19-001515,INTERNATIONAL BUSINESS MACHINES CORP,0000051143,2019-07-09,2019-07-09,8-K,,submissions
0001104659-19-030295,INTERNATIONAL BUSINESS MACHINES CORP,0000051143,2019-05-17,2019-05-15,8-K,,submissions
0000950157-19-000591,INTERNATIONAL BUSINESS MACHINES CORP,0000051143,2019-05-14,2019-05-08,8-K,,submissions
0001104659-19-026947,INTERNATIONAL BUSINESS MACHINES CORP,0000051143,2019-05-06,2019-05-03,8-K,,submissions
0001104659-19-026830,INTERNATIONAL BUSINESS MACHINES CORP,0000051143,2019-05-03,2019-04-30,8-K,,submissions
0001104659-19-022020,INTERNATIONAL BUSINESS MACHINES CORP,0000051143,2019-04-17,2019-04-16,8-K,,submissions
0001104659-19-021671,INTERNATIONAL BUSINESS MACHINES CORP,0000051143,2019-04-16,2019-04-16,8-K,,submissions
0001104659-19-019996,INTERNATIONAL BUSINESS MACHINES CORP,0000051143,2019-04-04,2019-04-04,8-K,,submissions
0001104659-19-019983,INTERNATIONAL BUSINESS MACHINES CORP,0000051143,2019-04-04,2019-04-04,8-K,,submissions
0001104659-19-017850,INTERNATIONAL BUSINESS MACHINES CORP,0000051143,2019-03-27,2019-03-27,8-K,,submissions
0001104659-19-010648,INTERNATIONAL BUSINESS MACHINES CORP,0000051143,2019-02-26,2019-02-26,8-K,,submissions
0001104659-19-005863,INTERNATIONAL BUSINESS MACHINES CORP,0000051143,2019-02-05,2019-02-05,8-K,,submissions
0001104659-19-005101,INTERNATIONAL BUSINESS MACHINES CORP,0000051143,2019-02-01,2019-01-29,8-K,,submissions
0000950157-19-000098,INTERNATIONAL BUSINESS MACHINES CORP,0000051143,2019-01-30,2019-01-24,8-K,,submissions
0001104659-19-002994,INTERNATIONAL BUSINESS MACHINES CORP,0000051143,2019-01-23,2019-01-22,8-K,,submissions
0001104659-19-002755,INTERNATIONAL BUSINESS MACHINES CORP,0000051143,2019-01-22,2019-01-22,8-K,,submissions
0001104659-19-000561,INTERNATIONAL BUSINESS MACHINES CORP,0000051143,2019-01-03,2019-01-03,8-K,,submissions
0000874716-23-000143,IDEXX LABORATORIES INC /DE,0000874716,2023-12-07,2023-12-05,8-K,,submissions
0001157523-23-001588,IDEXX LABORATORIES INC /DE,0000874716,2023-11-01,2023-11-01,8-K,,submissions
0001157523-23-001198,IDEXX LABORATORIES INC /DE,0000874716,2023-08-01,2023-08-01,8-K,,submissions
0000874716-23-000092,IDEXX LABORATORIES INC /DE,0000874716,2023-07-12,2023-07-11,8-K,,submissions
0000874716-23-000074,IDEXX LABORATORIES INC /DE,0000874716,2023-05-19,2023-05-17,8-K,,submissions
0001157523-23-000670,IDEXX LABORATORIES INC /DE,0000874716,2023-05-02,2023-05-02,8-K,,submissions
0000950170-23-001820,IDEXX LABORATORIES INC /DE,0000874716,2023-02-06,2023-02-06,8-K,,submissions
0000950123-22-010618,IDEXX LABORATORIES INC /DE,0000874716,2022-11-01,2022-11-01,8-K,,submissions
0001193125-22-266779,IDEXX LABORATORIES INC /DE,0000874716,2022-10-21,2022-10-20,8-K,,submissions
0001564590-22-027326,IDEXX LABORATORIES INC /DE,0000874716,2022-08-02,2022-08-02,8-K,,submissions
0000874716-22-000028,IDEXX LABORATORIES INC /DE,0000874716,2022-07-15,2022-07-13,8-K,,submissions
0001564590-22-023240,IDEXX LABORATORIES INC /DE,0000874716,2022-06-14,2022-06-14,8-K,,submissions
0000874716-22-000023,IDEXX LABORATORIES INC /DE,0000874716,2022-05-13,2022-05-11,8-K,,submissions
0001564590-22-017653,IDEXX LABORATORIES INC /DE,0000874716,2022-05-04,2022-05-04,8-K,,submissions
0001564590-22-003449,IDEXX LABORATORIES INC /DE,0000874716,2022-02-02,2022-02-02,8-K,,submissions
0001193125-21-352679,IDEXX LABORATORIES INC /DE,0000874716,2021-12-09,2021-12-09,8-K,,submissions
0001564590-21-053288,IDEXX LABORATORIES INC /DE,0000874716,2021-11-02,2021-11-02,8-K,,submissions
0001564590-21-039326,IDEXX LABORATORIES INC /DE,0000874716,2021-07-30,2021-07-30,8-K,,submissions
0000874716-21-000038,IDEXX LABORATORIES INC /DE,0000874716,2021-05-18,2021-05-12,8-K,,submissions
0001564590-21-022976,IDEXX LABORATORIES INC /DE,0000874716,2021-05-04,2021-05-04,8-K,,submissions
0001564590-21-005285,IDEXX LABORATORIES INC /DE,0000874716,2021-02-10,2021-02-09,8-K,,submissions
0001564590-21-003657,IDEXX LABORATORIES INC /DE,0000874716,2021-02-02,2021-02-02,8-K,,submissions
0001564590-20-053289,IDEXX LABORATORIES INC /DE,0000874716,2020-11-12,2020-11-11,8-K,,submissions
0001564590-20-048502,IDEXX LABORATORIES INC /DE,0000874716,2020-10-29,2020-10-29,8-K,,submissions
0001564590-20-035026,IDEXX LABORATORIES INC /DE,0000874716,2020-07-31,2020-07-31,8-K,,submissions
0001564590-20-024269,IDEXX LABORATORIES INC /DE,0000874716,2020-05-11,2020-05-06,8-K,,submissions
0001564590-20-019936,IDEXX LABORATORIES INC /DE,0000874716,2020-04-30,2020-04-30,8-K,,submissions
0001564590-20-017098,IDEXX LABORATORIES INC /DE,0000874716,2020-04-16,2020-04-10,8-K,,submissions
0001564590-20-015911,IDEXX LABORATORIES INC /DE,0000874716,2020-04-08,2020-04-02,8-K,,submissions
0001564590-20-013641,IDEXX LABORATORIES INC /DE,0000874716,2020-03-27,2020-03-23,8-K,,submissions
0001193125-20-020269,IDEXX LABORATORIES INC /DE,0000874716,2020-01-31,2020-01-31,8-K,,submissions
0001104659-19-058050,IDEXX LABORATORIES INC /DE,0000874716,2019-10-31,2019-10-31,8-K,,submissions
0001104659-19-055983,IDEXX LABORATORIES INC /DE,0000874716,2019-10-24,2019-10-23,8-K,,submissions
0001144204-19-037665,IDEXX LABORATORIES INC /DE,0000874716,2019-08-05,2019-08-05,8-K,,submissions
0001144204-19-037040,IDEXX LABORATORIES INC /DE,0000874716,2019-08-01,2019-08-01,8-K,,submissions
0001144204-19-035672,IDEXX LABORATORIES INC /DE,0000874716,2019-07-24,2019-07-24,8-K,,submissions
0000874716-19-000025,IDEXX LABORATORIES INC /DE,0000874716,2019-07-18,2019-07-16,8-K,,submissions
0001144204-19-033248,IDEXX LABORATORIES INC /DE,0000874716,2019-07-01,2019-06-28,8-K,,submissions
0000874716-19-000019,IDEXX LABORATORIES INC /DE,0000874716,2019-05-13,2019-05-08,8-K,,submissions
0001144204-19-022658,IDEXX LABORATORIES INC /DE,0000874716,2019-05-01,2019-05-01,8-K,,submissions
0000874716-19-000007,IDEXX LABORATORIES INC /DE,0000874716,2019-03-15,2019-03-14,8-K,,submissions
0001144204-19-004216,IDEXX LABORATORIES INC /DE,0000874716,2019-02-01,2019-02-01,8-K,,submissions
0000879169-23-000038,INCYTE CORP,0000879169,2023-10-31,2023-10-31,8-K,,submissions
0001104659-23-100062,INCYTE CORP,0000879169,2023-09-12,2023-09-08,8-K,,submissions
0000879169-23-000022,INCYTE CORP,0000879169,2023-08-01,2023-08-01,8-K,,submissions
0001104659-23-071561,INCYTE CORP,0000879169,2023-06-15,2023-06-14,8-K,,submissions
0001104659-23-057267,INCYTE CORP,0000879169,2023-05-08,2023-05-04,8-K,,submissions
0000879169-23-000014,INCYTE CORP,0000879169,2023-05-02,2023-05-02,8-K,,submissions
0000879169-23-000005,INCYTE CORP,0000879169,2023-02-07,2023-02-07,8-K,,submissions
0000879169-22-000007,INCYTE CORP,0000879169,2022-11-01,2022-11-01,8-K,,submissions
0001104659-22-105577,INCYTE CORP,0000879169,2022-10-04,2022-09-28,8-K,,submissions
0001558370-22-011546,INCYTE CORP,0000879169,2022-08-02,2022-08-02,8-K,,submissions
0001104659-22-071867,INCYTE CORP,0000879169,2022-06-16,2022-06-15,8-K,,submissions
0001558370-22-006719,INCYTE CORP,0000879169,2022-05-03,2022-05-03,8-K,,submissions
0001104659-22-048091,INCYTE CORP,0000879169,2022-04-21,2022-04-18,8-K,,submissions
0001558370-22-000883,INCYTE CORP,0000879169,2022-02-08,2022-02-08,8-K,,submissions
0001104659-22-004420,INCYTE CORP,0000879169,2022-01-14,2022-01-10,8-K,,submissions
0001104659-21-133095,INCYTE CORP,0000879169,2021-11-02,2021-11-02,8-K,,submissions
0001558370-21-013984,INCYTE CORP,0000879169,2021-11-02,2021-11-02,8-K,,submissions
0001104659-21-120276,INCYTE CORP,0000879169,2021-09-28,2021-09-27,8-K,,submissions
0001104659-21-108146,INCYTE CORP,0000879169,2021-08-20,2021-08-18,8-K,,submissions
0001558370-21-009865,INCYTE CORP,0000879169,2021-08-03,2021-08-03,8-K,,submissions
0001104659-21-073209,INCYTE CORP,0000879169,2021-05-27,2021-05-26,8-K,,submissions
0001104659-21-060485,INCYTE CORP,0000879169,2021-05-04,2021-05-04,8-K,,submissions
0001104659-21-025501,INCYTE CORP,0000879169,2021-02-19,2021-02-18,8-K,,submissions
0001104659-21-016324,INCYTE CORP,0000879169,2021-02-09,2021-02-09,8-K,,submissions
0001104659-20-121572,INCYTE CORP,0000879169,2020-11-05,2020-11-05,8-K,,submissions
0001104659-20-089933,INCYTE CORP,0000879169,2020-08-04,2020-08-04,8-K,,submissions
0001104659-20-066387,INCYTE CORP,0000879169,2020-05-27,2020-05-26,8-K,,submissions
0001104659-20-061625,INCYTE CORP,0000879169,2020-05-14,2020-05-13,8-K,,submissions
0001104659-20-056506,INCYTE CORP,0000879169,2020-05-05,2020-05-05,8-K,,submissions
0001104659-20-048459,INCYTE CORP,0000879169,2020-04-20,2020-04-14,8-K,,submissions
0001104659-20-038786,INCYTE CORP,0000879169,2020-03-26,2020-03-25,8-K,,submissions
0001104659-20-019696,INCYTE CORP,0000879169,2020-02-13,2020-02-13,8-K,,submissions
0001104659-20-004738,INCYTE CORP,0000879169,2020-01-16,2020-01-12,8-K,,submissions
0001104659-19-074074,INCYTE CORP,0000879169,2019-12-19,2019-12-16,8-K,,submissions
0001104659-19-057085,INCYTE CORP,0000879169,2019-10-29,2019-10-29,8-K,,submissions
0001104659-19-042478,INCYTE CORP,0000879169,2019-07-30,2019-07-30,8-K,,submissions
0001104659-19-025327,INCYTE CORP,0000879169,2019-04-30,2019-04-26,8-K,,submissions
0001104659-19-024856,INCYTE CORP,0000879169,2019-04-30,2019-04-30,8-K,,submissions
0001104659-19-008358,INCYTE CORP,0000879169,2019-02-14,2019-02-14,8-K,,submissions
0001104659-19-000329,INCYTE CORP,0000879169,2019-01-03,2018-12-28,8-K,,submissions
0001145197-23-000073,INSULET CORP,0001145197,2023-11-02,2023-11-02,8-K,,submissions
0001145197-23-000063,INSULET CORP,0001145197,2023-10-03,2023-09-29,8-K,,submissions
0001145197-23-000058,INSULET CORP,0001145197,2023-08-08,2023-08-08,8-K,,submissions
0001145197-23-000055,INSULET CORP,0001145197,2023-08-08,2023-08-03,8-K,,submissions
0001193125-23-164934,INSULET CORP,0001145197,2023-06-12,2023-06-09,8-K,,submissions
0001145197-23-000047,INSULET CORP,0001145197,2023-06-07,2023-06-01,8-K,,submissions
0001145197-23-000042,INSULET CORP,0001145197,2023-05-25,2023-05-23,8-K,,submissions
0001145197-23-000038,INSULET CORP,0001145197,2023-05-04,2023-04-28,8-K,,submissions
0001145197-23-000037,INSULET CORP,0001145197,2023-05-04,2023-05-04,8-K,,submissions
0001145197-23-000019,INSULET CORP,0001145197,2023-02-23,2023-02-23,8-K,,submissions
0001145197-23-000011,INSULET CORP,0001145197,2023-02-22,2023-02-17,8-K,,submissions
0001145197-23-000004,INSULET CORP,0001145197,2023-02-14,2023-02-09,8-K,,submissions
0001145197-22-000064,INSULET CORP,0001145197,2022-12-14,2022-12-13,8-K,,submissions
0001193125-22-295969,INSULET CORP,0001145197,2022-12-01,2022-11-30,8-K,,submissions
0001145197-22-000062,INSULET CORP,0001145197,2022-11-14,2022-11-14,8-K,,submissions
0001145197-22-000059,INSULET CORP,0001145197,2022-11-03,2022-11-03,8-K,,submissions
0001145197-22-000052,INSULET CORP,0001145197,2022-10-17,2022-10-17,8-K,,submissions
0001145197-22-000049,INSULET CORP,0001145197,2022-09-27,2022-09-14,8-K,,submissions
0001145197-22-000045,INSULET CORP,0001145197,2022-08-04,2022-08-04,8-K,,submissions
0001145197-22-000038,INSULET CORP,0001145197,2022-07-11,2022-07-07,8-K,,submissions
0001193125-22-174941,INSULET CORP,0001145197,2022-06-16,2022-06-15,8-K,,submissions
0001145197-22-000032,INSULET CORP,0001145197,2022-05-27,2022-05-24,8-K,,submissions
0001145197-22-000030,INSULET CORP,0001145197,2022-05-06,2022-05-04,8-K,,submissions
0001145197-22-000025,INSULET CORP,0001145197,2022-05-05,2022-05-05,8-K,,submissions
0001145197-22-000018,INSULET CORP,0001145197,2022-03-01,2022-02-25,8-K,,submissions
0001145197-22-000015,INSULET CORP,0001145197,2022-02-24,2022-02-18,8-K,,submissions
0001145197-22-000011,INSULET CORP,0001145197,2022-02-23,2022-02-23,8-K,,submissions
0001145197-22-000005,INSULET CORP,0001145197,2022-02-07,2022-02-04,8-K,,submissions
0001145197-22-000003,INSULET CORP,0001145197,2022-01-31,2022-01-28,8-K,,submissions
0001145197-21-000040,INSULET CORP,0001145197,2021-11-04,2021-11-04,8-K,,submissions
0001145197-21-000034,INSULET CORP,0001145197,2021-10-18,2021-10-15,8-K,,submissions
0001145197-21-000032,INSULET CORP,0001145197,2021-10-04,2021-10-04,8-K,,submissions
0001145197-21-000029,INSULET CORP,0001145197,2021-08-05,2021-08-05,8-K,,submissions
0001193125-21-191308,INSULET CORP,0001145197,2021-06-15,2021-06-15,8-K,,submissions
0001145197-21-000023,INSULET CORP,0001145197,2021-06-01,2021-05-27,8-K,,submissions
0001193125-21-161187,INSULET CORP,0001145197,2021-05-14,2021-05-13,8-K,,submissions
0001145197-21-000015,INSULET CORP,0001145197,2021-05-06,2021-05-06,8-K,,submissions
0001193125-21-150953,INSULET CORP,0001145197,2021-05-05,2021-05-04,8-K,,submissions
0001193125-21-140464,INSULET CORP,0001145197,2021-04-29,2021-04-29,8-K,,submissions
0001193125-21-120403,INSULET CORP,0001145197,2021-04-19,2021-04-19,8-K,,submissions
0001145197-21-000008,INSULET CORP,0001145197,2021-02-23,2021-02-23,8-K,,submissions
0001145197-21-000002,INSULET CORP,0001145197,2021-02-19,2021-02-19,8-K,,submissions
0001145197-20-000040,INSULET CORP,0001145197,2020-12-28,2020-12-28,8-K,,submissions
0001145197-20-000035,INSULET CORP,0001145197,2020-11-04,2020-11-04,8-K,,submissions
0001145197-20-000030,INSULET CORP,0001145197,2020-10-20,2020-10-20,8-K,,submissions
0001145197-20-000023,INSULET CORP,0001145197,2020-08-06,2020-08-06,8-K,,submissions
0001145197-20-000017,INSULET CORP,0001145197,2020-06-01,2020-05-29,8-K,,submissions
0001140361-20-011761,INSULET CORP,0001145197,2020-05-15,2020-05-12,8-K,,submissions
0001140361-20-011493,INSULET CORP,0001145197,2020-05-13,2020-05-12,8-K,,submissions
0001140361-20-011444,INSULET CORP,0001145197,2020-05-12,2020-05-12,8-K,,submissions
0001157523-20-000706,INSULET CORP,0001145197,2020-05-07,2020-05-07,8-K,,submissions
0001157523-20-000262,INSULET CORP,0001145197,2020-02-25,2020-02-25,8-K,,submissions
0001157523-19-002191,INSULET CORP,0001145197,2019-11-05,2019-11-05,8-K,,submissions
0001193125-19-245924,INSULET CORP,0001145197,2019-09-16,2019-09-16,8-K,,submissions
0001193125-19-240972,INSULET CORP,0001145197,2019-09-09,2019-09-06,8-K,,submissions
0001193125-19-236986,INSULET CORP,0001145197,2019-09-04,2019-09-04,8-K,,submissions
0001193125-19-235798,INSULET CORP,0001145197,2019-09-03,2019-09-03,8-K,,submissions
0001157523-19-001704,INSULET CORP,0001145197,2019-08-05,2019-08-05,8-K,,submissions
0001145197-19-000029,INSULET CORP,0001145197,2019-07-31,2019-07-31,8-K,,submissions
0001145197-19-000023,INSULET CORP,0001145197,2019-05-30,2019-05-30,8-K,,submissions
0001157523-19-001053,INSULET CORP,0001145197,2019-05-02,2019-05-02,8-K,,submissions
0001145197-19-000016,INSULET CORP,0001145197,2019-04-30,2019-04-29,8-K,,submissions
0001157523-19-000435,INSULET CORP,0001145197,2019-02-25,2019-02-25,8-K,,submissions
0001157523-19-000154,INSULET CORP,0001145197,2019-01-28,2019-01-25,8-K,,submissions
0001157523-19-000039,INSULET CORP,0001145197,2019-01-07,2019-01-03,8-K,,submissions
0000050863-23-000128,INTEL CORP,0000050863,2023-12-05,2023-11-29,8-K,,submissions
0000050863-23-000109,INTEL CORP,0000050863,2023-10-30,2023-10-30,8-K,,submissions
0000050863-23-000100,INTEL CORP,0000050863,2023-10-26,2023-10-26,8-K,,submissions
0000050863-23-000092,INTEL CORP,0000050863,2023-10-05,2023-10-02,8-K,,submissions
0000050863-23-000078,INTEL CORP,0000050863,2023-08-16,2023-08-16,8-K,,submissions
0000050863-23-000068,INTEL CORP,0000050863,2023-07-27,2023-07-27,8-K,,submissions
0000050863-23-000057,INTEL CORP,0000050863,2023-05-17,2023-05-11,8-K,,submissions
0000050863-23-000027,INTEL CORP,0000050863,2023-04-27,2023-04-27,8-K,,submissions
0001193125-23-032608,INTEL CORP,0000050863,2023-02-10,2023-02-07,8-K,,submissions
0000050863-23-000005,INTEL CORP,0000050863,2023-01-26,2023-01-26,8-K,,submissions
0001193125-22-291100,INTEL CORP,0000050863,2022-11-22,2022-11-22,8-K,,submissions
0001193125-22-290385,INTEL CORP,0000050863,2022-11-22,2022-11-17,8-K,,submissions
0000050863-22-000037,INTEL CORP,0000050863,2022-10-27,2022-10-27,8-K,,submissions
0001193125-22-226986,INTEL CORP,0000050863,2022-08-23,2022-08-22,8-K,,submissions
0001193125-22-218541,INTEL CORP,0000050863,2022-08-11,2022-08-08,8-K,,submissions
0001193125-22-213699,INTEL CORP,0000050863,2022-08-05,2022-08-02,8-K,,submissions
0000050863-22-000029,INTEL CORP,0000050863,2022-07-28,2022-07-28,8-K,,submissions
0001193125-22-178756,INTEL CORP,0000050863,2022-06-22,2022-06-17,8-K,,submissions
0001193125-22-151752,INTEL CORP,0000050863,2022-05-16,2022-05-12,8-K,,submissions
0000050863-22-000019,INTEL CORP,0000050863,2022-04-28,2022-04-28,8-K,,submissions
0001193125-22-045883,INTEL CORP,0000050863,2022-02-18,2022-02-17,8-K,,submissions
0001193125-22-043022,INTEL CORP,0000050863,2022-02-15,2022-02-15,8-K,,submissions
0001193125-22-032684,INTEL CORP,0000050863,2022-02-09,2022-02-05,8-K,,submissions
0000050863-22-000006,INTEL CORP,0000050863,2022-01-26,2022-01-26,8-K,,submissions
0001193125-22-005658,INTEL CORP,0000050863,2022-01-10,2022-01-05,8-K,,submissions
0001193125-21-369552,INTEL CORP,0000050863,2021-12-30,2021-12-29,8-K,,submissions
0001193125-21-350395,INTEL CORP,0000050863,2021-12-07,2021-12-06,8-K,,submissions
0000050863-21-000037,INTEL CORP,0000050863,2021-10-21,2021-10-18,8-K,,submissions
0001193125-21-293329,INTEL CORP,0000050863,2021-10-06,2021-10-04,8-K,,submissions
0001193125-21-244840,INTEL CORP,0000050863,2021-08-12,2021-08-10,8-K,,submissions
0001193125-21-224438,INTEL CORP,0000050863,2021-07-26,2021-07-26,8-K,,submissions
0000050863-21-000029,INTEL CORP,0000050863,2021-07-22,2021-07-22,8-K,,submissions
0001193125-21-218615,INTEL CORP,0000050863,2021-07-19,2021-07-14,8-K,,submissions
0001193125-21-214206,INTEL CORP,0000050863,2021-07-13,2021-07-09,8-K,,submissions
0001193125-21-196285,INTEL CORP,0000050863,2021-06-22,2021-06-17,8-K,,submissions
0001193125-21-166587,INTEL CORP,0000050863,2021-05-19,2021-05-13,8-K,,submissions
0000050863-21-000017,INTEL CORP,0000050863,2021-04-22,2021-04-22,8-K,,submissions
0001193125-21-091374,INTEL CORP,0000050863,2021-03-23,2021-03-23,8-K,,submissions
0001193125-21-082782,INTEL CORP,0000050863,2021-03-16,2021-03-10,8-K,,submissions
0001193125-21-047794,INTEL CORP,0000050863,2021-02-18,2021-02-11,8-K,,submissions
0001193125-21-014847,INTEL CORP,0000050863,2021-01-22,2021-01-19,8-K,,submissions
0000050863-21-000009,INTEL CORP,0000050863,2021-01-21,2021-01-21,8-K,,submissions
0001193125-21-009142,INTEL CORP,0000050863,2021-01-14,2021-01-12,8-K,,submissions
0000050863-20-000042,INTEL CORP,0000050863,2020-10-22,2020-10-22,8-K,,submissions
0001193125-20-272580,INTEL CORP,0000050863,2020-10-20,2020-10-19,8-K,,submissions
0001193125-20-224772,INTEL CORP,0000050863,2020-08-19,2020-08-19,8-K,,submissions
0001193125-20-220333,INTEL CORP,0000050863,2020-08-14,2020-08-11,8-K,,submissions
0001193125-20-199804,INTEL CORP,0000050863,2020-07-27,2020-07-24,8-K,,submissions
0000050863-20-000025,INTEL CORP,0000050863,2020-07-23,2020-07-23,8-K,,submissions
0001193125-20-171288,INTEL CORP,0000050863,2020-06-17,2020-06-15,8-K,,submissions
0001193125-20-147273,INTEL CORP,0000050863,2020-05-20,2020-05-14,8-K,,submissions
0000050863-20-000016,INTEL CORP,0000050863,2020-04-23,2020-04-23,8-K,,submissions
0001193125-20-085163,INTEL CORP,0000050863,2020-03-25,2020-03-20,8-K,,submissions
0001193125-20-083209,INTEL CORP,0000050863,2020-03-24,2020-03-24,8-K,,submissions
0001193125-20-035758,INTEL CORP,0000050863,2020-02-13,2020-02-10,8-K,,submissions
0000050863-20-000007,INTEL CORP,0000050863,2020-01-23,2020-01-23,8-K,,submissions
0001193125-20-012078,INTEL CORP,0000050863,2020-01-22,2020-01-15,8-K,,submissions
0001193125-20-011010,INTEL CORP,0000050863,2020-01-21,2020-01-15,8-K,,submissions
0001193125-19-299901,INTEL CORP,0000050863,2019-11-25,2019-11-25,8-K,,submissions
0001193125-19-297652,INTEL CORP,0000050863,2019-11-21,2019-11-18,8-K,,submissions
0001193125-19-296610,INTEL CORP,0000050863,2019-11-20,2019-11-20,8-K,,submissions
0001193125-19-292429,INTEL CORP,0000050863,2019-11-14,2019-11-14,8-K,,submissions
0000050863-19-000028,INTEL CORP,0000050863,2019-10-24,2019-10-24,8-K,,submissions
0001193125-19-254731,INTEL CORP,0000050863,2019-09-25,2019-09-19,8-K,,submissions
0001193125-19-244848,INTEL CORP,0000050863,2019-09-13,2019-09-10,8-K,,submissions
0000050863-19-000022,INTEL CORP,0000050863,2019-07-25,2019-07-25,8-K,,submissions
0001193125-19-153332,INTEL CORP,0000050863,2019-05-22,2019-05-16,8-K,,submissions
0001193125-19-142117,INTEL CORP,0000050863,2019-05-09,2019-05-08,8-K,,submissions
0000050863-19-000012,INTEL CORP,0000050863,2019-04-25,2019-04-25,8-K,,submissions
0001193125-19-102881,INTEL CORP,0000050863,2019-04-10,2019-04-08,8-K,,submissions
0001193125-19-096036,INTEL CORP,0000050863,2019-04-03,2019-04-02,8-K,,submissions
0001193125-19-085353,INTEL CORP,0000050863,2019-03-25,2019-03-22,8-K,,submissions
0001193125-19-076708,INTEL CORP,0000050863,2019-03-15,2019-03-13,8-K,,submissions
0001193125-19-023301,INTEL CORP,0000050863,2019-01-31,2019-01-29,8-K,,submissions
0000050863-19-000003,INTEL CORP,0000050863,2019-01-24,2019-01-24,8-K,,submissions
0001193125-19-011545,INTEL CORP,0000050863,2019-01-17,2019-01-16,8-K,,submissions
0000896878-23-000039,INTUIT INC.,0000896878,2023-11-28,2023-11-28,8-K,,submissions
0001193125-23-236201,INTUIT INC.,0000896878,2023-09-15,2023-09-12,8-K,,submissions
0000896878-23-000031,INTUIT INC.,0000896878,2023-08-24,2023-08-24,8-K,,submissions
0000896878-23-000028,INTUIT INC.,0000896878,2023-08-14,2023-08-14,8-K,,submissions
0000896878-23-000026,INTUIT INC.,0000896878,2023-08-02,2023-07-27,8-K,,submissions
0000896878-23-000019,INTUIT INC.,0000896878,2023-05-23,2023-05-23,8-K,,submissions
0000896878-23-000016,INTUIT INC.,0000896878,2023-05-04,2023-05-04,8-K,,submissions
0000896878-23-000009,INTUIT INC.,0000896878,2023-02-23,2023-02-23,8-K,,submissions
0000896878-23-000003,INTUIT INC.,0000896878,2023-01-23,2023-01-19,8-K,,submissions
0000896878-22-000035,INTUIT INC.,0000896878,2022-11-29,2022-11-29,8-K,,submissions
0000896878-22-000030,INTUIT INC.,0000896878,2022-11-01,2022-11-01,8-K,,submissions
0000896878-22-000025,INTUIT INC.,0000896878,2022-08-23,2022-08-23,8-K,,submissions
0000896878-22-000019,INTUIT INC.,0000896878,2022-05-24,2022-05-24,8-K,,submissions
0000896878-22-000016,INTUIT INC.,0000896878,2022-05-04,2022-05-04,8-K,,submissions
0000896878-22-000007,INTUIT INC.,0000896878,2022-02-24,2022-02-24,8-K,,submissions
0000896878-22-000005,INTUIT INC.,0000896878,2022-02-14,2022-02-14,8-K,,submissions
0000896878-22-000003,INTUIT INC.,0000896878,2022-01-24,2022-01-20,8-K,,submissions
0001193125-21-345301,INTUIT INC.,0000896878,2021-12-01,2021-11-29,8-K,,submissions
0000896878-21-000258,INTUIT INC.,0000896878,2021-11-18,2021-11-18,8-K,,submissions
0000896878-21-000255,INTUIT INC.,0000896878,2021-11-10,2021-11-04,8-K,,submissions
0001193125-21-314683,INTUIT INC.,0000896878,2021-11-01,2021-11-01,8-K,,submissions
0001193125-21-271682,INTUIT INC.,0000896878,2021-09-13,2021-09-13,8-K,,submissions
0000896878-21-000205,INTUIT INC.,0000896878,2021-08-24,2021-08-24,8-K,,submissions
0000896878-21-000128,INTUIT INC.,0000896878,2021-06-14,2021-06-14,8-K,,submissions
0000896878-21-000114,INTUIT INC.,0000896878,2021-05-25,2021-05-25,8-K,,submissions
0000896878-21-000108,INTUIT INC.,0000896878,2021-05-11,2021-05-11,8-K,,submissions
0000896878-21-000057,INTUIT INC.,0000896878,2021-02-23,2021-02-23,8-K,,submissions
0000896878-21-000049,INTUIT INC.,0000896878,2021-02-09,2021-02-09,8-K,,submissions
0000896878-21-000022,INTUIT INC.,0000896878,2021-01-22,2021-01-21,8-K,,submissions
0001628280-20-017160,INTUIT INC.,0000896878,2020-12-07,2020-12-07,8-K,,submissions
0001193125-20-309090,INTUIT INC.,0000896878,2020-12-03,2020-12-03,8-K,,submissions
0000896878-20-000221,INTUIT INC.,0000896878,2020-11-19,2020-11-19,8-K,,submissions
0000896878-20-000202,INTUIT INC.,0000896878,2020-10-20,2020-10-16,8-K,,submissions
0000896878-20-000143,INTUIT INC.,0000896878,2020-08-25,2020-08-25,8-K,,submissions
0001193125-20-182608,INTUIT INC.,0000896878,2020-06-29,2020-06-25,8-K,,submissions
0000896878-20-000063,INTUIT INC.,0000896878,2020-05-21,2020-05-21,8-K,,submissions
0000896878-20-000053,INTUIT INC.,0000896878,2020-05-07,2020-05-07,8-K,,submissions
0001193125-20-093299,INTUIT INC.,0000896878,2020-04-01,2020-03-31,8-K,,submissions
0001193125-20-046491,INTUIT INC.,0000896878,2020-02-24,2020-02-24,8-K,,submissions
0001193125-20-046463,INTUIT INC.,0000896878,2020-02-24,2020-02-24,8-K,,submissions
0000896878-20-000020,INTUIT INC.,0000896878,2020-01-27,2020-01-23,8-K,,submissions
0000896878-19-000172,INTUIT INC.,0000896878,2019-11-21,2019-11-21,8-K,,submissions
0000896878-19-000128,INTUIT INC.,0000896878,2019-08-22,2019-08-22,8-K,,submissions
0000896878-19-000076,INTUIT INC.,0000896878,2019-05-23,2019-05-23,8-K,,submissions
0000896878-19-000065,INTUIT INC.,0000896878,2019-05-03,2019-05-02,8-K,,submissions
0000896878-19-000062,INTUIT INC.,0000896878,2019-04-25,2019-04-25,8-K,,submissions
0000896878-19-000040,INTUIT INC.,0000896878,2019-02-21,2019-02-21,8-K,,submissions
0000896878-19-000024,INTUIT INC.,0000896878,2019-01-22,2019-01-17,8-K,,submissions
0001035267-23-000203,INTUITIVE SURGICAL INC,0001035267,2023-10-31,2023-10-26,8-K,,submissions
0001035267-23-000192,INTUITIVE SURGICAL INC,0001035267,2023-10-19,2023-10-19,8-K,,submissions
0001035267-23-000155,INTUITIVE SURGICAL INC,0001035267,2023-07-20,2023-07-20,8-K,,submissions
0001035267-23-000142,INTUITIVE SURGICAL INC,0001035267,2023-05-16,2023-05-15,8-K,,submissions
0001035267-23-000133,INTUITIVE SURGICAL INC,0001035267,2023-05-02,2023-04-27,8-K,,submissions
0001035267-23-000087,INTUITIVE SURGICAL INC,0001035267,2023-04-18,2023-04-18,8-K,,submissions
0001035267-23-000006,INTUITIVE SURGICAL INC,0001035267,2023-01-24,2023-01-24,8-K,,submissions
0001035267-23-000003,INTUITIVE SURGICAL INC,0001035267,2023-01-11,2023-01-11,8-K,,submissions
0001035267-22-000176,INTUITIVE SURGICAL INC,0001035267,2022-10-25,2022-10-24,8-K,,submissions
0001035267-22-000165,INTUITIVE SURGICAL INC,0001035267,2022-10-18,2022-10-18,8-K,,submissions
0001035267-22-000136,INTUITIVE SURGICAL INC,0001035267,2022-08-02,2022-08-01,8-K,,submissions
0001035267-22-000123,INTUITIVE SURGICAL INC,0001035267,2022-07-21,2022-07-21,8-K,,submissions
0001035267-22-000115,INTUITIVE SURGICAL INC,0001035267,2022-05-03,2022-04-28,8-K,,submissions
0001035267-22-000081,INTUITIVE SURGICAL INC,0001035267,2022-04-21,2022-04-21,8-K,,submissions
0001035267-22-000006,INTUITIVE SURGICAL INC,0001035267,2022-01-20,2022-01-20,8-K,,submissions
0001035267-22-000003,INTUITIVE SURGICAL INC,0001035267,2022-01-12,2022-01-12,8-K,,submissions
0001035267-21-000174,INTUITIVE SURGICAL INC,0001035267,2021-10-19,2021-10-19,8-K,,submissions
0001035267-21-000170,INTUITIVE SURGICAL INC,0001035267,2021-09-23,2021-09-20,8-K,,submissions
0001035267-21-000115,INTUITIVE SURGICAL INC,0001035267,2021-07-20,2021-07-20,8-K,,submissions
0001035267-21-000094,INTUITIVE SURGICAL INC,0001035267,2021-04-26,2021-04-22,8-K,,submissions
0001035267-21-000063,INTUITIVE SURGICAL INC,0001035267,2021-04-20,2021-04-20,8-K,,submissions
0001035267-21-000021,INTUITIVE SURGICAL INC,0001035267,2021-02-01,2021-02-01,8-K,,submissions
0001035267-21-000011,INTUITIVE SURGICAL INC,0001035267,2021-01-21,2021-01-21,8-K,,submissions
0001035267-21-000008,INTUITIVE SURGICAL INC,0001035267,2021-01-13,2021-01-13,8-K,,submissions
0001035267-20-000163,INTUITIVE SURGICAL INC,0001035267,2020-10-15,2020-10-15,8-K,,submissions
0001035267-20-000107,INTUITIVE SURGICAL INC,0001035267,2020-07-21,2020-07-21,8-K,,submissions
0001035267-20-000085,INTUITIVE SURGICAL INC,0001035267,2020-04-28,2020-04-23,8-K,,submissions
0001035267-20-000073,INTUITIVE SURGICAL INC,0001035267,2020-04-16,2020-04-16,8-K,,submissions
0001035267-20-000071,INTUITIVE SURGICAL INC,0001035267,2020-04-08,2020-04-08,8-K,,submissions
0001035267-20-000065,INTUITIVE SURGICAL INC,0001035267,2020-03-16,2020-03-16,8-K,,submissions
0001035267-20-000019,INTUITIVE SURGICAL INC,0001035267,2020-02-03,2020-01-30,8-K,,submissions
0001035267-20-000011,INTUITIVE SURGICAL INC,0001035267,2020-01-23,2020-01-23,8-K,,submissions
0001035267-20-000003,INTUITIVE SURGICAL INC,0001035267,2020-01-09,2020-01-09,8-K,,submissions
0001035267-19-000137,INTUITIVE SURGICAL INC,0001035267,2019-10-17,2019-10-17,8-K,,submissions
0001035267-19-000108,INTUITIVE SURGICAL INC,0001035267,2019-07-29,2019-07-25,8-K,,submissions
0001035267-19-000084,INTUITIVE SURGICAL INC,0001035267,2019-07-18,2019-07-18,8-K,,submissions
0001035267-19-000082,INTUITIVE SURGICAL INC,0001035267,2019-07-11,2019-07-11,8-K,,submissions
0001035267-19-000066,INTUITIVE SURGICAL INC,0001035267,2019-04-26,2019-04-25,8-K,,submissions
0001035267-19-000036,INTUITIVE SURGICAL INC,0001035267,2019-04-18,2019-04-18,8-K,,submissions
0001035267-19-000009,INTUITIVE SURGICAL INC,0001035267,2019-02-01,2019-01-31,8-K,,submissions
0001035267-19-000005,INTUITIVE SURGICAL INC,0001035267,2019-01-24,2019-01-24,8-K,,submissions
0001035267-19-000002,INTUITIVE SURGICAL INC,0001035267,2019-01-09,2019-01-09,8-K,,submissions
0001193125-23-284299,IQVIA HOLDINGS INC.,0001478242,2023-11-28,2023-11-28,8-K,,submissions
0001193125-23-277584,IQVIA HOLDINGS INC.,0001478242,2023-11-15,2023-11-14,8-K,,submissions
0001157523-23-001589,IQVIA HOLDINGS INC.,0001478242,2023-11-01,2023-11-01,8-K,,submissions
0001193125-23-242586,IQVIA HOLDINGS INC.,0001478242,2023-09-26,2023-09-24,8-K,,submissions
0001157523-23-001201,IQVIA HOLDINGS INC.,0001478242,2023-08-01,2023-08-01,8-K,,submissions
0001193125-23-151851,IQVIA HOLDINGS INC.,0001478242,2023-05-23,2023-05-23,8-K,,submissions
0001193125-23-148426,IQVIA HOLDINGS INC.,0001478242,2023-05-19,2023-05-18,8-K,,submissions
0001157523-23-000632,IQVIA HOLDINGS INC.,0001478242,2023-04-27,2023-04-27,8-K,,submissions
0001140361-23-018951,IQVIA HOLDINGS INC.,0001478242,2023-04-18,2023-04-18,8-K,,submissions
0001478242-23-000055,IQVIA HOLDINGS INC.,0001478242,2023-04-18,2023-04-17,8-K,,submissions
0001478242-23-000025,IQVIA HOLDINGS INC.,0001478242,2023-02-13,2023-02-13,8-K,,submissions
0001157523-23-000245,IQVIA HOLDINGS INC.,0001478242,2023-02-10,2023-02-10,8-K,,submissions
0001157523-22-001388,IQVIA HOLDINGS INC.,0001478242,2022-10-26,2022-10-26,8-K,,submissions
0001478242-22-000095,IQVIA HOLDINGS INC.,0001478242,2022-10-03,2022-10-02,8-K,,submissions
0001478242-22-000087,IQVIA HOLDINGS INC.,0001478242,2022-07-29,2022-07-25,8-K,,submissions
0001157523-22-000882,IQVIA HOLDINGS INC.,0001478242,2022-07-21,2022-07-21,8-K,,submissions
0001193125-22-175628,IQVIA HOLDINGS INC.,0001478242,2022-06-16,2022-06-16,8-K,,submissions
0001157523-22-000479,IQVIA HOLDINGS INC.,0001478242,2022-04-27,2022-04-27,8-K,,submissions
0001478242-22-000057,IQVIA HOLDINGS INC.,0001478242,2022-04-14,2022-04-12,8-K,,submissions
0001478242-22-000045,IQVIA HOLDINGS INC.,0001478242,2022-03-14,2022-03-10,8-K,,submissions
0001157523-22-000202,IQVIA HOLDINGS INC.,0001478242,2022-02-15,2022-02-15,8-K,,submissions
0001193125-22-018468,IQVIA HOLDINGS INC.,0001478242,2022-01-27,2022-01-24,8-K,,submissions
0001157523-21-001229,IQVIA HOLDINGS INC.,0001478242,2021-10-21,2021-10-21,8-K,,submissions
0001193125-21-256375,IQVIA HOLDINGS INC.,0001478242,2021-08-25,2021-08-25,8-K,,submissions
0001157523-21-000922,IQVIA HOLDINGS INC.,0001478242,2021-07-27,2021-07-27,8-K,,submissions
0001157523-21-000493,IQVIA HOLDINGS INC.,0001478242,2021-04-22,2021-04-22,8-K,,submissions
0001478242-21-000029,IQVIA HOLDINGS INC.,0001478242,2021-04-16,2021-04-13,8-K,,submissions
0001193125-21-103179,IQVIA HOLDINGS INC.,0001478242,2021-04-01,2021-04-01,8-K,,submissions
0001478242-21-000026,IQVIA HOLDINGS INC.,0001478242,2021-03-03,2021-03-03,8-K,,submissions
0001193125-21-046591,IQVIA HOLDINGS INC.,0001478242,2021-02-17,2021-02-17,8-K,,submissions
0001193125-21-043173,IQVIA HOLDINGS INC.,0001478242,2021-02-16,2021-02-16,8-K,,submissions
0001157523-21-000159,IQVIA HOLDINGS INC.,0001478242,2021-02-10,2021-02-10,8-K,,submissions
0001157523-20-001324,IQVIA HOLDINGS INC.,0001478242,2020-10-20,2020-10-20,8-K,,submissions
0001157523-20-001010,IQVIA HOLDINGS INC.,0001478242,2020-07-22,2020-07-22,8-K,,submissions
0001193125-20-196645,IQVIA HOLDINGS INC.,0001478242,2020-07-22,2020-07-16,8-K,,submissions
0001478242-20-000039,IQVIA HOLDINGS INC.,0001478242,2020-06-24,2020-06-24,8-K,,submissions
0001193125-20-165828,IQVIA HOLDINGS INC.,0001478242,2020-06-11,2020-06-10,8-K,,submissions
0001193125-20-164102,IQVIA HOLDINGS INC.,0001478242,2020-06-09,2020-06-09,8-K,,submissions
0001157523-20-000582,IQVIA HOLDINGS INC.,0001478242,2020-04-28,2020-04-28,8-K,,submissions
0001478242-20-000023,IQVIA HOLDINGS INC.,0001478242,2020-04-09,2020-04-06,8-K,,submissions
0001193125-20-096895,IQVIA HOLDINGS INC.,0001478242,2020-04-03,2020-04-02,8-K,,submissions
0001193125-20-070318,IQVIA HOLDINGS INC.,0001478242,2020-03-11,2020-03-11,8-K,,submissions
0001193125-20-035676,IQVIA HOLDINGS INC.,0001478242,2020-02-13,2020-02-13,8-K,,submissions
0001157523-20-000189,IQVIA HOLDINGS INC.,0001478242,2020-02-12,2020-02-12,8-K,,submissions
0001193125-19-317600,IQVIA HOLDINGS INC.,0001478242,2019-12-18,2019-12-18,8-K,,submissions
0001157523-19-002131,IQVIA HOLDINGS INC.,0001478242,2019-10-30,2019-10-30,8-K,,submissions
0001193125-19-219979,IQVIA HOLDINGS INC.,0001478242,2019-08-13,2019-08-08,8-K,,submissions
0001193125-19-216908,IQVIA HOLDINGS INC.,0001478242,2019-08-08,2019-08-08,8-K,,submissions
0001157523-19-001627,IQVIA HOLDINGS INC.,0001478242,2019-07-30,2019-07-30,8-K,,submissions
0001157523-19-001605,IQVIA HOLDINGS INC.,0001478242,2019-07-29,2019-07-29,8-K,,submissions
0001157523-19-001568,IQVIA HOLDINGS INC.,0001478242,2019-07-24,2019-07-24,8-K,,submissions
0001193125-19-144333,IQVIA HOLDINGS INC.,0001478242,2019-05-10,2019-05-10,8-K,,submissions
0001193125-19-139882,IQVIA HOLDINGS INC.,0001478242,2019-05-07,2019-05-07,8-K,,submissions
0001157523-19-000998,IQVIA HOLDINGS INC.,0001478242,2019-05-01,2019-05-01,8-K,,submissions
0001193125-19-101771,IQVIA HOLDINGS INC.,0001478242,2019-04-09,2019-04-09,8-K,,submissions
0001193125-19-069188,IQVIA HOLDINGS INC.,0001478242,2019-03-08,2019-03-05,8-K,,submissions
0001193125-19-047131,IQVIA HOLDINGS INC.,0001478242,2019-02-21,2019-02-21,8-K,,submissions
0001157523-19-000336,IQVIA HOLDINGS INC.,0001478242,2019-02-14,2019-02-14,8-K,,submissions
0001193125-23-305726,JABIL INC,0000898293,2023-12-29,2023-12-29,8-K,,submissions
0001193125-23-294910,JABIL INC,0000898293,2023-12-14,2023-12-14,8-K,,submissions
0001193125-23-271452,JABIL INC,0000898293,2023-11-06,2023-10-31,8-K,,submissions
0001193125-23-249019,JABIL INC,0000898293,2023-10-02,2023-09-26,8-K,,submissions
0001193125-23-244751,JABIL INC,0000898293,2023-09-28,2023-09-28,8-K,,submissions
0001193125-23-243669,JABIL INC,0000898293,2023-09-27,2023-09-26,8-K,,submissions
0001193125-23-224929,JABIL INC,0000898293,2023-08-30,2023-08-27,8-K,,submissions
0001193125-23-221471,JABIL INC,0000898293,2023-08-25,2023-08-21,8-K,,submissions
0001193125-23-213434,JABIL INC,0000898293,2023-08-15,2023-08-10,8-K,,submissions
0001193125-23-167407,JABIL INC,0000898293,2023-06-15,2023-06-15,8-K,,submissions
0001193125-23-118679,JABIL INC,0000898293,2023-04-26,2023-04-20,8-K,,submissions
0001193125-23-100531,JABIL INC,0000898293,2023-04-13,2023-04-13,8-K,,submissions
0001193125-23-071992,JABIL INC,0000898293,2023-03-16,2023-03-16,8-K,,submissions
0001193125-23-033999,JABIL INC,0000898293,2023-02-13,2023-02-10,8-K,,submissions
0001193125-23-020347,JABIL INC,0000898293,2023-01-31,2023-01-26,8-K,,submissions
0001193125-22-305399,JABIL INC,0000898293,2022-12-15,2022-12-15,8-K,,submissions
0001193125-22-296512,JABIL INC,0000898293,2022-12-01,2022-11-28,8-K,,submissions
0001193125-22-281200,JABIL INC,0000898293,2022-11-09,2022-11-03,8-K,,submissions
0001193125-22-251750,JABIL INC,0000898293,2022-09-27,2022-09-27,8-K,,submissions
0001193125-22-175181,JABIL INC,0000898293,2022-06-16,2022-06-16,8-K,,submissions
0001193125-22-140579,JABIL INC,0000898293,2022-05-04,2022-05-04,8-K,,submissions
0001193125-22-076742,JABIL INC,0000898293,2022-03-16,2022-03-16,8-K,,submissions
0001193125-22-017045,JABIL INC,0000898293,2022-01-25,2022-01-20,8-K,,submissions
0001193125-21-358576,JABIL INC,0000898293,2021-12-16,2021-12-16,8-K,,submissions
0001193125-21-352639,JABIL INC,0000898293,2021-12-09,2021-12-05,8-K,,submissions
0001193125-21-286091,JABIL INC,0000898293,2021-09-29,2021-09-29,8-K,,submissions
0001193125-21-280806,JABIL INC,0000898293,2021-09-23,2021-09-20,8-K,,submissions
0001193125-21-192718,JABIL INC,0000898293,2021-06-17,2021-06-17,8-K,,submissions
0001193125-21-150094,JABIL INC,0000898293,2021-05-04,2021-04-28,8-K,,submissions
0001193125-21-116248,JABIL INC,0000898293,2021-04-14,2021-04-14,8-K,,submissions
0001193125-21-082188,JABIL INC,0000898293,2021-03-16,2021-03-16,8-K,,submissions
0001193125-21-017823,JABIL INC,0000898293,2021-01-26,2021-01-21,8-K,,submissions
0001193125-20-319591,JABIL INC,0000898293,2020-12-17,2020-12-17,8-K,,submissions
0001193125-20-252857,JABIL INC,0000898293,2020-09-24,2020-09-24,8-K,,submissions
0001193125-20-191916,JABIL INC,0000898293,2020-07-13,2020-07-13,8-K,,submissions
0001193125-20-173257,JABIL INC,0000898293,2020-06-19,2020-06-19,8-K,,submissions
0001193125-20-147446,JABIL INC,0000898293,2020-05-20,2020-05-15,8-K,,submissions
0001193125-20-126289,JABIL INC,0000898293,2020-04-29,2020-04-24,8-K,,submissions
0001193125-20-072300,JABIL INC,0000898293,2020-03-13,2020-03-13,8-K,,submissions
0001193125-20-048088,JABIL INC,0000898293,2020-02-25,2020-02-25,8-K,,submissions
0001193125-20-016953,JABIL INC,0000898293,2020-01-28,2020-01-22,8-K,,submissions
0001193125-20-008126,JABIL INC,0000898293,2020-01-15,2020-01-15,8-K,,submissions
0001193125-19-315664,JABIL INC,0000898293,2019-12-17,2019-12-17,8-K,,submissions
0001193125-19-271647,JABIL INC,0000898293,2019-10-22,2019-10-16,8-K,,submissions
0001193125-19-252827,JABIL INC,0000898293,2019-09-24,2019-09-24,8-K,,submissions
0001193125-19-175663,JABIL INC,0000898293,2019-06-18,2019-06-18,8-K,,submissions
0001193125-19-074800,JABIL INC,0000898293,2019-03-14,2019-03-14,8-K,,submissions
0001193125-19-020934,JABIL INC,0000898293,2019-01-29,2019-01-24,8-K,,submissions
0000200406-23-000115,JOHNSON & JOHNSON,0000200406,2023-12-05,2023-11-30,8-K,,submissions
0000200406-23-000112,JOHNSON & JOHNSON,0000200406,2023-12-05,2023-12-05,8-K,,submissions
0000200406-23-000109,JOHNSON & JOHNSON,0000200406,2023-11-30,2023-11-30,8-K,,submissions
0000200406-23-000105,JOHNSON & JOHNSON,0000200406,2023-11-27,2023-11-21,8-K,,submissions
0000200406-23-000096,JOHNSON & JOHNSON,0000200406,2023-10-23,2023-10-20,8-K,,submissions
0000200406-23-000094,JOHNSON & JOHNSON,0000200406,2023-10-17,2023-10-17,8-K,,submissions
0000200406-23-000091,JOHNSON & JOHNSON,0000200406,2023-08-30,2023-08-30,8-K,,submissions
0000200406-23-000086,JOHNSON & JOHNSON,0000200406,2023-08-25,2023-08-23,8-K,,submissions
0001628280-23-026095,JOHNSON & JOHNSON,0000200406,2023-07-28,2023-07-28,8-K,,submissions
0001628280-23-025388,JOHNSON & JOHNSON,0000200406,2023-07-24,2023-07-24,8-K,,submissions
0000200406-23-000073,JOHNSON & JOHNSON,0000200406,2023-07-20,2023-07-20,8-K,,submissions
0001193125-23-138287,JOHNSON & JOHNSON,0000200406,2023-05-08,2023-05-03,8-K,,submissions
0000200406-23-000059,JOHNSON & JOHNSON,0000200406,2023-05-01,2023-04-27,8-K,,submissions
0000200406-23-000043,JOHNSON & JOHNSON,0000200406,2023-04-18,2023-04-18,8-K,,submissions
0000200406-23-000037,JOHNSON & JOHNSON,0000200406,2023-04-04,2023-04-04,8-K,,submissions
0000200406-23-000032,JOHNSON & JOHNSON,0000200406,2023-04-03,2023-03-31,8-K,,submissions
0000200406-23-000008,JOHNSON & JOHNSON,0000200406,2023-02-14,2023-02-14,8-K,,submissions
0000200406-23-000005,JOHNSON & JOHNSON,0000200406,2023-01-24,2023-01-24,8-K,,submissions
0001193125-22-311072,JOHNSON & JOHNSON,0000200406,2022-12-22,2022-12-22,8-K,,submissions
0000200406-22-000089,JOHNSON & JOHNSON,0000200406,2022-12-01,2022-11-30,8-K,,submissions
0001193125-22-274491,JOHNSON & JOHNSON,0000200406,2022-11-01,2022-10-31,8-K,,submissions
0000200406-22-000081,JOHNSON & JOHNSON,0000200406,2022-10-18,2022-10-18,8-K,,submissions
0000200406-22-000076,JOHNSON & JOHNSON,0000200406,2022-09-14,2022-09-14,8-K,,submissions
0000200406-22-000063,JOHNSON & JOHNSON,0000200406,2022-07-19,2022-07-19,8-K,,submissions
0000200406-22-000047,JOHNSON & JOHNSON,0000200406,2022-04-29,2022-04-28,8-K,,submissions
0000200406-22-000038,JOHNSON & JOHNSON,0000200406,2022-04-19,2022-04-19,8-K,,submissions
0000200406-22-000017,JOHNSON & JOHNSON,0000200406,2022-02-16,2022-02-15,8-K,,submissions
0000200406-22-000015,JOHNSON & JOHNSON,0000200406,2022-02-02,2022-01-28,8-K,,submissions
0000200406-22-000012,JOHNSON & JOHNSON,0000200406,2022-01-25,2022-01-25,8-K,,submissions
0000200406-22-000004,JOHNSON & JOHNSON,0000200406,2022-01-06,2022-01-06,8-K,,submissions
0000200406-21-000072,JOHNSON & JOHNSON,0000200406,2021-11-15,2021-11-15,8-K,,submissions
0000200406-21-000067,JOHNSON & JOHNSON,0000200406,2021-10-19,2021-10-19,8-K,,submissions
0000200406-21-000063,JOHNSON & JOHNSON,0000200406,2021-10-12,2021-10-12,8-K,,submissions
0000200406-21-000061,JOHNSON & JOHNSON,0000200406,2021-08-20,2021-08-19,8-K,,submissions
0000200406-21-000053,JOHNSON & JOHNSON,0000200406,2021-07-21,2021-07-21,8-K,,submissions
0000200406-21-000040,JOHNSON & JOHNSON,0000200406,2021-06-01,2021-06-01,8-K,,submissions
0000200406-21-000030,JOHNSON & JOHNSON,0000200406,2021-04-26,2021-04-22,8-K,,submissions
0000200406-21-000024,JOHNSON & JOHNSON,0000200406,2021-04-20,2021-04-20,8-K,,submissions
0000200406-21-000006,JOHNSON & JOHNSON,0000200406,2021-01-26,2021-01-26,8-K,,submissions
0000200406-20-000061,JOHNSON & JOHNSON,0000200406,2020-12-03,2020-12-03,8-K,,submissions
0000200406-20-000059,JOHNSON & JOHNSON,0000200406,2020-11-03,2020-11-03,8-K,,submissions
0000200406-20-000054,JOHNSON & JOHNSON,0000200406,2020-10-13,2020-10-13,8-K,,submissions
0001193125-20-261326,JOHNSON & JOHNSON,0000200406,2020-10-01,2020-10-01,8-K,,submissions
0001193125-20-229970,JOHNSON & JOHNSON,0000200406,2020-08-25,2020-08-20,8-K,,submissions
0000200406-20-000052,JOHNSON & JOHNSON,0000200406,2020-08-12,2020-08-12,8-K,,submissions
0000200406-20-000047,JOHNSON & JOHNSON,0000200406,2020-07-16,2020-07-16,8-K,,submissions
0000200406-20-000039,JOHNSON & JOHNSON,0000200406,2020-06-10,2020-06-09,8-K,,submissions
0000200406-20-000034,JOHNSON & JOHNSON,0000200406,2020-04-29,2020-04-23,8-K,,submissions
0000200406-20-000026,JOHNSON & JOHNSON,0000200406,2020-04-14,2020-04-14,8-K,,submissions
0000200406-20-000006,JOHNSON & JOHNSON,0000200406,2020-02-13,2020-02-12,8-K,,submissions
0000200406-20-000004,JOHNSON & JOHNSON,0000200406,2020-01-22,2020-01-22,8-K,,submissions
0000200406-19-000071,JOHNSON & JOHNSON,0000200406,2019-12-30,2019-12-30,8-K,,submissions
0000200406-19-000069,JOHNSON & JOHNSON,0000200406,2019-12-05,2019-12-05,8-K,,submissions
0000200406-19-000063,JOHNSON & JOHNSON,0000200406,2019-10-23,2019-10-23,8-K,,submissions
0000200406-19-000061,JOHNSON & JOHNSON,0000200406,2019-10-15,2019-10-15,8-K,,submissions
0000200406-19-000059,JOHNSON & JOHNSON,0000200406,2019-10-07,2019-10-07,8-K,,submissions
0000200406-19-000057,JOHNSON & JOHNSON,0000200406,2019-08-26,2019-08-26,8-K,,submissions
0000200406-19-000049,JOHNSON & JOHNSON,0000200406,2019-07-16,2019-07-16,8-K,,submissions
0000200406-19-000028,JOHNSON & JOHNSON,0000200406,2019-04-26,2019-04-25,8-K,,submissions
0000200406-19-000025,JOHNSON & JOHNSON,0000200406,2019-04-16,2019-04-16,8-K,,submissions
0000200406-19-000020,JOHNSON & JOHNSON,0000200406,2019-04-01,2019-04-01,8-K,,submissions
0000200406-19-000019,JOHNSON & JOHNSON,0000200406,2019-04-01,2019-04-01,8-K,,submissions
0000200406-19-000016,JOHNSON & JOHNSON,0000200406,2019-03-21,2019-03-21,8-K,,submissions
0000200406-19-000004,JOHNSON & JOHNSON,0000200406,2019-01-22,2019-01-22,8-K,,submissions
0000200406-19-000002,JOHNSON & JOHNSON,0000200406,2019-01-17,2019-01-17,8-K,,submissions
0001601046-23-000099,"Keysight Technologies, Inc.",0001601046,2023-11-20,2023-11-20,8-K,,submissions
0001601046-23-000070,"Keysight Technologies, Inc.",0001601046,2023-08-17,2023-08-17,8-K,,submissions
0001601046-23-000053,"Keysight Technologies, Inc.",0001601046,2023-05-31,2023-05-30,8-K,,submissions
0001601046-23-000038,"Keysight Technologies, Inc.",0001601046,2023-05-16,2023-05-16,8-K,,submissions
0001601046-23-000018,"Keysight Technologies, Inc.",0001601046,2023-03-17,2023-03-14,8-K,,submissions
0001601046-23-000013,"Keysight Technologies, Inc.",0001601046,2023-03-02,2023-02-27,8-K,,submissions
0001601046-23-000008,"Keysight Technologies, Inc.",0001601046,2023-02-21,2023-02-21,8-K,,submissions
0001601046-22-000089,"Keysight Technologies, Inc.",0001601046,2022-11-17,2022-11-17,8-K,,submissions
0001601046-22-000063,"Keysight Technologies, Inc.",0001601046,2022-08-17,2022-08-17,8-K,,submissions
0001601046-22-000043,"Keysight Technologies, Inc.",0001601046,2022-05-20,2022-05-18,8-K,,submissions
0001601046-22-000041,"Keysight Technologies, Inc.",0001601046,2022-05-17,2022-05-17,8-K,,submissions
0001601046-22-000015,"Keysight Technologies, Inc.",0001601046,2022-03-22,2022-03-17,8-K,,submissions
0001601046-22-000006,"Keysight Technologies, Inc.",0001601046,2022-02-24,2022-02-22,8-K,,submissions
0001601046-22-000004,"Keysight Technologies, Inc.",0001601046,2022-02-22,2022-02-16,8-K,,submissions
0001601046-22-000002,"Keysight Technologies, Inc.",0001601046,2022-02-17,2022-02-17,8-K,,submissions
0001601046-21-000169,"Keysight Technologies, Inc.",0001601046,2021-12-06,2021-12-01,8-K,,submissions
0001601046-21-000138,"Keysight Technologies, Inc.",0001601046,2021-11-22,2021-11-22,8-K,,submissions
0001601046-21-000059,"Keysight Technologies, Inc.",0001601046,2021-08-18,2021-08-18,8-K,,submissions
0001601046-21-000057,"Keysight Technologies, Inc.",0001601046,2021-08-04,2021-07-30,8-K,,submissions
0001601046-21-000035,"Keysight Technologies, Inc.",0001601046,2021-05-21,2021-05-20,8-K,,submissions
0001601046-21-000032,"Keysight Technologies, Inc.",0001601046,2021-05-19,2021-05-19,8-K,,submissions
0001601046-21-000011,"Keysight Technologies, Inc.",0001601046,2021-03-23,2021-03-18,8-K,,submissions
0001601046-21-000003,"Keysight Technologies, Inc.",0001601046,2021-02-18,2021-02-18,8-K,,submissions
0001601046-20-000087,"Keysight Technologies, Inc.",0001601046,2020-11-18,2020-11-18,8-K,,submissions
0001601046-20-000058,"Keysight Technologies, Inc.",0001601046,2020-10-01,2020-09-30,8-K,,submissions
0001601046-20-000053,"Keysight Technologies, Inc.",0001601046,2020-08-20,2020-08-20,8-K,,submissions
0001601046-20-000031,"Keysight Technologies, Inc.",0001601046,2020-05-26,2020-05-26,8-K,,submissions
0001601046-20-000027,"Keysight Technologies, Inc.",0001601046,2020-03-24,2020-03-19,8-K,,submissions
0001601046-20-000009,"Keysight Technologies, Inc.",0001601046,2020-03-18,2020-03-18,8-K,,submissions
0001601046-20-000002,"Keysight Technologies, Inc.",0001601046,2020-02-24,2020-02-24,8-K,,submissions
0001601046-19-000112,"Keysight Technologies, Inc.",0001601046,2019-12-19,2019-12-19,8-K,,submissions
0001601046-19-000093,"Keysight Technologies, Inc.",0001601046,2019-11-26,2019-11-26,8-K,,submissions
0001601046-19-000051,"Keysight Technologies, Inc.",0001601046,2019-11-01,2019-11-01,8-K,,submissions
0001601046-19-000046,"Keysight Technologies, Inc.",0001601046,2019-10-23,2019-05-23,8-K,,submissions
0001193125-19-271653,"Keysight Technologies, Inc.",0001601046,2019-10-22,2019-10-22,8-K,,submissions
0001601046-19-000035,"Keysight Technologies, Inc.",0001601046,2019-08-21,2019-08-21,8-K,,submissions
0001601046-19-000033,"Keysight Technologies, Inc.",0001601046,2019-06-25,2018-10-31,8-K,,submissions
0001601046-19-000023,"Keysight Technologies, Inc.",0001601046,2019-05-29,2019-05-29,8-K,,submissions
0001601046-19-000017,"Keysight Technologies, Inc.",0001601046,2019-05-24,2019-05-23,8-K,,submissions
0001601046-19-000013,"Keysight Technologies, Inc.",0001601046,2019-03-26,2019-03-21,8-K,,submissions
0001601046-19-000006,"Keysight Technologies, Inc.",0001601046,2019-02-26,2019-02-26,8-K,,submissions
0001601046-19-000004,"Keysight Technologies, Inc.",0001601046,2019-02-21,2019-02-21,8-K,,submissions
0001601046-19-000002,"Keysight Technologies, Inc.",0001601046,2019-01-16,2019-01-16,8-K,,submissions
0001193125-23-270369,KLA CORP,0000319201,2023-11-03,2023-11-01,8-K,,submissions
0000319201-23-000037,KLA CORP,0000319201,2023-10-25,2023-10-25,8-K,,submissions
0001193125-23-229585,KLA CORP,0000319201,2023-09-06,2023-09-02,8-K,,submissions
0001193125-23-202902,KLA CORP,0000319201,2023-08-03,2023-08-03,8-K,,submissions
0000319201-23-000027,KLA CORP,0000319201,2023-07-27,2023-07-27,8-K,,submissions
0001193125-23-192257,KLA CORP,0000319201,2023-07-24,2023-07-24,8-K,,submissions
0001193125-23-137082,KLA CORP,0000319201,2023-05-05,2023-05-04,8-K,,submissions
0000319201-23-000016,KLA CORP,0000319201,2023-04-26,2023-04-26,8-K,,submissions
0001193125-23-024406,KLA CORP,0000319201,2023-02-06,2023-02-02,8-K,,submissions
0000319201-23-000008,KLA CORP,0000319201,2023-01-26,2023-01-26,8-K,,submissions
0001193125-22-277886,KLA CORP,0000319201,2022-11-04,2022-11-02,8-K,,submissions
0001628280-22-027085,KLA CORP,0000319201,2022-10-26,2022-10-26,8-K,,submissions
0001193125-22-213582,KLA CORP,0000319201,2022-08-05,2022-08-04,8-K,,submissions
0000319201-22-000018,KLA CORP,0000319201,2022-07-28,2022-07-28,8-K,,submissions
0001193125-22-188683,KLA CORP,0000319201,2022-07-06,2022-07-06,8-K,,submissions
0001193125-22-181527,KLA CORP,0000319201,2022-06-24,2022-06-23,8-K,,submissions
0001193125-22-178111,KLA CORP,0000319201,2022-06-22,2022-06-21,8-K,,submissions
0001193125-22-175500,KLA CORP,0000319201,2022-06-16,2022-06-15,8-K,,submissions
0001193125-22-170195,KLA CORP,0000319201,2022-06-08,2022-06-08,8-K,,submissions
0001193125-22-142326,KLA CORP,0000319201,2022-05-05,2022-05-05,8-K,,submissions
0000319201-22-000010,KLA CORP,0000319201,2022-04-28,2022-04-28,8-K,,submissions
0001628280-22-001687,KLA CORP,0000319201,2022-02-02,2022-02-02,8-K,,submissions
0000319201-22-000004,KLA CORP,0000319201,2022-01-27,2022-01-27,8-K,,submissions
0001628280-21-022013,KLA CORP,0000319201,2021-11-05,2021-11-03,8-K,,submissions
0000319201-21-000034,KLA CORP,0000319201,2021-10-27,2021-10-27,8-K,,submissions
0001628280-21-016091,KLA CORP,0000319201,2021-08-06,2021-08-05,8-K,,submissions
0000319201-21-000025,KLA CORP,0000319201,2021-07-29,2021-07-29,8-K,,submissions
0001628280-21-009547,KLA CORP,0000319201,2021-05-07,2021-05-06,8-K,,submissions
0000319201-21-000014,KLA CORP,0000319201,2021-04-29,2021-04-29,8-K,,submissions
0001628280-21-001688,KLA CORP,0000319201,2021-02-09,2021-02-09,8-K,,submissions
0000319201-21-000005,KLA CORP,0000319201,2021-02-03,2021-02-03,8-K,,submissions
0000319201-20-000061,KLA CORP,0000319201,2020-11-06,2020-11-04,8-K,,submissions
0000319201-20-000054,KLA CORP,0000319201,2020-10-28,2020-10-28,8-K,,submissions
0000319201-20-000043,KLA CORP,0000319201,2020-08-06,2020-08-06,8-K,,submissions
0000319201-20-000039,KLA CORP,0000319201,2020-08-03,2020-08-03,8-K,,submissions
0001628280-20-007005,KLA CORP,0000319201,2020-05-07,2020-05-07,8-K,,submissions
0000319201-20-000023,KLA CORP,0000319201,2020-05-05,2020-05-05,8-K,,submissions
0001193125-20-060489,KLA CORP,0000319201,2020-03-03,2020-02-28,8-K,,submissions
0001193125-20-046328,KLA CORP,0000319201,2020-02-24,2020-02-19,8-K,,submissions
0000319201-20-000014,KLA CORP,0000319201,2020-02-13,2020-02-10,8-K,,submissions
0000319201-20-000005,KLA CORP,0000319201,2020-02-04,2020-02-04,8-K,,submissions
0001628280-19-013821,KLA CORP,0000319201,2019-11-08,2019-11-05,8-K,,submissions
0000319201-19-000036,KLA CORP,0000319201,2019-10-30,2019-10-30,8-K,,submissions
0001628280-19-011057,KLA CORP,0000319201,2019-08-21,2019-08-16,8-K,,submissions
0000319201-19-000026,KLA CORP,0000319201,2019-08-05,2019-08-05,8-K,,submissions
0001628280-19-009789,KLA CORP,0000319201,2019-08-01,2019-08-01,8-K,,submissions
0001628280-19-008769,KLA CORP,0000319201,2019-07-16,2019-07-15,8-K,,submissions
0001628280-19-007850,KLA CORP,0000319201,2019-06-10,2019-06-10,8-K,,submissions
0000319201-19-000015,KLA CORP,0000319201,2019-05-06,2019-05-06,8-K,,submissions
0001628280-19-005830,KLA CORP,0000319201,2019-05-03,2019-05-03,8-K,,submissions
0001193125-19-080819,KLA CORP,0000319201,2019-03-20,2019-03-20,8-K,,submissions
0001193125-19-076707,KLA CORP,0000319201,2019-03-15,2019-03-13,8-K,,submissions
0001193125-19-045576,KLA CORP,0000319201,2019-02-20,2019-02-14,8-K,,submissions
0001628280-19-000790,KLA CORP,0000319201,2019-02-01,2019-01-31,8-K,,submissions
0000319201-19-000006,KLA CORP,0000319201,2019-01-29,2019-01-29,8-K,,submissions
0000920148-23-000078,LABCORP HOLDINGS INC.,0000920148,2023-10-26,2023-10-26,8-K,,submissions
0000920148-23-000076,LABCORP HOLDINGS INC.,0000920148,2023-10-12,2023-10-11,8-K,,submissions
0000920148-23-000074,LABCORP HOLDINGS INC.,0000920148,2023-09-29,2023-09-29,8-K,,submissions
0000920148-23-000072,LABCORP HOLDINGS INC.,0000920148,2023-09-14,2023-09-14,8-K,,submissions
0000920148-23-000068,LABCORP HOLDINGS INC.,0000920148,2023-09-11,2023-09-08,8-K,,submissions
0000920148-23-000066,LABCORP HOLDINGS INC.,0000920148,2023-08-09,2023-08-08,8-K,,submissions
0000920148-23-000060,LABCORP HOLDINGS INC.,0000920148,2023-07-31,2023-07-31,8-K,,submissions
0000920148-23-000058,LABCORP HOLDINGS INC.,0000920148,2023-07-27,2023-07-27,8-K,,submissions
0000920148-23-000056,LABCORP HOLDINGS INC.,0000920148,2023-07-13,2023-07-12,8-K,,submissions
0000920148-23-000050,LABCORP HOLDINGS INC.,0000920148,2023-07-03,2023-06-30,8-K,,submissions
0000920148-23-000048,LABCORP HOLDINGS INC.,0000920148,2023-06-29,2023-06-29,8-K,,submissions
0000920148-23-000046,LABCORP HOLDINGS INC.,0000920148,2023-06-12,2023-06-12,8-K,,submissions
0000920148-23-000044,LABCORP HOLDINGS INC.,0000920148,2023-06-09,2023-06-09,8-K,,submissions
0000920148-23-000042,LABCORP HOLDINGS INC.,0000920148,2023-06-08,2023-06-08,8-K,,submissions
0000920148-23-000040,LABCORP HOLDINGS INC.,0000920148,2023-06-07,2023-06-05,8-K,,submissions
0000920148-23-000038,LABCORP HOLDINGS INC.,0000920148,2023-05-15,2023-05-11,8-K,,submissions
0000920148-23-000032,LABCORP HOLDINGS INC.,0000920148,2023-05-04,2023-05-01,8-K,,submissions
0000920148-23-000031,LABCORP HOLDINGS INC.,0000920148,2023-05-04,2023-05-01,8-K,,submissions
0000920148-23-000025,LABCORP HOLDINGS INC.,0000920148,2023-05-04,2023-05-04,8-K,,submissions
0000920148-23-000023,LABCORP HOLDINGS INC.,0000920148,2023-04-25,2023-04-25,8-K,,submissions
0000920148-23-000021,LABCORP HOLDINGS INC.,0000920148,2023-04-06,2023-04-05,8-K,,submissions
0000920148-23-000019,LABCORP HOLDINGS INC.,0000920148,2023-03-31,2023-03-31,8-K,,submissions
0000920148-23-000012,LABCORP HOLDINGS INC.,0000920148,2023-02-16,2023-02-16,8-K,,submissions
0000920148-23-000008,LABCORP HOLDINGS INC.,0000920148,2023-01-18,2023-01-18,8-K,,submissions
0000920148-23-000006,LABCORP HOLDINGS INC.,0000920148,2023-01-12,2023-01-12,8-K,,submissions
0000920148-23-000004,LABCORP HOLDINGS INC.,0000920148,2023-01-05,2023-01-04,8-K,,submissions
0000920148-23-000002,LABCORP HOLDINGS INC.,0000920148,2023-01-03,2023-01-03,8-K,,submissions
0000920148-22-000057,LABCORP HOLDINGS INC.,0000920148,2022-10-31,2022-10-31,8-K,,submissions
0000920148-22-000055,LABCORP HOLDINGS INC.,0000920148,2022-10-27,2022-10-27,8-K,,submissions
0000920148-22-000052,LABCORP HOLDINGS INC.,0000920148,2022-10-13,2022-10-12,8-K,,submissions
0000920148-22-000049,LABCORP HOLDINGS INC.,0000920148,2022-10-12,2022-10-12,8-K,,submissions
0000920148-22-000047,LABCORP HOLDINGS INC.,0000920148,2022-10-03,2022-10-03,8-K,,submissions
0000920148-22-000045,LABCORP HOLDINGS INC.,0000920148,2022-09-27,2022-09-27,8-K,,submissions
0000920148-22-000043,LABCORP HOLDINGS INC.,0000920148,2022-09-06,2022-09-06,8-K,,submissions
0000920148-22-000038,LABCORP HOLDINGS INC.,0000920148,2022-07-28,2022-07-28,8-K,,submissions
0000920148-22-000034,LABCORP HOLDINGS INC.,0000920148,2022-07-15,2022-07-14,8-K,,submissions
0000920148-22-000032,LABCORP HOLDINGS INC.,0000920148,2022-07-14,2022-07-14,8-K,,submissions
0000920148-22-000029,LABCORP HOLDINGS INC.,0000920148,2022-05-17,2022-05-17,8-K,,submissions
0001193125-22-150330,LABCORP HOLDINGS INC.,0000920148,2022-05-16,2022-05-11,8-K,,submissions
0000920148-22-000027,LABCORP HOLDINGS INC.,0000920148,2022-05-04,2022-05-04,8-K,,submissions
0000920148-22-000022,LABCORP HOLDINGS INC.,0000920148,2022-04-28,2022-04-28,8-K,,submissions
0000920148-22-000020,LABCORP HOLDINGS INC.,0000920148,2022-04-07,2022-04-07,8-K,,submissions
0000920148-22-000018,LABCORP HOLDINGS INC.,0000920148,2022-03-28,2022-03-28,8-K,,submissions
0000920148-22-000011,LABCORP HOLDINGS INC.,0000920148,2022-02-10,2022-02-10,8-K,,submissions
0000920148-22-000008,LABCORP HOLDINGS INC.,0000920148,2022-02-09,2022-02-09,8-K,,submissions
0000920148-22-000006,LABCORP HOLDINGS INC.,0000920148,2022-01-10,2022-01-10,8-K,,submissions
0000920148-22-000004,LABCORP HOLDINGS INC.,0000920148,2022-01-05,2022-01-04,8-K,,submissions
0001193125-21-356169,LABCORP HOLDINGS INC.,0000920148,2021-12-14,2021-12-13,8-K,,submissions
0000920148-21-000074,LABCORP HOLDINGS INC.,0000920148,2021-12-09,2021-12-09,8-K,,submissions
0000920148-21-000071,LABCORP HOLDINGS INC.,0000920148,2021-11-02,2021-11-02,8-K,,submissions
0000920148-21-000066,LABCORP HOLDINGS INC.,0000920148,2021-10-28,2021-10-28,8-K,,submissions
0000920148-21-000062,LABCORP HOLDINGS INC.,0000920148,2021-09-28,2021-09-28,8-K,,submissions
0000920148-21-000060,LABCORP HOLDINGS INC.,0000920148,2021-09-13,2021-09-13,8-K,,submissions
0000920148-21-000058,LABCORP HOLDINGS INC.,0000920148,2021-09-08,2021-09-08,8-K,,submissions
0000920148-21-000053,LABCORP HOLDINGS INC.,0000920148,2021-08-13,2021-08-12,8-K,,submissions
0000920148-21-000048,LABCORP HOLDINGS INC.,0000920148,2021-07-29,2021-07-29,8-K,,submissions
0000920148-21-000045,LABCORP HOLDINGS INC.,0000920148,2021-07-02,2021-07-02,8-K,,submissions
0001193125-21-173705,LABCORP HOLDINGS INC.,0000920148,2021-05-26,2021-05-26,8-K,,submissions
0000920148-21-000043,LABCORP HOLDINGS INC.,0000920148,2021-05-18,2021-05-18,8-K,,submissions
0001193125-21-162006,LABCORP HOLDINGS INC.,0000920148,2021-05-14,2021-05-12,8-K,,submissions
0001193125-21-160766,LABCORP HOLDINGS INC.,0000920148,2021-05-14,2021-05-12,8-K,,submissions
0001193125-21-158515,LABCORP HOLDINGS INC.,0000920148,2021-05-12,2021-05-12,8-K,,submissions
0000920148-21-000038,LABCORP HOLDINGS INC.,0000920148,2021-04-29,2021-04-29,8-K,,submissions
0000920148-21-000036,LABCORP HOLDINGS INC.,0000920148,2021-04-16,2021-04-16,8-K,,submissions
0000920148-21-000031,LABCORP HOLDINGS INC.,0000920148,2021-03-30,2021-03-30,8-K,,submissions
0000920148-21-000028,LABCORP HOLDINGS INC.,0000920148,2021-03-26,2021-03-25,8-K,,submissions
0000920148-21-000024,LABCORP HOLDINGS INC.,0000920148,2021-03-19,2021-03-19,8-K,,submissions
0000920148-21-000015,LABCORP HOLDINGS INC.,0000920148,2021-02-23,2021-02-23,8-K,,submissions
0000920148-21-000012,LABCORP HOLDINGS INC.,0000920148,2021-02-11,2021-02-11,8-K,,submissions
0000920148-21-000006,LABCORP HOLDINGS INC.,0000920148,2021-01-08,2021-01-08,8-K,,submissions
0000920148-21-000003,LABCORP HOLDINGS INC.,0000920148,2021-01-05,2021-01-05,8-K,,submissions
0000920148-20-000064,LABCORP HOLDINGS INC.,0000920148,2020-11-25,2020-11-25,8-K,,submissions
0001193125-20-287013,LABCORP HOLDINGS INC.,0000920148,2020-11-05,2020-11-02,8-K,,submissions
0000920148-20-000061,LABCORP HOLDINGS INC.,0000920148,2020-11-02,2020-11-02,8-K,,submissions
0000920148-20-000055,LABCORP HOLDINGS INC.,0000920148,2020-10-27,2020-10-27,8-K,,submissions
0000920148-20-000052,LABCORP HOLDINGS INC.,0000920148,2020-09-28,2020-09-28,8-K,,submissions
0000920148-20-000049,LABCORP HOLDINGS INC.,0000920148,2020-09-10,2020-09-10,8-K,,submissions
0000920148-20-000047,LABCORP HOLDINGS INC.,0000920148,2020-09-01,2020-09-01,8-K,,submissions
0000920148-20-000036,LABCORP HOLDINGS INC.,0000920148,2020-07-28,2020-07-28,8-K,,submissions
0001193125-20-188875,LABCORP HOLDINGS INC.,0000920148,2020-07-07,2020-07-07,8-K,,submissions
0000920148-20-000031,LABCORP HOLDINGS INC.,0000920148,2020-07-06,2020-07-06,8-K,,submissions
0001193125-20-145193,LABCORP HOLDINGS INC.,0000920148,2020-05-18,2020-05-13,8-K,,submissions
0000920148-20-000025,LABCORP HOLDINGS INC.,0000920148,2020-05-06,2020-05-06,8-K,,submissions
0000920148-20-000023,LABCORP HOLDINGS INC.,0000920148,2020-05-05,2020-05-05,8-K,,submissions
0000920148-20-000021,LABCORP HOLDINGS INC.,0000920148,2020-04-29,2020-04-29,8-K,,submissions
0000920148-20-000018,LABCORP HOLDINGS INC.,0000920148,2020-04-06,2020-04-06,8-K,,submissions
0000920148-20-000014,LABCORP HOLDINGS INC.,0000920148,2020-03-03,2020-03-02,8-K,,submissions
0000920148-20-000006,LABCORP HOLDINGS INC.,0000920148,2020-02-13,2020-02-13,8-K,,submissions
0001193125-20-026765,LABCORP HOLDINGS INC.,0000920148,2020-02-06,2020-02-05,8-K,,submissions
0000920148-20-000004,LABCORP HOLDINGS INC.,0000920148,2020-01-14,2020-01-13,8-K,,submissions
0000920148-20-000002,LABCORP HOLDINGS INC.,0000920148,2020-01-06,2020-01-06,8-K,,submissions
0001193125-19-305378,LABCORP HOLDINGS INC.,0000920148,2019-12-03,2019-12-03,8-K,,submissions
0001193125-19-300570,LABCORP HOLDINGS INC.,0000920148,2019-11-26,2019-11-22,8-K,,submissions
0001193125-19-300013,LABCORP HOLDINGS INC.,0000920148,2019-11-25,2019-11-25,8-K,,submissions
0001193125-19-295235,LABCORP HOLDINGS INC.,0000920148,2019-11-19,2019-11-19,8-K,,submissions
0001193125-19-295227,LABCORP HOLDINGS INC.,0000920148,2019-11-19,2019-11-18,8-K,,submissions
0001193125-19-294314,LABCORP HOLDINGS INC.,0000920148,2019-11-18,2019-11-18,8-K,,submissions
0001193125-19-285296,LABCORP HOLDINGS INC.,0000920148,2019-11-06,2019-11-01,8-K,,submissions
0000920148-19-000088,LABCORP HOLDINGS INC.,0000920148,2019-10-24,2019-10-24,8-K,,submissions
0000920148-19-000086,LABCORP HOLDINGS INC.,0000920148,2019-10-22,2019-10-22,8-K,,submissions
0000920148-19-000084,LABCORP HOLDINGS INC.,0000920148,2019-10-15,2019-10-15,8-K,,submissions
0001193125-19-261142,LABCORP HOLDINGS INC.,0000920148,2019-10-03,2019-10-03,8-K,,submissions
0000920148-19-000082,LABCORP HOLDINGS INC.,0000920148,2019-09-11,2019-09-11,8-K,,submissions
0000920148-19-000080,LABCORP HOLDINGS INC.,0000920148,2019-08-29,2019-08-29,8-K,,submissions
0000920148-19-000078,LABCORP HOLDINGS INC.,0000920148,2019-08-29,2019-08-29,8-K,,submissions
0001193125-19-204858,LABCORP HOLDINGS INC.,0000920148,2019-07-29,2019-07-29,8-K,,submissions
0000920148-19-000069,LABCORP HOLDINGS INC.,0000920148,2019-07-25,2019-07-25,8-K,,submissions
0000920148-19-000066,LABCORP HOLDINGS INC.,0000920148,2019-07-22,2019-07-22,8-K,,submissions
0000920148-19-000064,LABCORP HOLDINGS INC.,0000920148,2019-07-01,2019-07-01,8-K,,submissions
0000920148-19-000062,LABCORP HOLDINGS INC.,0000920148,2019-06-25,2019-06-25,8-K,,submissions
0000920148-19-000060,LABCORP HOLDINGS INC.,0000920148,2019-06-18,2019-06-18,8-K,,submissions
0000920148-19-000058,LABCORP HOLDINGS INC.,0000920148,2019-06-07,2019-06-07,8-K,,submissions
0001193125-19-165518,LABCORP HOLDINGS INC.,0000920148,2019-06-05,2019-06-04,8-K,,submissions
0001193125-19-165091,LABCORP HOLDINGS INC.,0000920148,2019-06-04,2019-06-04,8-K,,submissions
0001193125-19-164256,LABCORP HOLDINGS INC.,0000920148,2019-06-03,2019-06-03,8-K,,submissions
0001193125-19-145334,LABCORP HOLDINGS INC.,0000920148,2019-05-13,2019-05-09,8-K,,submissions
0000920148-19-000055,LABCORP HOLDINGS INC.,0000920148,2019-05-10,2019-05-10,8-K,,submissions
0000920148-19-000050,LABCORP HOLDINGS INC.,0000920148,2019-05-03,2019-05-02,8-K,,submissions
0000920148-19-000048,LABCORP HOLDINGS INC.,0000920148,2019-04-30,2019-04-30,8-K,,submissions
0001193125-19-109448,LABCORP HOLDINGS INC.,0000920148,2019-04-18,2019-04-17,8-K,,submissions
0000920148-19-000043,LABCORP HOLDINGS INC.,0000920148,2019-04-01,2019-04-01,8-K,,submissions
0000920148-19-000041,LABCORP HOLDINGS INC.,0000920148,2019-04-01,2019-04-01,8-K,,submissions
0000920148-19-000039,LABCORP HOLDINGS INC.,0000920148,2019-03-28,2019-03-28,8-K,,submissions
0000920148-19-000037,LABCORP HOLDINGS INC.,0000920148,2019-03-11,2019-03-11,8-K,,submissions
0000920148-19-000035,LABCORP HOLDINGS INC.,0000920148,2019-03-05,2019-03-05,8-K,,submissions
0000920148-19-000028,LABCORP HOLDINGS INC.,0000920148,2019-02-19,2019-02-19,8-K,,submissions
0000920148-19-000025,LABCORP HOLDINGS INC.,0000920148,2019-02-07,2019-02-07,8-K,,submissions
0000920148-19-000024,LABCORP HOLDINGS INC.,0000920148,2019-02-07,2019-02-07,8-K,,submissions
0001193125-19-029658,LABCORP HOLDINGS INC.,0000920148,2019-02-06,2019-01-31,8-K,,submissions
0000920148-19-000019,LABCORP HOLDINGS INC.,0000920148,2019-01-22,2019-01-22,8-K,,submissions
0000920148-19-000017,LABCORP HOLDINGS INC.,0000920148,2019-01-16,2019-01-16,8-K,,submissions
0000920148-19-000015,LABCORP HOLDINGS INC.,0000920148,2019-01-15,2019-01-15,8-K,,submissions
0000920148-19-000013,LABCORP HOLDINGS INC.,0000920148,2019-01-08,2019-01-08,8-K,,submissions
0000920148-19-000006,LABCORP HOLDINGS INC.,0000920148,2019-01-03,2019-01-03,8-K,,submissions
0000920148-19-000005,LABCORP HOLDINGS INC.,0000920148,2019-01-03,2019-01-03,8-K,,submissions
0000707549-23-000122,LAM RESEARCH CORP,0000707549,2023-11-09,2023-11-07,8-K,,submissions
0000707549-23-000112,LAM RESEARCH CORP,0000707549,2023-10-18,2023-10-18,8-K,,submissions
0000707549-23-000105,LAM RESEARCH CORP,0000707549,2023-08-24,2023-08-23,8-K,,submissions
0000707549-23-000091,LAM RESEARCH CORP,0000707549,2023-07-26,2023-07-26,8-K,,submissions
0000707549-23-000077,LAM RESEARCH CORP,0000707549,2023-04-19,2023-04-19,8-K,,submissions
0000707549-23-000036,LAM RESEARCH CORP,0000707549,2023-02-21,2023-02-21,8-K,,submissions
0000707549-23-000011,LAM RESEARCH CORP,0000707549,2023-02-09,2023-02-07,8-K,,submissions
0000707549-23-000005,LAM RESEARCH CORP,0000707549,2023-01-25,2023-01-23,8-K,,submissions
0000707549-22-000130,LAM RESEARCH CORP,0000707549,2022-11-10,2022-11-08,8-K,,submissions
0000707549-22-000119,LAM RESEARCH CORP,0000707549,2022-10-19,2022-10-19,8-K,,submissions
0000707549-22-000113,LAM RESEARCH CORP,0000707549,2022-09-19,2022-09-14,8-K,,submissions
0000707549-22-000097,LAM RESEARCH CORP,0000707549,2022-07-27,2022-07-27,8-K,,submissions
0000707549-22-000079,LAM RESEARCH CORP,0000707549,2022-05-11,2022-05-11,8-K,,submissions
0000707549-22-000063,LAM RESEARCH CORP,0000707549,2022-04-20,2022-04-20,8-K,,submissions
0000707549-22-000009,LAM RESEARCH CORP,0000707549,2022-01-26,2022-01-26,8-K,,submissions
0000707549-21-000186,LAM RESEARCH CORP,0000707549,2021-11-16,2021-11-09,8-K,,submissions
0000707549-21-000169,LAM RESEARCH CORP,0000707549,2021-11-12,2021-11-08,8-K,,submissions
0000707549-21-000152,LAM RESEARCH CORP,0000707549,2021-10-20,2021-10-20,8-K,,submissions
0000707549-21-000124,LAM RESEARCH CORP,0000707549,2021-07-28,2021-07-28,8-K,,submissions
0000707549-21-000115,LAM RESEARCH CORP,0000707549,2021-06-21,2021-06-17,8-K,,submissions
0000707549-21-000085,LAM RESEARCH CORP,0000707549,2021-04-21,2021-04-21,8-K,,submissions
0000707549-21-000078,LAM RESEARCH CORP,0000707549,2021-03-19,2021-03-19,8-K,,submissions
0000707549-21-000010,LAM RESEARCH CORP,0000707549,2021-01-27,2021-01-27,8-K,,submissions
0001193125-20-327625,LAM RESEARCH CORP,0000707549,2020-12-28,2020-12-22,8-K,,submissions
0000707549-20-000216,LAM RESEARCH CORP,0000707549,2020-12-11,2020-12-11,8-K,,submissions
0000707549-20-000179,LAM RESEARCH CORP,0000707549,2020-11-05,2020-11-03,8-K,,submissions
0000707549-20-000167,LAM RESEARCH CORP,0000707549,2020-10-21,2020-10-21,8-K,,submissions
0000707549-20-000158,LAM RESEARCH CORP,0000707549,2020-10-02,2020-10-02,8-K,,submissions
0000707549-20-000153,LAM RESEARCH CORP,0000707549,2020-09-14,2020-09-10,8-K,,submissions
0000707549-20-000150,LAM RESEARCH CORP,0000707549,2020-09-08,2020-09-08,8-K,,submissions
0000707549-20-000119,LAM RESEARCH CORP,0000707549,2020-07-29,2020-07-29,8-K,,submissions
0000707549-20-000103,LAM RESEARCH CORP,0000707549,2020-06-19,2020-06-19,8-K,,submissions
0000707549-20-000091,LAM RESEARCH CORP,0000707549,2020-05-18,2020-05-12,8-K,,submissions
0001193125-20-133380,LAM RESEARCH CORP,0000707549,2020-05-05,2020-05-05,8-K,,submissions
0001193125-20-127812,LAM RESEARCH CORP,0000707549,2020-04-30,2020-04-30,8-K,,submissions
0000707549-20-000077,LAM RESEARCH CORP,0000707549,2020-04-22,2020-04-22,8-K,,submissions
0000707549-20-000068,LAM RESEARCH CORP,0000707549,2020-03-27,2020-03-27,8-K,,submissions
0000707549-20-000066,LAM RESEARCH CORP,0000707549,2020-03-17,2020-03-16,8-K,,submissions
0000707549-20-000065,LAM RESEARCH CORP,0000707549,2020-03-17,2020-03-17,8-K,,submissions
0000707549-20-000011,LAM RESEARCH CORP,0000707549,2020-01-29,2020-01-29,8-K,,submissions
0000707549-19-000202,LAM RESEARCH CORP,0000707549,2019-12-13,2019-12-13,8-K,,submissions
0000707549-19-000172,LAM RESEARCH CORP,0000707549,2019-11-07,2019-11-05,8-K,,submissions
0000707549-19-000159,LAM RESEARCH CORP,0000707549,2019-10-23,2019-10-23,8-K,,submissions
0000707549-19-000153,LAM RESEARCH CORP,0000707549,2019-10-04,2019-10-04,8-K,,submissions
0000707549-19-000127,LAM RESEARCH CORP,0000707549,2019-08-26,2019-08-21,8-K,,submissions
0000707549-19-000120,LAM RESEARCH CORP,0000707549,2019-08-14,2019-08-08,8-K,,submissions
0000707549-19-000117,LAM RESEARCH CORP,0000707549,2019-07-31,2019-07-31,8-K,,submissions
0000707549-19-000103,LAM RESEARCH CORP,0000707549,2019-06-14,2019-06-14,8-K,,submissions
0000707549-19-000097,LAM RESEARCH CORP,0000707549,2019-06-03,2019-06-03,8-K,,submissions
0000707549-19-000085,LAM RESEARCH CORP,0000707549,2019-05-13,2019-05-08,8-K,,submissions
0000707549-19-000066,LAM RESEARCH CORP,0000707549,2019-04-24,2019-04-24,8-K,,submissions
0000707549-19-000061,LAM RESEARCH CORP,0000707549,2019-03-26,2019-03-26,8-K,,submissions
0001193125-19-062282,LAM RESEARCH CORP,0000707549,2019-03-04,2019-03-04,8-K,,submissions
0001193125-19-049061,LAM RESEARCH CORP,0000707549,2019-02-25,2019-02-25,8-K,,submissions
0000707549-19-000004,LAM RESEARCH CORP,0000707549,2019-01-23,2019-01-23,8-K,,submissions
0000059478-23-000282,ELI LILLY & Co,0000059478,2023-11-02,2023-11-02,8-K,,submissions
0000059478-23-000219,ELI LILLY & Co,0000059478,2023-08-08,2023-08-08,8-K,,submissions
0000059478-23-000165,ELI LILLY & Co,0000059478,2023-05-04,2023-05-01,8-K,,submissions
0000059478-23-000160,ELI LILLY & Co,0000059478,2023-04-27,2023-04-27,8-K,,submissions
0000059478-23-000118,ELI LILLY & Co,0000059478,2023-03-17,2023-03-17,8-K,,submissions
0001193125-23-048910,ELI LILLY & Co,0000059478,2023-02-24,2023-02-23,8-K,,submissions
0000059478-23-000025,ELI LILLY & Co,0000059478,2023-02-02,2023-02-02,8-K,,submissions
0000059478-22-000277,ELI LILLY & Co,0000059478,2022-12-13,2022-12-13,8-K,,submissions
0000059478-22-000248,ELI LILLY & Co,0000059478,2022-11-01,2022-11-01,8-K,,submissions
0000059478-22-000233,ELI LILLY & Co,0000059478,2022-10-12,2022-10-12,8-K,,submissions
0000059478-22-000194,ELI LILLY & Co,0000059478,2022-08-04,2022-08-04,8-K,,submissions
0000059478-22-000143,ELI LILLY & Co,0000059478,2022-05-06,2022-05-02,8-K,,submissions
0000059478-22-000138,ELI LILLY & Co,0000059478,2022-05-04,2022-05-02,8-K,,submissions
0000059478-22-000130,ELI LILLY & Co,0000059478,2022-04-28,2022-04-28,8-K,,submissions
0000059478-22-000117,ELI LILLY & Co,0000059478,2022-04-14,2022-04-14,8-K,,submissions
0000059478-22-000016,ELI LILLY & Co,0000059478,2022-02-03,2022-02-03,8-K,,submissions
0001193125-22-022446,ELI LILLY & Co,0000059478,2022-01-31,2022-01-31,8-K,,submissions
0001193125-21-359144,ELI LILLY & Co,0000059478,2021-12-16,2021-12-13,8-K,,submissions
0001193125-21-357380,ELI LILLY & Co,0000059478,2021-12-15,2021-12-15,8-K,,submissions
0000059478-21-000213,ELI LILLY & Co,0000059478,2021-10-26,2021-10-26,8-K,,submissions
0001193125-21-270093,ELI LILLY & Co,0000059478,2021-09-10,2021-09-08,8-K,,submissions
0000059478-21-000190,ELI LILLY & Co,0000059478,2021-08-25,2021-08-23,8-K,,submissions
0000059478-21-000175,ELI LILLY & Co,0000059478,2021-08-17,2021-08-11,8-K,,submissions
0000059478-21-000168,ELI LILLY & Co,0000059478,2021-08-03,2021-08-03,8-K,,submissions
0001193125-21-174261,ELI LILLY & Co,0000059478,2021-05-27,2021-05-27,8-K,,submissions
0000059478-21-000126,ELI LILLY & Co,0000059478,2021-05-05,2021-05-03,8-K,,submissions
0000059478-21-000117,ELI LILLY & Co,0000059478,2021-04-27,2021-04-27,8-K,,submissions
0000059478-21-000081,ELI LILLY & Co,0000059478,2021-02-17,2021-02-16,8-K,,submissions
0001193125-21-033302,ELI LILLY & Co,0000059478,2021-02-09,2021-02-09,8-K,,submissions
0000059478-21-000010,ELI LILLY & Co,0000059478,2021-01-29,2021-01-29,8-K,,submissions
0000059478-21-000004,ELI LILLY & Co,0000059478,2021-01-14,2021-01-13,8-K,,submissions
0000059478-20-000190,ELI LILLY & Co,0000059478,2020-12-15,2020-12-15,8-K,,submissions
0000059478-20-000152,ELI LILLY & Co,0000059478,2020-10-27,2020-10-27,8-K,,submissions
0001193125-20-227026,ELI LILLY & Co,0000059478,2020-08-21,2020-08-20,8-K,,submissions
0000059478-20-000128,ELI LILLY & Co,0000059478,2020-07-30,2020-07-30,8-K,,submissions
0000059478-20-000106,ELI LILLY & Co,0000059478,2020-05-05,2020-05-04,8-K,,submissions
0001193125-20-121575,ELI LILLY & Co,0000059478,2020-04-28,2020-04-24,8-K,,submissions
0000059478-20-000100,ELI LILLY & Co,0000059478,2020-04-23,2020-04-23,8-K,,submissions
0000059478-20-000012,ELI LILLY & Co,0000059478,2020-01-30,2020-01-30,8-K,,submissions
0000059478-19-000335,ELI LILLY & Co,0000059478,2019-12-20,2019-12-20,8-K,,submissions
0000059478-19-000322,ELI LILLY & Co,0000059478,2019-12-17,2019-12-17,8-K,,submissions
0001193125-19-285869,ELI LILLY & Co,0000059478,2019-11-06,2019-10-29,8-K,,submissions
0000059478-19-000274,ELI LILLY & Co,0000059478,2019-10-24,2019-10-24,8-K,,submissions
0000059478-19-000269,ELI LILLY & Co,0000059478,2019-10-23,2019-10-23,8-K,,submissions
0000059478-19-000228,ELI LILLY & Co,0000059478,2019-07-30,2019-07-30,8-K,,submissions
0000059478-19-000216,ELI LILLY & Co,0000059478,2019-07-11,2019-07-11,8-K,,submissions
0000059478-19-000185,ELI LILLY & Co,0000059478,2019-05-08,2019-05-06,8-K,,submissions
0000059478-19-000171,ELI LILLY & Co,0000059478,2019-04-30,2019-04-30,8-K,,submissions
0000059478-19-000131,ELI LILLY & Co,0000059478,2019-03-15,2019-03-11,8-K,,submissions
0000059478-19-000123,ELI LILLY & Co,0000059478,2019-02-21,2019-02-21,8-K,,submissions
0001104659-19-007149,ELI LILLY & Co,0000059478,2019-02-11,2019-02-11,8-K,,submissions
0000059478-19-000044,ELI LILLY & Co,0000059478,2019-02-06,2019-02-06,8-K,,submissions
0001193125-19-003653,ELI LILLY & Co,0000059478,2019-01-07,2019-01-05,8-K,,submissions
0001628280-23-039654,Lumentum Holdings Inc.,0001633978,2023-11-21,2023-11-17,8-K,,submissions
0001628280-23-037563,Lumentum Holdings Inc.,0001633978,2023-11-08,2023-11-08,8-K,,submissions
0001193125-23-272452,Lumentum Holdings Inc.,0001633978,2023-11-07,2023-11-02,8-K,,submissions
0001193125-23-265658,Lumentum Holdings Inc.,0001633978,2023-10-30,2023-10-29,8-K,,submissions
0001628280-23-029741,Lumentum Holdings Inc.,0001633978,2023-08-17,2023-08-17,8-K,,submissions
0001193125-23-168966,Lumentum Holdings Inc.,0001633978,2023-06-16,2023-06-12,8-K,,submissions
0001628280-23-016629,Lumentum Holdings Inc.,0001633978,2023-05-09,2023-05-09,8-K,,submissions
0001628280-23-010935,Lumentum Holdings Inc.,0001633978,2023-04-06,2023-04-05,8-K,,submissions
0001193125-23-048742,Lumentum Holdings Inc.,0001633978,2023-02-24,2023-02-22,8-K,,submissions
0001628280-23-002866,Lumentum Holdings Inc.,0001633978,2023-02-09,2023-02-09,8-K,,submissions
0001628280-22-030473,Lumentum Holdings Inc.,0001633978,2022-11-21,2022-11-16,8-K,,submissions
0001628280-22-028758,Lumentum Holdings Inc.,0001633978,2022-11-08,2022-11-08,8-K,,submissions
0001628280-22-022980,Lumentum Holdings Inc.,0001633978,2022-08-16,2022-08-16,8-K,,submissions
0001193125-22-210674,Lumentum Holdings Inc.,0001633978,2022-08-03,2022-08-03,8-K,,submissions
0001193125-22-206587,Lumentum Holdings Inc.,0001633978,2022-07-29,2022-07-29,8-K,,submissions
0001628280-22-012145,Lumentum Holdings Inc.,0001633978,2022-05-04,2022-05-04,8-K,,submissions
0001193125-22-069350,Lumentum Holdings Inc.,0001633978,2022-03-08,2022-03-03,8-K,,submissions
0001628280-22-001736,Lumentum Holdings Inc.,0001633978,2022-02-03,2022-02-03,8-K,,submissions
0001193125-22-014413,Lumentum Holdings Inc.,0001633978,2022-01-21,2022-01-20,8-K,,submissions
0001628280-21-024070,Lumentum Holdings Inc.,0001633978,2021-11-23,2021-11-19,8-K,,submissions
0001193125-21-321796,Lumentum Holdings Inc.,0001633978,2021-11-05,2021-11-03,8-K,,submissions
0001193125-21-319601,Lumentum Holdings Inc.,0001633978,2021-11-04,2021-11-03,8-K,,submissions
0001628280-21-021618,Lumentum Holdings Inc.,0001633978,2021-11-04,2021-11-04,8-K,,submissions
0001628280-21-017219,Lumentum Holdings Inc.,0001633978,2021-08-18,2021-08-18,8-K,,submissions
0001633978-21-000030,Lumentum Holdings Inc.,0001633978,2021-06-08,2021-06-02,8-K,,submissions
0001633978-21-000008,Lumentum Holdings Inc.,0001633978,2021-05-12,2021-05-12,8-K,,submissions
0001193125-21-075438,Lumentum Holdings Inc.,0001633978,2021-03-10,2021-03-09,8-K,,submissions
0001633978-21-000002,Lumentum Holdings Inc.,0001633978,2021-02-02,2021-02-02,8-K,,submissions
0001104659-21-005024,Lumentum Holdings Inc.,0001633978,2021-01-19,2021-01-18,8-K,,submissions
0001193125-20-302557,Lumentum Holdings Inc.,0001633978,2020-11-24,2020-11-19,8-K,,submissions
0001633978-20-000017,Lumentum Holdings Inc.,0001633978,2020-11-02,2020-11-02,8-K,,submissions
0001633978-20-000012,Lumentum Holdings Inc.,0001633978,2020-09-18,2020-09-11,8-K,,submissions
0001633978-20-000010,Lumentum Holdings Inc.,0001633978,2020-08-11,2020-08-11,8-K,,submissions
0001628280-20-006358,Lumentum Holdings Inc.,0001633978,2020-05-05,2020-05-05,8-K,,submissions
0001633978-20-000002,Lumentum Holdings Inc.,0001633978,2020-02-04,2020-02-04,8-K,,submissions
0001193125-19-312875,Lumentum Holdings Inc.,0001633978,2019-12-12,2019-12-09,8-K,,submissions
0001633978-19-000075,Lumentum Holdings Inc.,0001633978,2019-12-04,2019-11-29,8-K,,submissions
0001633978-19-000074,Lumentum Holdings Inc.,0001633978,2019-11-20,2019-11-14,8-K,,submissions
0001633978-19-000070,Lumentum Holdings Inc.,0001633978,2019-10-31,2019-10-31,8-K,,submissions
0001633978-19-000068,Lumentum Holdings Inc.,0001633978,2019-08-08,2019-08-08,8-K,,submissions
0001633978-19-000031,Lumentum Holdings Inc.,0001633978,2019-05-08,2019-05-06,8-K,,submissions
0001633978-19-000029,Lumentum Holdings Inc.,0001633978,2019-05-07,2019-05-07,8-K,,submissions
0001193125-19-031591,Lumentum Holdings Inc.,0001633978,2019-02-08,2019-02-07,8-K,,submissions
0001633978-19-000001,Lumentum Holdings Inc.,0001633978,2019-02-05,2019-02-05,8-K,,submissions
0000927653-23-000086,MCKESSON CORP,0000927653,2023-11-07,2023-11-07,8-K,,submissions
0000927653-23-000081,MCKESSON CORP,0000927653,2023-11-01,2023-10-27,8-K,,submissions
0001193125-23-256487,MCKESSON CORP,0000927653,2023-10-16,2023-10-15,8-K,,submissions
0001193125-23-249555,MCKESSON CORP,0000927653,2023-10-03,2023-09-29,8-K,,submissions
0000927653-23-000060,MCKESSON CORP,0000927653,2023-08-02,2023-08-02,8-K,,submissions
0000927653-23-000045,MCKESSON CORP,0000927653,2023-07-25,2023-07-21,8-K,,submissions
0001193125-23-168978,MCKESSON CORP,0000927653,2023-06-16,2023-06-07,8-K,,submissions
0001193125-23-162158,MCKESSON CORP,0000927653,2023-06-07,2023-06-07,8-K,,submissions
0000927653-23-000036,MCKESSON CORP,0000927653,2023-05-08,2023-05-08,8-K,,submissions
0000927653-23-000023,MCKESSON CORP,0000927653,2023-04-28,2023-04-26,8-K,,submissions
0001193125-23-040194,MCKESSON CORP,0000927653,2023-02-15,2023-02-13,8-K,,submissions
0000927653-23-000015,MCKESSON CORP,0000927653,2023-02-01,2023-02-01,8-K,,submissions
0000927653-22-000100,MCKESSON CORP,0000927653,2022-11-07,2022-11-07,8-K,,submissions
0000927653-22-000095,MCKESSON CORP,0000927653,2022-11-01,2022-11-01,8-K,,submissions
0000927653-22-000082,MCKESSON CORP,0000927653,2022-09-13,2022-09-07,8-K,,submissions
0000927653-22-000074,MCKESSON CORP,0000927653,2022-08-03,2022-08-03,8-K,,submissions
0000927653-22-000062,MCKESSON CORP,0000927653,2022-07-25,2022-07-22,8-K,,submissions
0000927653-22-000047,MCKESSON CORP,0000927653,2022-05-05,2022-05-05,8-K,,submissions
0000927653-22-000034,MCKESSON CORP,0000927653,2022-04-29,2022-04-26,8-K,,submissions
0000927653-22-000027,MCKESSON CORP,0000927653,2022-04-01,2022-03-31,8-K,,submissions
0000927653-22-000024,MCKESSON CORP,0000927653,2022-02-25,2022-02-25,8-K,,submissions
0000927653-22-000020,MCKESSON CORP,0000927653,2022-02-22,2022-02-21,8-K,,submissions
0000927653-22-000015,MCKESSON CORP,0000927653,2022-02-02,2022-02-02,8-K,,submissions
0000927653-22-000003,MCKESSON CORP,0000927653,2022-01-18,2022-01-13,8-K,,submissions
0000927653-21-000095,MCKESSON CORP,0000927653,2021-11-01,2021-11-01,8-K,,submissions
0000927653-21-000085,MCKESSON CORP,0000927653,2021-10-06,2021-10-04,8-K,,submissions
0000927653-21-000081,MCKESSON CORP,0000927653,2021-09-16,2021-09-10,8-K,,submissions
0000927653-21-000077,MCKESSON CORP,0000927653,2021-09-07,2021-09-02,8-K,,submissions
0000927653-21-000071,MCKESSON CORP,0000927653,2021-08-18,2021-08-13,8-K,,submissions
0001193125-21-244658,MCKESSON CORP,0000927653,2021-08-12,2021-08-09,8-K,,submissions
0000927653-21-000063,MCKESSON CORP,0000927653,2021-08-04,2021-08-04,8-K,,submissions
0000927653-21-000051,MCKESSON CORP,0000927653,2021-07-26,2021-07-23,8-K,,submissions
0000927653-21-000047,MCKESSON CORP,0000927653,2021-07-02,2021-07-02,8-K,,submissions
0000927653-21-000033,MCKESSON CORP,0000927653,2021-05-06,2021-05-06,8-K,,submissions
0000927653-21-000022,MCKESSON CORP,0000927653,2021-04-19,2021-04-15,8-K,,submissions
0000927653-21-000019,MCKESSON CORP,0000927653,2021-04-02,2021-03-31,8-K,,submissions
0000927653-21-000010,MCKESSON CORP,0000927653,2021-02-02,2021-02-02,8-K,,submissions
0001193125-20-309508,MCKESSON CORP,0000927653,2020-12-03,2020-11-30,8-K,,submissions
0000927653-20-000090,MCKESSON CORP,0000927653,2020-11-03,2020-11-03,8-K,,submissions
0000927653-20-000072,MCKESSON CORP,0000927653,2020-10-19,2020-10-19,8-K,,submissions
0000927653-20-000067,MCKESSON CORP,0000927653,2020-09-22,2020-09-22,8-K,,submissions
0000927653-20-000058,MCKESSON CORP,0000927653,2020-08-03,2020-08-03,8-K,,submissions
0000927653-20-000052,MCKESSON CORP,0000927653,2020-07-31,2020-07-29,8-K,,submissions
0000927653-20-000036,MCKESSON CORP,0000927653,2020-07-01,2020-07-01,8-K,,submissions
0000927653-20-000028,MCKESSON CORP,0000927653,2020-05-20,2020-05-20,8-K,,submissions
0001193125-20-082540,MCKESSON CORP,0000927653,2020-03-23,2020-03-17,8-K,,submissions
0000927653-20-000023,MCKESSON CORP,0000927653,2020-03-17,2020-03-17,8-K,,submissions
0001193125-20-072880,MCKESSON CORP,0000927653,2020-03-13,2020-03-09,8-K,,submissions
0000927653-20-000021,MCKESSON CORP,0000927653,2020-03-13,2020-03-11,8-K,,submissions
0001193125-20-063349,MCKESSON CORP,0000927653,2020-03-06,2020-03-05,8-K,,submissions
0001193125-20-029095,MCKESSON CORP,0000927653,2020-02-10,2020-02-10,8-K,,submissions
0000927653-20-000013,MCKESSON CORP,0000927653,2020-02-04,2020-02-04,8-K,,submissions
0000927653-20-000003,MCKESSON CORP,0000927653,2020-01-13,2020-01-13,8-K,,submissions
0001193125-19-316867,MCKESSON CORP,0000927653,2019-12-18,2019-12-18,8-K,,submissions
0001193125-19-312338,MCKESSON CORP,0000927653,2019-12-12,2019-12-12,8-K,,submissions
0001193125-19-278328,MCKESSON CORP,0000927653,2019-10-30,2019-10-30,8-K,,submissions
0001193125-19-270101,MCKESSON CORP,0000927653,2019-10-18,2019-10-17,8-K,,submissions
0001193125-19-257628,MCKESSON CORP,0000927653,2019-09-27,2019-09-25,8-K,,submissions
0001193125-19-212051,MCKESSON CORP,0000927653,2019-08-02,2019-07-31,8-K,,submissions
0001193125-19-208717,MCKESSON CORP,0000927653,2019-07-31,2019-07-31,8-K,,submissions
0001193125-19-174800,MCKESSON CORP,0000927653,2019-06-17,2019-06-16,8-K,,submissions
0001193125-19-157017,MCKESSON CORP,0000927653,2019-05-24,2019-05-22,8-K,,submissions
0001193125-19-140444,MCKESSON CORP,0000927653,2019-05-08,2019-05-08,8-K,,submissions
0001193125-19-122602,MCKESSON CORP,0000927653,2019-04-26,2019-04-23,8-K,,submissions
0001193125-19-092667,MCKESSON CORP,0000927653,2019-03-29,2019-03-26,8-K,,submissions
0001193125-19-079567,MCKESSON CORP,0000927653,2019-03-19,2019-03-15,8-K,,submissions
0001193125-19-028299,MCKESSON CORP,0000927653,2019-02-05,2019-01-30,8-K,,submissions
0001193125-19-023975,MCKESSON CORP,0000927653,2019-01-31,2019-01-31,8-K,,submissions
0001613103-23-000152,Medtronic plc,0001613103,2023-12-06,2023-12-06,8-K,,submissions
0001613103-23-000144,Medtronic plc,0001613103,2023-11-21,2023-11-21,8-K,,submissions
0001613103-23-000132,Medtronic plc,0001613103,2023-10-23,2023-10-19,8-K,,submissions
0001613103-23-000117,Medtronic plc,0001613103,2023-08-22,2023-08-22,8-K,,submissions
0001613103-23-000043,Medtronic plc,0001613103,2023-06-26,2023-06-22,8-K,,submissions
0001613103-23-000032,Medtronic plc,0001613103,2023-05-25,2023-05-25,8-K,,submissions
0001193125-23-085642,Medtronic plc,0001613103,2023-03-30,2023-03-30,8-K,,submissions
0001613103-23-000015,Medtronic plc,0001613103,2023-03-09,2023-03-09,8-K,,submissions
0001613103-23-000013,Medtronic plc,0001613103,2023-03-07,2023-03-02,8-K,,submissions
0001613103-23-000003,Medtronic plc,0001613103,2023-02-21,2023-02-21,8-K,,submissions
0001613103-22-000066,Medtronic plc,0001613103,2022-12-13,2022-12-08,8-K,,submissions
0001613103-22-000058,Medtronic plc,0001613103,2022-11-22,2022-11-22,8-K,,submissions
0001193125-22-248112,Medtronic plc,0001613103,2022-09-21,2022-09-21,8-K,,submissions
0001613103-22-000034,Medtronic plc,0001613103,2022-08-23,2022-08-23,8-K,,submissions
0001613103-22-000027,Medtronic plc,0001613103,2022-06-27,2022-06-22,8-K,,submissions
0001613103-22-000016,Medtronic plc,0001613103,2022-05-26,2022-05-26,8-K,,submissions
0001193125-22-135320,Medtronic plc,0001613103,2022-05-02,2022-05-02,8-K,,submissions
0001613103-22-000006,Medtronic plc,0001613103,2022-02-22,2022-02-22,8-K,,submissions
0001613103-21-000070,Medtronic plc,0001613103,2021-12-16,2021-12-14,8-K,,submissions
0001613103-21-000067,Medtronic plc,0001613103,2021-12-15,2021-12-15,8-K,,submissions
0001613103-21-000065,Medtronic plc,0001613103,2021-12-14,2021-12-09,8-K,,submissions
0001613103-21-000058,Medtronic plc,0001613103,2021-11-23,2021-11-23,8-K,,submissions
0001613103-21-000047,Medtronic plc,0001613103,2021-10-15,2021-10-15,8-K,,submissions
0001193125-21-269378,Medtronic plc,0001613103,2021-09-10,2021-09-10,8-K,,submissions
0001613103-21-000037,Medtronic plc,0001613103,2021-08-24,2021-08-24,8-K,,submissions
0001613103-21-000032,Medtronic plc,0001613103,2021-06-30,2021-06-24,8-K,,submissions
0001613103-21-000020,Medtronic plc,0001613103,2021-05-27,2021-05-27,8-K,,submissions
0001613103-21-000011,Medtronic plc,0001613103,2021-03-31,2021-03-31,8-K,,submissions
0001613103-21-000005,Medtronic plc,0001613103,2021-02-23,2021-02-23,8-K,,submissions
0001613103-21-000002,Medtronic plc,0001613103,2021-02-17,2021-02-17,8-K,,submissions
0001613103-20-000053,Medtronic plc,0001613103,2020-12-14,2020-12-09,8-K,,submissions
0001613103-20-000047,Medtronic plc,0001613103,2020-11-24,2020-11-24,8-K,,submissions
0001613103-20-000036,Medtronic plc,0001613103,2020-10-06,2020-10-02,8-K,,submissions
0001193125-20-257811,Medtronic plc,0001613103,2020-09-29,2020-09-24,8-K,,submissions
0001613103-20-000029,Medtronic plc,0001613103,2020-09-01,2020-09-01,8-K,,submissions
0001613103-20-000026,Medtronic plc,0001613103,2020-08-25,2020-08-25,8-K,,submissions
0001613103-20-000024,Medtronic plc,0001613103,2020-08-24,2020-08-21,8-K,,submissions
0001613103-20-000018,Medtronic plc,0001613103,2020-05-21,2020-05-21,8-K,,submissions
0001613103-20-000016,Medtronic plc,0001613103,2020-05-13,2020-05-12,8-K,,submissions
0001613103-20-000012,Medtronic plc,0001613103,2020-04-27,2020-04-26,8-K,,submissions
0001613103-20-000010,Medtronic plc,0001613103,2020-04-22,2020-04-21,8-K,,submissions
0001613103-20-000002,Medtronic plc,0001613103,2020-02-18,2020-02-18,8-K,,submissions
0001613103-19-000059,Medtronic plc,0001613103,2019-12-10,2019-12-06,8-K,,submissions
0001613103-19-000053,Medtronic plc,0001613103,2019-11-19,2019-11-19,8-K,,submissions
0001613103-19-000042,Medtronic plc,0001613103,2019-09-24,2019-09-24,8-K,,submissions
0001613103-19-000035,Medtronic plc,0001613103,2019-08-28,2019-08-28,8-K,,submissions
0001613103-19-000032,Medtronic plc,0001613103,2019-08-20,2019-08-20,8-K,,submissions
0001193125-19-191945,Medtronic plc,0001613103,2019-07-10,2019-07-10,8-K,,submissions
0001193125-19-187797,Medtronic plc,0001613103,2019-07-02,2019-07-02,8-K,,submissions
0001193125-19-181304,Medtronic plc,0001613103,2019-06-25,2019-06-25,8-K,,submissions
0001193125-19-179260,Medtronic plc,0001613103,2019-06-24,2019-06-24,8-K,,submissions
0001613103-19-000025,Medtronic plc,0001613103,2019-06-07,2019-06-07,8-K,,submissions
0001613103-19-000023,Medtronic plc,0001613103,2019-05-23,2019-05-23,8-K,,submissions
0001613103-19-000015,Medtronic plc,0001613103,2019-03-14,2019-03-11,8-K,,submissions
0001193125-19-066295,Medtronic plc,0001613103,2019-03-07,2019-03-07,8-K,,submissions
0001193125-19-065821,Medtronic plc,0001613103,2019-03-07,2019-03-04,8-K,,submissions
0001193125-19-044648,Medtronic plc,0001613103,2019-02-20,2019-02-20,8-K,,submissions
0001613103-19-000008,Medtronic plc,0001613103,2019-02-19,2019-02-19,8-K,,submissions
0001104659-23-121671,"Merck & Co., Inc.",0000310158,2023-11-28,2023-11-21,8-K,,submissions
0001104659-23-111585,"Merck & Co., Inc.",0000310158,2023-10-26,2023-10-26,8-K,,submissions
0001104659-23-086030,"Merck & Co., Inc.",0000310158,2023-08-01,2023-08-01,8-K,,submissions
0001140361-23-026845,"Merck & Co., Inc.",0000310158,2023-05-26,2023-05-23,8-K,,submissions
0001193125-23-147049,"Merck & Co., Inc.",0000310158,2023-05-17,2023-05-17,8-K,,submissions
0001104659-23-050654,"Merck & Co., Inc.",0000310158,2023-04-27,2023-04-27,8-K,,submissions
0001104659-23-009552,"Merck & Co., Inc.",0000310158,2023-02-02,2023-02-02,8-K,,submissions
0001104659-22-111729,"Merck & Co., Inc.",0000310158,2022-10-27,2022-10-26,8-K,,submissions
0001104659-22-083410,"Merck & Co., Inc.",0000310158,2022-07-28,2022-07-28,8-K,,submissions
0000310158-22-000015,"Merck & Co., Inc.",0000310158,2022-05-26,2022-05-24,8-K,,submissions
0001104659-22-051588,"Merck & Co., Inc.",0000310158,2022-04-28,2022-04-28,8-K,,submissions
0001104659-22-047977,"Merck & Co., Inc.",0000310158,2022-04-21,2022-04-20,8-K,,submissions
0000310158-22-000006,"Merck & Co., Inc.",0000310158,2022-03-25,2022-03-22,8-K,,submissions
0001104659-22-011130,"Merck & Co., Inc.",0000310158,2022-02-03,2022-02-03,8-K,,submissions
0001193125-21-354132,"Merck & Co., Inc.",0000310158,2021-12-10,2021-12-10,8-K,,submissions
0001104659-21-130675,"Merck & Co., Inc.",0000310158,2021-10-28,2021-10-28,8-K,,submissions
0001140361-21-029043,"Merck & Co., Inc.",0000310158,2021-08-20,2021-08-19,8-K,,submissions
0001104659-21-097239,"Merck & Co., Inc.",0000310158,2021-07-29,2021-07-29,8-K,,submissions
0001104659-21-083528,"Merck & Co., Inc.",0000310158,2021-06-21,2021-06-21,8-K,,submissions
0001193125-21-180657,"Merck & Co., Inc.",0000310158,2021-06-03,2021-06-02,8-K,,submissions
0000310158-21-000015,"Merck & Co., Inc.",0000310158,2021-05-27,2021-05-25,8-K,,submissions
0001193125-21-151781,"Merck & Co., Inc.",0000310158,2021-05-05,2021-05-03,8-K,,submissions
0001104659-21-056877,"Merck & Co., Inc.",0000310158,2021-04-29,2021-04-29,8-K,,submissions
0001104659-21-042458,"Merck & Co., Inc.",0000310158,2021-03-26,2021-03-23,8-K,,submissions
0001193125-21-092736,"Merck & Co., Inc.",0000310158,2021-03-24,2021-03-24,8-K,,submissions
0001140361-21-003357,"Merck & Co., Inc.",0000310158,2021-02-04,2021-02-01,8-K,,submissions
0001104659-21-011912,"Merck & Co., Inc.",0000310158,2021-02-04,2021-02-04,8-K,,submissions
0001104659-21-009673,"Merck & Co., Inc.",0000310158,2021-02-01,2021-01-26,8-K,,submissions
0001104659-20-118364,"Merck & Co., Inc.",0000310158,2020-10-27,2020-10-27,8-K,,submissions
0001104659-20-088675,"Merck & Co., Inc.",0000310158,2020-07-31,2020-07-31,8-K,,submissions
0001193125-20-177678,"Merck & Co., Inc.",0000310158,2020-06-24,2020-06-24,8-K,,submissions
0001104659-20-067501,"Merck & Co., Inc.",0000310158,2020-05-29,2020-05-26,8-K,,submissions
0001104659-20-051922,"Merck & Co., Inc.",0000310158,2020-04-28,2020-04-28,8-K,,submissions
0001104659-20-010958,"Merck & Co., Inc.",0000310158,2020-02-05,2020-02-05,8-K,,submissions
0001104659-20-009359,"Merck & Co., Inc.",0000310158,2020-01-31,2020-01-28,8-K,,submissions
0001104659-19-057074,"Merck & Co., Inc.",0000310158,2019-10-29,2019-10-29,8-K,,submissions
0001104659-19-042471,"Merck & Co., Inc.",0000310158,2019-07-30,2019-07-30,8-K,,submissions
0000310158-19-000024,"Merck & Co., Inc.",0000310158,2019-05-31,2019-05-31,8-K,,submissions
0001104659-19-024842,"Merck & Co., Inc.",0000310158,2019-04-30,2019-04-30,8-K,,submissions
0001193125-19-067302,"Merck & Co., Inc.",0000310158,2019-03-07,2019-03-07,8-K,,submissions
0001104659-19-004932,"Merck & Co., Inc.",0000310158,2019-02-01,2019-02-01,8-K,,submissions
0000310158-19-000007,"Merck & Co., Inc.",0000310158,2019-01-30,2019-01-29,8-K,,submissions
0001037646-23-000039,METTLER TOLEDO INTERNATIONAL INC/,0001037646,2023-12-14,2023-12-14,8-K,,submissions
0001037646-23-000037,METTLER TOLEDO INTERNATIONAL INC/,0001037646,2023-11-13,2023-11-13,8-K,,submissions
0001037646-23-000034,METTLER TOLEDO INTERNATIONAL INC/,0001037646,2023-11-09,2023-11-09,8-K,,submissions
0001037646-23-000027,METTLER TOLEDO INTERNATIONAL INC/,0001037646,2023-08-11,2023-08-11,8-K,,submissions
0001037646-23-000026,METTLER TOLEDO INTERNATIONAL INC/,0001037646,2023-08-01,2023-08-01,8-K,,submissions
0001037646-23-000022,METTLER TOLEDO INTERNATIONAL INC/,0001037646,2023-07-27,2023-07-27,8-K,,submissions
0001037646-23-000016,METTLER TOLEDO INTERNATIONAL INC/,0001037646,2023-05-19,2023-05-17,8-K,,submissions
0001037646-23-000014,METTLER TOLEDO INTERNATIONAL INC/,0001037646,2023-05-08,2023-05-04,8-K,,submissions
0001037646-23-000010,METTLER TOLEDO INTERNATIONAL INC/,0001037646,2023-05-04,2023-05-04,8-K,,submissions
0001037646-23-000002,METTLER TOLEDO INTERNATIONAL INC/,0001037646,2023-02-09,2023-02-09,8-K,,submissions
0001037646-22-000036,METTLER TOLEDO INTERNATIONAL INC/,0001037646,2022-12-21,2022-12-16,8-K,,submissions
0001037646-22-000034,METTLER TOLEDO INTERNATIONAL INC/,0001037646,2022-11-23,2022-11-23,8-K,,submissions
0001037646-22-000032,METTLER TOLEDO INTERNATIONAL INC/,0001037646,2022-11-08,2022-11-08,8-K,,submissions
0001037646-22-000029,METTLER TOLEDO INTERNATIONAL INC/,0001037646,2022-11-03,2022-11-03,8-K,,submissions
0001037646-22-000027,METTLER TOLEDO INTERNATIONAL INC/,0001037646,2022-08-01,2022-08-01,8-K,,submissions
0001037646-22-000023,METTLER TOLEDO INTERNATIONAL INC/,0001037646,2022-07-28,2022-07-28,8-K,,submissions
0001037646-22-000017,METTLER TOLEDO INTERNATIONAL INC/,0001037646,2022-05-09,2022-05-05,8-K,,submissions
0001037646-22-000013,METTLER TOLEDO INTERNATIONAL INC/,0001037646,2022-05-05,2022-05-05,8-K,,submissions
0001037646-22-000010,METTLER TOLEDO INTERNATIONAL INC/,0001037646,2022-02-24,2022-02-22,8-K,,submissions
0001037646-22-000006,METTLER TOLEDO INTERNATIONAL INC/,0001037646,2022-02-10,2022-02-10,8-K,,submissions
0001037646-21-000052,METTLER TOLEDO INTERNATIONAL INC/,0001037646,2021-12-29,2021-12-23,8-K,,submissions
0001037646-21-000047,METTLER TOLEDO INTERNATIONAL INC/,0001037646,2021-11-04,2021-11-04,8-K,,submissions
0001037646-21-000036,METTLER TOLEDO INTERNATIONAL INC/,0001037646,2021-07-29,2021-07-29,8-K,,submissions
0001037646-21-000031,METTLER TOLEDO INTERNATIONAL INC/,0001037646,2021-06-30,2021-06-25,8-K,,submissions
0001037646-21-000023,METTLER TOLEDO INTERNATIONAL INC/,0001037646,2021-05-20,2021-05-18,8-K,,submissions
0001037646-21-000021,METTLER TOLEDO INTERNATIONAL INC/,0001037646,2021-05-10,2021-05-06,8-K,,submissions
0001037646-21-000017,METTLER TOLEDO INTERNATIONAL INC/,0001037646,2021-05-06,2021-05-06,8-K,,submissions
0001037646-21-000011,METTLER TOLEDO INTERNATIONAL INC/,0001037646,2021-03-24,2021-03-24,8-K,,submissions
0001037646-21-000004,METTLER TOLEDO INTERNATIONAL INC/,0001037646,2021-02-04,2021-02-04,8-K,,submissions
0001037646-20-000036,METTLER TOLEDO INTERNATIONAL INC/,0001037646,2020-12-18,2020-12-16,8-K,,submissions
0001037646-20-000034,METTLER TOLEDO INTERNATIONAL INC/,0001037646,2020-12-16,2020-12-15,8-K,,submissions
0001037646-20-000028,METTLER TOLEDO INTERNATIONAL INC/,0001037646,2020-11-05,2020-11-05,8-K,,submissions
0001037646-20-000023,METTLER TOLEDO INTERNATIONAL INC/,0001037646,2020-07-30,2020-07-30,8-K,,submissions
0001037646-20-000015,METTLER TOLEDO INTERNATIONAL INC/,0001037646,2020-05-12,2020-05-07,8-K,,submissions
0001037646-20-000012,METTLER TOLEDO INTERNATIONAL INC/,0001037646,2020-05-07,2020-05-07,8-K,,submissions
0001037646-20-000007,METTLER TOLEDO INTERNATIONAL INC/,0001037646,2020-04-13,2020-04-13,8-K,,submissions
0001037646-20-000002,METTLER TOLEDO INTERNATIONAL INC/,0001037646,2020-02-06,2020-02-06,8-K,,submissions
0001037646-19-000050,METTLER TOLEDO INTERNATIONAL INC/,0001037646,2019-12-16,2019-12-16,8-K,,submissions
0001037646-19-000047,METTLER TOLEDO INTERNATIONAL INC/,0001037646,2019-11-25,2019-11-25,8-K,,submissions
0001037646-19-000044,METTLER TOLEDO INTERNATIONAL INC/,0001037646,2019-11-13,2019-11-06,8-K,,submissions
0001037646-19-000038,METTLER TOLEDO INTERNATIONAL INC/,0001037646,2019-11-08,2019-11-07,8-K,,submissions
0001037646-19-000036,METTLER TOLEDO INTERNATIONAL INC/,0001037646,2019-11-07,2019-11-07,8-K,,submissions
0001037646-19-000030,METTLER TOLEDO INTERNATIONAL INC/,0001037646,2019-08-01,2019-08-01,8-K,,submissions
0001037646-19-000022,METTLER TOLEDO INTERNATIONAL INC/,0001037646,2019-05-13,2019-05-09,8-K,,submissions
0001037646-19-000017,METTLER TOLEDO INTERNATIONAL INC/,0001037646,2019-05-09,2019-05-09,8-K,,submissions
0001037646-19-000013,METTLER TOLEDO INTERNATIONAL INC/,0001037646,2019-04-24,2019-04-18,8-K,,submissions
0001037646-19-000007,METTLER TOLEDO INTERNATIONAL INC/,0001037646,2019-02-08,2019-02-08,8-K,,submissions
0001037646-19-000005,METTLER TOLEDO INTERNATIONAL INC/,0001037646,2019-02-08,2019-02-08,8-K,,submissions
0001037646-19-000002,METTLER TOLEDO INTERNATIONAL INC/,0001037646,2019-02-07,2019-02-07,8-K,,submissions
0000827054-23-000183,MICROCHIP TECHNOLOGY INC,0000827054,2023-11-02,2023-11-02,8-K,,submissions
0000827054-23-000170,MICROCHIP TECHNOLOGY INC,0000827054,2023-09-15,2023-09-13,8-K,,submissions
0000827054-23-000164,MICROCHIP TECHNOLOGY INC,0000827054,2023-08-31,2023-08-31,8-K,,submissions
0000827054-23-000147,MICROCHIP TECHNOLOGY INC,0000827054,2023-08-23,2023-08-22,8-K,,submissions
0000827054-23-000131,MICROCHIP TECHNOLOGY INC,0000827054,2023-08-03,2023-08-03,8-K,,submissions
0000827054-23-000091,MICROCHIP TECHNOLOGY INC,0000827054,2023-06-27,2023-06-27,8-K,,submissions
0000827054-23-000088,MICROCHIP TECHNOLOGY INC,0000827054,2023-06-26,2023-06-23,8-K,,submissions
0000827054-23-000062,MICROCHIP TECHNOLOGY INC,0000827054,2023-05-12,2023-05-10,8-K,,submissions
0000827054-23-000060,MICROCHIP TECHNOLOGY INC,0000827054,2023-05-04,2023-05-04,8-K,,submissions
0000827054-23-000058,MICROCHIP TECHNOLOGY INC,0000827054,2023-04-14,2023-04-14,8-K,,submissions
0000827054-23-000019,MICROCHIP TECHNOLOGY INC,0000827054,2023-02-02,2023-02-02,8-K,,submissions
0000827054-22-000211,MICROCHIP TECHNOLOGY INC,0000827054,2022-12-16,2022-12-16,8-K,,submissions
0000827054-22-000192,MICROCHIP TECHNOLOGY INC,0000827054,2022-11-03,2022-11-03,8-K,,submissions
0000827054-22-000174,MICROCHIP TECHNOLOGY INC,0000827054,2022-08-24,2022-08-23,8-K,,submissions
0000827054-22-000146,MICROCHIP TECHNOLOGY INC,0000827054,2022-08-02,2022-08-02,8-K,,submissions
0000827054-22-000076,MICROCHIP TECHNOLOGY INC,0000827054,2022-05-09,2022-05-09,8-K,,submissions
0000827054-22-000062,MICROCHIP TECHNOLOGY INC,0000827054,2022-04-01,2022-04-01,8-K,,submissions
0000827054-22-000059,MICROCHIP TECHNOLOGY INC,0000827054,2022-03-08,2022-03-08,8-K,,submissions
0001193125-22-044050,MICROCHIP TECHNOLOGY INC,0000827054,2022-02-16,2022-02-15,8-K,,submissions
0000827054-22-000024,MICROCHIP TECHNOLOGY INC,0000827054,2022-02-03,2022-02-03,8-K,,submissions
0000827054-21-000314,MICROCHIP TECHNOLOGY INC,0000827054,2021-12-16,2021-12-16,8-K,,submissions
0001193125-21-352080,MICROCHIP TECHNOLOGY INC,0000827054,2021-12-09,2021-12-08,8-K,,submissions
0000827054-21-000302,MICROCHIP TECHNOLOGY INC,0000827054,2021-11-29,2021-11-29,8-K,,submissions
0000827054-21-000279,MICROCHIP TECHNOLOGY INC,0000827054,2021-11-04,2021-11-04,8-K,,submissions
0000827054-21-000251,MICROCHIP TECHNOLOGY INC,0000827054,2021-08-26,2021-08-24,8-K,,submissions
0001193125-21-244149,MICROCHIP TECHNOLOGY INC,0000827054,2021-08-12,2021-08-11,8-K,,submissions
0000827054-21-000186,MICROCHIP TECHNOLOGY INC,0000827054,2021-08-03,2021-08-03,8-K,,submissions
0001193125-21-177139,MICROCHIP TECHNOLOGY INC,0000827054,2021-05-28,2021-05-25,8-K,,submissions
0001193125-21-168473,MICROCHIP TECHNOLOGY INC,0000827054,2021-05-21,2021-05-18,8-K,,submissions
0000827054-21-000097,MICROCHIP TECHNOLOGY INC,0000827054,2021-05-06,2021-05-06,8-K,,submissions
0000827054-21-000093,MICROCHIP TECHNOLOGY INC,0000827054,2021-04-07,2021-04-01,8-K,,submissions
0000827054-21-000065,MICROCHIP TECHNOLOGY INC,0000827054,2021-03-02,2021-02-26,8-K,,submissions
0001193125-21-045816,MICROCHIP TECHNOLOGY INC,0000827054,2021-02-17,2021-02-16,8-K,,submissions
0000827054-21-000024,MICROCHIP TECHNOLOGY INC,0000827054,2021-02-04,2021-02-04,8-K,,submissions
0001193125-20-320765,MICROCHIP TECHNOLOGY INC,0000827054,2020-12-18,2020-12-17,8-K,,submissions
0001193125-20-318090,MICROCHIP TECHNOLOGY INC,0000827054,2020-12-15,2020-12-14,8-K,,submissions
0001193125-20-308525,MICROCHIP TECHNOLOGY INC,0000827054,2020-12-02,2020-12-01,8-K,,submissions
0001193125-20-300249,MICROCHIP TECHNOLOGY INC,0000827054,2020-11-23,2020-11-20,8-K,,submissions
0001193125-20-298744,MICROCHIP TECHNOLOGY INC,0000827054,2020-11-20,2020-11-19,8-K,,submissions
0001193125-20-286863,MICROCHIP TECHNOLOGY INC,0000827054,2020-11-05,2020-11-04,8-K,,submissions
0001193125-20-226448,MICROCHIP TECHNOLOGY INC,0000827054,2020-08-21,2020-08-17,8-K,,submissions
0000827054-20-000236,MICROCHIP TECHNOLOGY INC,0000827054,2020-08-20,2020-08-18,8-K,,submissions
0000827054-20-000183,MICROCHIP TECHNOLOGY INC,0000827054,2020-08-04,2020-08-04,8-K,,submissions
0001193125-20-159535,MICROCHIP TECHNOLOGY INC,0000827054,2020-06-03,2020-05-29,8-K,,submissions
0001193125-20-152411,MICROCHIP TECHNOLOGY INC,0000827054,2020-05-27,2020-05-26,8-K,,submissions
0000827054-20-000100,MICROCHIP TECHNOLOGY INC,0000827054,2020-05-07,2020-05-07,8-K,,submissions
0000827054-20-000083,MICROCHIP TECHNOLOGY INC,0000827054,2020-04-09,2020-04-09,8-K,,submissions
0001193125-20-088655,MICROCHIP TECHNOLOGY INC,0000827054,2020-03-27,2020-03-27,8-K,,submissions
0001193125-20-083097,MICROCHIP TECHNOLOGY INC,0000827054,2020-03-24,2020-03-21,8-K,,submissions
0000827054-20-000028,MICROCHIP TECHNOLOGY INC,0000827054,2020-02-04,2020-02-04,8-K,,submissions
0000827054-20-000019,MICROCHIP TECHNOLOGY INC,0000827054,2020-01-07,2020-01-07,8-K,,submissions
0000827054-20-000017,MICROCHIP TECHNOLOGY INC,0000827054,2020-01-07,2020-01-06,8-K,,submissions
0000827054-19-000286,MICROCHIP TECHNOLOGY INC,0000827054,2019-11-05,2019-11-05,8-K,,submissions
0000827054-19-000266,MICROCHIP TECHNOLOGY INC,0000827054,2019-10-01,2019-09-30,8-K,,submissions
0000827054-19-000243,MICROCHIP TECHNOLOGY INC,0000827054,2019-08-22,2019-08-20,8-K,,submissions
0000827054-19-000193,MICROCHIP TECHNOLOGY INC,0000827054,2019-08-06,2019-08-06,8-K,,submissions
0000827054-19-000139,MICROCHIP TECHNOLOGY INC,0000827054,2019-05-24,2019-05-24,8-K,,submissions
0000827054-19-000112,MICROCHIP TECHNOLOGY INC,0000827054,2019-05-08,2019-05-07,8-K,,submissions
0000827054-19-000016,MICROCHIP TECHNOLOGY INC,0000827054,2019-02-05,2019-02-05,8-K,,submissions
0000723125-23-000071,MICRON TECHNOLOGY INC,0000723125,2023-12-20,2023-12-20,8-K,,submissions
0001104659-23-121460,MICRON TECHNOLOGY INC,0000723125,2023-11-28,2023-11-28,8-K,,submissions
0000723125-23-000051,MICRON TECHNOLOGY INC,0000723125,2023-09-27,2023-09-27,8-K,,submissions
0000723125-23-000048,MICRON TECHNOLOGY INC,0000723125,2023-08-21,2023-08-21,8-K,,submissions
0000723125-23-000038,MICRON TECHNOLOGY INC,0000723125,2023-06-28,2023-06-28,8-K,,submissions
0000723125-23-000034,MICRON TECHNOLOGY INC,0000723125,2023-06-16,2023-06-16,8-K,,submissions
0000723125-23-000028,MICRON TECHNOLOGY INC,0000723125,2023-05-22,2023-05-22,8-K,,submissions
0000723125-23-000026,MICRON TECHNOLOGY INC,0000723125,2023-04-11,2023-04-11,8-K,,submissions
0000723125-23-000018,MICRON TECHNOLOGY INC,0000723125,2023-03-28,2023-03-28,8-K,,submissions
0000723125-23-000014,MICRON TECHNOLOGY INC,0000723125,2023-02-09,2023-02-09,8-K,,submissions
0000723125-23-000011,MICRON TECHNOLOGY INC,0000723125,2023-02-09,2023-02-05,8-K,,submissions
0000723125-23-000007,MICRON TECHNOLOGY INC,0000723125,2023-01-13,2023-01-12,8-K,,submissions
0000723125-23-000004,MICRON TECHNOLOGY INC,0000723125,2023-01-05,2023-01-05,8-K,,submissions
0000723125-22-000070,MICRON TECHNOLOGY INC,0000723125,2022-12-21,2022-12-21,8-K,,submissions
0000723125-22-000056,MICRON TECHNOLOGY INC,0000723125,2022-11-16,2022-11-16,8-K,,submissions
0000723125-22-000053,MICRON TECHNOLOGY INC,0000723125,2022-11-03,2022-11-03,8-K,,submissions
0000723125-22-000051,MICRON TECHNOLOGY INC,0000723125,2022-10-31,2022-10-31,8-K,,submissions
0000723125-22-000044,MICRON TECHNOLOGY INC,0000723125,2022-09-29,2022-09-29,8-K,,submissions
0000723125-22-000039,MICRON TECHNOLOGY INC,0000723125,2022-08-09,2022-08-09,8-K,,submissions
0000723125-22-000034,MICRON TECHNOLOGY INC,0000723125,2022-06-30,2022-06-30,8-K,,submissions
0000723125-22-000025,MICRON TECHNOLOGY INC,0000723125,2022-05-12,2022-05-12,8-K,,submissions
0000723125-22-000020,MICRON TECHNOLOGY INC,0000723125,2022-04-08,2022-04-08,8-K,,submissions
0000723125-22-000012,MICRON TECHNOLOGY INC,0000723125,2022-03-29,2022-03-29,8-K,,submissions
0000723125-22-000008,MICRON TECHNOLOGY INC,0000723125,2022-01-18,2022-01-13,8-K,,submissions
0001104659-22-002742,MICRON TECHNOLOGY INC,0000723125,2022-01-10,2022-01-06,8-K,,submissions
0000723125-21-000086,MICRON TECHNOLOGY INC,0000723125,2021-12-20,2021-12-20,8-K,,submissions
0001104659-21-132377,MICRON TECHNOLOGY INC,0000723125,2021-11-01,2021-11-01,8-K,,submissions
0000723125-21-000067,MICRON TECHNOLOGY INC,0000723125,2021-10-19,2021-10-18,8-K,,submissions
0000723125-21-000060,MICRON TECHNOLOGY INC,0000723125,2021-09-28,2021-09-28,8-K,,submissions
0000723125-21-000056,MICRON TECHNOLOGY INC,0000723125,2021-08-02,2021-08-02,8-K,,submissions
0000723125-21-000049,MICRON TECHNOLOGY INC,0000723125,2021-06-30,2021-06-30,8-K,,submissions
0000723125-21-000040,MICRON TECHNOLOGY INC,0000723125,2021-05-17,2021-05-14,8-K,,submissions
0000723125-21-000028,MICRON TECHNOLOGY INC,0000723125,2021-03-31,2021-03-31,8-K,,submissions
0000723125-21-000024,MICRON TECHNOLOGY INC,0000723125,2021-03-16,2021-03-16,8-K,,submissions
0000723125-21-000021,MICRON TECHNOLOGY INC,0000723125,2021-03-03,2021-03-03,8-K,,submissions
0000723125-21-000018,MICRON TECHNOLOGY INC,0000723125,2021-02-16,2021-02-15,8-K,,submissions
0000723125-21-000015,MICRON TECHNOLOGY INC,0000723125,2021-01-15,2021-01-13,8-K,,submissions
0000723125-21-000009,MICRON TECHNOLOGY INC,0000723125,2021-01-07,2021-01-07,8-K,,submissions
0000723125-20-000097,MICRON TECHNOLOGY INC,0000723125,2020-12-01,2020-12-01,8-K,,submissions
0000723125-20-000094,MICRON TECHNOLOGY INC,0000723125,2020-12-01,2020-12-01,8-K,,submissions
0000723125-20-000079,MICRON TECHNOLOGY INC,0000723125,2020-09-29,2020-09-29,8-K,,submissions
0000723125-20-000074,MICRON TECHNOLOGY INC,0000723125,2020-09-21,2020-09-21,8-K,,submissions
0001104659-20-090285,MICRON TECHNOLOGY INC,0000723125,2020-08-04,2020-08-04,8-K,,submissions
0000723125-20-000063,MICRON TECHNOLOGY INC,0000723125,2020-06-29,2020-06-29,8-K,,submissions
0000723125-20-000053,MICRON TECHNOLOGY INC,0000723125,2020-05-27,2020-05-27,8-K,,submissions
0000723125-20-000050,MICRON TECHNOLOGY INC,0000723125,2020-05-22,2020-05-22,8-K,,submissions
0000723125-20-000047,MICRON TECHNOLOGY INC,0000723125,2020-05-14,2020-05-13,8-K,,submissions
0000723125-20-000041,MICRON TECHNOLOGY INC,0000723125,2020-05-12,2020-05-12,8-K,,submissions
0001104659-20-050965,MICRON TECHNOLOGY INC,0000723125,2020-04-24,2020-04-21,8-K,,submissions
0000723125-20-000030,MICRON TECHNOLOGY INC,0000723125,2020-03-25,2020-03-25,8-K,,submissions
0000723125-20-000022,MICRON TECHNOLOGY INC,0000723125,2020-03-13,2020-03-12,8-K,,submissions
0000723125-20-000020,MICRON TECHNOLOGY INC,0000723125,2020-03-12,2020-03-09,8-K,,submissions
0000723125-20-000007,MICRON TECHNOLOGY INC,0000723125,2020-01-23,2020-01-15,8-K,,submissions
0000723125-19-000172,MICRON TECHNOLOGY INC,0000723125,2019-12-18,2019-12-18,8-K,,submissions
0000723125-19-000165,MICRON TECHNOLOGY INC,0000723125,2019-12-11,2019-12-10,8-K,,submissions
0000723125-19-000146,MICRON TECHNOLOGY INC,0000723125,2019-11-01,2019-10-30,8-K,,submissions
0000723125-19-000091,MICRON TECHNOLOGY INC,0000723125,2019-10-17,2019-10-16,8-K,,submissions
0000723125-19-000068,MICRON TECHNOLOGY INC,0000723125,2019-09-26,2019-09-26,8-K,,submissions
0001104659-19-041113,MICRON TECHNOLOGY INC,0000723125,2019-07-19,2019-07-19,8-K,,submissions
0001104659-19-040167,MICRON TECHNOLOGY INC,0000723125,2019-07-12,2019-07-10,8-K,,submissions
0001104659-19-039711,MICRON TECHNOLOGY INC,0000723125,2019-07-09,2019-07-09,8-K,,submissions
0000723125-19-000037,MICRON TECHNOLOGY INC,0000723125,2019-07-01,2019-07-01,8-K,,submissions
0000723125-19-000032,MICRON TECHNOLOGY INC,0000723125,2019-06-25,2019-06-25,8-K,,submissions
0000723125-19-000023,MICRON TECHNOLOGY INC,0000723125,2019-05-07,2019-05-03,8-K,,submissions
0000723125-19-000020,MICRON TECHNOLOGY INC,0000723125,2019-04-12,2019-04-09,8-K,,submissions
0000723125-19-000012,MICRON TECHNOLOGY INC,0000723125,2019-03-20,2019-03-20,8-K,,submissions
0001104659-19-006069,MICRON TECHNOLOGY INC,0000723125,2019-02-06,2019-02-04,8-K,,submissions
0000723125-19-000007,MICRON TECHNOLOGY INC,0000723125,2019-02-01,2019-01-31,8-K,,submissions
0000723125-19-000005,MICRON TECHNOLOGY INC,0000723125,2019-01-22,2019-01-17,8-K,,submissions
0000723125-19-000003,MICRON TECHNOLOGY INC,0000723125,2019-01-14,2019-01-14,8-K,,submissions
0001193125-23-291720,MICROSOFT CORP,0000789019,2023-12-08,2023-12-07,8-K,,submissions
0001193125-23-271376,MICROSOFT CORP,0000789019,2023-11-06,2023-11-06,8-K,,submissions
0001193125-23-265616,MICROSOFT CORP,0000789019,2023-10-30,2023-10-27,8-K,,submissions
0000950170-23-054848,MICROSOFT CORP,0000789019,2023-10-24,2023-10-24,8-K,,submissions
0001104659-23-109428,MICROSOFT CORP,0000789019,2023-10-16,2023-10-16,8-K,,submissions
0001193125-23-255762,MICROSOFT CORP,0000789019,2023-10-13,2023-10-13,8-K,,submissions
0001193125-23-254151,MICROSOFT CORP,0000789019,2023-10-11,2023-10-11,8-K,,submissions
0000950170-23-034400,MICROSOFT CORP,0000789019,2023-07-25,2023-07-25,8-K,,submissions
0001193125-23-181341,MICROSOFT CORP,0000789019,2023-07-03,2023-07-01,8-K,,submissions
0001193125-23-115280,MICROSOFT CORP,0000789019,2023-04-25,2023-04-25,8-K,,submissions
0001193125-23-014230,MICROSOFT CORP,0000789019,2023-01-24,2023-01-24,8-K,,submissions
0001193125-23-009934,MICROSOFT CORP,0000789019,2023-01-18,2023-01-18,8-K,,submissions
0001193125-22-306591,MICROSOFT CORP,0000789019,2022-12-16,2022-12-13,8-K,,submissions
0001193125-22-268356,MICROSOFT CORP,0000789019,2022-10-25,2022-10-25,8-K,,submissions
0001193125-22-202034,MICROSOFT CORP,0000789019,2022-07-26,2022-07-26,8-K,,submissions
0001193125-22-165839,MICROSOFT CORP,0000789019,2022-06-02,2022-06-02,8-K,,submissions
0001193125-22-120207,MICROSOFT CORP,0000789019,2022-04-26,2022-04-26,8-K,,submissions
0001193125-22-017041,MICROSOFT CORP,0000789019,2022-01-25,2022-01-25,8-K,,submissions
0001193125-22-010667,MICROSOFT CORP,0000789019,2022-01-18,2022-01-18,8-K,,submissions
0001193125-21-343711,MICROSOFT CORP,0000789019,2021-11-30,2021-11-30,8-K,,submissions
0001193125-21-307941,MICROSOFT CORP,0000789019,2021-10-26,2021-10-26,8-K,,submissions
0001193125-21-225746,MICROSOFT CORP,0000789019,2021-07-27,2021-07-27,8-K,,submissions
0001193125-21-210827,MICROSOFT CORP,0000789019,2021-07-08,2021-07-08,8-K,,submissions
0001193125-21-192783,MICROSOFT CORP,0000789019,2021-06-17,2021-06-16,8-K,,submissions
0001193125-21-167940,MICROSOFT CORP,0000789019,2021-05-20,2021-05-20,8-K,,submissions
0001193125-21-134213,MICROSOFT CORP,0000789019,2021-04-27,2021-04-27,8-K,,submissions
0001193125-21-112687,MICROSOFT CORP,0000789019,2021-04-12,2021-04-12,8-K,,submissions
0001193125-21-084239,MICROSOFT CORP,0000789019,2021-03-17,2021-03-16,8-K,,submissions
0001193125-21-065751,MICROSOFT CORP,0000789019,2021-03-02,2021-03-02,8-K,,submissions
0001193125-21-044940,MICROSOFT CORP,0000789019,2021-02-16,2021-02-16,8-K,,submissions
0001193125-21-017683,MICROSOFT CORP,0000789019,2021-01-26,2021-01-26,8-K,,submissions
0001193125-20-310549,MICROSOFT CORP,0000789019,2020-12-04,2020-12-02,8-K,,submissions
0001193125-20-278410,MICROSOFT CORP,0000789019,2020-10-27,2020-10-27,8-K,,submissions
0001193125-20-250163,MICROSOFT CORP,0000789019,2020-09-21,2020-09-21,8-K,,submissions
0001193125-20-207517,MICROSOFT CORP,0000789019,2020-08-03,2020-08-02,8-K,,submissions
0001193125-20-197109,MICROSOFT CORP,0000789019,2020-07-22,2020-07-22,8-K,,submissions
0001193125-20-188481,MICROSOFT CORP,0000789019,2020-07-07,2020-07-01,8-K,,submissions
0001193125-20-184744,MICROSOFT CORP,0000789019,2020-07-01,2020-07-01,8-K,,submissions
0001193125-20-180036,MICROSOFT CORP,0000789019,2020-06-26,2020-06-26,8-K,,submissions
0001193125-20-157234,MICROSOFT CORP,0000789019,2020-06-01,2020-05-29,8-K,,submissions
0001193125-20-142890,MICROSOFT CORP,0000789019,2020-05-14,2020-05-14,8-K,,submissions
0001193125-20-128779,MICROSOFT CORP,0000789019,2020-04-30,2020-04-30,8-K,,submissions
0001193125-20-126089,MICROSOFT CORP,0000789019,2020-04-29,2020-04-29,8-K,,submissions
0001193125-20-091746,MICROSOFT CORP,0000789019,2020-03-31,2020-03-28,8-K,,submissions
0001193125-20-073072,MICROSOFT CORP,0000789019,2020-03-13,2020-03-13,8-K,,submissions
0001193125-20-050232,MICROSOFT CORP,0000789019,2020-02-26,2020-02-26,8-K,,submissions
0001193125-20-018383,MICROSOFT CORP,0000789019,2020-01-29,2020-01-29,8-K,,submissions
0001193125-19-307138,MICROSOFT CORP,0000789019,2019-12-05,2019-12-04,8-K,,submissions
0001193125-19-272562,MICROSOFT CORP,0000789019,2019-10-23,2019-10-23,8-K,,submissions
0001193125-19-249565,MICROSOFT CORP,0000789019,2019-09-19,2019-09-19,8-K,,submissions
0001193125-19-196501,MICROSOFT CORP,0000789019,2019-07-18,2019-07-18,8-K,,submissions
0001193125-19-117108,MICROSOFT CORP,0000789019,2019-04-24,2019-04-24,8-K,,submissions
0001193125-19-022553,MICROSOFT CORP,0000789019,2019-01-30,2019-01-30,8-K,,submissions
0001682852-23-000049,"Moderna, Inc.",0001682852,2023-12-12,2023-12-08,8-K,,submissions
0001682852-23-000044,"Moderna, Inc.",0001682852,2023-11-06,2023-11-06,8-K,,submissions
0001682852-23-000038,"Moderna, Inc.",0001682852,2023-11-02,2023-11-02,8-K,,submissions
0001682852-23-000033,"Moderna, Inc.",0001682852,2023-10-16,2023-10-16,8-K,,submissions
0001682852-23-000030,"Moderna, Inc.",0001682852,2023-09-11,2023-09-11,8-K,,submissions
0001682852-23-000025,"Moderna, Inc.",0001682852,2023-08-03,2023-08-03,8-K,,submissions
0001193125-23-137079,"Moderna, Inc.",0001682852,2023-05-05,2023-05-03,8-K,,submissions
0001682852-23-000018,"Moderna, Inc.",0001682852,2023-05-04,2023-05-04,8-K,,submissions
0001682852-23-000008,"Moderna, Inc.",0001682852,2023-02-23,2023-02-23,8-K,,submissions
0001682852-23-000004,"Moderna, Inc.",0001682852,2023-01-09,2023-01-09,8-K,,submissions
0001682852-23-000002,"Moderna, Inc.",0001682852,2023-01-03,2023-01-03,8-K,,submissions
0001682852-22-000055,"Moderna, Inc.",0001682852,2022-12-13,2022-12-13,8-K,,submissions
0001682852-22-000049,"Moderna, Inc.",0001682852,2022-11-03,2022-11-03,8-K,,submissions
0001682852-22-000045,"Moderna, Inc.",0001682852,2022-09-29,2022-09-29,8-K,,submissions
0001193125-22-223286,"Moderna, Inc.",0001682852,2022-08-17,2022-08-15,8-K,,submissions
0001682852-22-000040,"Moderna, Inc.",0001682852,2022-08-03,2022-08-03,8-K,,submissions
0001682852-22-000033,"Moderna, Inc.",0001682852,2022-05-24,2022-05-24,8-K,,submissions
0001193125-22-146929,"Moderna, Inc.",0001682852,2022-05-11,2022-05-10,8-K,,submissions
0001682852-22-000020,"Moderna, Inc.",0001682852,2022-05-04,2022-05-04,8-K,,submissions
0001682852-22-000016,"Moderna, Inc.",0001682852,2022-05-03,2022-04-28,8-K,,submissions
0001193125-22-101074,"Moderna, Inc.",0001682852,2022-04-11,2022-04-06,8-K,,submissions
0001193125-22-051058,"Moderna, Inc.",0001682852,2022-02-24,2022-02-24,8-K,,submissions
0001682852-22-000007,"Moderna, Inc.",0001682852,2022-01-10,2022-01-10,8-K,,submissions
0001682852-22-000004,"Moderna, Inc.",0001682852,2022-01-04,2022-01-04,8-K,,submissions
0001193125-21-319285,"Moderna, Inc.",0001682852,2021-11-04,2021-11-04,8-K,,submissions
0001193125-21-236922,"Moderna, Inc.",0001682852,2021-08-05,2021-08-05,8-K,,submissions
0001193125-21-152536,"Moderna, Inc.",0001682852,2021-05-06,2021-05-06,8-K,,submissions
0001193125-21-140463,"Moderna, Inc.",0001682852,2021-04-29,2021-04-28,8-K,,submissions
0001193125-21-135412,"Moderna, Inc.",0001682852,2021-04-28,2021-04-18,8-K,,submissions
0001193125-21-114845,"Moderna, Inc.",0001682852,2021-04-13,2021-04-13,8-K,,submissions
0001193125-21-114200,"Moderna, Inc.",0001682852,2021-04-13,2021-04-13,8-K,,submissions
0001682852-21-000010,"Moderna, Inc.",0001682852,2021-03-10,2021-03-10,8-K,,submissions
0001193125-21-055687,"Moderna, Inc.",0001682852,2021-02-25,2021-02-25,8-K,,submissions
0001193125-21-000332,"Moderna, Inc.",0001682852,2021-01-04,2021-01-04,8-K,,submissions
0001193125-20-325251,"Moderna, Inc.",0001682852,2020-12-23,2020-12-23,8-K,,submissions
0001193125-20-322279,"Moderna, Inc.",0001682852,2020-12-21,2020-12-18,8-K,,submissions
0001682852-20-000026,"Moderna, Inc.",0001682852,2020-12-11,2020-12-11,8-K,,submissions
0001193125-20-304907,"Moderna, Inc.",0001682852,2020-11-30,2020-11-30,8-K,,submissions
0001193125-20-293735,"Moderna, Inc.",0001682852,2020-11-16,2020-11-16,8-K,,submissions
0001193125-20-280422,"Moderna, Inc.",0001682852,2020-10-29,2020-10-29,8-K,,submissions
0001682852-20-000019,"Moderna, Inc.",0001682852,2020-09-18,2020-09-18,8-K,,submissions
0001193125-20-216923,"Moderna, Inc.",0001682852,2020-08-12,2020-08-11,8-K,,submissions
0001193125-20-209861,"Moderna, Inc.",0001682852,2020-08-05,2020-08-05,8-K,,submissions
0001193125-20-204617,"Moderna, Inc.",0001682852,2020-07-30,2020-07-30,8-K,,submissions
0001193125-20-201199,"Moderna, Inc.",0001682852,2020-07-29,2020-07-28,8-K,,submissions
0001193125-20-199192,"Moderna, Inc.",0001682852,2020-07-27,2020-07-25,8-K,,submissions
0001193125-20-192966,"Moderna, Inc.",0001682852,2020-07-15,2020-07-14,8-K,,submissions
0001193125-20-186935,"Moderna, Inc.",0001682852,2020-07-02,2020-07-02,8-K,,submissions
0001193125-20-186885,"Moderna, Inc.",0001682852,2020-07-02,2020-06-29,8-K,,submissions
0001193125-20-167244,"Moderna, Inc.",0001682852,2020-06-12,2020-06-12,8-K,,submissions
0001193125-20-160690,"Moderna, Inc.",0001682852,2020-06-04,2020-06-04,8-K,,submissions
0001193125-20-147481,"Moderna, Inc.",0001682852,2020-05-20,2020-05-18,8-K,,submissions
0001193125-20-144533,"Moderna, Inc.",0001682852,2020-05-18,2020-05-18,8-K,,submissions
0001193125-20-143814,"Moderna, Inc.",0001682852,2020-05-15,2020-05-15,8-K,,submissions
0001193125-20-135572,"Moderna, Inc.",0001682852,2020-05-07,2020-05-05,8-K,,submissions
0001193125-20-134266,"Moderna, Inc.",0001682852,2020-05-06,2020-05-06,8-K,,submissions
0001193125-20-129235,"Moderna, Inc.",0001682852,2020-05-01,2020-04-29,8-K,,submissions
0001193125-20-109482,"Moderna, Inc.",0001682852,2020-04-17,2020-04-16,8-K,,submissions
0001193125-20-105789,"Moderna, Inc.",0001682852,2020-04-14,2020-04-14,8-K,,submissions
0001193125-20-091743,"Moderna, Inc.",0001682852,2020-03-31,2020-03-31,8-K,,submissions
0001193125-20-089933,"Moderna, Inc.",0001682852,2020-03-30,2020-03-29,8-K,,submissions
0001193125-20-081621,"Moderna, Inc.",0001682852,2020-03-23,2020-03-23,8-K,,submissions
0001193125-20-074867,"Moderna, Inc.",0001682852,2020-03-16,2020-03-16,8-K,,submissions
0001193125-20-061064,"Moderna, Inc.",0001682852,2020-03-04,2020-03-04,8-K,,submissions
0001193125-20-049112,"Moderna, Inc.",0001682852,2020-02-26,2020-02-26,8-K,,submissions
0001193125-20-035587,"Moderna, Inc.",0001682852,2020-02-13,2020-02-12,8-K,,submissions
0001193125-20-033357,"Moderna, Inc.",0001682852,2020-02-12,2020-02-11,8-K,,submissions
0001193125-20-022272,"Moderna, Inc.",0001682852,2020-02-03,2020-02-03,8-K,,submissions
0001193125-20-011410,"Moderna, Inc.",0001682852,2020-01-22,2020-01-21,8-K,,submissions
0001193125-20-001732,"Moderna, Inc.",0001682852,2020-01-06,2020-01-06,8-K,,submissions
0001193125-19-311662,"Moderna, Inc.",0001682852,2019-12-11,2019-12-09,8-K,,submissions
0001193125-19-285279,"Moderna, Inc.",0001682852,2019-11-06,2019-11-06,8-K,,submissions
0001193125-19-243385,"Moderna, Inc.",0001682852,2019-09-12,2019-09-12,8-K,,submissions
0001682852-19-000028,"Moderna, Inc.",0001682852,2019-08-07,2019-08-07,8-K,,submissions
0001193125-19-184305,"Moderna, Inc.",0001682852,2019-06-27,2019-06-27,8-K,,submissions
0001193125-19-163337,"Moderna, Inc.",0001682852,2019-06-03,2019-06-01,8-K,,submissions
0001682852-19-000018,"Moderna, Inc.",0001682852,2019-05-08,2019-05-08,8-K,,submissions
0001193125-19-138827,"Moderna, Inc.",0001682852,2019-05-07,2019-05-07,8-K,,submissions
0001682852-19-000004,"Moderna, Inc.",0001682852,2019-03-06,2019-03-06,8-K,,submissions
0001193125-19-035877,"Moderna, Inc.",0001682852,2019-02-12,2019-02-12,8-K,,submissions
0001193125-19-013399,"Moderna, Inc.",0001682852,2019-01-22,2019-01-22,8-K,,submissions
0001193125-19-012102,"Moderna, Inc.",0001682852,2019-01-18,2019-01-17,8-K,,submissions
0001193125-19-004268,"Moderna, Inc.",0001682852,2019-01-08,2019-01-08,8-K,,submissions
0001437749-23-034560,MONOLITHIC POWER SYSTEMS INC,0001280452,2023-12-15,2023-12-15,8-K,,submissions
0001437749-23-029394,MONOLITHIC POWER SYSTEMS INC,0001280452,2023-10-30,2023-10-30,8-K,,submissions
0001437749-23-026015,MONOLITHIC POWER SYSTEMS INC,0001280452,2023-09-15,2023-09-15,8-K,,submissions
0001437749-23-021166,MONOLITHIC POWER SYSTEMS INC,0001280452,2023-07-31,2023-07-31,8-K,,submissions
0001437749-23-017560,MONOLITHIC POWER SYSTEMS INC,0001280452,2023-06-15,2023-06-15,8-K,,submissions
0001437749-23-012554,MONOLITHIC POWER SYSTEMS INC,0001280452,2023-05-04,2023-05-04,8-K,,submissions
0001437749-23-002781,MONOLITHIC POWER SYSTEMS INC,0001280452,2023-02-08,2023-02-07,8-K,,submissions
0001437749-22-029135,MONOLITHIC POWER SYSTEMS INC,0001280452,2022-12-15,2022-12-15,8-K,,submissions
0001437749-22-024940,MONOLITHIC POWER SYSTEMS INC,0001280452,2022-10-27,2022-10-27,8-K,,submissions
0001437749-22-022588,MONOLITHIC POWER SYSTEMS INC,0001280452,2022-09-16,2022-09-15,8-K,,submissions
0001437749-22-018260,MONOLITHIC POWER SYSTEMS INC,0001280452,2022-08-01,2022-08-01,8-K,,submissions
0001437749-22-015448,MONOLITHIC POWER SYSTEMS INC,0001280452,2022-06-21,2022-06-16,8-K,,submissions
0001437749-22-010441,MONOLITHIC POWER SYSTEMS INC,0001280452,2022-05-02,2022-05-02,8-K,,submissions
0001437749-22-009948,MONOLITHIC POWER SYSTEMS INC,0001280452,2022-04-28,2022-04-26,8-K,,submissions
0001437749-22-003003,MONOLITHIC POWER SYSTEMS INC,0001280452,2022-02-10,2022-02-10,8-K,,submissions
0001437749-21-028658,MONOLITHIC POWER SYSTEMS INC,0001280452,2021-12-15,2021-12-15,8-K,,submissions
0001437749-21-024533,MONOLITHIC POWER SYSTEMS INC,0001280452,2021-10-28,2021-10-28,8-K,,submissions
0001437749-21-022193,MONOLITHIC POWER SYSTEMS INC,0001280452,2021-09-15,2021-09-15,8-K,,submissions
0001437749-21-017661,MONOLITHIC POWER SYSTEMS INC,0001280452,2021-07-27,2021-07-27,8-K,,submissions
0001437749-21-014609,MONOLITHIC POWER SYSTEMS INC,0001280452,2021-06-11,2021-06-10,8-K,,submissions
0001437749-21-013598,MONOLITHIC POWER SYSTEMS INC,0001280452,2021-05-28,2021-05-27,8-K,,submissions
0001437749-21-010752,MONOLITHIC POWER SYSTEMS INC,0001280452,2021-05-04,2021-05-04,8-K,,submissions
0001437749-21-002011,MONOLITHIC POWER SYSTEMS INC,0001280452,2021-02-04,2021-02-04,8-K,,submissions
0001437749-20-025409,MONOLITHIC POWER SYSTEMS INC,0001280452,2020-12-15,2020-12-15,8-K,,submissions
0001437749-20-021991,MONOLITHIC POWER SYSTEMS INC,0001280452,2020-10-29,2020-10-29,8-K,,submissions
0001437749-20-019752,MONOLITHIC POWER SYSTEMS INC,0001280452,2020-09-15,2020-09-15,8-K,,submissions
0001437749-20-019674,MONOLITHIC POWER SYSTEMS INC,0001280452,2020-09-14,2020-09-14,8-K,,submissions
0001437749-20-015872,MONOLITHIC POWER SYSTEMS INC,0001280452,2020-07-28,2020-07-28,8-K,,submissions
0001437749-20-013050,MONOLITHIC POWER SYSTEMS INC,0001280452,2020-06-12,2020-06-11,8-K,,submissions
0001437749-20-008695,MONOLITHIC POWER SYSTEMS INC,0001280452,2020-04-28,2020-04-28,8-K,,submissions
0001437749-20-001797,MONOLITHIC POWER SYSTEMS INC,0001280452,2020-02-05,2020-02-05,8-K,,submissions
0001437749-19-024305,MONOLITHIC POWER SYSTEMS INC,0001280452,2019-12-12,2019-12-12,8-K,,submissions
0001437749-19-020436,MONOLITHIC POWER SYSTEMS INC,0001280452,2019-10-22,2019-10-22,8-K,,submissions
0001437749-19-018323,MONOLITHIC POWER SYSTEMS INC,0001280452,2019-09-12,2019-09-12,8-K,,submissions
0001437749-19-015046,MONOLITHIC POWER SYSTEMS INC,0001280452,2019-07-31,2019-07-31,8-K,,submissions
0001437749-19-012115,MONOLITHIC POWER SYSTEMS INC,0001280452,2019-06-14,2019-06-13,8-K,,submissions
0001437749-19-008592,MONOLITHIC POWER SYSTEMS INC,0001280452,2019-05-02,2019-05-02,8-K,,submissions
0001437749-19-005520,MONOLITHIC POWER SYSTEMS INC,0001280452,2019-03-22,2019-03-18,8-K,,submissions
0001437749-19-002341,MONOLITHIC POWER SYSTEMS INC,0001280452,2019-02-12,2019-02-12,8-K,,submissions
0001193125-23-278932,"Motorola Solutions, Inc.",0000068505,2023-11-16,2023-11-16,8-K,,submissions
0000068505-23-000043,"Motorola Solutions, Inc.",0000068505,2023-11-02,2023-11-02,8-K,,submissions
0000068505-23-000035,"Motorola Solutions, Inc.",0000068505,2023-08-03,2023-08-03,8-K,,submissions
0001193125-23-149339,"Motorola Solutions, Inc.",0000068505,2023-05-19,2023-05-16,8-K,,submissions
0000068505-23-000025,"Motorola Solutions, Inc.",0000068505,2023-05-04,2023-05-04,8-K,,submissions
0001193125-23-069113,"Motorola Solutions, Inc.",0000068505,2023-03-13,2023-03-09,8-K,,submissions
0001193125-23-032815,"Motorola Solutions, Inc.",0000068505,2023-02-10,2023-02-08,8-K,,submissions
0000068505-23-000009,"Motorola Solutions, Inc.",0000068505,2023-02-09,2023-02-09,8-K,,submissions
0001193125-23-021048,"Motorola Solutions, Inc.",0000068505,2023-02-01,2023-01-27,8-K,,submissions
0001193125-22-289030,"Motorola Solutions, Inc.",0000068505,2022-11-18,2022-11-17,8-K,,submissions
0000068505-22-000030,"Motorola Solutions, Inc.",0000068505,2022-11-03,2022-11-03,8-K,,submissions
0000068505-22-000024,"Motorola Solutions, Inc.",0000068505,2022-08-04,2022-08-04,8-K,,submissions
0001193125-22-174773,"Motorola Solutions, Inc.",0000068505,2022-06-15,2022-06-14,8-K,,submissions
0001193125-22-164709,"Motorola Solutions, Inc.",0000068505,2022-06-01,2022-05-31,8-K,,submissions
0001193125-22-156157,"Motorola Solutions, Inc.",0000068505,2022-05-20,2022-05-17,8-K,,submissions
0000068505-22-000017,"Motorola Solutions, Inc.",0000068505,2022-05-12,2022-05-12,8-K,,submissions
0001193125-22-074705,"Motorola Solutions, Inc.",0000068505,2022-03-14,2022-03-10,8-K,,submissions
0000068505-22-000006,"Motorola Solutions, Inc.",0000068505,2022-02-09,2022-02-09,8-K,,submissions
0001193125-22-010643,"Motorola Solutions, Inc.",0000068505,2022-01-18,2022-01-16,8-K,,submissions
0001193125-21-357320,"Motorola Solutions, Inc.",0000068505,2021-12-15,2021-12-14,8-K,,submissions
0001193125-21-343098,"Motorola Solutions, Inc.",0000068505,2021-11-30,2021-11-18,8-K,,submissions
0000068505-21-000025,"Motorola Solutions, Inc.",0000068505,2021-11-04,2021-11-04,8-K,,submissions
0001193125-21-247751,"Motorola Solutions, Inc.",0000068505,2021-08-16,2021-08-16,8-K,,submissions
0000068505-21-000019,"Motorola Solutions, Inc.",0000068505,2021-08-05,2021-08-05,8-K,,submissions
0001193125-21-178579,"Motorola Solutions, Inc.",0000068505,2021-06-01,2021-06-01,8-K,,submissions
0001193125-21-170850,"Motorola Solutions, Inc.",0000068505,2021-05-24,2021-05-24,8-K,,submissions
0001193125-21-170827,"Motorola Solutions, Inc.",0000068505,2021-05-24,2021-05-21,8-K,,submissions
0001193125-21-167759,"Motorola Solutions, Inc.",0000068505,2021-05-20,2021-05-18,8-K,,submissions
0001193125-21-159046,"Motorola Solutions, Inc.",0000068505,2021-05-12,2021-05-11,8-K,,submissions
0000068505-21-000013,"Motorola Solutions, Inc.",0000068505,2021-05-06,2021-05-06,8-K,,submissions
0001193125-21-094457,"Motorola Solutions, Inc.",0000068505,2021-03-25,2021-03-24,8-K,,submissions
0001193125-21-081385,"Motorola Solutions, Inc.",0000068505,2021-03-15,2021-03-12,8-K,,submissions
0001193125-21-076237,"Motorola Solutions, Inc.",0000068505,2021-03-10,2021-03-08,8-K,,submissions
0000068505-21-000005,"Motorola Solutions, Inc.",0000068505,2021-02-04,2021-02-04,8-K,,submissions
0001193125-20-296104,"Motorola Solutions, Inc.",0000068505,2020-11-17,2020-11-17,8-K,,submissions
0000068505-20-000026,"Motorola Solutions, Inc.",0000068505,2020-10-29,2020-10-29,8-K,,submissions
0001193125-20-233177,"Motorola Solutions, Inc.",0000068505,2020-08-27,2020-08-27,8-K,,submissions
0001193125-20-220569,"Motorola Solutions, Inc.",0000068505,2020-08-14,2020-08-10,8-K,,submissions
0000068505-20-000018,"Motorola Solutions, Inc.",0000068505,2020-08-06,2020-08-06,8-K,,submissions
0001193125-20-198554,"Motorola Solutions, Inc.",0000068505,2020-07-24,2020-07-24,8-K,,submissions
0001193125-20-184064,"Motorola Solutions, Inc.",0000068505,2020-06-30,2020-06-25,8-K,,submissions
0001193125-20-158499,"Motorola Solutions, Inc.",0000068505,2020-06-02,2020-06-01,8-K,,submissions
0001193125-20-141640,"Motorola Solutions, Inc.",0000068505,2020-05-13,2020-05-11,8-K,,submissions
0000068505-20-000011,"Motorola Solutions, Inc.",0000068505,2020-05-07,2020-05-07,8-K,,submissions
0001193125-20-072947,"Motorola Solutions, Inc.",0000068505,2020-03-13,2020-03-12,8-K,,submissions
0001193125-20-071696,"Motorola Solutions, Inc.",0000068505,2020-03-12,2020-03-10,8-K,,submissions
0000068505-20-000003,"Motorola Solutions, Inc.",0000068505,2020-02-06,2020-02-06,8-K,,submissions
0000068505-19-000023,"Motorola Solutions, Inc.",0000068505,2019-10-30,2019-10-30,8-K,,submissions
0001193125-19-251774,"Motorola Solutions, Inc.",0000068505,2019-09-23,2019-09-20,8-K,,submissions
0001193125-19-240528,"Motorola Solutions, Inc.",0000068505,2019-09-09,2019-09-05,8-K,,submissions
0001193125-19-238375,"Motorola Solutions, Inc.",0000068505,2019-09-05,2019-09-05,8-K,,submissions
0001193125-19-238161,"Motorola Solutions, Inc.",0000068505,2019-09-05,2019-09-05,8-K,,submissions
0001193125-19-215363,"Motorola Solutions, Inc.",0000068505,2019-08-07,2019-08-06,8-K,,submissions
0000068505-19-000017,"Motorola Solutions, Inc.",0000068505,2019-08-01,2019-08-01,8-K,,submissions
0001193125-19-158385,"Motorola Solutions, Inc.",0000068505,2019-05-28,2019-05-23,8-K,,submissions
0001193125-19-148154,"Motorola Solutions, Inc.",0000068505,2019-05-15,2019-05-13,8-K,,submissions
0000068505-19-000011,"Motorola Solutions, Inc.",0000068505,2019-05-02,2019-05-02,8-K,,submissions
0001193125-19-078344,"Motorola Solutions, Inc.",0000068505,2019-03-18,2019-03-14,8-K,,submissions
0000068505-19-000003,"Motorola Solutions, Inc.",0000068505,2019-02-07,2019-02-07,8-K,,submissions
0001193125-19-003488,"Motorola Solutions, Inc.",0000068505,2019-01-07,2019-01-07,8-K,,submissions
0000950170-23-066400,"NetApp, Inc.",0001002047,2023-11-28,2023-11-28,8-K,,submissions
0000950170-23-064506,"NetApp, Inc.",0001002047,2023-11-16,2023-11-15,8-K,,submissions
0000950170-23-048229,"NetApp, Inc.",0001002047,2023-09-15,2023-09-13,8-K,,submissions
0000950170-23-044130,"NetApp, Inc.",0001002047,2023-08-23,2023-08-23,8-K,,submissions
0000950170-23-041348,"NetApp, Inc.",0001002047,2023-08-10,2023-08-04,8-K,,submissions
0000950170-23-025324,"NetApp, Inc.",0001002047,2023-05-31,2023-05-26,8-K,,submissions
0000950170-23-003745,"NetApp, Inc.",0001002047,2023-02-22,2023-02-22,8-K,,submissions
0001193125-23-019739,"NetApp, Inc.",0001002047,2023-01-31,2023-01-31,8-K,,submissions
0000950170-22-025793,"NetApp, Inc.",0001002047,2022-11-29,2022-11-29,8-K,,submissions
0000950170-22-025317,"NetApp, Inc.",0001002047,2022-11-16,2022-11-15,8-K,,submissions
0000950170-22-018490,"NetApp, Inc.",0001002047,2022-09-14,2022-09-09,8-K,,submissions
0000950170-22-017731,"NetApp, Inc.",0001002047,2022-08-24,2022-08-24,8-K,,submissions
0000950170-22-011019,"NetApp, Inc.",0001002047,2022-06-01,2022-06-01,8-K,,submissions
0001193125-22-081663,"NetApp, Inc.",0001002047,2022-03-22,2022-03-17,8-K,,submissions
0000950170-22-001772,"NetApp, Inc.",0001002047,2022-02-23,2022-02-23,8-K,,submissions
0001193125-22-041835,"NetApp, Inc.",0001002047,2022-02-14,2022-02-08,8-K,,submissions
0000950170-21-004947,"NetApp, Inc.",0001002047,2021-11-30,2021-11-30,8-K,,submissions
0001193125-21-271444,"NetApp, Inc.",0001002047,2021-09-13,2021-09-10,8-K,,submissions
0001564590-21-045712,"NetApp, Inc.",0001002047,2021-08-25,2021-08-25,8-K,,submissions
0001564590-21-031393,"NetApp, Inc.",0001002047,2021-06-02,2021-06-02,8-K,,submissions
0001564590-21-008093,"NetApp, Inc.",0001002047,2021-02-24,2021-02-24,8-K,,submissions
0001564590-21-004336,"NetApp, Inc.",0001002047,2021-02-04,2021-02-04,8-K,,submissions
0001193125-21-014704,"NetApp, Inc.",0001002047,2021-01-22,2021-01-22,8-K,,submissions
0001564590-20-055739,"NetApp, Inc.",0001002047,2020-12-01,2020-12-01,8-K,,submissions
0001564590-20-044512,"NetApp, Inc.",0001002047,2020-09-24,2020-09-18,8-K,,submissions
0001564590-20-043710,"NetApp, Inc.",0001002047,2020-09-16,2020-09-10,8-K,,submissions
0001564590-20-041346,"NetApp, Inc.",0001002047,2020-08-26,2020-08-21,8-K,,submissions
0001193125-20-180890,"NetApp, Inc.",0001002047,2020-06-26,2020-06-26,8-K,,submissions
0001193125-20-175676,"NetApp, Inc.",0001002047,2020-06-22,2020-06-17,8-K,,submissions
0001564590-20-028235,"NetApp, Inc.",0001002047,2020-06-03,2020-06-01,8-K,,submissions
0001564590-20-027022,"NetApp, Inc.",0001002047,2020-05-27,2020-05-27,8-K,,submissions
0001564590-20-024650,"NetApp, Inc.",0001002047,2020-05-12,2020-05-12,8-K,,submissions
0001564590-20-014299,"NetApp, Inc.",0001002047,2020-03-30,2020-03-30,8-K,,submissions
0001193125-20-058901,"NetApp, Inc.",0001002047,2020-03-02,2020-03-02,8-K,,submissions
0001564590-20-004352,"NetApp, Inc.",0001002047,2020-02-12,2020-02-08,8-K,,submissions
0001564590-20-003107,"NetApp, Inc.",0001002047,2020-02-04,2020-01-31,8-K,,submissions
0001564590-19-043224,"NetApp, Inc.",0001002047,2019-11-13,2019-11-13,8-K,,submissions
0001564590-19-034968,"NetApp, Inc.",0001002047,2019-09-18,2019-09-12,8-K,,submissions
0001564590-19-032131,"NetApp, Inc.",0001002047,2019-08-14,2019-08-08,8-K,,submissions
0001564590-19-027944,"NetApp, Inc.",0001002047,2019-08-01,2019-08-01,8-K,,submissions
0001564590-19-020164,"NetApp, Inc.",0001002047,2019-05-22,2019-05-16,8-K,,submissions
0001564590-19-002825,"NetApp, Inc.",0001002047,2019-02-13,2019-02-13,8-K,,submissions
0001045810-23-000225,NVIDIA CORP,0001045810,2023-11-21,2023-11-21,8-K,,submissions
0001045810-23-000221,NVIDIA CORP,0001045810,2023-10-24,2023-10-23,8-K,,submissions
0001045810-23-000217,NVIDIA CORP,0001045810,2023-10-17,2023-10-17,8-K,,submissions
0001045810-23-000171,NVIDIA CORP,0001045810,2023-08-23,2023-08-23,8-K,,submissions
0001045810-23-000164,NVIDIA CORP,0001045810,2023-07-24,2023-07-24,8-K,,submissions
0001045810-23-000146,NVIDIA CORP,0001045810,2023-06-27,2023-06-22,8-K,,submissions
0001045810-23-000087,NVIDIA CORP,0001045810,2023-05-24,2023-05-24,8-K,,submissions
0001045810-23-000039,NVIDIA CORP,0001045810,2023-03-08,2023-03-02,8-K,,submissions
0001045810-23-000014,NVIDIA CORP,0001045810,2023-02-22,2023-02-22,8-K,,submissions
0001045810-22-000163,NVIDIA CORP,0001045810,2022-11-16,2022-11-16,8-K,,submissions
0001045810-22-000151,NVIDIA CORP,0001045810,2022-09-01,2022-08-31,8-K,,submissions
0001045810-22-000146,NVIDIA CORP,0001045810,2022-08-31,2022-08-26,8-K,,submissions
0001045810-22-000136,NVIDIA CORP,0001045810,2022-08-24,2022-08-24,8-K,,submissions
0001045810-22-000133,NVIDIA CORP,0001045810,2022-08-08,2022-08-08,8-K,,submissions
0001045810-22-000088,NVIDIA CORP,0001045810,2022-06-06,2022-06-02,8-K,,submissions
0001045810-22-000073,NVIDIA CORP,0001045810,2022-05-25,2022-05-25,8-K,,submissions
0001045810-22-000023,NVIDIA CORP,0001045810,2022-03-09,2022-03-03,8-K,,submissions
0001045810-22-000008,NVIDIA CORP,0001045810,2022-02-16,2022-02-16,8-K,,submissions
0001045810-22-000005,NVIDIA CORP,0001045810,2022-02-08,2022-02-08,8-K,,submissions
0001045810-21-000160,NVIDIA CORP,0001045810,2021-11-17,2021-11-17,8-K,,submissions
0001045810-21-000128,NVIDIA CORP,0001045810,2021-08-18,2021-08-18,8-K,,submissions
0001045810-21-000117,NVIDIA CORP,0001045810,2021-06-28,2021-06-28,8-K,,submissions
0001193125-21-192149,NVIDIA CORP,0001045810,2021-06-16,2021-06-14,8-K,,submissions
0001045810-21-000075,NVIDIA CORP,0001045810,2021-06-07,2021-06-03,8-K,,submissions
0001045810-21-000063,NVIDIA CORP,0001045810,2021-05-26,2021-05-26,8-K,,submissions
0001045810-21-000056,NVIDIA CORP,0001045810,2021-05-21,2021-05-21,8-K,,submissions
0001045810-21-000047,NVIDIA CORP,0001045810,2021-04-12,2021-04-12,8-K,,submissions
0001045810-21-000034,NVIDIA CORP,0001045810,2021-03-19,2021-03-15,8-K,,submissions
0001045810-21-000007,NVIDIA CORP,0001045810,2021-02-24,2021-02-24,8-K,,submissions
0001045810-20-000187,NVIDIA CORP,0001045810,2020-11-18,2020-11-18,8-K,,submissions
0001045810-20-000181,NVIDIA CORP,0001045810,2020-11-09,2020-11-09,8-K,,submissions
0001193125-20-244601,NVIDIA CORP,0001045810,2020-09-14,2020-09-13,8-K,,submissions
0001045810-20-000145,NVIDIA CORP,0001045810,2020-08-19,2020-08-19,8-K,,submissions
0001045810-20-000127,NVIDIA CORP,0001045810,2020-07-13,2020-07-13,8-K,,submissions
0001045810-20-000103,NVIDIA CORP,0001045810,2020-06-15,2020-06-09,8-K,,submissions
0001045810-20-000063,NVIDIA CORP,0001045810,2020-05-21,2020-05-21,8-K,,submissions
0001045810-20-000052,NVIDIA CORP,0001045810,2020-04-27,2020-04-27,8-K,,submissions
0001045810-20-000048,NVIDIA CORP,0001045810,2020-04-17,2020-04-16,8-K,,submissions
0001193125-20-092939,NVIDIA CORP,0001045810,2020-03-31,2020-03-26,8-K,,submissions
0001045810-20-000033,NVIDIA CORP,0001045810,2020-03-10,2020-03-04,8-K,,submissions
0001045810-20-000007,NVIDIA CORP,0001045810,2020-02-13,2020-02-13,8-K,,submissions
0001045810-19-000168,NVIDIA CORP,0001045810,2019-11-14,2019-11-14,8-K,,submissions
0001045810-19-000140,NVIDIA CORP,0001045810,2019-08-15,2019-08-15,8-K,,submissions
0001045810-19-000112,NVIDIA CORP,0001045810,2019-06-17,2019-06-17,8-K,,submissions
0001045810-19-000107,NVIDIA CORP,0001045810,2019-05-29,2019-05-22,8-K,,submissions
0001045810-19-000077,NVIDIA CORP,0001045810,2019-05-16,2019-05-16,8-K,,submissions
0001045810-19-000060,NVIDIA CORP,0001045810,2019-04-01,2019-03-30,8-K,,submissions
0001045810-19-000031,NVIDIA CORP,0001045810,2019-03-11,2019-03-10,8-K,,submissions
0001045810-19-000029,NVIDIA CORP,0001045810,2019-03-11,2019-03-06,8-K,,submissions
0001045810-19-000007,NVIDIA CORP,0001045810,2019-02-14,2019-02-14,8-K,,submissions
0001045810-19-000004,NVIDIA CORP,0001045810,2019-01-28,2019-01-28,8-K,,submissions
0001413447-23-000139,NXP Semiconductors N.V.,0001413447,2023-11-16,2023-11-15,8-K,,submissions
0001413447-23-000105,NXP Semiconductors N.V.,0001413447,2023-11-07,2023-11-06,8-K,,submissions
0001413447-23-000076,NXP Semiconductors N.V.,0001413447,2023-08-24,2023-08-24,8-K,,submissions
0001413447-23-000057,NXP Semiconductors N.V.,0001413447,2023-07-25,2023-07-24,8-K,,submissions
0001413447-23-000028,NXP Semiconductors N.V.,0001413447,2023-05-25,2023-05-24,8-K,,submissions
0001413447-23-000022,NXP Semiconductors N.V.,0001413447,2023-05-02,2023-05-01,8-K,,submissions
0001413447-23-000002,NXP Semiconductors N.V.,0001413447,2023-01-31,2023-01-30,8-K,,submissions
0001413447-22-000090,NXP Semiconductors N.V.,0001413447,2022-11-17,2022-11-16,8-K,,submissions
0001413447-22-000066,NXP Semiconductors N.V.,0001413447,2022-11-01,2022-10-31,8-K,,submissions
0001193125-22-231906,NXP Semiconductors N.V.,0001413447,2022-08-29,2022-08-26,8-K,,submissions
0001413447-22-000058,NXP Semiconductors N.V.,0001413447,2022-08-25,2022-08-25,8-K,,submissions
0001413447-22-000048,NXP Semiconductors N.V.,0001413447,2022-07-26,2022-07-25,8-K,,submissions
0001413447-22-000020,NXP Semiconductors N.V.,0001413447,2022-06-02,2022-06-01,8-K,,submissions
0001193125-22-151965,NXP Semiconductors N.V.,0001413447,2022-05-16,2022-05-12,8-K,,submissions
0001413447-22-000015,NXP Semiconductors N.V.,0001413447,2022-05-03,2022-05-02,8-K,,submissions
0001413447-22-000004,NXP Semiconductors N.V.,0001413447,2022-02-01,2022-01-31,8-K,,submissions
0001193125-21-343743,NXP Semiconductors N.V.,0001413447,2021-11-30,2021-11-30,8-K,,submissions
0001413447-21-000113,NXP Semiconductors N.V.,0001413447,2021-11-18,2021-11-18,8-K,,submissions
0001193125-21-330197,NXP Semiconductors N.V.,0001413447,2021-11-15,2021-11-15,8-K,,submissions
0001413447-21-000092,NXP Semiconductors N.V.,0001413447,2021-11-02,2021-11-01,8-K,,submissions
0001413447-21-000082,NXP Semiconductors N.V.,0001413447,2021-10-12,2021-10-12,8-K,,submissions
0001413447-21-000077,NXP Semiconductors N.V.,0001413447,2021-08-26,2021-08-25,8-K,,submissions
0001413447-21-000064,NXP Semiconductors N.V.,0001413447,2021-08-03,2021-08-02,8-K,,submissions
0001413447-21-000039,NXP Semiconductors N.V.,0001413447,2021-05-27,2021-05-26,8-K,,submissions
0001413447-21-000033,NXP Semiconductors N.V.,0001413447,2021-05-13,2021-05-10,8-K,,submissions
0001193125-21-157596,NXP Semiconductors N.V.,0001413447,2021-05-11,2021-05-11,8-K,,submissions
0001413447-21-000030,NXP Semiconductors N.V.,0001413447,2021-04-27,2021-04-26,8-K,,submissions
0001413447-21-000021,NXP Semiconductors N.V.,0001413447,2021-03-11,2021-03-11,8-K,,submissions
0001413447-21-000017,NXP Semiconductors N.V.,0001413447,2021-03-04,2021-03-04,8-K,,submissions
0001413447-21-000004,NXP Semiconductors N.V.,0001413447,2021-02-02,2021-02-01,8-K,,submissions
0001413447-20-000131,NXP Semiconductors N.V.,0001413447,2020-11-18,2020-11-18,8-K,,submissions
0001413447-20-000086,NXP Semiconductors N.V.,0001413447,2020-10-27,2020-10-27,8-K,,submissions
0001413447-20-000076,NXP Semiconductors N.V.,0001413447,2020-10-08,2020-10-08,8-K,,submissions
0001413447-20-000072,NXP Semiconductors N.V.,0001413447,2020-09-09,2020-09-09,8-K,,submissions
0001413447-20-000070,NXP Semiconductors N.V.,0001413447,2020-08-27,2020-08-27,8-K,,submissions
0001413447-20-000054,NXP Semiconductors N.V.,0001413447,2020-07-28,2020-07-27,8-K,,submissions
0001413447-20-000038,NXP Semiconductors N.V.,0001413447,2020-05-28,2020-05-27,8-K,,submissions
0001193125-20-130950,NXP Semiconductors N.V.,0001413447,2020-05-01,2020-04-29,8-K,,submissions
0001413447-20-000028,NXP Semiconductors N.V.,0001413447,2020-04-28,2020-04-27,8-K,,submissions
0001413447-20-000022,NXP Semiconductors N.V.,0001413447,2020-04-07,2020-04-07,8-K,,submissions
0001413447-20-000020,NXP Semiconductors N.V.,0001413447,2020-04-06,2020-04-06,8-K,,submissions
0001413447-20-000016,NXP Semiconductors N.V.,0001413447,2020-03-09,2020-03-05,8-K,,submissions
0001413447-20-000013,NXP Semiconductors N.V.,0001413447,2020-03-05,2020-03-05,8-K,,submissions
0001413447-20-000011,NXP Semiconductors N.V.,0001413447,2020-03-02,2020-03-02,8-K,,submissions
0001413447-20-000005,NXP Semiconductors N.V.,0001413447,2020-02-04,2020-02-03,8-K,,submissions
0001193125-19-308345,NXP Semiconductors N.V.,0001413447,2019-12-06,2019-12-06,8-K,,submissions
0001413447-19-000077,NXP Semiconductors N.V.,0001413447,2019-12-03,2019-12-03,8-K,,submissions
0001413447-19-000073,NXP Semiconductors N.V.,0001413447,2019-11-22,2019-11-19,8-K,,submissions
0001413447-19-000069,NXP Semiconductors N.V.,0001413447,2019-11-19,2019-11-19,8-K,,submissions
0001413447-19-000033,NXP Semiconductors N.V.,0001413447,2019-10-29,2019-10-28,8-K,,submissions
0001193125-19-234198,NXP Semiconductors N.V.,0001413447,2019-08-29,2019-08-29,8-K,,submissions
0001193125-23-265690,ON SEMICONDUCTOR CORP,0001097864,2023-10-30,2023-10-30,8-K,,submissions
0001193125-23-235313,ON SEMICONDUCTOR CORP,0001097864,2023-09-14,2023-09-11,8-K,,submissions
0001193125-23-218538,ON SEMICONDUCTOR CORP,0001097864,2023-08-23,2023-08-18,8-K,,submissions
0001193125-23-198583,ON SEMICONDUCTOR CORP,0001097864,2023-07-31,2023-07-31,8-K,,submissions
0001193125-23-174498,ON SEMICONDUCTOR CORP,0001097864,2023-06-26,2023-06-22,8-K,,submissions
0001193125-23-149423,ON SEMICONDUCTOR CORP,0001097864,2023-05-19,2023-05-18,8-K,,submissions
0001193125-23-146159,ON SEMICONDUCTOR CORP,0001097864,2023-05-16,2023-05-16,8-K,,submissions
0001193125-23-128806,ON SEMICONDUCTOR CORP,0001097864,2023-05-01,2023-05-01,8-K,,submissions
0001193125-23-114372,ON SEMICONDUCTOR CORP,0001097864,2023-04-25,2023-04-24,8-K,,submissions
0001193125-23-060724,ON SEMICONDUCTOR CORP,0001097864,2023-03-06,2023-03-01,8-K,,submissions
0001193125-23-056593,ON SEMICONDUCTOR CORP,0001097864,2023-03-02,2023-02-28,8-K,,submissions
0001193125-23-047586,ON SEMICONDUCTOR CORP,0001097864,2023-02-24,2023-02-24,8-K,,submissions
0001193125-23-045012,ON SEMICONDUCTOR CORP,0001097864,2023-02-23,2023-02-22,8-K,,submissions
0001193125-23-024908,ON SEMICONDUCTOR CORP,0001097864,2023-02-06,2023-02-06,8-K,,submissions
0001193125-23-000262,ON SEMICONDUCTOR CORP,0001097864,2023-01-03,2022-12-31,8-K,,submissions
0001193125-22-273174,ON SEMICONDUCTOR CORP,0001097864,2022-10-31,2022-10-31,8-K,,submissions
0001193125-22-247127,ON SEMICONDUCTOR CORP,0001097864,2022-09-19,2022-09-16,8-K,,submissions
0001193125-22-230021,ON SEMICONDUCTOR CORP,0001097864,2022-08-25,2022-08-19,8-K,,submissions
0001193125-22-218388,ON SEMICONDUCTOR CORP,0001097864,2022-08-11,2022-08-11,8-K,,submissions
0001193125-22-207793,ON SEMICONDUCTOR CORP,0001097864,2022-08-01,2022-08-01,8-K,,submissions
0001193125-22-166231,ON SEMICONDUCTOR CORP,0001097864,2022-06-02,2022-05-26,8-K,,submissions
0001193125-22-135409,ON SEMICONDUCTOR CORP,0001097864,2022-05-02,2022-05-02,8-K,,submissions
0001193125-22-029095,ON SEMICONDUCTOR CORP,0001097864,2022-02-07,2022-02-07,8-K,,submissions
0001193125-22-027046,ON SEMICONDUCTOR CORP,0001097864,2022-02-03,2022-01-28,8-K,,submissions
0001193125-21-314537,ON SEMICONDUCTOR CORP,0001097864,2021-11-01,2021-11-01,8-K,,submissions
0001193125-21-256288,ON SEMICONDUCTOR CORP,0001097864,2021-08-25,2021-08-25,8-K,,submissions
0001193125-21-252833,ON SEMICONDUCTOR CORP,0001097864,2021-08-20,2021-08-20,8-K,,submissions
0001193125-21-237507,ON SEMICONDUCTOR CORP,0001097864,2021-08-05,2021-08-05,8-K,,submissions
0001193125-21-232323,ON SEMICONDUCTOR CORP,0001097864,2021-08-02,2021-08-02,8-K,,submissions
0001193125-21-193303,ON SEMICONDUCTOR CORP,0001097864,2021-06-17,2021-06-16,8-K,,submissions
0001193125-21-169396,ON SEMICONDUCTOR CORP,0001097864,2021-05-21,2021-05-20,8-K,,submissions
0001193125-21-166754,ON SEMICONDUCTOR CORP,0001097864,2021-05-19,2021-05-14,8-K,,submissions
0001193125-21-158242,ON SEMICONDUCTOR CORP,0001097864,2021-05-12,2021-05-11,8-K,,submissions
0001193125-21-156224,ON SEMICONDUCTOR CORP,0001097864,2021-05-10,2021-05-10,8-K,,submissions
0001193125-21-146697,ON SEMICONDUCTOR CORP,0001097864,2021-05-03,2021-05-03,8-K,,submissions
0001193125-21-074051,ON SEMICONDUCTOR CORP,0001097864,2021-03-09,2021-03-05,8-K,,submissions
0001193125-21-069468,ON SEMICONDUCTOR CORP,0001097864,2021-03-04,2021-03-04,8-K,,submissions
0001193125-21-049006,ON SEMICONDUCTOR CORP,0001097864,2021-02-19,2021-02-12,8-K,,submissions
0001193125-21-023795,ON SEMICONDUCTOR CORP,0001097864,2021-02-01,2021-02-01,8-K,,submissions
0001193125-21-020076,ON SEMICONDUCTOR CORP,0001097864,2021-01-28,2021-01-22,8-K,,submissions
0001193125-21-010062,ON SEMICONDUCTOR CORP,0001097864,2021-01-15,2021-01-11,8-K,,submissions
0001193125-20-319082,ON SEMICONDUCTOR CORP,0001097864,2020-12-16,2020-12-16,8-K,,submissions
0001193125-20-311797,ON SEMICONDUCTOR CORP,0001097864,2020-12-07,2020-12-03,8-K,,submissions
0001193125-20-283270,ON SEMICONDUCTOR CORP,0001097864,2020-11-02,2020-10-31,8-K,,submissions
0001193125-20-279236,ON SEMICONDUCTOR CORP,0001097864,2020-10-28,2020-10-26,8-K,,submissions
0001193125-20-265627,ON SEMICONDUCTOR CORP,0001097864,2020-10-07,2020-10-01,8-K,,submissions
0001193125-20-263400,ON SEMICONDUCTOR CORP,0001097864,2020-10-05,2020-10-03,8-K,,submissions
0001193125-20-259901,ON SEMICONDUCTOR CORP,0001097864,2020-09-30,2020-09-24,8-K,,submissions
0001193125-20-239594,ON SEMICONDUCTOR CORP,0001097864,2020-09-04,2020-08-31,8-K,,submissions
0001193125-20-227087,ON SEMICONDUCTOR CORP,0001097864,2020-08-21,2020-08-21,8-K,,submissions
0001193125-20-223886,ON SEMICONDUCTOR CORP,0001097864,2020-08-19,2020-08-18,8-K,,submissions
0001193125-20-221914,ON SEMICONDUCTOR CORP,0001097864,2020-08-17,2020-08-17,8-K,,submissions
0001193125-20-214042,ON SEMICONDUCTOR CORP,0001097864,2020-08-10,2020-08-08,8-K,,submissions
0001193125-20-177742,ON SEMICONDUCTOR CORP,0001097864,2020-06-24,2020-06-23,8-K,,submissions
0001193125-20-162912,ON SEMICONDUCTOR CORP,0001097864,2020-06-08,2020-06-07,8-K,,submissions
0001193125-20-148791,ON SEMICONDUCTOR CORP,0001097864,2020-05-21,2020-05-20,8-K,,submissions
0001193125-20-138151,ON SEMICONDUCTOR CORP,0001097864,2020-05-11,2020-05-09,8-K,,submissions
0001193125-20-102713,ON SEMICONDUCTOR CORP,0001097864,2020-04-09,2020-04-03,8-K,,submissions
0001193125-20-083848,ON SEMICONDUCTOR CORP,0001097864,2020-03-24,2020-03-24,8-K,,submissions
0001193125-20-063870,ON SEMICONDUCTOR CORP,0001097864,2020-03-06,2020-03-06,8-K,,submissions
0001193125-20-043566,ON SEMICONDUCTOR CORP,0001097864,2020-02-20,2020-02-13,8-K,,submissions
0001193125-20-031276,ON SEMICONDUCTOR CORP,0001097864,2020-02-11,2020-02-05,8-K,,submissions
0001193125-20-022088,ON SEMICONDUCTOR CORP,0001097864,2020-02-03,2020-02-03,8-K,,submissions
0001193125-19-275401,ON SEMICONDUCTOR CORP,0001097864,2019-10-28,2019-10-27,8-K,,submissions
0001193125-19-268525,ON SEMICONDUCTOR CORP,0001097864,2019-10-16,2019-10-14,8-K,,submissions
0001193125-19-265170,ON SEMICONDUCTOR CORP,0001097864,2019-10-09,2019-10-04,8-K,,submissions
0001193125-19-249706,ON SEMICONDUCTOR CORP,0001097864,2019-09-20,2019-09-19,8-K,,submissions
0001193125-19-212446,ON SEMICONDUCTOR CORP,0001097864,2019-08-05,2019-08-04,8-K,,submissions
0001193125-19-176533,ON SEMICONDUCTOR CORP,0001097864,2019-06-19,2019-06-19,8-K,,submissions
0001193125-19-174833,ON SEMICONDUCTOR CORP,0001097864,2019-06-17,2019-06-12,8-K,,submissions
0001193125-19-143075,ON SEMICONDUCTOR CORP,0001097864,2019-05-09,2019-05-08,8-K,,submissions
0001193125-19-123574,ON SEMICONDUCTOR CORP,0001097864,2019-04-29,2019-04-27,8-K,,submissions
0001193125-19-112768,ON SEMICONDUCTOR CORP,0001097864,2019-04-22,2019-04-22,8-K,,submissions
0001193125-19-088528,ON SEMICONDUCTOR CORP,0001097864,2019-03-27,2019-03-27,8-K,,submissions
0001193125-19-044289,ON SEMICONDUCTOR CORP,0001097864,2019-02-19,2019-02-14,8-K,,submissions
0001193125-19-025997,ON SEMICONDUCTOR CORP,0001097864,2019-02-01,2019-02-01,8-K,,submissions
0000950170-23-069410,ORACLE CORP,0001341439,2023-12-11,2023-12-11,8-K,,submissions
0001193125-23-279837,ORACLE CORP,0001341439,2023-11-17,2023-11-15,8-K,,submissions
0000950170-23-047471,ORACLE CORP,0001341439,2023-09-11,2023-09-11,8-K,,submissions
0000950170-23-027490,ORACLE CORP,0001341439,2023-06-12,2023-06-12,8-K,,submissions
0001564590-23-003362,ORACLE CORP,0001341439,2023-03-09,2023-03-09,8-K,,submissions
0001193125-23-025644,ORACLE CORP,0001341439,2023-02-06,2023-02-06,8-K,,submissions
0001564590-22-039236,ORACLE CORP,0001341439,2022-12-12,2022-12-12,8-K,,submissions
0001193125-22-288990,ORACLE CORP,0001341439,2022-11-18,2022-11-16,8-K,,submissions
0001193125-22-281194,ORACLE CORP,0001341439,2022-11-09,2022-11-09,8-K,,submissions
0001193125-22-259611,ORACLE CORP,0001341439,2022-10-07,2022-10-04,8-K,,submissions
0001564590-22-031466,ORACLE CORP,0001341439,2022-09-12,2022-09-12,8-K,,submissions
0001193125-22-191296,ORACLE CORP,0001341439,2022-07-11,2022-07-08,8-K,,submissions
0001193125-22-187252,ORACLE CORP,0001341439,2022-07-01,2022-06-27,8-K,,submissions
0001564590-22-023099,ORACLE CORP,0001341439,2022-06-13,2022-06-13,8-K,,submissions
0001193125-22-169835,ORACLE CORP,0001341439,2022-06-08,2022-06-08,8-K,,submissions
0001193125-22-083447,ORACLE CORP,0001341439,2022-03-24,2022-03-22,8-K,,submissions
0001564590-22-009640,ORACLE CORP,0001341439,2022-03-10,2022-03-10,8-K,,submissions
0001193125-21-363742,ORACLE CORP,0001341439,2021-12-21,2021-12-20,8-K,,submissions
0001193125-21-362532,ORACLE CORP,0001341439,2021-12-20,2021-12-20,8-K,,submissions
0001564590-21-059893,ORACLE CORP,0001341439,2021-12-09,2021-12-09,8-K,,submissions
0001193125-21-328116,ORACLE CORP,0001341439,2021-11-12,2021-11-10,8-K,,submissions
0001564590-21-047736,ORACLE CORP,0001341439,2021-09-13,2021-09-13,8-K,,submissions
0001193125-21-259458,ORACLE CORP,0001341439,2021-08-27,2021-08-27,8-K,,submissions
0001193125-21-209906,ORACLE CORP,0001341439,2021-07-07,2021-06-30,8-K,,submissions
0001564590-21-032994,ORACLE CORP,0001341439,2021-06-15,2021-06-15,8-K,,submissions
0001193125-21-092631,ORACLE CORP,0001341439,2021-03-24,2021-03-22,8-K,,submissions
0001564590-21-012058,ORACLE CORP,0001341439,2021-03-10,2021-03-10,8-K,,submissions
0001564590-20-056722,ORACLE CORP,0001341439,2020-12-10,2020-12-10,8-K,,submissions
0001193125-20-288009,ORACLE CORP,0001341439,2020-11-06,2020-11-04,8-K,,submissions
0001564590-20-043143,ORACLE CORP,0001341439,2020-09-10,2020-09-10,8-K,,submissions
0001193125-20-227084,ORACLE CORP,0001341439,2020-08-21,2020-08-21,8-K,,submissions
0001564590-20-029533,ORACLE CORP,0001341439,2020-06-16,2020-06-16,8-K,,submissions
0001193125-20-094641,ORACLE CORP,0001341439,2020-04-01,2020-03-30,8-K,,submissions
0001564590-20-010464,ORACLE CORP,0001341439,2020-03-12,2020-03-12,8-K,,submissions
0001564590-19-045836,ORACLE CORP,0001341439,2019-12-12,2019-12-12,8-K,,submissions
0001193125-19-309214,ORACLE CORP,0001341439,2019-12-09,2019-12-09,8-K,,submissions
0001193125-19-298638,ORACLE CORP,0001341439,2019-11-22,2019-11-19,8-K,,submissions
0001193125-19-269943,ORACLE CORP,0001341439,2019-10-18,2019-10-18,8-K,,submissions
0001564590-19-034522,ORACLE CORP,0001341439,2019-09-11,2019-09-11,8-K,,submissions
0001193125-19-208925,ORACLE CORP,0001341439,2019-07-31,2019-07-31,8-K,,submissions
0001193125-19-191922,ORACLE CORP,0001341439,2019-07-10,2019-07-03,8-K,,submissions
0001564590-19-022864,ORACLE CORP,0001341439,2019-06-19,2019-06-19,8-K,,submissions
0001564590-19-007818,ORACLE CORP,0001341439,2019-03-14,2019-03-14,8-K,,submissions
0001193125-19-042553,ORACLE CORP,0001341439,2019-02-15,2019-02-12,8-K,,submissions
0001321655-23-000115,Palantir Technologies Inc.,0001321655,2023-11-02,2023-11-02,8-K,,submissions
0001321655-23-000086,Palantir Technologies Inc.,0001321655,2023-08-07,2023-08-07,8-K,,submissions
0001321655-23-000061,Palantir Technologies Inc.,0001321655,2023-06-09,2023-06-06,8-K,,submissions
0001321655-23-000042,Palantir Technologies Inc.,0001321655,2023-05-08,2023-05-08,8-K,,submissions
0001321655-23-000005,Palantir Technologies Inc.,0001321655,2023-02-13,2023-02-13,8-K,,submissions
0001193125-23-022771,Palantir Technologies Inc.,0001321655,2023-02-02,2023-01-29,8-K,,submissions
0001193125-22-313008,Palantir Technologies Inc.,0001321655,2022-12-28,2022-12-22,8-K,,submissions
0001321655-22-000029,Palantir Technologies Inc.,0001321655,2022-11-07,2022-11-07,8-K,,submissions
0001193125-22-214147,Palantir Technologies Inc.,0001321655,2022-08-08,2022-08-08,8-K,,submissions
0001193125-22-187265,Palantir Technologies Inc.,0001321655,2022-07-01,2022-07-01,8-K,,submissions
0001321655-22-000012,Palantir Technologies Inc.,0001321655,2022-07-01,2022-07-01,8-K,,submissions
0001321655-22-000009,Palantir Technologies Inc.,0001321655,2022-06-10,2022-06-07,8-K,,submissions
0001193125-22-144264,Palantir Technologies Inc.,0001321655,2022-05-09,2022-05-09,8-K,,submissions
0001193125-22-093800,Palantir Technologies Inc.,0001321655,2022-04-01,2022-03-31,8-K,,submissions
0001193125-22-044821,Palantir Technologies Inc.,0001321655,2022-02-17,2022-02-17,8-K,,submissions
0001193125-21-323727,Palantir Technologies Inc.,0001321655,2021-11-09,2021-11-09,8-K,,submissions
0000950123-21-010428,Palantir Technologies Inc.,0001321655,2021-08-12,2021-08-12,8-K,,submissions
0001193125-21-207742,Palantir Technologies Inc.,0001321655,2021-07-02,2021-06-28,8-K,,submissions
0001193125-21-189007,Palantir Technologies Inc.,0001321655,2021-06-11,2021-06-08,8-K,,submissions
0001193125-21-156956,Palantir Technologies Inc.,0001321655,2021-05-11,2021-05-11,8-K,,submissions
0001193125-21-156351,Palantir Technologies Inc.,0001321655,2021-05-10,2021-05-04,8-K,,submissions
0001193125-21-105223,Palantir Technologies Inc.,0001321655,2021-04-02,2021-04-01,8-K,,submissions
0001193125-21-043333,Palantir Technologies Inc.,0001321655,2021-02-16,2021-02-16,8-K,,submissions
0001193125-21-013558,Palantir Technologies Inc.,0001321655,2021-01-21,2021-01-18,8-K,,submissions
0001193125-20-291678,Palantir Technologies Inc.,0001321655,2020-11-12,2020-11-12,8-K,,submissions
0001193125-20-257973,Palantir Technologies Inc.,0001321655,2020-09-29,2020-09-29,8-K,,submissions
0001193125-20-254706,Palantir Technologies Inc.,0001321655,2020-09-25,2020-09-25,8-K,,submissions
0001193125-20-251414,Palantir Technologies Inc.,0001321655,2020-09-22,2020-09-22,8-K,,submissions
0001193125-23-295527,Palo Alto Networks Inc,0001327567,2023-12-14,2023-12-12,8-K,,submissions
0001193125-23-285277,Palo Alto Networks Inc,0001327567,2023-11-29,2023-11-29,8-K,,submissions
0001327567-23-000035,Palo Alto Networks Inc,0001327567,2023-11-17,2023-11-16,8-K,,submissions
0001327567-23-000030,Palo Alto Networks Inc,0001327567,2023-11-15,2023-11-15,8-K,,submissions
0001193125-23-277318,Palo Alto Networks Inc,0001327567,2023-11-15,2023-11-14,8-K,,submissions
0001327567-23-000020,Palo Alto Networks Inc,0001327567,2023-08-18,2023-08-18,8-K,,submissions
0001193125-23-163506,Palo Alto Networks Inc,0001327567,2023-06-08,2023-06-06,8-K,,submissions
0001193125-23-160228,Palo Alto Networks Inc,0001327567,2023-06-05,2023-06-02,8-K,,submissions
0001327567-23-000012,Palo Alto Networks Inc,0001327567,2023-05-23,2023-05-23,8-K,,submissions
0001327567-23-000009,Palo Alto Networks Inc,0001327567,2023-04-19,2023-04-13,8-K,,submissions
0001327567-23-000005,Palo Alto Networks Inc,0001327567,2023-02-21,2023-02-21,8-K,,submissions
0001193125-22-307346,Palo Alto Networks Inc,0001327567,2022-12-16,2022-12-13,8-K,,submissions
0001327567-22-000035,Palo Alto Networks Inc,0001327567,2022-11-17,2022-11-17,8-K,,submissions
0001193125-22-285017,Palo Alto Networks Inc,0001327567,2022-11-15,2022-11-14,8-K,,submissions
0001327567-22-000020,Palo Alto Networks Inc,0001327567,2022-08-22,2022-08-22,8-K,,submissions
0001193125-22-157474,Palo Alto Networks Inc,0001327567,2022-05-23,2022-05-17,8-K,,submissions
0001327567-22-000014,Palo Alto Networks Inc,0001327567,2022-05-19,2022-05-19,8-K,,submissions
0001193125-22-049906,Palo Alto Networks Inc,0001327567,2022-02-23,2022-02-16,8-K,,submissions
0001327567-22-000006,Palo Alto Networks Inc,0001327567,2022-02-22,2022-02-22,8-K,,submissions
0001193125-21-358074,Palo Alto Networks Inc,0001327567,2021-12-15,2021-12-14,8-K,,submissions
0001327567-21-000037,Palo Alto Networks Inc,0001327567,2021-11-18,2021-11-18,8-K,,submissions
0001193125-21-296438,Palo Alto Networks Inc,0001327567,2021-10-12,2021-10-12,8-K,,submissions
0001193125-21-270979,Palo Alto Networks Inc,0001327567,2021-09-13,2021-09-13,8-K,,submissions
0001193125-21-267862,Palo Alto Networks Inc,0001327567,2021-09-08,2021-09-06,8-K,,submissions
0001327567-21-000020,Palo Alto Networks Inc,0001327567,2021-08-23,2021-08-23,8-K,,submissions
0001193125-21-244832,Palo Alto Networks Inc,0001327567,2021-08-12,2021-08-10,8-K,,submissions
0001327567-21-000012,Palo Alto Networks Inc,0001327567,2021-05-20,2021-05-20,8-K,,submissions
0001193125-21-162161,Palo Alto Networks Inc,0001327567,2021-05-14,2021-05-13,8-K,,submissions
0001193125-21-087516,Palo Alto Networks Inc,0001327567,2021-03-19,2021-03-15,8-K,,submissions
0001628280-21-002659,Palo Alto Networks Inc,0001327567,2021-02-22,2021-02-22,8-K,,submissions
0001193125-21-049293,Palo Alto Networks Inc,0001327567,2021-02-22,2021-02-17,8-K,,submissions
0001193125-20-321568,Palo Alto Networks Inc,0001327567,2020-12-18,2020-12-18,8-K,,submissions
0001193125-20-314920,Palo Alto Networks Inc,0001327567,2020-12-10,2020-12-09,8-K,,submissions
0001193125-20-312056,Palo Alto Networks Inc,0001327567,2020-12-08,2020-12-04,8-K,,submissions
0001327567-20-000037,Palo Alto Networks Inc,0001327567,2020-11-16,2020-11-16,8-K,,submissions
0001193125-20-291707,Palo Alto Networks Inc,0001327567,2020-11-12,2020-11-10,8-K,,submissions
0001193125-20-272060,Palo Alto Networks Inc,0001327567,2020-10-19,2020-10-13,8-K,,submissions
0001327567-20-000025,Palo Alto Networks Inc,0001327567,2020-08-24,2020-08-24,8-K,,submissions
0001193125-20-176553,Palo Alto Networks Inc,0001327567,2020-06-23,2020-06-19,8-K,,submissions
0001193125-20-175603,Palo Alto Networks Inc,0001327567,2020-06-22,2020-06-16,8-K,,submissions
0001193125-20-163579,Palo Alto Networks Inc,0001327567,2020-06-08,2020-06-03,8-K,,submissions
0001327567-20-000015,Palo Alto Networks Inc,0001327567,2020-05-21,2020-05-21,8-K,,submissions
0001193125-20-050335,Palo Alto Networks Inc,0001327567,2020-02-27,2020-02-26,8-K,,submissions
0001327567-20-000002,Palo Alto Networks Inc,0001327567,2020-02-24,2020-02-24,8-K,,submissions
0001193125-19-319166,Palo Alto Networks Inc,0001327567,2019-12-19,2019-12-18,8-K,,submissions
0001193125-19-310251,Palo Alto Networks Inc,0001327567,2019-12-10,2019-12-09,8-K,,submissions
0001327567-19-000036,Palo Alto Networks Inc,0001327567,2019-11-25,2019-11-25,8-K,,submissions
0001193125-19-271660,Palo Alto Networks Inc,0001327567,2019-10-22,2019-10-16,8-K,,submissions
0001327567-19-000023,Palo Alto Networks Inc,0001327567,2019-09-04,2019-09-04,8-K,,submissions
0001193125-19-192415,Palo Alto Networks Inc,0001327567,2019-07-11,2019-07-10,8-K,,submissions
0001327567-19-000014,Palo Alto Networks Inc,0001327567,2019-05-29,2019-05-29,8-K,,submissions
0001327567-19-000011,Palo Alto Networks Inc,0001327567,2019-04-15,2019-04-09,8-K,,submissions
0001193125-19-094613,Palo Alto Networks Inc,0001327567,2019-04-01,2019-04-01,8-K,,submissions
0001327567-19-000006,Palo Alto Networks Inc,0001327567,2019-02-26,2019-02-22,8-K,,submissions
0001327567-19-000003,Palo Alto Networks Inc,0001327567,2019-02-19,2019-02-18,8-K,,submissions
0001193125-23-294930,PFIZER INC,0000078003,2023-12-14,2023-12-14,8-K,,submissions
0000078003-23-000120,PFIZER INC,0000078003,2023-12-13,2023-12-13,8-K,,submissions
0000078003-23-000118,PFIZER INC,0000078003,2023-12-12,2023-12-07,8-K,,submissions
0000078003-23-000111,PFIZER INC,0000078003,2023-10-31,2023-10-31,8-K,,submissions
0000078003-23-000099,PFIZER INC,0000078003,2023-10-13,2023-10-13,8-K,,submissions
0000078003-23-000085,PFIZER INC,0000078003,2023-08-01,2023-08-01,8-K,,submissions
0000078003-23-000081,PFIZER INC,0000078003,2023-07-27,2023-07-21,8-K,,submissions
0001193125-23-149364,PFIZER INC,0000078003,2023-05-19,2023-05-16,8-K,,submissions
0001193125-23-144089,PFIZER INC,0000078003,2023-05-15,2023-05-12,8-K,,submissions
0001628280-23-014759,PFIZER INC,0000078003,2023-05-02,2023-05-02,8-K,,submissions
0001628280-23-014368,PFIZER INC,0000078003,2023-05-01,2023-04-27,8-K,,submissions
0001193125-23-068538,PFIZER INC,0000078003,2023-03-13,2023-03-12,8-K,,submissions
0000078003-23-000019,PFIZER INC,0000078003,2023-02-21,2023-02-21,8-K,,submissions
0000078003-23-000004,PFIZER INC,0000078003,2023-01-31,2023-01-31,8-K,,submissions
0000078003-22-000107,PFIZER INC,0000078003,2022-12-13,2022-12-09,8-K,,submissions
0000078003-22-000098,PFIZER INC,0000078003,2022-11-01,2022-11-01,8-K,,submissions
0000078003-22-000091,PFIZER INC,0000078003,2022-07-28,2022-07-28,8-K,,submissions
0001193125-22-145661,PFIZER INC,0000078003,2022-05-10,2022-05-09,8-K,,submissions
0000078003-22-000068,PFIZER INC,0000078003,2022-05-03,2022-05-03,8-K,,submissions
0000078003-22-000066,PFIZER INC,0000078003,2022-05-02,2022-04-28,8-K,,submissions
0000078003-22-000062,PFIZER INC,0000078003,2022-04-20,2022-04-20,8-K,,submissions
0000078003-22-000057,PFIZER INC,0000078003,2022-04-12,2022-04-11,8-K,,submissions
0001193125-22-088144,PFIZER INC,0000078003,2022-03-29,2022-03-24,8-K,,submissions
0000078003-22-000003,PFIZER INC,0000078003,2022-02-08,2022-02-08,8-K,,submissions
0000078003-21-000118,PFIZER INC,0000078003,2021-12-15,2021-12-09,8-K,,submissions
0000078003-21-000114,PFIZER INC,0000078003,2021-11-19,2021-11-15,8-K,,submissions
0000078003-21-000104,PFIZER INC,0000078003,2021-11-02,2021-11-02,8-K,,submissions
0001193125-21-250347,PFIZER INC,0000078003,2021-08-18,2021-08-16,8-K,,submissions
0000078003-21-000090,PFIZER INC,0000078003,2021-07-28,2021-07-28,8-K,,submissions
0000078003-21-000087,PFIZER INC,0000078003,2021-07-09,2021-07-06,8-K,,submissions
0000078003-21-000062,PFIZER INC,0000078003,2021-05-04,2021-05-04,8-K,,submissions
0000078003-21-000059,PFIZER INC,0000078003,2021-04-26,2021-04-22,8-K,,submissions
0000078003-21-000003,PFIZER INC,0000078003,2021-02-02,2021-02-02,8-K,,submissions
0001193125-21-006923,PFIZER INC,0000078003,2021-01-12,2021-01-12,8-K,,submissions
0001193125-20-317074,PFIZER INC,0000078003,2020-12-14,2020-12-14,8-K,,submissions
0001193125-20-298356,PFIZER INC,0000078003,2020-11-20,2020-11-16,8-K,,submissions
0001193125-20-296989,PFIZER INC,0000078003,2020-11-18,2020-11-18,8-K,,submissions
0001193125-20-294847,PFIZER INC,0000078003,2020-11-16,2020-11-16,8-K,,submissions
0001193125-20-293176,PFIZER INC,0000078003,2020-11-13,2020-11-12,8-K,,submissions
0001193125-20-286896,PFIZER INC,0000078003,2020-11-05,2020-11-05,8-K,,submissions
0001193125-20-282739,PFIZER INC,0000078003,2020-10-30,2020-10-30,8-K,,submissions
0000078003-20-000065,PFIZER INC,0000078003,2020-10-27,2020-10-27,8-K,,submissions
0001193125-20-212094,PFIZER INC,0000078003,2020-08-06,2020-08-06,8-K,,submissions
0000078003-20-000056,PFIZER INC,0000078003,2020-07-28,2020-07-28,8-K,,submissions
0001193125-20-181098,PFIZER INC,0000078003,2020-06-26,2020-06-22,8-K,,submissions
0001193125-20-157434,PFIZER INC,0000078003,2020-06-01,2020-05-29,8-K,,submissions
0001193125-20-154311,PFIZER INC,0000078003,2020-05-28,2020-05-28,8-K,,submissions
0001193125-20-150192,PFIZER INC,0000078003,2020-05-22,2020-05-22,8-K,,submissions
0001193125-20-146185,PFIZER INC,0000078003,2020-05-19,2020-05-18,8-K,,submissions
0000078003-20-000034,PFIZER INC,0000078003,2020-04-28,2020-04-28,8-K,,submissions
0000078003-20-000031,PFIZER INC,0000078003,2020-04-24,2020-04-23,8-K,,submissions
0000078003-20-000029,PFIZER INC,0000078003,2020-04-02,2020-04-01,8-K,,submissions
0000930413-20-000918,PFIZER INC,0000078003,2020-03-27,2020-03-25,8-K,,submissions
0000078003-20-000021,PFIZER INC,0000078003,2020-03-04,2020-03-03,8-K,,submissions
0000078003-20-000019,PFIZER INC,0000078003,2020-03-02,2020-02-27,8-K,,submissions
0000078003-20-000016,PFIZER INC,0000078003,2020-02-28,2020-02-27,8-K,,submissions
0000078003-20-000006,PFIZER INC,0000078003,2020-02-11,2020-02-11,8-K,,submissions
0000078003-20-000003,PFIZER INC,0000078003,2020-01-28,2020-01-28,8-K,,submissions
0001193125-19-319205,PFIZER INC,0000078003,2019-12-19,2019-12-13,8-K,,submissions
0000078003-19-000079,PFIZER INC,0000078003,2019-10-29,2019-10-29,8-K,,submissions
0000078003-19-000074,PFIZER INC,0000078003,2019-09-27,2019-09-24,8-K,,submissions
0000078003-19-000057,PFIZER INC,0000078003,2019-08-05,2019-07-31,8-K,,submissions
0000078003-19-000053,PFIZER INC,0000078003,2019-07-29,2019-07-29,8-K,,submissions
0000078003-19-000049,PFIZER INC,0000078003,2019-06-27,2019-06-27,8-K,,submissions
0001193125-19-174220,PFIZER INC,0000078003,2019-06-17,2019-06-14,8-K,,submissions
0000078003-19-000021,PFIZER INC,0000078003,2019-04-30,2019-04-30,8-K,,submissions
0000078003-19-000018,PFIZER INC,0000078003,2019-04-29,2019-04-25,8-K,,submissions
0001193125-19-070967,PFIZER INC,0000078003,2019-03-11,2019-03-11,8-K,,submissions
0001193125-19-065693,PFIZER INC,0000078003,2019-03-06,2019-03-04,8-K,,submissions
0000078003-19-000004,PFIZER INC,0000078003,2019-01-29,2019-01-29,8-K,,submissions
0000950170-23-057416,PTC INC.,0000857005,2023-11-01,2023-11-01,8-K,,submissions
0001193125-23-204952,PTC INC.,0000857005,2023-08-07,2023-08-01,8-K,,submissions
0001193125-23-199982,PTC INC.,0000857005,2023-08-01,2023-08-01,8-K,,submissions
0001193125-23-194613,PTC INC.,0000857005,2023-07-26,2023-07-23,8-K,,submissions
0000950170-23-034716,PTC INC.,0000857005,2023-07-26,2023-07-26,8-K,,submissions
0000950170-23-026350,PTC INC.,0000857005,2023-06-05,2023-06-01,8-K,,submissions
0000950170-23-014776,PTC INC.,0000857005,2023-04-26,2023-04-26,8-K,,submissions
0000950170-23-003309,PTC INC.,0000857005,2023-02-21,2023-02-16,8-K,,submissions
0000950170-23-001593,PTC INC.,0000857005,2023-02-01,2023-02-01,8-K,,submissions
0000950170-23-000061,PTC INC.,0000857005,2023-01-03,2023-01-03,8-K,,submissions
0001193125-22-287299,PTC INC.,0000857005,2022-11-17,2022-11-17,8-K,,submissions
0000950170-22-021176,PTC INC.,0000857005,2022-11-02,2022-11-02,8-K,,submissions
0000950170-22-013206,PTC INC.,0000857005,2022-07-27,2022-07-27,8-K,,submissions
0001564590-22-021174,PTC INC.,0000857005,2022-05-24,2022-05-18,8-K,,submissions
0001564590-22-017223,PTC INC.,0000857005,2022-05-03,2022-04-29,8-K,,submissions
0001564590-22-016065,PTC INC.,0000857005,2022-04-27,2022-04-27,8-K,,submissions
0001564590-22-014784,PTC INC.,0000857005,2022-04-20,2022-04-19,8-K,,submissions
0001564590-22-010453,PTC INC.,0000857005,2022-03-15,2022-03-12,8-K,,submissions
0001564590-22-004006,PTC INC.,0000857005,2022-02-07,2022-01-31,8-K,,submissions
0001564590-22-002465,PTC INC.,0000857005,2022-01-26,2022-01-26,8-K,,submissions
0001564590-21-060156,PTC INC.,0000857005,2021-12-13,2021-12-13,8-K,,submissions
0001564590-21-053935,PTC INC.,0000857005,2021-11-03,2021-11-03,8-K,,submissions
0001564590-21-038615,PTC INC.,0000857005,2021-07-28,2021-07-28,8-K,,submissions
0001564590-21-034598,PTC INC.,0000857005,2021-06-25,2021-06-24,8-K,,submissions
0001564590-21-033368,PTC INC.,0000857005,2021-06-17,2021-06-11,8-K,,submissions
0001564590-21-027521,PTC INC.,0000857005,2021-05-13,2021-05-11,8-K,,submissions
0001564590-21-021324,PTC INC.,0000857005,2021-04-28,2021-04-28,8-K,,submissions
0001564590-21-020886,PTC INC.,0000857005,2021-04-27,2021-04-21,8-K,,submissions
0001564590-21-005303,PTC INC.,0000857005,2021-02-10,2021-02-10,8-K,,submissions
0001564590-21-002596,PTC INC.,0000857005,2021-01-27,2021-01-27,8-K,,submissions
0001564590-21-001627,PTC INC.,0000857005,2021-01-20,2021-01-13,8-K,,submissions
0001564590-21-001398,PTC INC.,0000857005,2021-01-19,2021-01-15,8-K,,submissions
0001564590-21-001283,PTC INC.,0000857005,2021-01-15,2021-01-15,8-K,,submissions
0001564590-20-057043,PTC INC.,0000857005,2020-12-15,2020-12-15,8-K,,submissions
0001564590-20-056942,PTC INC.,0000857005,2020-12-14,2020-12-12,8-K,,submissions
0001564590-20-052760,PTC INC.,0000857005,2020-11-10,2020-11-10,8-K,,submissions
0001564590-20-050043,PTC INC.,0000857005,2020-11-03,2020-11-03,8-K,,submissions
0001564590-20-048347,PTC INC.,0000857005,2020-10-28,2020-10-28,8-K,,submissions
0001564590-20-048319,PTC INC.,0000857005,2020-10-28,2020-10-28,8-K,,submissions
0001564590-20-045937,PTC INC.,0000857005,2020-10-06,2020-09-30,8-K,,submissions
0001654954-20-009971,PTC INC.,0000857005,2020-09-10,2020-09-10,8-K,,submissions
0001564590-20-034318,PTC INC.,0000857005,2020-07-29,2020-07-29,8-K,,submissions
0001564590-20-032044,PTC INC.,0000857005,2020-07-08,2020-07-08,8-K,,submissions
0000857005-20-000021,PTC INC.,0000857005,2020-05-15,2020-05-15,8-K,,submissions
0000857005-20-000013,PTC INC.,0000857005,2020-04-29,2020-04-29,8-K,,submissions
0001654954-20-003607,PTC INC.,0000857005,2020-03-31,2020-03-25,8-K,,submissions
0001654954-20-003215,PTC INC.,0000857005,2020-03-25,2020-03-25,8-K,,submissions
0001654954-20-002442,PTC INC.,0000857005,2020-03-10,2020-03-10,8-K,,submissions
0001193125-20-035604,PTC INC.,0000857005,2020-02-13,2020-02-12,8-K,,submissions
0001193125-20-019839,PTC INC.,0000857005,2020-01-30,2020-01-29,8-K,,submissions
0000857005-20-000003,PTC INC.,0000857005,2020-01-22,2020-01-22,8-K,,submissions
0000857005-19-000042,PTC INC.,0000857005,2019-11-18,2019-11-17,8-K,,submissions
0000857005-19-000036,PTC INC.,0000857005,2019-11-13,2019-11-13,8-K,,submissions
0000857005-19-000033,PTC INC.,0000857005,2019-11-07,2019-11-01,8-K,,submissions
0000857005-19-000021,PTC INC.,0000857005,2019-10-23,2019-10-23,8-K,,submissions
0000857005-19-000020,PTC INC.,0000857005,2019-10-23,2019-10-23,8-K,,submissions
0001654954-19-010340,PTC INC.,0000857005,2019-09-04,2019-09-04,8-K,,submissions
0001654954-19-008466,PTC INC.,0000857005,2019-07-24,2019-07-24,8-K,,submissions
0001654954-19-007165,PTC INC.,0000857005,2019-06-11,2019-06-11,8-K,,submissions
0001654954-19-004924,PTC INC.,0000857005,2019-04-29,2019-04-29,8-K,,submissions
0001654954-19-004732,PTC INC.,0000857005,2019-04-24,2019-04-24,8-K,,submissions
0001654954-19-004593,PTC INC.,0000857005,2019-04-19,2019-04-15,8-K,,submissions
0001654954-19-002484,PTC INC.,0000857005,2019-03-08,2019-03-06,8-K,,submissions
0001654954-19-000702,PTC INC.,0000857005,2019-01-23,2019-01-16,8-K,,submissions
0000857005-19-000003,PTC INC.,0000857005,2019-01-23,2019-01-23,8-K,,submissions
0000804328-23-000054,QUALCOMM INC/DE,0000804328,2023-11-01,2023-11-01,8-K,,submissions
0000804328-23-000042,QUALCOMM INC/DE,0000804328,2023-08-02,2023-08-02,8-K,,submissions
0000804328-23-000033,QUALCOMM INC/DE,0000804328,2023-07-21,2023-07-18,8-K,,submissions
0000804328-23-000022,QUALCOMM INC/DE,0000804328,2023-05-03,2023-05-03,8-K,,submissions
0000804328-23-000014,QUALCOMM INC/DE,0000804328,2023-03-09,2023-03-08,8-K,,submissions
0000804328-23-000005,QUALCOMM INC/DE,0000804328,2023-02-02,2023-02-02,8-K,,submissions
0001728949-22-000041,QUALCOMM INC/DE,0000804328,2022-12-08,2022-12-05,8-K,,submissions
0001104659-22-116535,QUALCOMM INC/DE,0000804328,2022-11-09,2022-11-07,8-K,,submissions
0000804328-22-000020,QUALCOMM INC/DE,0000804328,2022-11-02,2022-11-02,8-K,,submissions
0001728949-22-000039,QUALCOMM INC/DE,0000804328,2022-07-27,2022-07-27,8-K,,submissions
0001104659-22-057562,QUALCOMM INC/DE,0000804328,2022-05-09,2022-05-05,8-K,,submissions
0001728949-22-000025,QUALCOMM INC/DE,0000804328,2022-04-27,2022-04-27,8-K,,submissions
0001728949-22-000016,QUALCOMM INC/DE,0000804328,2022-03-14,2022-03-09,8-K,,submissions
0001728949-22-000011,QUALCOMM INC/DE,0000804328,2022-02-02,2022-02-02,8-K,,submissions
0001728949-21-000075,QUALCOMM INC/DE,0000804328,2021-11-03,2021-11-03,8-K,,submissions
0001104659-21-122578,QUALCOMM INC/DE,0000804328,2021-10-04,2021-10-04,8-K,,submissions
0001728949-21-000065,QUALCOMM INC/DE,0000804328,2021-07-28,2021-07-28,8-K,,submissions
0001728949-21-000055,QUALCOMM INC/DE,0000804328,2021-07-23,2021-07-20,8-K,,submissions
0001728949-21-000048,QUALCOMM INC/DE,0000804328,2021-05-21,2021-05-18,8-K,,submissions
0001728949-21-000042,QUALCOMM INC/DE,0000804328,2021-04-28,2021-04-28,8-K,,submissions
0001628280-21-004741,QUALCOMM INC/DE,0000804328,2021-03-15,2021-03-10,8-K,,submissions
0001728949-21-000021,QUALCOMM INC/DE,0000804328,2021-02-03,2021-02-03,8-K,,submissions
0001728949-21-000009,QUALCOMM INC/DE,0000804328,2021-01-13,2021-01-12,8-K,,submissions
0001728949-21-000004,QUALCOMM INC/DE,0000804328,2021-01-08,2021-01-04,8-K,,submissions
0001104659-20-134200,QUALCOMM INC/DE,0000804328,2020-12-10,2020-12-08,8-K,,submissions
0001728949-20-000070,QUALCOMM INC/DE,0000804328,2020-11-19,2020-11-18,8-K,,submissions
0001728949-20-000066,QUALCOMM INC/DE,0000804328,2020-11-04,2020-11-04,8-K,,submissions
0001104659-20-096322,QUALCOMM INC/DE,0000804328,2020-08-18,2020-08-14,8-K,,submissions
0001104659-20-090597,QUALCOMM INC/DE,0000804328,2020-08-05,2020-08-05,8-K,,submissions
0001728949-20-000056,QUALCOMM INC/DE,0000804328,2020-07-29,2020-07-29,8-K,,submissions
0001728949-20-000047,QUALCOMM INC/DE,0000804328,2020-07-24,2020-07-21,8-K,,submissions
0001104659-20-058923,QUALCOMM INC/DE,0000804328,2020-05-11,2020-05-06,8-K,,submissions
0001728949-20-000037,QUALCOMM INC/DE,0000804328,2020-05-04,2020-05-04,8-K,,submissions
0001728949-20-000030,QUALCOMM INC/DE,0000804328,2020-04-29,2020-04-29,8-K,,submissions
0001728949-20-000015,QUALCOMM INC/DE,0000804328,2020-03-13,2020-03-10,8-K,,submissions
0001728949-20-000010,QUALCOMM INC/DE,0000804328,2020-02-05,2020-02-05,8-K,,submissions
0001728949-19-000074,QUALCOMM INC/DE,0000804328,2019-11-06,2019-10-31,8-K,,submissions
0001728949-19-000071,QUALCOMM INC/DE,0000804328,2019-11-06,2019-11-06,8-K,,submissions
0001728949-19-000058,QUALCOMM INC/DE,0000804328,2019-08-28,2019-08-22,8-K,,submissions
0001728949-19-000053,QUALCOMM INC/DE,0000804328,2019-07-31,2019-07-31,8-K,,submissions
0001728949-19-000044,QUALCOMM INC/DE,0000804328,2019-05-10,2019-05-06,8-K,,submissions
0001728949-19-000034,QUALCOMM INC/DE,0000804328,2019-05-01,2019-05-01,8-K,,submissions
0001728949-19-000026,QUALCOMM INC/DE,0000804328,2019-04-16,2019-04-16,8-K,,submissions
0001728949-19-000020,QUALCOMM INC/DE,0000804328,2019-04-05,2019-04-01,8-K,,submissions
0001728949-19-000016,QUALCOMM INC/DE,0000804328,2019-03-15,2019-03-12,8-K,,submissions
0001728949-19-000011,QUALCOMM INC/DE,0000804328,2019-01-30,2019-01-30,8-K,,submissions
0001022079-23-000172,QUEST DIAGNOSTICS INC,0001022079,2023-11-01,2023-10-30,8-K,,submissions
0001022079-23-000154,QUEST DIAGNOSTICS INC,0001022079,2023-10-24,2023-10-24,8-K,,submissions
0001022079-23-000147,QUEST DIAGNOSTICS INC,0001022079,2023-09-29,2023-09-28,8-K,,submissions
0001022079-23-000131,QUEST DIAGNOSTICS INC,0001022079,2023-07-26,2023-07-26,8-K,,submissions
0001022079-23-000104,QUEST DIAGNOSTICS INC,0001022079,2023-05-19,2023-05-17,8-K,,submissions
0001022079-23-000091,QUEST DIAGNOSTICS INC,0001022079,2023-04-27,2023-04-27,8-K,,submissions
0000947871-23-000333,QUEST DIAGNOSTICS INC,0001022079,2023-03-17,2023-03-16,8-K,,submissions
0001022079-23-000056,QUEST DIAGNOSTICS INC,0001022079,2023-03-07,2023-03-03,8-K,,submissions
0001022079-23-000006,QUEST DIAGNOSTICS INC,0001022079,2023-02-02,2023-02-02,8-K,,submissions
0001022079-22-000157,QUEST DIAGNOSTICS INC,0001022079,2022-11-18,2022-11-14,8-K,,submissions
0001022079-22-000150,QUEST DIAGNOSTICS INC,0001022079,2022-11-01,2022-10-31,8-K,,submissions
0001022079-22-000146,QUEST DIAGNOSTICS INC,0001022079,2022-10-28,2022-10-28,8-K,,submissions
0001022079-22-000136,QUEST DIAGNOSTICS INC,0001022079,2022-10-20,2022-10-20,8-K,,submissions
0001022079-22-000118,QUEST DIAGNOSTICS INC,0001022079,2022-07-21,2022-07-21,8-K,,submissions
0001022079-22-000107,QUEST DIAGNOSTICS INC,0001022079,2022-06-14,2022-06-08,8-K,,submissions
0001022079-22-000100,QUEST DIAGNOSTICS INC,0001022079,2022-05-25,2022-05-20,8-K,,submissions
0000947871-22-000627,QUEST DIAGNOSTICS INC,0001022079,2022-05-20,2022-05-19,8-K,,submissions
0001022079-22-000079,QUEST DIAGNOSTICS INC,0001022079,2022-05-20,2022-05-18,8-K,,submissions
0001022079-22-000071,QUEST DIAGNOSTICS INC,0001022079,2022-04-21,2022-04-21,8-K,,submissions
0001022079-22-000048,QUEST DIAGNOSTICS INC,0001022079,2022-03-02,2022-02-24,8-K,,submissions
0001022079-22-000046,QUEST DIAGNOSTICS INC,0001022079,2022-03-01,2022-02-24,8-K,,submissions
0000947871-22-000132,QUEST DIAGNOSTICS INC,0001022079,2022-02-03,2022-02-03,8-K,,submissions
0001022079-22-000008,QUEST DIAGNOSTICS INC,0001022079,2022-02-03,2022-02-03,8-K,,submissions
0001022079-22-000005,QUEST DIAGNOSTICS INC,0001022079,2022-01-12,2022-01-12,8-K,,submissions
0001022079-21-000139,QUEST DIAGNOSTICS INC,0001022079,2021-10-21,2021-10-21,8-K,,submissions
0000947871-21-001054,QUEST DIAGNOSTICS INC,0001022079,2021-10-08,2021-10-08,8-K,,submissions
0001022079-21-000133,QUEST DIAGNOSTICS INC,0001022079,2021-09-09,2021-09-09,8-K,,submissions
0001022079-21-000128,QUEST DIAGNOSTICS INC,0001022079,2021-08-18,2021-08-16,8-K,,submissions
0001022079-21-000122,QUEST DIAGNOSTICS INC,0001022079,2021-08-17,2021-08-16,8-K,,submissions
0001022079-21-000107,QUEST DIAGNOSTICS INC,0001022079,2021-07-22,2021-07-22,8-K,,submissions
0001022079-21-000097,QUEST DIAGNOSTICS INC,0001022079,2021-05-25,2021-05-21,8-K,,submissions
0001022079-21-000073,QUEST DIAGNOSTICS INC,0001022079,2021-04-28,2021-04-28,8-K,,submissions
0001022079-21-000067,QUEST DIAGNOSTICS INC,0001022079,2021-04-22,2021-04-22,8-K,,submissions
0000947871-21-000317,QUEST DIAGNOSTICS INC,0001022079,2021-03-11,2021-03-11,8-K,,submissions
0000947871-21-000262,QUEST DIAGNOSTICS INC,0001022079,2021-02-23,2021-02-17,8-K,,submissions
0000947871-21-000258,QUEST DIAGNOSTICS INC,0001022079,2021-02-23,2021-02-23,8-K,,submissions
0001022079-21-000010,QUEST DIAGNOSTICS INC,0001022079,2021-02-04,2021-02-04,8-K,,submissions
0001022079-20-000198,QUEST DIAGNOSTICS INC,0001022079,2020-12-16,2020-12-16,8-K,,submissions
0001022079-20-000190,QUEST DIAGNOSTICS INC,0001022079,2020-11-19,2020-11-18,8-K,,submissions
0001022079-20-000180,QUEST DIAGNOSTICS INC,0001022079,2020-10-22,2020-10-22,8-K,,submissions
0001022079-20-000167,QUEST DIAGNOSTICS INC,0001022079,2020-09-10,2020-09-10,8-K,,submissions
0001022079-20-000162,QUEST DIAGNOSTICS INC,0001022079,2020-08-25,2020-08-24,8-K,,submissions
0001022079-20-000156,QUEST DIAGNOSTICS INC,0001022079,2020-07-23,2020-07-23,8-K,,submissions
0001022079-20-000151,QUEST DIAGNOSTICS INC,0001022079,2020-07-13,2020-07-13,8-K,,submissions
0001022079-20-000138,QUEST DIAGNOSTICS INC,0001022079,2020-06-24,2020-06-19,8-K,,submissions
0001022079-20-000132,QUEST DIAGNOSTICS INC,0001022079,2020-06-03,2020-06-03,8-K,,submissions
0001022079-20-000120,QUEST DIAGNOSTICS INC,0001022079,2020-05-21,2020-05-19,8-K,,submissions
0000947871-20-000458,QUEST DIAGNOSTICS INC,0001022079,2020-05-13,2020-05-11,8-K,,submissions
0000947871-20-000426,QUEST DIAGNOSTICS INC,0001022079,2020-05-04,2020-05-04,8-K,,submissions
0001022079-20-000099,QUEST DIAGNOSTICS INC,0001022079,2020-04-22,2020-04-22,8-K,,submissions
0000947871-20-000380,QUEST DIAGNOSTICS INC,0001022079,2020-04-13,2020-04-13,8-K,,submissions
0001022079-20-000091,QUEST DIAGNOSTICS INC,0001022079,2020-03-31,2020-03-31,8-K,,submissions
0001022079-20-000083,QUEST DIAGNOSTICS INC,0001022079,2020-03-16,2020-03-12,8-K,,submissions
0001022079-20-000011,QUEST DIAGNOSTICS INC,0001022079,2020-01-30,2020-01-30,8-K,,submissions
0000947871-19-000973,QUEST DIAGNOSTICS INC,0001022079,2019-12-17,2019-12-16,8-K,,submissions
0000947871-19-000957,QUEST DIAGNOSTICS INC,0001022079,2019-12-12,2019-12-09,8-K,,submissions
0001022079-19-000189,QUEST DIAGNOSTICS INC,0001022079,2019-11-21,2019-11-19,8-K,,submissions
0001022079-19-000180,QUEST DIAGNOSTICS INC,0001022079,2019-10-22,2019-10-22,8-K,,submissions
0001022079-19-000161,QUEST DIAGNOSTICS INC,0001022079,2019-07-23,2019-07-23,8-K,,submissions
0000947871-19-000415,QUEST DIAGNOSTICS INC,0001022079,2019-06-03,2019-06-03,8-K,,submissions
0001022079-19-000144,QUEST DIAGNOSTICS INC,0001022079,2019-05-17,2019-05-13,8-K,,submissions
0001022079-19-000122,QUEST DIAGNOSTICS INC,0001022079,2019-04-29,2019-04-24,8-K,,submissions
0001022079-19-000113,QUEST DIAGNOSTICS INC,0001022079,2019-04-23,2019-04-23,8-K,,submissions
0001022079-19-000098,QUEST DIAGNOSTICS INC,0001022079,2019-04-01,2019-04-01,8-K,,submissions
0000947871-19-000202,QUEST DIAGNOSTICS INC,0001022079,2019-03-12,2019-03-12,8-K,,submissions
0000947871-19-000180,QUEST DIAGNOSTICS INC,0001022079,2019-03-04,2019-03-04,8-K,,submissions
0001022079-19-000032,QUEST DIAGNOSTICS INC,0001022079,2019-02-22,2019-02-18,8-K,,submissions
0001022079-19-000007,QUEST DIAGNOSTICS INC,0001022079,2019-02-14,2019-02-14,8-K,,submissions
0001804220-23-000029,"REGENERON PHARMACEUTICALS, INC.",0000872589,2023-11-02,2023-11-02,8-K,,submissions
0001104659-23-107161,"REGENERON PHARMACEUTICALS, INC.",0000872589,2023-10-05,2023-10-05,8-K,,submissions
0001104659-23-099345,"REGENERON PHARMACEUTICALS, INC.",0000872589,2023-09-08,2023-09-01,8-K,,submissions
0001804220-23-000021,"REGENERON PHARMACEUTICALS, INC.",0000872589,2023-08-03,2023-08-03,8-K,,submissions
0001104659-23-071187,"REGENERON PHARMACEUTICALS, INC.",0000872589,2023-06-14,2023-06-09,8-K,,submissions
0001804220-23-000015,"REGENERON PHARMACEUTICALS, INC.",0000872589,2023-05-04,2023-05-04,8-K,,submissions
0001104659-23-045897,"REGENERON PHARMACEUTICALS, INC.",0000872589,2023-04-17,2023-04-14,8-K,,submissions
0001104659-23-043287,"REGENERON PHARMACEUTICALS, INC.",0000872589,2023-04-10,2023-04-10,8-K,,submissions
0001104659-23-038299,"REGENERON PHARMACEUTICALS, INC.",0000872589,2023-03-29,2023-03-27,8-K,,submissions
0001804220-23-000005,"REGENERON PHARMACEUTICALS, INC.",0000872589,2023-02-03,2023-02-03,8-K,,submissions
0001104659-23-002091,"REGENERON PHARMACEUTICALS, INC.",0000872589,2023-01-09,2023-01-09,8-K,,submissions
0001104659-22-128613,"REGENERON PHARMACEUTICALS, INC.",0000872589,2022-12-20,2022-12-19,8-K,,submissions
0001804220-22-000029,"REGENERON PHARMACEUTICALS, INC.",0000872589,2022-11-03,2022-11-03,8-K,,submissions
0001104659-22-104901,"REGENERON PHARMACEUTICALS, INC.",0000872589,2022-10-03,2022-10-03,8-K,,submissions
0001804220-22-000020,"REGENERON PHARMACEUTICALS, INC.",0000872589,2022-08-03,2022-08-03,8-K,,submissions
0001104659-22-071446,"REGENERON PHARMACEUTICALS, INC.",0000872589,2022-06-15,2022-06-10,8-K,,submissions
0001104659-22-067375,"REGENERON PHARMACEUTICALS, INC.",0000872589,2022-06-02,2022-06-01,8-K,,submissions
0001804220-22-000013,"REGENERON PHARMACEUTICALS, INC.",0000872589,2022-05-04,2022-05-04,8-K,,submissions
0001104659-22-031232,"REGENERON PHARMACEUTICALS, INC.",0000872589,2022-03-08,2022-03-02,8-K,,submissions
0001804220-22-000004,"REGENERON PHARMACEUTICALS, INC.",0000872589,2022-02-04,2022-02-04,8-K,,submissions
0001104659-22-002403,"REGENERON PHARMACEUTICALS, INC.",0000872589,2022-01-10,2022-01-10,8-K,,submissions
0001804220-21-000031,"REGENERON PHARMACEUTICALS, INC.",0000872589,2021-11-04,2021-11-04,8-K,,submissions
0001104659-21-116352,"REGENERON PHARMACEUTICALS, INC.",0000872589,2021-09-16,2021-09-14,8-K,,submissions
0001804220-21-000023,"REGENERON PHARMACEUTICALS, INC.",0000872589,2021-08-05,2021-08-05,8-K,,submissions
0001104659-21-082035,"REGENERON PHARMACEUTICALS, INC.",0000872589,2021-06-16,2021-06-11,8-K,,submissions
0001804220-21-000015,"REGENERON PHARMACEUTICALS, INC.",0000872589,2021-05-06,2021-05-06,8-K,,submissions
0001804220-21-000006,"REGENERON PHARMACEUTICALS, INC.",0000872589,2021-02-05,2021-02-05,8-K,,submissions
0001104659-21-004699,"REGENERON PHARMACEUTICALS, INC.",0000872589,2021-01-15,2021-01-12,8-K,,submissions
0001104659-21-002614,"REGENERON PHARMACEUTICALS, INC.",0000872589,2021-01-11,2021-01-11,8-K,,submissions
0001104659-21-000538,"REGENERON PHARMACEUTICALS, INC.",0000872589,2021-01-05,2020-12-31,8-K,,submissions
0001804220-20-000028,"REGENERON PHARMACEUTICALS, INC.",0000872589,2020-11-05,2020-11-05,8-K,,submissions
0001104659-20-096661,"REGENERON PHARMACEUTICALS, INC.",0000872589,2020-08-19,2020-08-18,8-K,,submissions
0001104659-20-093924,"REGENERON PHARMACEUTICALS, INC.",0000872589,2020-08-12,2020-08-07,8-K,,submissions
0001804220-20-000020,"REGENERON PHARMACEUTICALS, INC.",0000872589,2020-08-05,2020-08-05,8-K,,submissions
0001104659-20-081559,"REGENERON PHARMACEUTICALS, INC.",0000872589,2020-07-07,2020-07-06,8-K,,submissions
0001104659-20-073794,"REGENERON PHARMACEUTICALS, INC.",0000872589,2020-06-16,2020-06-12,8-K,,submissions
0001104659-20-067752,"REGENERON PHARMACEUTICALS, INC.",0000872589,2020-05-29,2020-05-25,8-K,,submissions
0001804220-20-000009,"REGENERON PHARMACEUTICALS, INC.",0000872589,2020-05-05,2020-05-05,8-K,,submissions
0000930413-20-000983,"REGENERON PHARMACEUTICALS, INC.",0000872589,2020-04-07,2020-04-05,8-K,,submissions
0001532176-20-000005,"REGENERON PHARMACEUTICALS, INC.",0000872589,2020-02-06,2020-02-06,8-K,,submissions
0000930413-20-000068,"REGENERON PHARMACEUTICALS, INC.",0000872589,2020-01-13,2020-01-13,8-K,,submissions
0001532176-19-000032,"REGENERON PHARMACEUTICALS, INC.",0000872589,2019-11-05,2019-11-05,8-K,,submissions
0001532176-19-000024,"REGENERON PHARMACEUTICALS, INC.",0000872589,2019-08-06,2019-08-06,8-K,,submissions
0000930413-19-001896,"REGENERON PHARMACEUTICALS, INC.",0000872589,2019-06-19,2019-06-14,8-K,,submissions
0001532176-19-000015,"REGENERON PHARMACEUTICALS, INC.",0000872589,2019-05-07,2019-05-07,8-K,,submissions
0000930413-19-001557,"REGENERON PHARMACEUTICALS, INC.",0000872589,2019-05-03,2019-05-02,8-K,,submissions
0000930413-19-001187,"REGENERON PHARMACEUTICALS, INC.",0000872589,2019-04-10,2019-04-08,8-K,,submissions
0001532176-19-000005,"REGENERON PHARMACEUTICALS, INC.",0000872589,2019-02-06,2019-02-06,8-K,,submissions
0001104659-19-000977,"REGENERON PHARMACEUTICALS, INC.",0000872589,2019-01-07,2019-01-02,8-K,,submissions
0001193125-23-280656,RESMED INC,0000943819,2023-11-20,2023-11-16,8-K,,submissions
0001193125-23-274543,RESMED INC,0000943819,2023-11-09,2023-11-09,8-K,,submissions
0001193125-23-264072,RESMED INC,0000943819,2023-10-26,2023-10-26,8-K,,submissions
0001193125-23-202850,RESMED INC,0000943819,2023-08-03,2023-08-03,8-K,,submissions
0001193125-23-122110,RESMED INC,0000943819,2023-04-27,2023-04-27,8-K,,submissions
0001193125-23-085659,RESMED INC,0000943819,2023-03-30,2023-03-29,8-K,,submissions
0001193125-23-016231,RESMED INC,0000943819,2023-01-26,2023-01-25,8-K,,submissions
0001193125-22-287662,RESMED INC,0000943819,2022-11-17,2022-11-16,8-K,,submissions
0001193125-22-270961,RESMED INC,0000943819,2022-10-27,2022-10-27,8-K,,submissions
0001193125-22-218522,RESMED INC,0000943819,2022-08-11,2022-08-11,8-K,,submissions
0001193125-22-187014,RESMED INC,0000943819,2022-07-01,2022-06-28,8-K,,submissions
0001193125-22-186327,RESMED INC,0000943819,2022-06-30,2022-06-29,8-K,,submissions
0001193125-22-173521,RESMED INC,0000943819,2022-06-14,2022-06-13,8-K,,submissions
0001193125-22-147554,RESMED INC,0000943819,2022-05-11,2022-05-05,8-K,,submissions
0001193125-22-127535,RESMED INC,0000943819,2022-04-28,2022-04-28,8-K,,submissions
0001193125-22-019765,RESMED INC,0000943819,2022-01-27,2022-01-27,8-K,,submissions
0001193125-21-334941,RESMED INC,0000943819,2021-11-19,2021-11-18,8-K,,submissions
0001193125-21-311286,RESMED INC,0000943819,2021-10-28,2021-10-28,8-K,,submissions
0001193125-21-271405,RESMED INC,0000943819,2021-09-13,2021-09-10,8-K,,submissions
0001193125-21-259336,RESMED INC,0000943819,2021-08-27,2021-08-24,8-K,,submissions
0001193125-21-237704,RESMED INC,0000943819,2021-08-05,2021-08-05,8-K,,submissions
0001193125-21-140371,RESMED INC,0000943819,2021-04-29,2021-04-29,8-K,,submissions
0001193125-21-020758,RESMED INC,0000943819,2021-01-28,2021-01-28,8-K,,submissions
0001193125-20-299382,RESMED INC,0000943819,2020-11-20,2020-11-19,8-K,,submissions
0001193125-20-281037,RESMED INC,0000943819,2020-10-29,2020-10-29,8-K,,submissions
0001193125-20-210635,RESMED INC,0000943819,2020-08-05,2020-08-05,8-K,,submissions
0001193125-20-128755,RESMED INC,0000943819,2020-04-30,2020-04-30,8-K,,submissions
0001193125-20-050062,RESMED INC,0000943819,2020-02-26,2020-02-21,8-K,,submissions
0001193125-20-019606,RESMED INC,0000943819,2020-01-30,2020-01-30,8-K,,submissions
0001193125-19-298542,RESMED INC,0000943819,2019-11-22,2019-11-21,8-K,,submissions
0001193125-19-273579,RESMED INC,0000943819,2019-10-24,2019-10-24,8-K,,submissions
0001193125-19-202515,RESMED INC,0000943819,2019-07-25,2019-07-25,8-K,,submissions
0001193125-19-194005,RESMED INC,0000943819,2019-07-15,2019-07-10,8-K,,submissions
0001193125-19-149406,RESMED INC,0000943819,2019-05-16,2019-05-16,8-K,,submissions
0001193125-19-134997,RESMED INC,0000943819,2019-05-02,2019-05-02,8-K,,submissions
0001193125-19-015912,RESMED INC,0000943819,2019-01-24,2019-01-24,8-K,,submissions
0001157523-23-001568,"REVVITY, INC.",0000031791,2023-10-30,2023-10-30,8-K,,submissions
0001157523-23-001197,"REVVITY, INC.",0000031791,2023-08-01,2023-08-01,8-K,,submissions
0001157523-23-000815,"REVVITY, INC.",0000031791,2023-05-11,2023-05-11,8-K,,submissions
0001193125-23-126948,"REVVITY, INC.",0000031791,2023-04-28,2023-04-25,8-K,,submissions
0001193125-23-071549,"REVVITY, INC.",0000031791,2023-03-16,2023-03-11,8-K,,submissions
0001157523-23-000272,"REVVITY, INC.",0000031791,2023-02-14,2023-02-14,8-K,,submissions
0001157523-23-000033,"REVVITY, INC.",0000031791,2023-01-09,2023-01-09,8-K,,submissions
0001157523-22-001552,"REVVITY, INC.",0000031791,2022-11-08,2022-11-08,8-K,,submissions
0001157523-22-001320,"REVVITY, INC.",0000031791,2022-10-17,2022-10-17,8-K,,submissions
0001193125-22-222840,"REVVITY, INC.",0000031791,2022-08-17,2022-08-15,8-K,,submissions
0001193125-22-213623,"REVVITY, INC.",0000031791,2022-08-05,2022-08-01,8-K,,submissions
0001157523-22-000967,"REVVITY, INC.",0000031791,2022-08-01,2022-08-01,8-K,,submissions
0001193125-22-200030,"REVVITY, INC.",0000031791,2022-07-22,2022-07-22,8-K,,submissions
0001157523-22-000546,"REVVITY, INC.",0000031791,2022-05-03,2022-05-03,8-K,,submissions
0001193125-22-133586,"REVVITY, INC.",0000031791,2022-04-29,2022-04-26,8-K,,submissions
0001193125-22-093609,"REVVITY, INC.",0000031791,2022-04-01,2022-03-31,8-K,,submissions
0001157523-22-000130,"REVVITY, INC.",0000031791,2022-02-01,2022-02-01,8-K,,submissions
0001157523-22-000044,"REVVITY, INC.",0000031791,2022-01-11,2022-01-11,8-K,,submissions
0001157523-21-001307,"REVVITY, INC.",0000031791,2021-11-02,2021-11-02,8-K,,submissions
0001193125-21-289807,"REVVITY, INC.",0000031791,2021-10-01,2021-10-01,8-K,,submissions
0001193125-21-277478,"REVVITY, INC.",0000031791,2021-09-21,2021-09-16,8-K,,submissions
0001193125-21-269959,"REVVITY, INC.",0000031791,2021-09-10,2021-09-10,8-K,,submissions
0001193125-21-256291,"REVVITY, INC.",0000031791,2021-08-25,2021-08-24,8-K,,submissions
0001193125-21-244659,"REVVITY, INC.",0000031791,2021-08-12,2021-08-11,8-K,,submissions
0001193125-21-225700,"REVVITY, INC.",0000031791,2021-07-27,2021-07-25,8-K,,submissions
0001157523-21-000916,"REVVITY, INC.",0000031791,2021-07-26,2021-07-26,8-K,,submissions
0001157523-21-000822,"REVVITY, INC.",0000031791,2021-06-24,2021-06-24,8-K,,submissions
0001157523-21-000580,"REVVITY, INC.",0000031791,2021-05-04,2021-05-04,8-K,,submissions
0001193125-21-144984,"REVVITY, INC.",0000031791,2021-04-30,2021-04-27,8-K,,submissions
0001157523-21-000452,"REVVITY, INC.",0000031791,2021-04-13,2021-04-13,8-K,,submissions
0001193125-21-073195,"REVVITY, INC.",0000031791,2021-03-08,2021-03-08,8-K,,submissions
0001157523-21-000129,"REVVITY, INC.",0000031791,2021-02-02,2021-02-02,8-K,,submissions
0001193125-21-006383,"REVVITY, INC.",0000031791,2021-01-11,2021-01-11,8-K,,submissions
0001157523-21-000031,"REVVITY, INC.",0000031791,2021-01-11,2021-01-11,8-K,,submissions
0001193125-21-004219,"REVVITY, INC.",0000031791,2021-01-07,2021-01-07,8-K,,submissions
0001157523-20-001358,"REVVITY, INC.",0000031791,2020-10-28,2020-10-28,8-K,,submissions
0001157523-20-001301,"REVVITY, INC.",0000031791,2020-10-13,2020-10-12,8-K,,submissions
0001157523-20-001049,"REVVITY, INC.",0000031791,2020-07-28,2020-07-28,8-K,,submissions
0001157523-20-000968,"REVVITY, INC.",0000031791,2020-07-13,2020-07-13,8-K,,submissions
0001157523-20-000660,"REVVITY, INC.",0000031791,2020-05-05,2020-05-05,8-K,,submissions
0001193125-20-130958,"REVVITY, INC.",0000031791,2020-05-01,2020-04-28,8-K,,submissions
0001193125-20-094601,"REVVITY, INC.",0000031791,2020-04-01,2020-03-26,8-K,,submissions
0001193125-20-084807,"REVVITY, INC.",0000031791,2020-03-25,2020-03-25,8-K,,submissions
0001193125-20-066255,"REVVITY, INC.",0000031791,2020-03-09,2020-03-09,8-K,,submissions
0001193125-20-058870,"REVVITY, INC.",0000031791,2020-03-02,2020-03-01,8-K,,submissions
0001157523-20-000109,"REVVITY, INC.",0000031791,2020-01-27,2020-01-27,8-K,,submissions
0001157523-19-002138,"REVVITY, INC.",0000031791,2019-10-30,2019-10-30,8-K,,submissions
0001193125-19-246865,"REVVITY, INC.",0000031791,2019-09-17,2019-09-17,8-K,,submissions
0001193125-19-243941,"REVVITY, INC.",0000031791,2019-09-12,2019-09-12,8-K,,submissions
0001193125-19-226118,"REVVITY, INC.",0000031791,2019-08-21,2019-08-21,8-K,,submissions
0001157523-19-001611,"REVVITY, INC.",0000031791,2019-07-29,2019-07-29,8-K,,submissions
0001157523-19-000898,"REVVITY, INC.",0000031791,2019-04-25,2019-04-25,8-K,,submissions
0001193125-19-117178,"REVVITY, INC.",0000031791,2019-04-24,2019-04-23,8-K,,submissions
0001193125-19-105208,"REVVITY, INC.",0000031791,2019-04-12,2019-04-08,8-K,,submissions
0001157523-19-000205,"REVVITY, INC.",0000031791,2019-01-31,2019-01-31,8-K,,submissions
0000882835-23-000048,ROPER TECHNOLOGIES INC,0000882835,2023-10-25,2023-10-25,8-K,,submissions
0000882835-23-000039,ROPER TECHNOLOGIES INC,0000882835,2023-07-21,2023-07-21,8-K,,submissions
0001193125-23-171841,ROPER TECHNOLOGIES INC,0000882835,2023-06-22,2023-06-22,8-K,,submissions
0001193125-23-166923,ROPER TECHNOLOGIES INC,0000882835,2023-06-14,2023-06-13,8-K,,submissions
0000882835-23-000021,ROPER TECHNOLOGIES INC,0000882835,2023-04-27,2023-04-27,8-K,,submissions
0000882835-23-000010,ROPER TECHNOLOGIES INC,0000882835,2023-01-27,2023-01-27,8-K,,submissions
0000882835-22-000076,ROPER TECHNOLOGIES INC,0000882835,2022-11-22,2022-11-22,8-K,,submissions
0001193125-22-285317,ROPER TECHNOLOGIES INC,0000882835,2022-11-15,2022-11-15,8-K,,submissions
0000882835-22-000066,ROPER TECHNOLOGIES INC,0000882835,2022-10-26,2022-10-26,8-K,,submissions
0000882835-22-000063,ROPER TECHNOLOGIES INC,0000882835,2022-10-04,2022-10-04,8-K,,submissions
0001193125-22-233743,ROPER TECHNOLOGIES INC,0000882835,2022-08-30,2022-08-30,8-K,,submissions
0001193125-22-199694,ROPER TECHNOLOGIES INC,0000882835,2022-07-22,2022-07-21,8-K,,submissions
0000882835-22-000056,ROPER TECHNOLOGIES INC,0000882835,2022-07-22,2022-07-22,8-K,,submissions
0000882835-22-000052,ROPER TECHNOLOGIES INC,0000882835,2022-06-30,2022-06-30,8-K,,submissions
0000882835-22-000045,ROPER TECHNOLOGIES INC,0000882835,2022-06-23,2022-06-23,8-K,,submissions
0000882835-22-000043,ROPER TECHNOLOGIES INC,0000882835,2022-06-17,2022-06-15,8-K,,submissions
0001193125-22-164703,ROPER TECHNOLOGIES INC,0000882835,2022-06-01,2022-05-29,8-K,,submissions
0000882835-22-000021,ROPER TECHNOLOGIES INC,0000882835,2022-04-26,2022-04-26,8-K,,submissions
0000882835-22-000017,ROPER TECHNOLOGIES INC,0000882835,2022-03-18,2022-03-17,8-K,,submissions
0000882835-22-000016,ROPER TECHNOLOGIES INC,0000882835,2022-03-17,2022-03-15,8-K,,submissions
0000882835-22-000005,ROPER TECHNOLOGIES INC,0000882835,2022-02-02,2022-02-02,8-K,,submissions
0000882835-21-000058,ROPER TECHNOLOGIES INC,0000882835,2021-10-22,2021-10-21,8-K,,submissions
0000882835-21-000057,ROPER TECHNOLOGIES INC,0000882835,2021-10-22,2021-10-22,8-K,,submissions
0000882835-21-000050,ROPER TECHNOLOGIES INC,0000882835,2021-10-08,2021-10-08,8-K,,submissions
0000882835-21-000048,ROPER TECHNOLOGIES INC,0000882835,2021-10-04,2021-10-01,8-K,,submissions
0000882835-21-000039,ROPER TECHNOLOGIES INC,0000882835,2021-07-23,2021-07-23,8-K,,submissions
0001193125-21-189824,ROPER TECHNOLOGIES INC,0000882835,2021-06-14,2021-06-10,8-K,,submissions
0000882835-21-000016,ROPER TECHNOLOGIES INC,0000882835,2021-04-27,2021-04-27,8-K,,submissions
0000882835-21-000014,ROPER TECHNOLOGIES INC,0000882835,2021-03-22,2021-03-18,8-K,,submissions
0000882835-21-000009,ROPER TECHNOLOGIES INC,0000882835,2021-01-29,2021-01-29,8-K,,submissions
0000882835-21-000004,ROPER TECHNOLOGIES INC,0000882835,2021-01-06,2020-12-31,8-K,,submissions
0000882835-20-000030,ROPER TECHNOLOGIES INC,0000882835,2020-10-27,2020-10-27,8-K,,submissions
0000882835-20-000026,ROPER TECHNOLOGIES INC,0000882835,2020-10-09,2020-10-09,8-K,,submissions
0001193125-20-238787,ROPER TECHNOLOGIES INC,0000882835,2020-09-03,2020-09-02,8-K,,submissions
0001193125-20-236871,ROPER TECHNOLOGIES INC,0000882835,2020-09-01,2020-09-01,8-K,,submissions
0001193125-20-223751,ROPER TECHNOLOGIES INC,0000882835,2020-08-19,2020-08-17,8-K,,submissions
0001193125-20-218831,ROPER TECHNOLOGIES INC,0000882835,2020-08-13,2020-08-12,8-K,,submissions
0000882835-20-000022,ROPER TECHNOLOGIES INC,0000882835,2020-07-28,2020-07-28,8-K,,submissions
0001193125-20-174903,ROPER TECHNOLOGIES INC,0000882835,2020-06-22,2020-06-22,8-K,,submissions
0001193125-20-165722,ROPER TECHNOLOGIES INC,0000882835,2020-06-10,2020-06-08,8-K,,submissions
0000882835-20-000009,ROPER TECHNOLOGIES INC,0000882835,2020-04-28,2020-04-23,8-K,,submissions
0000882835-20-000003,ROPER TECHNOLOGIES INC,0000882835,2020-01-30,2020-01-30,8-K,,submissions
0000882835-19-000051,ROPER TECHNOLOGIES INC,0000882835,2019-11-26,2019-11-26,8-K,,submissions
0000882835-19-000046,ROPER TECHNOLOGIES INC,0000882835,2019-10-24,2019-10-24,8-K,,submissions
0001193125-19-228796,ROPER TECHNOLOGIES INC,0000882835,2019-08-26,2019-08-26,8-K,,submissions
0000882835-19-000042,ROPER TECHNOLOGIES INC,0000882835,2019-08-22,2019-08-22,8-K,,submissions
0000882835-19-000039,ROPER TECHNOLOGIES INC,0000882835,2019-08-19,2019-08-19,8-K,,submissions
0000882835-19-000038,ROPER TECHNOLOGIES INC,0000882835,2019-08-09,2019-08-09,8-K,,submissions
0000882835-19-000034,ROPER TECHNOLOGIES INC,0000882835,2019-07-25,2019-07-25,8-K,,submissions
0000882835-19-000026,ROPER TECHNOLOGIES INC,0000882835,2019-06-13,2019-06-13,8-K,,submissions
0000882835-19-000017,ROPER TECHNOLOGIES INC,0000882835,2019-04-25,2019-04-25,8-K,,submissions
0000882835-19-000013,ROPER TECHNOLOGIES INC,0000882835,2019-03-04,2019-03-04,8-K,,submissions
0000882835-19-000007,ROPER TECHNOLOGIES INC,0000882835,2019-02-01,2019-02-01,8-K,,submissions
0000882835-19-000003,ROPER TECHNOLOGIES INC,0000882835,2019-02-01,2019-02-01,8-K,,submissions
0001108524-23-000046,"Salesforce, Inc.",0001108524,2023-11-29,2023-11-29,8-K,,submissions
0001108524-23-000037,"Salesforce, Inc.",0001108524,2023-08-30,2023-08-30,8-K,,submissions
0001108524-23-000029,"Salesforce, Inc.",0001108524,2023-06-12,2023-06-08,8-K,,submissions
0001108524-23-000021,"Salesforce, Inc.",0001108524,2023-05-31,2023-05-31,8-K,,submissions
0001108524-23-000007,"Salesforce, Inc.",0001108524,2023-03-01,2023-03-01,8-K,,submissions
0001193125-23-017661,"Salesforce, Inc.",0001108524,2023-01-27,2023-01-27,8-K,,submissions
0001108524-23-000003,"Salesforce, Inc.",0001108524,2023-01-04,2023-01-04,8-K,,submissions
0001108524-22-000063,"Salesforce, Inc.",0001108524,2022-12-16,2022-12-15,8-K,,submissions
0001108524-22-000059,"Salesforce, Inc.",0001108524,2022-11-30,2022-11-30,8-K,,submissions
0001108524-22-000058,"Salesforce, Inc.",0001108524,2022-11-30,2022-11-30,8-K,,submissions
0001108524-22-000054,"Salesforce, Inc.",0001108524,2022-11-23,2022-11-21,8-K,,submissions
0001108524-22-000049,"Salesforce, Inc.",0001108524,2022-11-10,2022-11-07,8-K,,submissions
0001108524-22-000047,"Salesforce, Inc.",0001108524,2022-09-21,2022-09-21,8-K,,submissions
0001108524-22-000038,"Salesforce, Inc.",0001108524,2022-08-24,2022-08-24,8-K,,submissions
0001193125-22-214922,"Salesforce, Inc.",0001108524,2022-08-08,2022-08-08,8-K,,submissions
0001108524-22-000030,"Salesforce, Inc.",0001108524,2022-06-13,2022-06-09,8-K,,submissions
0001108524-22-000019,"Salesforce, Inc.",0001108524,2022-05-31,2022-05-31,8-K,,submissions
0001193125-22-094496,"Salesforce, Inc.",0001108524,2022-04-04,2022-04-04,8-K,,submissions
0001108524-22-000010,"Salesforce, Inc.",0001108524,2022-03-01,2022-03-01,8-K,,submissions
0001193125-21-343775,"Salesforce, Inc.",0001108524,2021-11-30,2021-11-23,8-K,,submissions
0001108524-21-000051,"Salesforce, Inc.",0001108524,2021-11-30,2021-11-30,8-K,,submissions
0001193125-21-280853,"Salesforce, Inc.",0001108524,2021-09-24,2021-09-23,8-K,,submissions
0001193125-21-280079,"Salesforce, Inc.",0001108524,2021-09-23,2021-09-23,8-K,,submissions
0001108524-21-000044,"Salesforce, Inc.",0001108524,2021-08-25,2021-08-25,8-K,,submissions
0001108524-21-000042,"Salesforce, Inc.",0001108524,2021-08-18,2021-08-13,8-K,,submissions
0001193125-21-220235,"Salesforce, Inc.",0001108524,2021-07-21,2021-07-21,8-K,,submissions
0001193125-21-218021,"Salesforce, Inc.",0001108524,2021-07-19,2021-07-16,8-K,,submissions
0001193125-21-213170,"Salesforce, Inc.",0001108524,2021-07-12,2021-07-12,8-K,,submissions
0001193125-21-204769,"Salesforce, Inc.",0001108524,2021-06-30,2021-06-29,8-K,,submissions
0001108524-21-000033,"Salesforce, Inc.",0001108524,2021-06-14,2021-06-10,8-K,,submissions
0001108524-21-000027,"Salesforce, Inc.",0001108524,2021-05-27,2021-05-27,8-K,,submissions
0001108524-21-000024,"Salesforce, Inc.",0001108524,2021-05-12,2021-05-06,8-K,,submissions
0001108524-21-000017,"Salesforce, Inc.",0001108524,2021-03-26,2021-03-22,8-K,,submissions
0001108524-21-000009,"Salesforce, Inc.",0001108524,2021-03-12,2021-03-11,8-K,,submissions
0001108524-21-000007,"Salesforce, Inc.",0001108524,2021-02-25,2021-02-25,8-K,,submissions
0001193125-21-045220,"Salesforce, Inc.",0001108524,2021-02-16,2021-02-16,8-K,,submissions
0001193125-20-325960,"Salesforce, Inc.",0001108524,2020-12-23,2020-12-23,8-K,,submissions
0001108524-20-000051,"Salesforce, Inc.",0001108524,2020-12-08,2020-12-08,8-K,,submissions
0001193125-20-307395,"Salesforce, Inc.",0001108524,2020-12-02,2020-12-01,8-K,,submissions
0001193125-20-307389,"Salesforce, Inc.",0001108524,2020-12-01,2020-12-01,8-K,,submissions
0001193125-20-307234,"Salesforce, Inc.",0001108524,2020-12-01,2020-11-30,8-K,,submissions
0001193125-20-307200,"Salesforce, Inc.",0001108524,2020-12-01,2020-12-01,8-K,,submissions
0001108524-20-000038,"Salesforce, Inc.",0001108524,2020-08-25,2020-08-25,8-K,,submissions
0001108524-20-000031,"Salesforce, Inc.",0001108524,2020-06-12,2020-06-11,8-K,,submissions
0001108524-20-000026,"Salesforce, Inc.",0001108524,2020-05-28,2020-05-28,8-K,,submissions
0001108524-20-000020,"Salesforce, Inc.",0001108524,2020-04-24,2020-04-22,8-K,,submissions
0001108524-20-000018,"Salesforce, Inc.",0001108524,2020-03-30,2020-03-27,8-K,,submissions
0001108524-20-000008,"Salesforce, Inc.",0001108524,2020-02-25,2020-02-25,8-K,,submissions
0001193125-20-048353,"Salesforce, Inc.",0001108524,2020-02-25,2020-02-24,8-K,,submissions
0001193125-19-312872,"Salesforce, Inc.",0001108524,2019-12-12,2019-12-12,8-K,,submissions
0001108524-19-000070,"Salesforce, Inc.",0001108524,2019-12-03,2019-12-03,8-K,,submissions
0000898822-19-000095,"Salesforce, Inc.",0001108524,2019-11-22,2019-11-22,8-K,,submissions
0001108524-19-000067,"Salesforce, Inc.",0001108524,2019-11-20,2019-11-20,8-K,,submissions
0000898822-19-000082,"Salesforce, Inc.",0001108524,2019-11-05,2019-11-05,8-K,,submissions
0001193125-19-261681,"Salesforce, Inc.",0001108524,2019-10-03,2019-10-03,8-K,,submissions
0001108524-19-000050,"Salesforce, Inc.",0001108524,2019-08-22,2019-08-22,8-K,,submissions
0001108524-19-000045,"Salesforce, Inc.",0001108524,2019-08-07,2019-08-07,8-K,,submissions
0001193125-19-209951,"Salesforce, Inc.",0001108524,2019-08-01,2019-08-01,8-K,,submissions
0001193125-19-169276,"Salesforce, Inc.",0001108524,2019-06-10,2019-06-09,8-K,,submissions
0001193125-19-168525,"Salesforce, Inc.",0001108524,2019-06-10,2019-06-10,8-K,,submissions
0001108524-19-000030,"Salesforce, Inc.",0001108524,2019-06-07,2019-06-06,8-K,,submissions
0001108524-19-000022,"Salesforce, Inc.",0001108524,2019-06-04,2019-06-04,8-K,,submissions
0001108524-19-000012,"Salesforce, Inc.",0001108524,2019-04-15,2019-04-15,8-K,,submissions
0001193125-19-090427,"Salesforce, Inc.",0001108524,2019-03-28,2019-03-22,8-K,,submissions
0001108524-19-000007,"Salesforce, Inc.",0001108524,2019-03-04,2019-03-04,8-K,,submissions
0001137789-23-000125,Seagate Technology Holdings plc,0001137789,2023-10-26,2023-10-26,8-K,,submissions
0001137789-23-000098,Seagate Technology Holdings plc,0001137789,2023-10-25,2023-10-23,8-K,,submissions
0001137789-23-000096,Seagate Technology Holdings plc,0001137789,2023-09-27,2023-09-27,8-K,,submissions
0001193125-23-234372,Seagate Technology Holdings plc,0001137789,2023-09-13,2023-09-08,8-K,,submissions
0001193125-23-231165,Seagate Technology Holdings plc,0001137789,2023-09-08,2023-09-06,8-K,,submissions
0001137789-23-000045,Seagate Technology Holdings plc,0001137789,2023-07-26,2023-07-26,8-K,,submissions
0001193125-23-192237,Seagate Technology Holdings plc,0001137789,2023-07-24,2023-07-18,8-K,,submissions
0001137789-23-000039,Seagate Technology Holdings plc,0001137789,2023-05-30,2023-05-30,8-K,,submissions
0001137789-23-000035,Seagate Technology Holdings plc,0001137789,2023-05-25,2023-05-23,8-K,,submissions
0001137789-23-000032,Seagate Technology Holdings plc,0001137789,2023-05-22,2023-05-19,8-K,,submissions
0001137789-23-000025,Seagate Technology Holdings plc,0001137789,2023-04-20,2023-04-20,8-K,,submissions
0001193125-23-106624,Seagate Technology Holdings plc,0001137789,2023-04-19,2023-04-18,8-K,,submissions
0001137789-23-000021,Seagate Technology Holdings plc,0001137789,2023-03-29,2023-03-29,8-K,,submissions
0001137789-23-000007,Seagate Technology Holdings plc,0001137789,2023-01-25,2023-01-25,8-K,,submissions
0001193125-22-295386,Seagate Technology Holdings plc,0001137789,2022-11-30,2022-11-30,8-K,,submissions
0001137789-22-000137,Seagate Technology Holdings plc,0001137789,2022-11-15,2022-11-14,8-K,,submissions
0001137789-22-000129,Seagate Technology Holdings plc,0001137789,2022-11-09,2022-11-09,8-K,,submissions
0001193125-22-280194,Seagate Technology Holdings plc,0001137789,2022-11-08,2022-11-08,8-K,,submissions
0001137789-22-000118,Seagate Technology Holdings plc,0001137789,2022-10-26,2022-10-26,8-K,,submissions
0001137789-22-000116,Seagate Technology Holdings plc,0001137789,2022-10-26,2022-10-26,8-K,,submissions
0001193125-22-268417,Seagate Technology Holdings plc,0001137789,2022-10-25,2022-10-24,8-K,,submissions
0001137789-22-000062,Seagate Technology Holdings plc,0001137789,2022-08-31,2022-08-31,8-K,,submissions
0001193125-22-228640,Seagate Technology Holdings plc,0001137789,2022-08-24,2022-08-23,8-K,,submissions
0001193125-22-225260,Seagate Technology Holdings plc,0001137789,2022-08-19,2022-08-18,8-K,,submissions
0001137789-22-000039,Seagate Technology Holdings plc,0001137789,2022-07-21,2022-07-21,8-K,,submissions
0001137789-22-000028,Seagate Technology Holdings plc,0001137789,2022-04-27,2022-04-27,8-K,,submissions
0001193125-22-089760,Seagate Technology Holdings plc,0001137789,2022-03-30,2022-03-25,8-K,,submissions
0001193125-22-052046,Seagate Technology Holdings plc,0001137789,2022-02-24,2022-02-22,8-K,,submissions
0001137789-22-000008,Seagate Technology Holdings plc,0001137789,2022-01-26,2022-01-26,8-K,,submissions
0001193125-22-017071,Seagate Technology Holdings plc,0001137789,2022-01-25,2022-01-24,8-K,,submissions
0001193125-21-307931,Seagate Technology Holdings plc,0001137789,2021-10-26,2021-10-20,8-K,,submissions
0001137789-21-000105,Seagate Technology Holdings plc,0001137789,2021-10-22,2021-10-22,8-K,,submissions
0001193125-21-299005,Seagate Technology Holdings plc,0001137789,2021-10-15,2021-10-14,8-K,,submissions
0001137789-21-000041,Seagate Technology Holdings plc,0001137789,2021-07-21,2021-07-21,8-K,,submissions
0001137789-21-000033,Seagate Technology Holdings plc,0001137789,2021-06-08,2021-06-08,8-K,,submissions
0001193125-21-165970,Seagate Technology Holdings plc,0001137789,2021-05-19,2021-05-18,8-K,,submissions
0001137789-21-000023,Seagate Technology Holdings plc,0001137789,2021-04-22,2021-04-22,8-K,,submissions
0001193125-21-119304,Seagate Technology Holdings plc,0001137789,2021-04-16,2021-04-14,8-K,,submissions
0001193125-21-089557,Seagate Technology Holdings plc,0001137789,2021-03-22,2021-03-19,8-K,,submissions
0001137789-21-000003,Seagate Technology Holdings plc,0001137789,2021-01-21,2021-01-21,8-K,,submissions
0001193125-21-008148,Seagate Technology Holdings plc,0001137789,2021-01-13,2021-01-13,8-K,,submissions
0001193125-20-327026,Seagate Technology Holdings plc,0001137789,2020-12-28,2020-12-24,8-K,,submissions
0001193125-20-313800,Seagate Technology Holdings plc,0001137789,2020-12-09,2020-12-08,8-K,,submissions
0001193125-20-310713,Seagate Technology Holdings plc,0001137789,2020-12-04,2020-12-02,8-K,,submissions
0001193125-20-279868,Seagate Technology Holdings plc,0001137789,2020-10-28,2020-10-22,8-K,,submissions
0001137789-20-000098,Seagate Technology Holdings plc,0001137789,2020-10-22,2020-10-22,8-K,,submissions
0001137789-20-000055,Seagate Technology Holdings plc,0001137789,2020-07-28,2020-07-28,8-K,,submissions
0001193125-20-186902,Seagate Technology Holdings plc,0001137789,2020-07-02,2020-07-01,8-K,,submissions
0001193125-20-172622,Seagate Technology Holdings plc,0001137789,2020-06-18,2020-06-16,8-K,,submissions
0001193125-20-166696,Seagate Technology Holdings plc,0001137789,2020-06-11,2020-06-10,8-K,,submissions
0001193125-20-160796,Seagate Technology Holdings plc,0001137789,2020-06-04,2020-06-03,8-K,,submissions
0001193125-20-159172,Seagate Technology Holdings plc,0001137789,2020-06-03,2020-06-03,8-K,,submissions
0001193125-20-157932,Seagate Technology Holdings plc,0001137789,2020-06-02,2020-06-01,8-K,,submissions
0001193125-20-139025,Seagate Technology Holdings plc,0001137789,2020-05-11,2020-04-28,8-K,,submissions
0001137789-20-000028,Seagate Technology Holdings plc,0001137789,2020-04-22,2020-04-22,8-K,,submissions
0001137789-20-000013,Seagate Technology Holdings plc,0001137789,2020-02-04,2020-02-04,8-K,,submissions
0001193125-19-283563,Seagate Technology Holdings plc,0001137789,2019-11-04,2019-10-29,8-K,,submissions
0001628280-19-013012,Seagate Technology Holdings plc,0001137789,2019-11-01,2019-11-01,8-K,,submissions
0001193125-19-248970,Seagate Technology Holdings plc,0001137789,2019-09-19,2019-09-16,8-K,,submissions
0001193125-19-247385,Seagate Technology Holdings plc,0001137789,2019-09-18,2019-09-18,8-K,,submissions
0001193125-19-237150,Seagate Technology Holdings plc,0001137789,2019-09-04,2019-09-03,8-K,,submissions
0001193125-19-211505,Seagate Technology Holdings plc,0001137789,2019-08-02,2019-08-02,8-K,,submissions
0001193125-19-182712,Seagate Technology Holdings plc,0001137789,2019-06-26,2019-06-24,8-K,,submissions
0001193125-19-175303,Seagate Technology Holdings plc,0001137789,2019-06-18,2019-05-30,8-K,,submissions
0001193125-19-129480,Seagate Technology Holdings plc,0001137789,2019-04-30,2019-04-25,8-K,,submissions
0001193125-19-127378,Seagate Technology Holdings plc,0001137789,2019-04-30,2019-04-30,8-K,,submissions
0001193125-19-045470,Seagate Technology Holdings plc,0001137789,2019-02-20,2019-02-20,8-K,,submissions
0001193125-19-027004,Seagate Technology Holdings plc,0001137789,2019-02-04,2019-02-04,8-K,,submissions
0001373715-23-000417,"ServiceNow, Inc.",0001373715,2023-10-25,2023-10-25,8-K,,submissions
0001373715-23-000323,"ServiceNow, Inc.",0001373715,2023-07-26,2023-07-26,8-K,,submissions
0001373715-23-000282,"ServiceNow, Inc.",0001373715,2023-06-02,2023-06-01,8-K,,submissions
0001373715-23-000220,"ServiceNow, Inc.",0001373715,2023-05-16,2023-05-16,8-K,,submissions
0001373715-23-000162,"ServiceNow, Inc.",0001373715,2023-04-26,2023-04-24,8-K,,submissions
0001373715-23-000016,"ServiceNow, Inc.",0001373715,2023-01-25,2023-01-24,8-K,,submissions
0001373715-22-000329,"ServiceNow, Inc.",0001373715,2022-10-26,2022-10-23,8-K,,submissions
0001373715-22-000309,"ServiceNow, Inc.",0001373715,2022-08-24,2022-08-22,8-K,,submissions
0001373715-22-000239,"ServiceNow, Inc.",0001373715,2022-07-27,2022-07-25,8-K,,submissions
0001373715-22-000207,"ServiceNow, Inc.",0001373715,2022-06-10,2022-06-09,8-K,,submissions
0001373715-22-000132,"ServiceNow, Inc.",0001373715,2022-04-27,2022-04-27,8-K,,submissions
0001373715-22-000006,"ServiceNow, Inc.",0001373715,2022-01-26,2022-01-25,8-K,,submissions
0001373715-21-000350,"ServiceNow, Inc.",0001373715,2021-12-17,2021-12-13,8-K,,submissions
0001373715-21-000289,"ServiceNow, Inc.",0001373715,2021-10-27,2021-10-26,8-K,,submissions
0001373715-21-000288,"ServiceNow, Inc.",0001373715,2021-10-27,2021-10-26,8-K,,submissions
0001373715-21-000274,"ServiceNow, Inc.",0001373715,2021-09-16,2021-09-14,8-K,,submissions
0001373715-21-000266,"ServiceNow, Inc.",0001373715,2021-08-25,2021-08-20,8-K,,submissions
0001373715-21-000205,"ServiceNow, Inc.",0001373715,2021-08-02,2021-07-28,8-K,,submissions
0001373715-21-000200,"ServiceNow, Inc.",0001373715,2021-07-28,2021-07-28,8-K,,submissions
0001373715-21-000182,"ServiceNow, Inc.",0001373715,2021-06-09,2021-06-07,8-K,,submissions
0001373715-21-000111,"ServiceNow, Inc.",0001373715,2021-04-28,2021-04-28,8-K,,submissions
0001373715-21-000100,"ServiceNow, Inc.",0001373715,2021-04-16,2021-04-15,8-K,,submissions
0001373715-21-000008,"ServiceNow, Inc.",0001373715,2021-01-27,2021-01-27,8-K,,submissions
0001373715-21-000006,"ServiceNow, Inc.",0001373715,2021-01-14,2021-01-08,8-K,,submissions
0001373715-20-000275,"ServiceNow, Inc.",0001373715,2020-11-13,2020-11-10,8-K,,submissions
0001373715-20-000255,"ServiceNow, Inc.",0001373715,2020-10-28,2020-10-26,8-K,,submissions
0001373715-20-000240,"ServiceNow, Inc.",0001373715,2020-09-15,2020-09-11,8-K,,submissions
0001193125-20-216380,"ServiceNow, Inc.",0001373715,2020-08-11,2020-08-11,8-K,,submissions
0001193125-20-213479,"ServiceNow, Inc.",0001373715,2020-08-07,2020-08-06,8-K,,submissions
0001373715-20-000189,"ServiceNow, Inc.",0001373715,2020-07-29,2020-07-28,8-K,,submissions
0001373715-20-000163,"ServiceNow, Inc.",0001373715,2020-06-19,2020-06-17,8-K,,submissions
0001373715-20-000098,"ServiceNow, Inc.",0001373715,2020-04-29,2020-04-29,8-K,,submissions
0001373715-20-000080,"ServiceNow, Inc.",0001373715,2020-03-27,2020-03-24,8-K,,submissions
0001373715-20-000008,"ServiceNow, Inc.",0001373715,2020-01-29,2020-01-29,8-K,,submissions
0001373715-19-000297,"ServiceNow, Inc.",0001373715,2019-11-18,2019-11-15,8-K,,submissions
0001373715-19-000265,"ServiceNow, Inc.",0001373715,2019-10-23,2019-10-23,8-K,,submissions
0001193125-19-271896,"ServiceNow, Inc.",0001373715,2019-10-23,2019-10-21,8-K,,submissions
0001373715-19-000200,"ServiceNow, Inc.",0001373715,2019-07-24,2019-07-24,8-K,,submissions
0001373715-19-000170,"ServiceNow, Inc.",0001373715,2019-06-14,2019-06-12,8-K,,submissions
0001373715-19-000114,"ServiceNow, Inc.",0001373715,2019-05-02,2019-04-29,8-K,,submissions
0001373715-19-000105,"ServiceNow, Inc.",0001373715,2019-04-24,2019-04-18,8-K,,submissions
0001373715-19-000074,"ServiceNow, Inc.",0001373715,2019-03-04,2019-03-01,8-K,,submissions
0001373715-19-000006,"ServiceNow, Inc.",0001373715,2019-01-30,2019-01-29,8-K,,submissions
0000004127-23-000033,"SKYWORKS SOLUTIONS, INC.",0000004127,2023-12-15,2023-12-14,8-K,,submissions
0000004127-23-000027,"SKYWORKS SOLUTIONS, INC.",0000004127,2023-11-02,2023-11-02,8-K,,submissions
0000004127-23-000024,"SKYWORKS SOLUTIONS, INC.",0000004127,2023-08-07,2023-08-07,8-K,,submissions
0000004127-23-000019,"SKYWORKS SOLUTIONS, INC.",0000004127,2023-05-16,2023-05-10,8-K,,submissions
0000004127-23-000016,"SKYWORKS SOLUTIONS, INC.",0000004127,2023-05-12,2023-05-10,8-K,,submissions
0000004127-23-000014,"SKYWORKS SOLUTIONS, INC.",0000004127,2023-05-08,2023-05-08,8-K,,submissions
0000004127-23-000012,"SKYWORKS SOLUTIONS, INC.",0000004127,2023-03-10,2023-03-06,8-K,,submissions
0000004127-23-000011,"SKYWORKS SOLUTIONS, INC.",0000004127,2023-02-09,2023-02-08,8-K,,submissions
0000004127-23-000008,"SKYWORKS SOLUTIONS, INC.",0000004127,2023-02-06,2023-02-06,8-K,,submissions
0000004127-23-000007,"SKYWORKS SOLUTIONS, INC.",0000004127,2023-02-06,2023-01-31,8-K,,submissions
0000004127-22-000039,"SKYWORKS SOLUTIONS, INC.",0000004127,2022-12-16,2022-12-15,8-K,,submissions
0000004127-22-000035,"SKYWORKS SOLUTIONS, INC.",0000004127,2022-11-03,2022-11-03,8-K,,submissions
0000004127-22-000031,"SKYWORKS SOLUTIONS, INC.",0000004127,2022-08-04,2022-08-04,8-K,,submissions
0000004127-22-000020,"SKYWORKS SOLUTIONS, INC.",0000004127,2022-05-13,2022-05-11,8-K,,submissions
0000004127-22-000012,"SKYWORKS SOLUTIONS, INC.",0000004127,2022-05-03,2022-05-03,8-K,,submissions
0000004127-22-000007,"SKYWORKS SOLUTIONS, INC.",0000004127,2022-02-03,2022-02-03,8-K,,submissions
0000004127-22-000004,"SKYWORKS SOLUTIONS, INC.",0000004127,2022-02-02,2022-01-28,8-K,,submissions
0000004127-21-000060,"SKYWORKS SOLUTIONS, INC.",0000004127,2021-12-17,2021-12-15,8-K,,submissions
0000004127-21-000053,"SKYWORKS SOLUTIONS, INC.",0000004127,2021-11-04,2021-11-04,8-K,,submissions
0000004127-21-000048,"SKYWORKS SOLUTIONS, INC.",0000004127,2021-07-29,2021-07-29,8-K,,submissions
0001104659-21-095634,"SKYWORKS SOLUTIONS, INC.",0000004127,2021-07-26,2021-07-26,8-K,,submissions
0000004127-21-000043,"SKYWORKS SOLUTIONS, INC.",0000004127,2021-06-08,2021-06-07,8-K,,submissions
0001104659-21-072130,"SKYWORKS SOLUTIONS, INC.",0000004127,2021-05-26,2021-05-21,8-K,,submissions
0001104659-21-068031,"SKYWORKS SOLUTIONS, INC.",0000004127,2021-05-17,2021-05-12,8-K,,submissions
0000004127-21-000036,"SKYWORKS SOLUTIONS, INC.",0000004127,2021-05-14,2021-05-12,8-K,,submissions
0000004127-21-000033,"SKYWORKS SOLUTIONS, INC.",0000004127,2021-05-13,2021-05-13,8-K,,submissions
0000004127-21-000026,"SKYWORKS SOLUTIONS, INC.",0000004127,2021-04-29,2021-04-29,8-K,,submissions
0001104659-21-053805,"SKYWORKS SOLUTIONS, INC.",0000004127,2021-04-22,2021-04-22,8-K,,submissions
0000004127-21-000019,"SKYWORKS SOLUTIONS, INC.",0000004127,2021-02-16,2021-02-10,8-K,,submissions
0000004127-21-000011,"SKYWORKS SOLUTIONS, INC.",0000004127,2021-01-28,2021-01-28,8-K,,submissions
0000004127-21-000010,"SKYWORKS SOLUTIONS, INC.",0000004127,2021-01-28,2021-01-26,8-K,,submissions
0000004127-20-000060,"SKYWORKS SOLUTIONS, INC.",0000004127,2020-12-18,2020-12-14,8-K,,submissions
0000004127-20-000051,"SKYWORKS SOLUTIONS, INC.",0000004127,2020-11-02,2020-11-02,8-K,,submissions
0000004127-20-000044,"SKYWORKS SOLUTIONS, INC.",0000004127,2020-07-23,2020-07-23,8-K,,submissions
0000004127-20-000031,"SKYWORKS SOLUTIONS, INC.",0000004127,2020-05-08,2020-05-06,8-K,,submissions
0000004127-20-000025,"SKYWORKS SOLUTIONS, INC.",0000004127,2020-05-04,2020-05-04,8-K,,submissions
0000004127-20-000020,"SKYWORKS SOLUTIONS, INC.",0000004127,2020-04-14,2020-04-14,8-K,,submissions
0000004127-20-000018,"SKYWORKS SOLUTIONS, INC.",0000004127,2020-03-04,2020-03-04,8-K,,submissions
0000004127-20-000004,"SKYWORKS SOLUTIONS, INC.",0000004127,2020-01-23,2020-01-23,8-K,,submissions
0001628280-19-015262,"SKYWORKS SOLUTIONS, INC.",0000004127,2019-12-20,2019-12-17,8-K,,submissions
0000004127-19-000047,"SKYWORKS SOLUTIONS, INC.",0000004127,2019-11-12,2019-11-12,8-K,,submissions
0000004127-19-000043,"SKYWORKS SOLUTIONS, INC.",0000004127,2019-08-26,2019-08-22,8-K,,submissions
0000004127-19-000036,"SKYWORKS SOLUTIONS, INC.",0000004127,2019-08-07,2019-08-07,8-K,,submissions
0000004127-19-000029,"SKYWORKS SOLUTIONS, INC.",0000004127,2019-06-04,2019-06-04,8-K,,submissions
0000004127-19-000024,"SKYWORKS SOLUTIONS, INC.",0000004127,2019-05-10,2019-05-08,8-K,,submissions
0000004127-19-000020,"SKYWORKS SOLUTIONS, INC.",0000004127,2019-05-02,2019-05-02,8-K,,submissions
0000004127-19-000011,"SKYWORKS SOLUTIONS, INC.",0000004127,2019-02-05,2019-02-05,8-K,,submissions
0000004127-19-000010,"SKYWORKS SOLUTIONS, INC.",0000004127,2019-02-05,2019-01-30,8-K,,submissions
0000004127-19-000002,"SKYWORKS SOLUTIONS, INC.",0000004127,2019-01-08,2019-01-08,8-K,,submissions
0001757898-23-000012,STERIS plc,0001757898,2023-11-07,2023-11-07,8-K,,submissions
0001757898-23-000008,STERIS plc,0001757898,2023-08-01,2023-08-01,8-K,,submissions
0001193125-23-196145,STERIS plc,0001757898,2023-07-27,2023-07-27,8-K,,submissions
0001193125-23-169645,STERIS plc,0001757898,2023-06-20,2023-06-15,8-K,,submissions
0001757898-23-000004,STERIS plc,0001757898,2023-05-10,2023-05-10,8-K,,submissions
0001193125-23-134570,STERIS plc,0001757898,2023-05-03,2023-05-03,8-K,,submissions
0001757898-23-000001,STERIS plc,0001757898,2023-02-08,2023-02-08,8-K,,submissions
0001757898-22-000020,STERIS plc,0001757898,2022-11-09,2022-11-09,8-K,,submissions
0001757898-22-000016,STERIS plc,0001757898,2022-08-02,2022-08-02,8-K,,submissions
0001193125-22-206687,STERIS plc,0001757898,2022-07-29,2022-07-28,8-K,,submissions
0001757898-22-000008,STERIS plc,0001757898,2022-05-12,2022-05-11,8-K,,submissions
0001757898-22-000004,STERIS plc,0001757898,2022-02-08,2022-02-08,8-K,,submissions
0001193125-22-001003,STERIS plc,0001757898,2022-01-04,2022-01-03,8-K,,submissions
0001193125-21-361726,STERIS plc,0001757898,2021-12-20,2021-12-20,8-K,,submissions
0001757898-21-000030,STERIS plc,0001757898,2021-11-02,2021-11-02,8-K,,submissions
0001757898-21-000026,STERIS plc,0001757898,2021-08-09,2021-08-09,8-K,,submissions
0001193125-21-233329,STERIS plc,0001757898,2021-08-02,2021-07-29,8-K,,submissions
0001193125-21-185489,STERIS plc,0001757898,2021-06-08,2021-06-02,8-K,,submissions
0001757898-21-000013,STERIS plc,0001757898,2021-05-18,2021-05-18,8-K,,submissions
0001193125-21-157674,STERIS plc,0001757898,2021-05-11,2021-05-05,8-K,,submissions
0001140361-21-014412,STERIS plc,0001757898,2021-04-27,2021-04-27,8-K,,submissions
0001193125-21-103389,STERIS plc,0001757898,2021-04-01,2021-03-31,8-K,,submissions
0001193125-21-090491,STERIS plc,0001757898,2021-03-23,2021-03-19,8-K,,submissions
0001757898-21-000010,STERIS plc,0001757898,2021-02-09,2021-02-09,8-K,,submissions
0001193125-21-026412,STERIS plc,0001757898,2021-02-03,2021-01-29,8-K,,submissions
0001757898-21-000003,STERIS plc,0001757898,2021-02-02,2021-02-02,8-K,,submissions
0001140361-21-000965,STERIS plc,0001757898,2021-01-12,2021-01-12,8-K,,submissions
0001193125-20-297093,STERIS plc,0001757898,2020-11-18,2020-11-18,8-K,,submissions
0001757898-20-000025,STERIS plc,0001757898,2020-11-02,2020-11-02,8-K,,submissions
0001193125-20-264363,STERIS plc,0001757898,2020-10-06,2020-10-02,8-K,,submissions
0001757898-20-000018,STERIS plc,0001757898,2020-08-03,2020-07-28,8-K,,submissions
0001757898-20-000008,STERIS plc,0001757898,2020-05-13,2020-05-13,8-K,,submissions
0001757898-20-000004,STERIS plc,0001757898,2020-02-10,2020-02-10,8-K,,submissions
0001757898-19-000015,STERIS plc,0001757898,2019-11-04,2019-11-04,8-K,,submissions
0001757898-19-000010,STERIS plc,0001757898,2019-08-05,2019-08-05,8-K,,submissions
0001193125-19-208749,STERIS plc,0001757898,2019-07-31,2019-07-30,8-K,,submissions
0001193125-19-145487,STERIS plc,0001757898,2019-05-13,2019-05-13,8-K,,submissions
0001193125-19-137058,STERIS plc,0001757898,2019-05-03,2019-05-03,8-K,,submissions
0001193125-19-089164,STERIS plc,0001757898,2019-03-28,2019-03-28,8-K,,submissions
0001193125-23-292590,STRYKER CORP,0000310764,2023-12-11,2023-12-11,8-K,,submissions
0001193125-23-291773,STRYKER CORP,0000310764,2023-12-08,2023-12-04,8-K,,submissions
0000310764-23-000114,STRYKER CORP,0000310764,2023-11-02,2023-11-02,8-K,,submissions
0000310764-23-000104,STRYKER CORP,0000310764,2023-08-03,2023-08-03,8-K,,submissions
0001193125-23-169034,STRYKER CORP,0000310764,2023-06-16,2023-06-15,8-K,,submissions
0000310764-23-000089,STRYKER CORP,0000310764,2023-05-16,2023-05-10,8-K,,submissions
0000310764-23-000065,STRYKER CORP,0000310764,2023-05-01,2023-05-01,8-K,,submissions
0000310764-23-000005,STRYKER CORP,0000310764,2023-01-31,2023-01-31,8-K,,submissions
0000310764-22-000113,STRYKER CORP,0000310764,2022-11-15,2022-11-01,8-K,,submissions
0000310764-22-000103,STRYKER CORP,0000310764,2022-10-31,2022-10-31,8-K,,submissions
0000310764-22-000089,STRYKER CORP,0000310764,2022-07-26,2022-07-26,8-K,,submissions
0000310764-22-000081,STRYKER CORP,0000310764,2022-05-09,2022-05-04,8-K,,submissions
0000310764-22-000069,STRYKER CORP,0000310764,2022-05-05,2022-05-04,8-K,,submissions
0000310764-22-000060,STRYKER CORP,0000310764,2022-04-28,2022-04-28,8-K,,submissions
0000310764-22-000035,STRYKER CORP,0000310764,2022-02-25,2022-02-22,8-K,,submissions
0001193125-22-050010,STRYKER CORP,0000310764,2022-02-23,2022-02-23,8-K,,submissions
0000310764-22-000008,STRYKER CORP,0000310764,2022-01-27,2022-01-27,8-K,,submissions
0000310764-22-000003,STRYKER CORP,0000310764,2022-01-14,2022-01-14,8-K,,submissions
0001193125-22-006816,STRYKER CORP,0000310764,2022-01-11,2022-01-06,8-K,,submissions
0001193125-22-000261,STRYKER CORP,0000310764,2022-01-03,2022-01-01,8-K,,submissions
0000310764-21-000144,STRYKER CORP,0000310764,2021-10-28,2021-10-28,8-K,,submissions
0000310764-21-000123,STRYKER CORP,0000310764,2021-08-18,2021-08-16,8-K,,submissions
0000310764-21-000108,STRYKER CORP,0000310764,2021-07-27,2021-07-27,8-K,,submissions
0000310764-21-000098,STRYKER CORP,0000310764,2021-05-11,2021-05-05,8-K,,submissions
0000310764-21-000062,STRYKER CORP,0000310764,2021-04-27,2021-04-27,8-K,,submissions
0000310764-21-000009,STRYKER CORP,0000310764,2021-02-05,2021-02-02,8-K,,submissions
0000310764-21-000005,STRYKER CORP,0000310764,2021-01-27,2021-01-27,8-K,,submissions
0001193125-20-301421,STRYKER CORP,0000310764,2020-11-23,2020-11-18,8-K,,submissions
0001193125-20-294811,STRYKER CORP,0000310764,2020-11-16,2020-11-11,8-K,,submissions
0001193125-20-292302,STRYKER CORP,0000310764,2020-11-13,2020-11-10,8-K,,submissions
0000310764-20-000152,STRYKER CORP,0000310764,2020-11-09,2020-11-04,8-K,,submissions
0000310764-20-000147,STRYKER CORP,0000310764,2020-10-29,2020-10-29,8-K,,submissions
0000310764-20-000122,STRYKER CORP,0000310764,2020-07-31,2020-07-30,8-K,,submissions
0000310764-20-000120,STRYKER CORP,0000310764,2020-07-30,2020-07-30,8-K,,submissions
0001193125-20-160734,STRYKER CORP,0000310764,2020-06-04,2020-06-04,8-K,,submissions
0001193125-20-152386,STRYKER CORP,0000310764,2020-05-27,2020-05-26,8-K,,submissions
0000310764-20-000104,STRYKER CORP,0000310764,2020-05-11,2020-05-05,8-K,,submissions
0000310764-20-000064,STRYKER CORP,0000310764,2020-04-30,2020-04-30,8-K,,submissions
0000310764-20-000061,STRYKER CORP,0000310764,2020-04-27,2020-04-24,8-K,,submissions
0000310764-20-000057,STRYKER CORP,0000310764,2020-03-31,2020-03-31,8-K,,submissions
0000310764-20-000030,STRYKER CORP,0000310764,2020-02-25,2020-02-25,8-K,,submissions
0000310764-20-000004,STRYKER CORP,0000310764,2020-01-28,2020-01-28,8-K,,submissions
0000310764-19-000151,STRYKER CORP,0000310764,2019-12-05,2019-11-29,8-K,,submissions
0001193125-19-305266,STRYKER CORP,0000310764,2019-12-03,2019-12-03,8-K,,submissions
0001193125-19-304288,STRYKER CORP,0000310764,2019-12-02,2019-11-25,8-K,,submissions
0001193125-19-285387,STRYKER CORP,0000310764,2019-11-06,2019-11-04,8-K,,submissions
0000310764-19-000137,STRYKER CORP,0000310764,2019-10-29,2019-10-29,8-K,,submissions
0000310764-19-000119,STRYKER CORP,0000310764,2019-08-06,2019-07-31,8-K,,submissions
0000310764-19-000108,STRYKER CORP,0000310764,2019-07-25,2019-07-25,8-K,,submissions
0000310764-19-000091,STRYKER CORP,0000310764,2019-05-07,2019-05-07,8-K,,submissions
0000310764-19-000067,STRYKER CORP,0000310764,2019-04-23,2019-04-23,8-K,,submissions
0000310764-19-000062,STRYKER CORP,0000310764,2019-03-27,2019-03-25,8-K,,submissions
0000310764-19-000006,STRYKER CORP,0000310764,2019-01-29,2019-01-29,8-K,,submissions
0001375365-23-000050,"Super Micro Computer, Inc.",0001375365,2023-12-11,2023-12-07,8-K,,submissions
0001375365-23-000044,"Super Micro Computer, Inc.",0001375365,2023-12-08,2023-12-06,8-K,,submissions
0001193125-23-289241,"Super Micro Computer, Inc.",0001375365,2023-12-05,2023-11-30,8-K,,submissions
0001375365-23-000043,"Super Micro Computer, Inc.",0001375365,2023-11-20,2023-11-14,8-K,,submissions
0001375365-23-000040,"Super Micro Computer, Inc.",0001375365,2023-11-01,2023-11-01,8-K,,submissions
0001375365-23-000039,"Super Micro Computer, Inc.",0001375365,2023-10-27,2023-10-27,8-K,,submissions
0001375365-23-000038,"Super Micro Computer, Inc.",0001375365,2023-10-02,2023-09-28,8-K,,submissions
0001375365-23-000034,"Super Micro Computer, Inc.",0001375365,2023-08-08,2023-08-08,8-K,,submissions
0001375365-23-000033,"Super Micro Computer, Inc.",0001375365,2023-07-20,2023-07-20,8-K,,submissions
0001375365-23-000032,"Super Micro Computer, Inc.",0001375365,2023-06-23,2023-06-17,8-K,,submissions
0001375365-23-000030,"Super Micro Computer, Inc.",0001375365,2023-05-23,2023-05-19,8-K,,submissions
0001375365-23-000027,"Super Micro Computer, Inc.",0001375365,2023-05-02,2023-05-02,8-K,,submissions
0001375365-23-000026,"Super Micro Computer, Inc.",0001375365,2023-04-24,2023-04-24,8-K,,submissions
0001375365-23-000023,"Super Micro Computer, Inc.",0001375365,2023-03-15,2023-03-09,8-K,,submissions
0001375365-23-000019,"Super Micro Computer, Inc.",0001375365,2023-02-10,2023-02-07,8-K,,submissions
0001375365-23-000009,"Super Micro Computer, Inc.",0001375365,2023-01-31,2023-01-31,8-K,,submissions
0001375365-23-000004,"Super Micro Computer, Inc.",0001375365,2023-01-18,2023-01-18,8-K,,submissions
0001375365-22-000124,"Super Micro Computer, Inc.",0001375365,2022-12-20,2022-12-19,8-K,,submissions
0001375365-22-000115,"Super Micro Computer, Inc.",0001375365,2022-11-01,2022-11-01,8-K,,submissions
0001375365-22-000109,"Super Micro Computer, Inc.",0001375365,2022-10-19,2022-10-19,8-K,,submissions
0001375365-22-000097,"Super Micro Computer, Inc.",0001375365,2022-08-12,2022-08-09,8-K,,submissions
0001375365-22-000092,"Super Micro Computer, Inc.",0001375365,2022-08-09,2022-08-03,8-K,,submissions
0001375365-22-000086,"Super Micro Computer, Inc.",0001375365,2022-07-20,2022-07-20,8-K,,submissions
0001375365-22-000073,"Super Micro Computer, Inc.",0001375365,2022-05-23,2022-05-19,8-K,,submissions
0001375365-22-000068,"Super Micro Computer, Inc.",0001375365,2022-05-19,2022-05-18,8-K,,submissions
0001375365-22-000053,"Super Micro Computer, Inc.",0001375365,2022-05-03,2022-05-03,8-K,,submissions
0001375365-22-000049,"Super Micro Computer, Inc.",0001375365,2022-04-28,2022-04-25,8-K,,submissions
0001375365-22-000046,"Super Micro Computer, Inc.",0001375365,2022-04-18,2022-04-18,8-K,,submissions
0001375365-22-000037,"Super Micro Computer, Inc.",0001375365,2022-04-06,2022-04-01,8-K,,submissions
0001375365-22-000027,"Super Micro Computer, Inc.",0001375365,2022-03-31,2022-03-26,8-K,,submissions
0001375365-22-000024,"Super Micro Computer, Inc.",0001375365,2022-03-16,2022-03-11,8-K,,submissions
0001375365-22-000021,"Super Micro Computer, Inc.",0001375365,2022-03-04,2022-03-03,8-K,,submissions
0001375365-22-000008,"Super Micro Computer, Inc.",0001375365,2022-02-01,2022-02-01,8-K,,submissions
0001375365-22-000003,"Super Micro Computer, Inc.",0001375365,2022-01-13,2022-01-07,8-K,,submissions
0001375365-21-000093,"Super Micro Computer, Inc.",0001375365,2021-12-21,2021-12-21,8-K,,submissions
0001375365-21-000087,"Super Micro Computer, Inc.",0001375365,2021-11-12,2021-11-08,8-K,,submissions
0001375365-21-000078,"Super Micro Computer, Inc.",0001375365,2021-11-02,2021-11-02,8-K,,submissions
0001375365-21-000075,"Super Micro Computer, Inc.",0001375365,2021-10-12,2021-10-05,8-K,,submissions
0001375365-21-000067,"Super Micro Computer, Inc.",0001375365,2021-10-04,2021-09-30,8-K,,submissions
0001375365-21-000064,"Super Micro Computer, Inc.",0001375365,2021-09-17,2021-09-13,8-K,,submissions
0001375365-21-000055,"Super Micro Computer, Inc.",0001375365,2021-08-10,2021-08-10,8-K,,submissions
0001375365-21-000050,"Super Micro Computer, Inc.",0001375365,2021-07-26,2021-07-20,8-K,,submissions
0001375365-21-000047,"Super Micro Computer, Inc.",0001375365,2021-06-29,2021-06-28,8-K,,submissions
0001375365-21-000039,"Super Micro Computer, Inc.",0001375365,2021-06-03,2021-05-28,8-K,,submissions
0001375365-21-000029,"Super Micro Computer, Inc.",0001375365,2021-05-04,2021-05-04,8-K,,submissions
0001375365-21-000022,"Super Micro Computer, Inc.",0001375365,2021-03-04,2021-03-01,8-K,,submissions
0001375365-21-000015,"Super Micro Computer, Inc.",0001375365,2021-02-12,2021-02-12,8-K,,submissions
0001375365-21-000005,"Super Micro Computer, Inc.",0001375365,2021-02-02,2021-01-29,8-K,,submissions
0001375365-20-000077,"Super Micro Computer, Inc.",0001375365,2020-12-04,2020-12-02,8-K,,submissions
0001375365-20-000069,"Super Micro Computer, Inc.",0001375365,2020-11-03,2020-10-28,8-K,,submissions
0001375365-20-000059,"Super Micro Computer, Inc.",0001375365,2020-08-25,2020-08-25,8-K,,submissions
0001375365-20-000057,"Super Micro Computer, Inc.",0001375365,2020-08-11,2020-08-11,8-K,,submissions
0001375365-20-000052,"Super Micro Computer, Inc.",0001375365,2020-06-11,2020-06-05,8-K,,submissions
0001375365-20-000050,"Super Micro Computer, Inc.",0001375365,2020-06-09,2020-06-05,8-K,,submissions
0001375365-20-000044,"Super Micro Computer, Inc.",0001375365,2020-05-26,2020-05-21,8-K,,submissions
0001375365-20-000042,"Super Micro Computer, Inc.",0001375365,2020-05-18,2020-05-18,8-K,,submissions
0001375365-20-000035,"Super Micro Computer, Inc.",0001375365,2020-05-13,2020-05-12,8-K,,submissions
0001375365-20-000030,"Super Micro Computer, Inc.",0001375365,2020-05-07,2020-05-07,8-K,,submissions
0001375365-20-000021,"Super Micro Computer, Inc.",0001375365,2020-04-02,2020-04-02,8-K,,submissions
0001375365-20-000019,"Super Micro Computer, Inc.",0001375365,2020-03-10,2020-03-04,8-K,,submissions
0001375365-20-000015,"Super Micro Computer, Inc.",0001375365,2020-02-21,2020-02-21,8-K,,submissions
0001375365-20-000008,"Super Micro Computer, Inc.",0001375365,2020-02-06,2020-02-06,8-K,,submissions
0001375365-20-000004,"Super Micro Computer, Inc.",0001375365,2020-01-09,2020-01-08,8-K,,submissions
0001375365-19-000080,"Super Micro Computer, Inc.",0001375365,2019-12-20,2019-12-19,8-K,,submissions
0001375365-19-000059,"Super Micro Computer, Inc.",0001375365,2019-11-14,2019-11-14,8-K,,submissions
0001375365-19-000052,"Super Micro Computer, Inc.",0001375365,2019-09-09,2019-09-06,8-K,,submissions
0001375365-19-000047,"Super Micro Computer, Inc.",0001375365,2019-08-15,2019-08-15,8-K,,submissions
0001375365-19-000045,"Super Micro Computer, Inc.",0001375365,2019-07-02,2019-06-26,8-K,,submissions
0001375365-19-000041,"Super Micro Computer, Inc.",0001375365,2019-05-17,2019-05-15,8-K,,submissions
0001375365-19-000010,"Super Micro Computer, Inc.",0001375365,2019-03-11,2019-03-11,8-K,,submissions
0001375365-19-000008,"Super Micro Computer, Inc.",0001375365,2019-02-27,2019-01-30,8-K,,submissions
0001375365-19-000006,"Super Micro Computer, Inc.",0001375365,2019-02-14,2019-02-14,8-K,,submissions
0001375365-19-000002,"Super Micro Computer, Inc.",0001375365,2019-02-05,2019-01-30,8-K,,submissions
0001193125-23-294381,SYNOPSYS INC,0000883241,2023-12-13,2023-12-12,8-K,,submissions
0001193125-23-285209,SYNOPSYS INC,0000883241,2023-11-29,2023-11-29,8-K,,submissions
0001193125-23-220159,SYNOPSYS INC,0000883241,2023-08-24,2023-08-24,8-K,,submissions
0001193125-23-214352,SYNOPSYS INC,0000883241,2023-08-16,2023-08-12,8-K,,submissions
0001193125-23-214350,SYNOPSYS INC,0000883241,2023-08-16,2023-08-16,8-K,,submissions
0001193125-23-205023,SYNOPSYS INC,0000883241,2023-08-07,2023-08-04,8-K,,submissions
0001193125-23-154314,SYNOPSYS INC,0000883241,2023-05-25,2023-05-25,8-K,,submissions
0001193125-23-147052,SYNOPSYS INC,0000883241,2023-05-17,2023-05-17,8-K,,submissions
0001193125-23-102146,SYNOPSYS INC,0000883241,2023-04-14,2023-04-12,8-K,,submissions
0001193125-23-046648,SYNOPSYS INC,0000883241,2023-02-23,2023-02-23,8-K,,submissions
0001193125-23-040255,SYNOPSYS INC,0000883241,2023-02-15,2023-02-15,8-K,,submissions
0001193125-22-307402,SYNOPSYS INC,0000883241,2022-12-16,2022-12-16,8-K,,submissions
0001193125-22-304926,SYNOPSYS INC,0000883241,2022-12-14,2022-12-14,8-K,,submissions
0001193125-22-295428,SYNOPSYS INC,0000883241,2022-11-30,2022-11-30,8-K,,submissions
0001193125-22-294370,SYNOPSYS INC,0000883241,2022-11-29,2022-11-28,8-K,,submissions
0001193125-22-261883,SYNOPSYS INC,0000883241,2022-10-13,2022-10-13,8-K,,submissions
0001193125-22-236560,SYNOPSYS INC,0000883241,2022-09-01,2022-09-01,8-K,,submissions
0001193125-22-230094,SYNOPSYS INC,0000883241,2022-08-25,2022-08-25,8-K,,submissions
0001193125-22-223299,SYNOPSYS INC,0000883241,2022-08-17,2022-08-17,8-K,,submissions
0001193125-22-161804,SYNOPSYS INC,0000883241,2022-05-27,2022-05-27,8-K,,submissions
0001193125-22-159178,SYNOPSYS INC,0000883241,2022-05-25,2022-05-23,8-K,,submissions
0001193125-22-154260,SYNOPSYS INC,0000883241,2022-05-19,2022-05-13,8-K,,submissions
0001193125-22-154075,SYNOPSYS INC,0000883241,2022-05-18,2022-05-18,8-K,,submissions
0001193125-22-106865,SYNOPSYS INC,0000883241,2022-04-15,2022-04-12,8-K,,submissions
0001193125-22-054510,SYNOPSYS INC,0000883241,2022-02-25,2022-02-25,8-K,,submissions
0001193125-22-044395,SYNOPSYS INC,0000883241,2022-02-16,2022-02-16,8-K,,submissions
0001193125-21-359208,SYNOPSYS INC,0000883241,2021-12-16,2021-12-16,8-K,,submissions
0001193125-21-353438,SYNOPSYS INC,0000883241,2021-12-10,2021-12-10,8-K,,submissions
0001193125-21-349046,SYNOPSYS INC,0000883241,2021-12-06,2021-12-03,8-K,,submissions
0001193125-21-345428,SYNOPSYS INC,0000883241,2021-12-01,2021-11-28,8-K,,submissions
0001193125-21-345415,SYNOPSYS INC,0000883241,2021-12-01,2021-12-01,8-K,,submissions
0001193125-21-271490,SYNOPSYS INC,0000883241,2021-09-13,2021-09-13,8-K,,submissions
0001193125-21-257617,SYNOPSYS INC,0000883241,2021-08-26,2021-08-25,8-K,,submissions
0001193125-21-250451,SYNOPSYS INC,0000883241,2021-08-18,2021-08-18,8-K,,submissions
0001193125-21-198706,SYNOPSYS INC,0000883241,2021-06-24,2021-06-23,8-K,,submissions
0001193125-21-193245,SYNOPSYS INC,0000883241,2021-06-17,2021-06-17,8-K,,submissions
0001193125-21-166643,SYNOPSYS INC,0000883241,2021-05-19,2021-05-19,8-K,,submissions
0001193125-21-146205,SYNOPSYS INC,0000883241,2021-05-03,2021-04-30,8-K,,submissions
0001193125-21-113218,SYNOPSYS INC,0000883241,2021-04-12,2021-04-08,8-K,,submissions
0001193125-21-106382,SYNOPSYS INC,0000883241,2021-04-05,2021-04-01,8-K,,submissions
0001193125-21-046554,SYNOPSYS INC,0000883241,2021-02-17,2021-02-17,8-K,,submissions
0001193125-21-034440,SYNOPSYS INC,0000883241,2021-02-09,2021-02-08,8-K,,submissions
0001193125-21-016311,SYNOPSYS INC,0000883241,2021-01-25,2021-01-22,8-K,,submissions
0001193125-20-319079,SYNOPSYS INC,0000883241,2020-12-16,2020-12-16,8-K,,submissions
0001193125-20-308415,SYNOPSYS INC,0000883241,2020-12-02,2020-12-02,8-K,,submissions
0001193125-20-240116,SYNOPSYS INC,0000883241,2020-09-04,2020-08-31,8-K,,submissions
0001193125-20-224745,SYNOPSYS INC,0000883241,2020-08-19,2020-08-17,8-K,,submissions
0001193125-20-224728,SYNOPSYS INC,0000883241,2020-08-19,2020-08-19,8-K,,submissions
0001193125-20-174110,SYNOPSYS INC,0000883241,2020-06-19,2020-06-19,8-K,,submissions
0001193125-20-147361,SYNOPSYS INC,0000883241,2020-05-20,2020-05-20,8-K,,submissions
0001193125-20-107549,SYNOPSYS INC,0000883241,2020-04-15,2020-04-09,8-K,,submissions
0001193125-20-052807,SYNOPSYS INC,0000883241,2020-02-27,2020-02-27,8-K,,submissions
0001193125-20-041965,SYNOPSYS INC,0000883241,2020-02-19,2020-02-19,8-K,,submissions
0001193125-19-319171,SYNOPSYS INC,0000883241,2019-12-19,2019-12-19,8-K,,submissions
0001193125-19-306224,SYNOPSYS INC,0000883241,2019-12-04,2019-12-04,8-K,,submissions
0001193125-19-234087,SYNOPSYS INC,0000883241,2019-08-29,2019-08-29,8-K,,submissions
0001193125-19-226959,SYNOPSYS INC,0000883241,2019-08-22,2019-08-21,8-K,,submissions
0001193125-19-226155,SYNOPSYS INC,0000883241,2019-08-21,2019-08-21,8-K,,submissions
0001193125-19-173728,SYNOPSYS INC,0000883241,2019-06-14,2019-06-14,8-K,,submissions
0001193125-19-166165,SYNOPSYS INC,0000883241,2019-06-05,2019-06-04,8-K,,submissions
0001193125-19-154078,SYNOPSYS INC,0000883241,2019-05-22,2019-05-22,8-K,,submissions
0001193125-19-101715,SYNOPSYS INC,0000883241,2019-04-09,2019-04-08,8-K,,submissions
0001193125-19-057627,SYNOPSYS INC,0000883241,2019-02-28,2019-02-28,8-K,,submissions
0001193125-19-045457,SYNOPSYS INC,0000883241,2019-02-20,2019-02-20,8-K,,submissions
0001104659-23-125381,TE Connectivity plc,0001385157,2023-12-12,2023-12-11,8-K,,submissions
0001558370-23-017163,TE Connectivity plc,0001385157,2023-11-01,2023-11-01,8-K,,submissions
0001558370-23-012232,TE Connectivity plc,0001385157,2023-07-26,2023-07-26,8-K,,submissions
0001558370-23-006746,TE Connectivity plc,0001385157,2023-04-26,2023-04-26,8-K,,submissions
0001104659-23-034474,TE Connectivity plc,0001385157,2023-03-20,2023-03-16,8-K,,submissions
0001104659-23-032991,TE Connectivity plc,0001385157,2023-03-16,2023-03-15,8-K,,submissions
0001104659-23-019309,TE Connectivity plc,0001385157,2023-02-13,2023-02-13,8-K,,submissions
0001558370-23-000486,TE Connectivity plc,0001385157,2023-01-25,2023-01-25,8-K,,submissions
0001558370-22-018547,TE Connectivity plc,0001385157,2022-12-12,2022-12-08,8-K,,submissions
0001558370-22-015895,TE Connectivity plc,0001385157,2022-11-02,2022-11-02,8-K,,submissions
0001558370-22-011089,TE Connectivity plc,0001385157,2022-07-27,2022-07-27,8-K,,submissions
0001104659-22-062886,TE Connectivity plc,0001385157,2022-05-19,2022-05-19,8-K,,submissions
0001558370-22-006032,TE Connectivity plc,0001385157,2022-04-27,2022-04-27,8-K,,submissions
0001104659-22-031992,TE Connectivity plc,0001385157,2022-03-09,2022-03-09,8-K,,submissions
0001104659-22-011790,TE Connectivity plc,0001385157,2022-02-04,2022-02-04,8-K,,submissions
0001558370-22-000440,TE Connectivity plc,0001385157,2022-01-26,2022-01-26,8-K,,submissions
0001104659-21-148364,TE Connectivity plc,0001385157,2021-12-10,2021-12-08,8-K,,submissions
0001558370-21-013554,TE Connectivity plc,0001385157,2021-10-27,2021-10-27,8-K,,submissions
0001558370-21-009406,TE Connectivity plc,0001385157,2021-07-28,2021-07-28,8-K,,submissions
0001104659-21-075106,TE Connectivity plc,0001385157,2021-06-01,2021-06-01,8-K,,submissions
0001104659-21-069874,TE Connectivity plc,0001385157,2021-05-20,2021-05-20,8-K,,submissions
0001558370-21-004535,TE Connectivity plc,0001385157,2021-04-21,2021-04-21,8-K,,submissions
0001104659-21-034492,TE Connectivity plc,0001385157,2021-03-10,2021-03-10,8-K,,submissions
0001104659-21-022914,TE Connectivity plc,0001385157,2021-02-16,2021-02-16,8-K,,submissions
0001104659-21-019897,TE Connectivity plc,0001385157,2021-02-10,2021-02-08,8-K,,submissions
0001558370-21-000408,TE Connectivity plc,0001385157,2021-01-27,2021-01-27,8-K,,submissions
0001558370-20-011837,TE Connectivity plc,0001385157,2020-10-28,2020-10-28,8-K,,submissions
0001104659-20-091087,TE Connectivity plc,0001385157,2020-08-06,2020-08-05,8-K,,submissions
0001558370-20-008547,TE Connectivity plc,0001385157,2020-07-29,2020-07-29,8-K,,submissions
0001558370-20-007036,TE Connectivity plc,0001385157,2020-05-28,2020-05-28,8-K,,submissions
0001104659-20-063798,TE Connectivity plc,0001385157,2020-05-19,2020-05-19,8-K,,submissions
0001558370-20-004418,TE Connectivity plc,0001385157,2020-04-28,2020-04-28,8-K,,submissions
0001104659-20-038832,TE Connectivity plc,0001385157,2020-03-26,2020-03-25,8-K,,submissions
0001104659-20-033148,TE Connectivity plc,0001385157,2020-03-13,2020-03-12,8-K,,submissions
0001104659-20-031956,TE Connectivity plc,0001385157,2020-03-11,2020-03-11,8-K,,submissions
0001104659-20-021560,TE Connectivity plc,0001385157,2020-02-14,2020-02-14,8-K,,submissions
0001104659-20-007813,TE Connectivity plc,0001385157,2020-01-29,2020-01-29,8-K,,submissions
0001385157-19-000004,TE Connectivity plc,0001385157,2019-11-18,2019-11-15,8-K,,submissions
0001104659-19-057468,TE Connectivity plc,0001385157,2019-10-30,2019-10-30,8-K,,submissions
0001410578-19-001257,TE Connectivity plc,0001385157,2019-09-16,2019-09-11,8-K,,submissions
0001104659-19-041505,TE Connectivity plc,0001385157,2019-07-24,2019-07-24,8-K,,submissions
0001104659-19-032555,TE Connectivity plc,0001385157,2019-05-30,2019-05-30,8-K,,submissions
0001104659-19-030836,TE Connectivity plc,0001385157,2019-05-21,2019-05-21,8-K,,submissions
0001104659-19-023211,TE Connectivity plc,0001385157,2019-04-24,2019-04-24,8-K,,submissions
0001104659-19-015301,TE Connectivity plc,0001385157,2019-03-15,2019-03-13,8-K,,submissions
0001104659-19-002827,TE Connectivity plc,0001385157,2019-01-23,2019-01-23,8-K,,submissions
0001094285-23-000125,TELEDYNE TECHNOLOGIES INC,0001094285,2023-10-25,2023-10-24,8-K,,submissions
0001094285-23-000122,TELEDYNE TECHNOLOGIES INC,0001094285,2023-10-25,2023-10-25,8-K,,submissions
0001094285-23-000100,TELEDYNE TECHNOLOGIES INC,0001094285,2023-07-31,2023-07-25,8-K,,submissions
0001094285-23-000097,TELEDYNE TECHNOLOGIES INC,0001094285,2023-07-26,2023-07-26,8-K,,submissions
0001094285-23-000061,TELEDYNE TECHNOLOGIES INC,0001094285,2023-04-27,2023-04-26,8-K,,submissions
0001094285-23-000058,TELEDYNE TECHNOLOGIES INC,0001094285,2023-04-26,2023-04-26,8-K,,submissions
0001094285-23-000008,TELEDYNE TECHNOLOGIES INC,0001094285,2023-01-26,2023-01-24,8-K,,submissions
0001094285-23-000004,TELEDYNE TECHNOLOGIES INC,0001094285,2023-01-25,2023-01-25,8-K,,submissions
0001094285-22-000133,TELEDYNE TECHNOLOGIES INC,0001094285,2022-12-21,2022-12-20,8-K,,submissions
0001094285-22-000102,TELEDYNE TECHNOLOGIES INC,0001094285,2022-10-26,2022-10-26,8-K,,submissions
0001094285-22-000096,TELEDYNE TECHNOLOGIES INC,0001094285,2022-07-27,2022-07-27,8-K,,submissions
0001094285-22-000057,TELEDYNE TECHNOLOGIES INC,0001094285,2022-04-28,2022-04-27,8-K,,submissions
0001094285-22-000055,TELEDYNE TECHNOLOGIES INC,0001094285,2022-04-27,2022-04-27,8-K,,submissions
0001094285-22-000010,TELEDYNE TECHNOLOGIES INC,0001094285,2022-01-27,2022-01-25,8-K,,submissions
0001094285-22-000008,TELEDYNE TECHNOLOGIES INC,0001094285,2022-01-27,2022-01-27,8-K,,submissions
0001094285-22-000003,TELEDYNE TECHNOLOGIES INC,0001094285,2022-01-26,2022-01-26,8-K,,submissions
0001094285-21-000167,TELEDYNE TECHNOLOGIES INC,0001094285,2021-10-27,2021-10-26,8-K,,submissions
0001094285-21-000148,TELEDYNE TECHNOLOGIES INC,0001094285,2021-08-30,2021-08-27,8-K,,submissions
0001094285-21-000122,TELEDYNE TECHNOLOGIES INC,0001094285,2021-07-28,2021-07-28,8-K,,submissions
0001193125-21-161542,TELEDYNE TECHNOLOGIES INC,0001094285,2021-05-14,2021-05-14,8-K,,submissions
0001193125-21-160512,TELEDYNE TECHNOLOGIES INC,0001094285,2021-05-13,2021-05-13,8-K,,submissions
0001094285-21-000090,TELEDYNE TECHNOLOGIES INC,0001094285,2021-04-28,2021-04-28,8-K,,submissions
0001094285-21-000085,TELEDYNE TECHNOLOGIES INC,0001094285,2021-04-28,2021-04-28,8-K,,submissions
0001193125-21-089077,TELEDYNE TECHNOLOGIES INC,0001094285,2021-03-22,2021-03-17,8-K,,submissions
0001193125-21-072356,TELEDYNE TECHNOLOGIES INC,0001094285,2021-03-08,2021-03-08,8-K,,submissions
0001193125-21-069569,TELEDYNE TECHNOLOGIES INC,0001094285,2021-03-04,2021-03-02,8-K,,submissions
0001094285-21-000018,TELEDYNE TECHNOLOGIES INC,0001094285,2021-01-27,2021-01-26,8-K,,submissions
0001094285-21-000011,TELEDYNE TECHNOLOGIES INC,0001094285,2021-01-27,2021-01-27,8-K,,submissions
0001193125-21-013326,TELEDYNE TECHNOLOGIES INC,0001094285,2021-01-21,2021-01-19,8-K,,submissions
0001193125-21-002733,TELEDYNE TECHNOLOGIES INC,0001094285,2021-01-06,2021-01-02,8-K,,submissions
0001193125-21-001591,TELEDYNE TECHNOLOGIES INC,0001094285,2021-01-05,2021-01-04,8-K,,submissions
0001094285-21-000003,TELEDYNE TECHNOLOGIES INC,0001094285,2021-01-04,2021-01-04,8-K,,submissions
0001094285-20-000168,TELEDYNE TECHNOLOGIES INC,0001094285,2020-12-18,2020-12-18,8-K,,submissions
0001094285-20-000160,TELEDYNE TECHNOLOGIES INC,0001094285,2020-10-21,2020-10-20,8-K,,submissions
0001094285-20-000151,TELEDYNE TECHNOLOGIES INC,0001094285,2020-10-01,2020-10-01,8-K,,submissions
0001094285-20-000149,TELEDYNE TECHNOLOGIES INC,0001094285,2020-09-28,2020-09-28,8-K,,submissions
0001094285-20-000147,TELEDYNE TECHNOLOGIES INC,0001094285,2020-08-25,2020-08-25,8-K,,submissions
0001094285-20-000137,TELEDYNE TECHNOLOGIES INC,0001094285,2020-07-22,2020-07-22,8-K,,submissions
0001094285-20-000065,TELEDYNE TECHNOLOGIES INC,0001094285,2020-04-22,2020-04-22,8-K,,submissions
0001094285-20-000061,TELEDYNE TECHNOLOGIES INC,0001094285,2020-04-22,2020-04-22,8-K,,submissions
0001094285-20-000058,TELEDYNE TECHNOLOGIES INC,0001094285,2020-04-06,2020-04-06,8-K,,submissions
0001094285-20-000054,TELEDYNE TECHNOLOGIES INC,0001094285,2020-04-03,2020-03-31,8-K,,submissions
0001094285-20-000005,TELEDYNE TECHNOLOGIES INC,0001094285,2020-01-23,2020-01-21,8-K,,submissions
0001094285-20-000003,TELEDYNE TECHNOLOGIES INC,0001094285,2020-01-22,2020-01-22,8-K,,submissions
0001094285-19-000171,TELEDYNE TECHNOLOGIES INC,0001094285,2019-11-01,2019-10-30,8-K,,submissions
0001094285-19-000157,TELEDYNE TECHNOLOGIES INC,0001094285,2019-10-24,2019-10-22,8-K,,submissions
0001628280-19-012476,TELEDYNE TECHNOLOGIES INC,0001094285,2019-10-23,2019-10-23,8-K,,submissions
0001094285-19-000141,TELEDYNE TECHNOLOGIES INC,0001094285,2019-08-01,2019-08-01,8-K,,submissions
0001094285-19-000127,TELEDYNE TECHNOLOGIES INC,0001094285,2019-07-24,2019-07-23,8-K,,submissions
0001094285-19-000114,TELEDYNE TECHNOLOGIES INC,0001094285,2019-06-05,2019-06-05,8-K,,submissions
0001094285-19-000076,TELEDYNE TECHNOLOGIES INC,0001094285,2019-04-24,2019-04-24,8-K,,submissions
0001094285-19-000074,TELEDYNE TECHNOLOGIES INC,0001094285,2019-04-24,2019-04-24,8-K,,submissions
0001094285-19-000066,TELEDYNE TECHNOLOGIES INC,0001094285,2019-03-15,2019-03-15,8-K,,submissions
0001094285-19-000058,TELEDYNE TECHNOLOGIES INC,0001094285,2019-02-05,2019-02-05,8-K,,submissions
0001094285-19-000008,TELEDYNE TECHNOLOGIES INC,0001094285,2019-01-24,2019-01-22,8-K,,submissions
0001094285-19-000006,TELEDYNE TECHNOLOGIES INC,0001094285,2019-01-23,2019-01-23,8-K,,submissions
0001193125-23-277958,"TERADYNE, INC",0000097210,2023-11-15,2023-11-14,8-K,,submissions
0001193125-23-272731,"TERADYNE, INC",0000097210,2023-11-08,2023-11-07,8-K,,submissions
0000950170-23-055353,"TERADYNE, INC",0000097210,2023-10-26,2023-10-25,8-K,,submissions
0001193125-23-195224,"TERADYNE, INC",0000097210,2023-07-27,2023-07-26,8-K,,submissions
0001193125-23-146066,"TERADYNE, INC",0000097210,2023-05-16,2023-05-12,8-K,,submissions
0001193125-23-119702,"TERADYNE, INC",0000097210,2023-04-27,2023-04-26,8-K,,submissions
0001193125-23-082173,"TERADYNE, INC",0000097210,2023-03-28,2023-03-24,8-K,,submissions
0001193125-23-024103,"TERADYNE, INC",0000097210,2023-02-03,2023-01-31,8-K,,submissions
0001193125-23-015618,"TERADYNE, INC",0000097210,2023-01-26,2023-01-25,8-K,,submissions
0001193125-22-286746,"TERADYNE, INC",0000097210,2022-11-16,2022-11-15,8-K,,submissions
0001193125-22-277875,"TERADYNE, INC",0000097210,2022-11-04,2022-11-02,8-K,,submissions
0001193125-22-268960,"TERADYNE, INC",0000097210,2022-10-26,2022-10-25,8-K,,submissions
0001193125-22-239025,"TERADYNE, INC",0000097210,2022-09-06,2022-09-06,8-K,,submissions
0001193125-22-202564,"TERADYNE, INC",0000097210,2022-07-27,2022-07-26,8-K,,submissions
0001193125-22-169287,"TERADYNE, INC",0000097210,2022-06-07,2022-06-03,8-K,,submissions
0001193125-22-151657,"TERADYNE, INC",0000097210,2022-05-16,2022-05-13,8-K,,submissions
0001193125-22-121452,"TERADYNE, INC",0000097210,2022-04-27,2022-04-26,8-K,,submissions
0001193125-22-018908,"TERADYNE, INC",0000097210,2022-01-27,2022-01-26,8-K,,submissions
0001193125-21-308612,"TERADYNE, INC",0000097210,2021-10-27,2021-10-26,8-K,,submissions
0001193125-21-286811,"TERADYNE, INC",0000097210,2021-09-29,2021-09-27,8-K,,submissions
0001193125-21-226461,"TERADYNE, INC",0000097210,2021-07-28,2021-07-27,8-K,,submissions
0001193125-21-160178,"TERADYNE, INC",0000097210,2021-05-13,2021-05-07,8-K,,submissions
0001193125-21-135248,"TERADYNE, INC",0000097210,2021-04-28,2021-04-27,8-K,,submissions
0001193125-21-021014,"TERADYNE, INC",0000097210,2021-01-29,2021-01-26,8-K,,submissions
0001193125-21-019843,"TERADYNE, INC",0000097210,2021-01-28,2021-01-27,8-K,,submissions
0001193125-20-290492,"TERADYNE, INC",0000097210,2020-11-12,2020-11-10,8-K,,submissions
0001193125-20-278388,"TERADYNE, INC",0000097210,2020-10-27,2020-10-26,8-K,,submissions
0001193125-20-273253,"TERADYNE, INC",0000097210,2020-10-21,2020-10-20,8-K,,submissions
0001193125-20-247202,"TERADYNE, INC",0000097210,2020-09-16,2020-09-15,8-K,,submissions
0001193125-20-196743,"TERADYNE, INC",0000097210,2020-07-22,2020-07-21,8-K,,submissions
0001193125-20-139310,"TERADYNE, INC",0000097210,2020-05-12,2020-05-08,8-K,,submissions
0001193125-20-133155,"TERADYNE, INC",0000097210,2020-05-05,2020-05-01,8-K,,submissions
0001193125-20-114153,"TERADYNE, INC",0000097210,2020-04-22,2020-04-21,8-K,,submissions
0001193125-20-012403,"TERADYNE, INC",0000097210,2020-01-23,2020-01-22,8-K,,submissions
0001193125-19-272014,"TERADYNE, INC",0000097210,2019-10-23,2019-10-22,8-K,,submissions
0001193125-19-200468,"TERADYNE, INC",0000097210,2019-07-24,2019-07-23,8-K,,submissions
0001193125-19-196530,"TERADYNE, INC",0000097210,2019-07-18,2019-07-17,8-K,,submissions
0001193125-19-183983,"TERADYNE, INC",0000097210,2019-06-27,2019-06-27,8-K,,submissions
0001193125-19-142574,"TERADYNE, INC",0000097210,2019-05-09,2019-05-07,8-K,,submissions
0001193125-19-115617,"TERADYNE, INC",0000097210,2019-04-24,2019-04-23,8-K,,submissions
0001193125-19-097961,"TERADYNE, INC",0000097210,2019-04-04,2019-04-04,8-K,,submissions
0001193125-19-015616,"TERADYNE, INC",0000097210,2019-01-24,2019-01-24,8-K,,submissions
0001193125-19-015261,"TERADYNE, INC",0000097210,2019-01-24,2019-01-23,8-K,,submissions
0000097476-23-000039,TEXAS INSTRUMENTS INC,0000097476,2023-10-24,2023-10-24,8-K,,submissions
0000950103-23-013859,TEXAS INSTRUMENTS INC,0000097476,2023-09-21,2023-09-21,8-K,,submissions
0000097476-23-000033,TEXAS INSTRUMENTS INC,0000097476,2023-07-25,2023-07-25,8-K,,submissions
0001193125-23-148183,TEXAS INSTRUMENTS INC,0000097476,2023-05-18,2023-05-18,8-K,,submissions
0000097476-23-000029,TEXAS INSTRUMENTS INC,0000097476,2023-05-03,2023-04-27,8-K,,submissions
0000097476-23-000023,TEXAS INSTRUMENTS INC,0000097476,2023-04-25,2023-04-25,8-K,,submissions
0001193125-23-070157,TEXAS INSTRUMENTS INC,0000097476,2023-03-14,2023-03-14,8-K,,submissions
0001193125-23-041080,TEXAS INSTRUMENTS INC,0000097476,2023-02-16,2023-02-16,8-K,,submissions
0000097476-23-000003,TEXAS INSTRUMENTS INC,0000097476,2023-01-24,2023-01-24,8-K,,submissions
0001193125-23-011991,TEXAS INSTRUMENTS INC,0000097476,2023-01-20,2023-01-19,8-K,,submissions
0001193125-22-288982,TEXAS INSTRUMENTS INC,0000097476,2022-11-18,2022-11-18,8-K,,submissions
0000097476-22-000047,TEXAS INSTRUMENTS INC,0000097476,2022-10-25,2022-10-25,8-K,,submissions
0000097476-22-000043,TEXAS INSTRUMENTS INC,0000097476,2022-09-15,2022-09-15,8-K,,submissions
0001193125-22-222326,TEXAS INSTRUMENTS INC,0000097476,2022-08-16,2022-08-16,8-K,,submissions
0000097476-22-000038,TEXAS INSTRUMENTS INC,0000097476,2022-07-26,2022-07-26,8-K,,submissions
0000097476-22-000034,TEXAS INSTRUMENTS INC,0000097476,2022-04-29,2022-04-28,8-K,,submissions
0000097476-22-000026,TEXAS INSTRUMENTS INC,0000097476,2022-04-26,2022-04-26,8-K,,submissions
0001193125-22-018409,TEXAS INSTRUMENTS INC,0000097476,2022-01-26,2022-01-20,8-K,,submissions
0000097476-22-000004,TEXAS INSTRUMENTS INC,0000097476,2022-01-25,2022-01-25,8-K,,submissions
0001193125-21-350324,TEXAS INSTRUMENTS INC,0000097476,2021-12-07,2021-12-02,8-K,,submissions
0000097476-21-000030,TEXAS INSTRUMENTS INC,0000097476,2021-10-26,2021-10-26,8-K,,submissions
0000097476-21-000025,TEXAS INSTRUMENTS INC,0000097476,2021-09-15,2021-09-15,8-K,,submissions
0001193125-21-273955,TEXAS INSTRUMENTS INC,0000097476,2021-09-15,2021-09-15,8-K,,submissions
0000097476-21-000019,TEXAS INSTRUMENTS INC,0000097476,2021-07-21,2021-07-21,8-K,,submissions
0001193125-21-136852,TEXAS INSTRUMENTS INC,0000097476,2021-04-28,2021-04-22,8-K,,submissions
0001193125-21-136843,TEXAS INSTRUMENTS INC,0000097476,2021-04-28,2021-04-22,8-K,,submissions
0000097476-21-000011,TEXAS INSTRUMENTS INC,0000097476,2021-04-27,2021-04-27,8-K,,submissions
0000097476-21-000003,TEXAS INSTRUMENTS INC,0000097476,2021-01-26,2021-01-26,8-K,,submissions
0001628280-20-014606,TEXAS INSTRUMENTS INC,0000097476,2020-10-20,2020-10-20,8-K,,submissions
0000097476-20-000030,TEXAS INSTRUMENTS INC,0000097476,2020-09-17,2020-09-17,8-K,,submissions
0001193125-20-223644,TEXAS INSTRUMENTS INC,0000097476,2020-08-18,2020-08-18,8-K,,submissions
0001193125-20-223640,TEXAS INSTRUMENTS INC,0000097476,2020-08-18,2020-08-13,8-K,,submissions
0000097476-20-000025,TEXAS INSTRUMENTS INC,0000097476,2020-07-21,2020-07-21,8-K,,submissions
0001193125-20-194080,TEXAS INSTRUMENTS INC,0000097476,2020-07-16,2020-07-16,8-K,,submissions
0001564590-20-020837,TEXAS INSTRUMENTS INC,0000097476,2020-05-04,2020-05-04,8-K,,submissions
0000097476-20-000019,TEXAS INSTRUMENTS INC,0000097476,2020-04-28,2020-04-23,8-K,,submissions
0000097476-20-000014,TEXAS INSTRUMENTS INC,0000097476,2020-04-21,2020-04-21,8-K,,submissions
0001193125-20-071568,TEXAS INSTRUMENTS INC,0000097476,2020-03-12,2020-03-12,8-K,,submissions
0001193125-20-043531,TEXAS INSTRUMENTS INC,0000097476,2020-02-20,2020-02-20,8-K,,submissions
0000097476-20-000006,TEXAS INSTRUMENTS INC,0000097476,2020-01-22,2020-01-22,8-K,,submissions
0000097476-19-000006,TEXAS INSTRUMENTS INC,0000097476,2019-10-22,2019-10-22,8-K,,submissions
0001628280-19-011844,TEXAS INSTRUMENTS INC,0000097476,2019-09-19,2019-09-19,8-K,,submissions
0001193125-19-244855,TEXAS INSTRUMENTS INC,0000097476,2019-09-13,2019-09-09,8-K,,submissions
0001193125-19-237540,TEXAS INSTRUMENTS INC,0000097476,2019-09-04,2019-09-04,8-K,,submissions
0001564590-19-025627,TEXAS INSTRUMENTS INC,0000097476,2019-07-23,2019-07-23,8-K,,submissions
0001564590-19-013410,TEXAS INSTRUMENTS INC,0000097476,2019-04-29,2019-04-25,8-K,,submissions
0001564590-19-012514,TEXAS INSTRUMENTS INC,0000097476,2019-04-23,2019-04-23,8-K,,submissions
0001193125-19-070297,TEXAS INSTRUMENTS INC,0000097476,2019-03-11,2019-03-01,8-K,,submissions
0001564590-19-000975,TEXAS INSTRUMENTS INC,0000097476,2019-01-23,2019-01-23,8-K,,submissions
0001140361-23-056365,THERMO FISHER SCIENTIFIC INC.,0000097745,2023-12-05,2023-12-05,8-K,,submissions
0000097745-23-000072,THERMO FISHER SCIENTIFIC INC.,0000097745,2023-11-07,2023-11-07,8-K,,submissions
0000097745-23-000065,THERMO FISHER SCIENTIFIC INC.,0000097745,2023-10-25,2023-10-25,8-K,,submissions
0000950157-23-001058,THERMO FISHER SCIENTIFIC INC.,0000097745,2023-10-17,2023-10-17,8-K,,submissions
0001140361-23-039086,THERMO FISHER SCIENTIFIC INC.,0000097745,2023-08-10,2023-08-10,8-K,,submissions
0001140361-23-038455,THERMO FISHER SCIENTIFIC INC.,0000097745,2023-08-08,2023-08-08,8-K,,submissions
0000097745-23-000054,THERMO FISHER SCIENTIFIC INC.,0000097745,2023-07-26,2023-07-26,8-K,,submissions
0000097745-23-000051,THERMO FISHER SCIENTIFIC INC.,0000097745,2023-07-13,2023-07-13,8-K,,submissions
0000097745-23-000042,THERMO FISHER SCIENTIFIC INC.,0000097745,2023-05-26,2023-05-24,8-K,,submissions
0001628280-23-013041,THERMO FISHER SCIENTIFIC INC.,0000097745,2023-04-26,2023-04-26,8-K,,submissions
0000097745-23-000003,THERMO FISHER SCIENTIFIC INC.,0000097745,2023-02-01,2023-02-01,8-K,,submissions
0001140361-22-042550,THERMO FISHER SCIENTIFIC INC.,0000097745,2022-11-21,2022-11-21,8-K,,submissions
0000097745-22-000060,THERMO FISHER SCIENTIFIC INC.,0000097745,2022-11-14,2022-11-10,8-K,,submissions
0000097745-22-000053,THERMO FISHER SCIENTIFIC INC.,0000097745,2022-10-26,2022-10-26,8-K,,submissions
0001140361-22-037956,THERMO FISHER SCIENTIFIC INC.,0000097745,2022-10-20,2022-10-20,8-K,,submissions
0000097745-22-000044,THERMO FISHER SCIENTIFIC INC.,0000097745,2022-07-28,2022-07-28,8-K,,submissions
0000097745-22-000032,THERMO FISHER SCIENTIFIC INC.,0000097745,2022-05-19,2022-05-18,8-K,,submissions
0000097745-22-000022,THERMO FISHER SCIENTIFIC INC.,0000097745,2022-04-28,2022-04-28,8-K,,submissions
0000097745-22-000008,THERMO FISHER SCIENTIFIC INC.,0000097745,2022-02-24,2022-02-23,8-K,,submissions
0000097745-22-000003,THERMO FISHER SCIENTIFIC INC.,0000097745,2022-02-02,2022-02-02,8-K,,submissions
0001193125-22-014316,THERMO FISHER SCIENTIFIC INC.,0000097745,2022-01-21,2022-01-21,8-K,,submissions
0001104659-22-002262,THERMO FISHER SCIENTIFIC INC.,0000097745,2022-01-07,2022-01-07,8-K,,submissions
0001193125-21-357356,THERMO FISHER SCIENTIFIC INC.,0000097745,2021-12-15,2021-12-15,8-K,,submissions
0000950157-21-001239,THERMO FISHER SCIENTIFIC INC.,0000097745,2021-12-08,2021-12-08,8-K,,submissions
0001193125-21-333790,THERMO FISHER SCIENTIFIC INC.,0000097745,2021-11-18,2021-11-18,8-K,,submissions
0000097745-21-000054,THERMO FISHER SCIENTIFIC INC.,0000097745,2021-10-27,2021-10-27,8-K,,submissions
0001193125-21-305403,THERMO FISHER SCIENTIFIC INC.,0000097745,2021-10-22,2021-10-22,8-K,,submissions
0001193125-21-301063,THERMO FISHER SCIENTIFIC INC.,0000097745,2021-10-18,2021-10-18,8-K,,submissions
0000097745-21-000051,THERMO FISHER SCIENTIFIC INC.,0000097745,2021-09-28,2021-09-23,8-K,,submissions
0000097745-21-000048,THERMO FISHER SCIENTIFIC INC.,0000097745,2021-09-17,2021-09-17,8-K,,submissions
0001193125-21-253972,THERMO FISHER SCIENTIFIC INC.,0000097745,2021-08-23,2021-08-23,8-K,,submissions
0000097745-21-000042,THERMO FISHER SCIENTIFIC INC.,0000097745,2021-07-28,2021-07-28,8-K,,submissions
0000097745-21-000038,THERMO FISHER SCIENTIFIC INC.,0000097745,2021-07-09,2021-07-08,8-K,,submissions
0000097745-21-000028,THERMO FISHER SCIENTIFIC INC.,0000097745,2021-05-20,2021-05-19,8-K,,submissions
0000097745-21-000023,THERMO FISHER SCIENTIFIC INC.,0000097745,2021-04-29,2021-04-29,8-K,,submissions
0000950157-21-000428,THERMO FISHER SCIENTIFIC INC.,0000097745,2021-04-16,2021-04-15,8-K,,submissions
0000950157-21-000419,THERMO FISHER SCIENTIFIC INC.,0000097745,2021-04-15,2021-04-15,8-K,,submissions
0000097745-21-000014,THERMO FISHER SCIENTIFIC INC.,0000097745,2021-03-11,2021-03-11,8-K,,submissions
0000097745-21-000009,THERMO FISHER SCIENTIFIC INC.,0000097745,2021-02-24,2021-02-23,8-K,,submissions
0000097745-21-000006,THERMO FISHER SCIENTIFIC INC.,0000097745,2021-02-01,2021-02-01,8-K,,submissions
0000097745-21-000002,THERMO FISHER SCIENTIFIC INC.,0000097745,2021-01-11,2021-01-11,8-K,,submissions
0001104659-20-132419,THERMO FISHER SCIENTIFIC INC.,0000097745,2020-12-04,2020-12-04,8-K,,submissions
0000097745-20-000055,THERMO FISHER SCIENTIFIC INC.,0000097745,2020-12-01,2020-12-01,8-K,,submissions
0000097745-20-000053,THERMO FISHER SCIENTIFIC INC.,0000097745,2020-11-20,2020-11-20,8-K,,submissions
0000097745-20-000049,THERMO FISHER SCIENTIFIC INC.,0000097745,2020-10-21,2020-10-21,8-K,,submissions
0000097745-20-000045,THERMO FISHER SCIENTIFIC INC.,0000097745,2020-09-14,2020-09-10,8-K,,submissions
0000097745-20-000042,THERMO FISHER SCIENTIFIC INC.,0000097745,2020-09-10,2020-09-10,8-K,,submissions
0001104659-20-094391,THERMO FISHER SCIENTIFIC INC.,0000097745,2020-08-13,2020-08-13,8-K,,submissions
0001104659-20-090393,THERMO FISHER SCIENTIFIC INC.,0000097745,2020-08-04,2020-08-04,8-K,,submissions
0000097745-20-000035,THERMO FISHER SCIENTIFIC INC.,0000097745,2020-07-22,2020-07-22,8-K,,submissions
0001104659-20-083943,THERMO FISHER SCIENTIFIC INC.,0000097745,2020-07-16,2020-07-16,8-K,,submissions
0000097745-20-000032,THERMO FISHER SCIENTIFIC INC.,0000097745,2020-07-06,2020-07-06,8-K,,submissions
0001104659-20-072419,THERMO FISHER SCIENTIFIC INC.,0000097745,2020-06-11,2020-06-05,8-K,,submissions
0000097745-20-000023,THERMO FISHER SCIENTIFIC INC.,0000097745,2020-05-22,2020-05-20,8-K,,submissions
0000097745-20-000021,THERMO FISHER SCIENTIFIC INC.,0000097745,2020-05-13,2020-05-13,8-K,,submissions
0001104659-20-050324,THERMO FISHER SCIENTIFIC INC.,0000097745,2020-04-23,2020-04-17,8-K,,submissions
0000097745-20-000015,THERMO FISHER SCIENTIFIC INC.,0000097745,2020-04-22,2020-04-22,8-K,,submissions
0000097745-20-000012,THERMO FISHER SCIENTIFIC INC.,0000097745,2020-04-06,2020-04-06,8-K,,submissions
0001193125-20-095953,THERMO FISHER SCIENTIFIC INC.,0000097745,2020-04-02,2020-03-30,8-K,,submissions
0001193125-20-086135,THERMO FISHER SCIENTIFIC INC.,0000097745,2020-03-26,2020-03-23,8-K,,submissions
0001193125-20-081723,THERMO FISHER SCIENTIFIC INC.,0000097745,2020-03-23,2020-03-23,8-K,,submissions
0001104659-20-030289,THERMO FISHER SCIENTIFIC INC.,0000097745,2020-03-09,2020-03-03,8-K,,submissions
0001104659-20-028172,THERMO FISHER SCIENTIFIC INC.,0000097745,2020-03-03,2020-03-03,8-K,,submissions
0000097745-20-000005,THERMO FISHER SCIENTIFIC INC.,0000097745,2020-01-30,2020-01-30,8-K,,submissions
0000097745-19-000046,THERMO FISHER SCIENTIFIC INC.,0000097745,2019-10-23,2019-10-23,8-K,,submissions
0001193125-19-264457,THERMO FISHER SCIENTIFIC INC.,0000097745,2019-10-08,2019-10-08,8-K,,submissions
0001193125-19-258147,THERMO FISHER SCIENTIFIC INC.,0000097745,2019-09-30,2019-09-30,8-K,,submissions
0001193125-19-254176,THERMO FISHER SCIENTIFIC INC.,0000097745,2019-09-25,2019-09-24,8-K,,submissions
0000097745-19-000043,THERMO FISHER SCIENTIFIC INC.,0000097745,2019-09-12,2019-09-12,8-K,,submissions
0000097745-19-000037,THERMO FISHER SCIENTIFIC INC.,0000097745,2019-09-06,2019-09-05,8-K,,submissions
0000097745-19-000032,THERMO FISHER SCIENTIFIC INC.,0000097745,2019-07-24,2019-07-24,8-K,,submissions
0000097745-19-000028,THERMO FISHER SCIENTIFIC INC.,0000097745,2019-06-28,2019-06-26,8-K,,submissions
0000097745-19-000018,THERMO FISHER SCIENTIFIC INC.,0000097745,2019-05-23,2019-05-22,8-K,,submissions
0000097745-19-000012,THERMO FISHER SCIENTIFIC INC.,0000097745,2019-04-24,2019-04-24,8-K,,submissions
0000097745-19-000009,THERMO FISHER SCIENTIFIC INC.,0000097745,2019-02-28,2019-02-26,8-K,,submissions
0000097745-19-000003,THERMO FISHER SCIENTIFIC INC.,0000097745,2019-01-30,2019-01-30,8-K,,submissions
0000864749-23-000205,TRIMBLE INC.,0000864749,2023-12-11,2023-12-06,8-K,,submissions
0000864749-23-000189,TRIMBLE INC.,0000864749,2023-11-01,2023-11-01,8-K,,submissions
0000864749-23-000188,TRIMBLE INC.,0000864749,2023-11-01,2023-11-01,8-K,,submissions
0000864749-23-000187,TRIMBLE INC.,0000864749,2023-11-01,2023-11-01,8-K,,submissions
0001193125-23-244709,TRIMBLE INC.,0000864749,2023-09-28,2023-09-28,8-K,,submissions
0000864749-23-000171,TRIMBLE INC.,0000864749,2023-08-03,2023-08-03,8-K,,submissions
0000864749-23-000147,TRIMBLE INC.,0000864749,2023-06-06,2023-06-01,8-K,,submissions
0000864749-23-000074,TRIMBLE INC.,0000864749,2023-05-03,2023-05-03,8-K,,submissions
0000864749-23-000055,TRIMBLE INC.,0000864749,2023-04-18,2023-04-18,8-K,,submissions
0000864749-23-000040,TRIMBLE INC.,0000864749,2023-04-05,2023-04-03,8-K,,submissions
0001193125-23-066227,TRIMBLE INC.,0000864749,2023-03-09,2023-03-09,8-K,,submissions
0001193125-23-049033,TRIMBLE INC.,0000864749,2023-02-27,2023-02-23,8-K,,submissions
0000864749-23-000007,TRIMBLE INC.,0000864749,2023-02-08,2023-02-08,8-K,,submissions
0000864749-22-000205,TRIMBLE INC.,0000864749,2022-12-30,2022-12-27,8-K,,submissions
0001193125-22-302877,TRIMBLE INC.,0000864749,2022-12-12,2022-12-11,8-K,,submissions
0000864749-22-000185,TRIMBLE INC.,0000864749,2022-11-02,2022-11-02,8-K,,submissions
0000864749-22-000180,TRIMBLE INC.,0000864749,2022-10-11,2022-10-06,8-K,,submissions
0000864749-22-000176,TRIMBLE INC.,0000864749,2022-10-06,2022-10-06,8-K,,submissions
0000864749-22-000160,TRIMBLE INC.,0000864749,2022-08-05,2022-08-05,8-K,,submissions
0000864749-22-000135,TRIMBLE INC.,0000864749,2022-05-26,2022-05-25,8-K,,submissions
0000864749-22-000086,TRIMBLE INC.,0000864749,2022-05-05,2022-05-05,8-K,,submissions
0000864749-22-000064,TRIMBLE INC.,0000864749,2022-03-30,2022-03-24,8-K,,submissions
0000864749-22-000048,TRIMBLE INC.,0000864749,2022-02-28,2022-02-22,8-K,,submissions
0000864749-22-000012,TRIMBLE INC.,0000864749,2022-02-09,2022-02-09,8-K,,submissions
0000864749-22-000003,TRIMBLE INC.,0000864749,2022-01-13,2022-01-11,8-K,,submissions
0000864749-21-000135,TRIMBLE INC.,0000864749,2021-11-03,2021-11-03,8-K,,submissions
0000864749-21-000118,TRIMBLE INC.,0000864749,2021-08-19,2021-08-19,8-K,,submissions
0000864749-21-000106,TRIMBLE INC.,0000864749,2021-08-04,2021-08-04,8-K,,submissions
0000864749-21-000102,TRIMBLE INC.,0000864749,2021-07-27,2021-07-26,8-K,,submissions
0000864749-21-000079,TRIMBLE INC.,0000864749,2021-05-18,2021-05-12,8-K,,submissions
0000864749-21-000047,TRIMBLE INC.,0000864749,2021-05-05,2021-05-05,8-K,,submissions
0000864749-21-000038,TRIMBLE INC.,0000864749,2021-03-30,2021-03-30,8-K,,submissions
0000864749-21-000026,TRIMBLE INC.,0000864749,2021-02-25,2021-02-19,8-K,,submissions
0000864749-21-000011,TRIMBLE INC.,0000864749,2021-02-10,2021-02-10,8-K,,submissions
0000864749-20-000143,TRIMBLE INC.,0000864749,2020-11-04,2020-11-04,8-K,,submissions
0000864749-20-000140,TRIMBLE INC.,0000864749,2020-10-20,2020-10-16,8-K,,submissions
0000864749-20-000134,TRIMBLE INC.,0000864749,2020-09-30,2020-09-29,8-K,,submissions
0000864749-20-000112,TRIMBLE INC.,0000864749,2020-08-05,2020-08-05,8-K,,submissions
0000864749-20-000083,TRIMBLE INC.,0000864749,2020-05-29,2020-05-27,8-K,,submissions
0000864749-20-000048,TRIMBLE INC.,0000864749,2020-05-06,2020-05-04,8-K,,submissions
0000864749-20-000047,TRIMBLE INC.,0000864749,2020-05-06,2020-05-06,8-K,,submissions
0000864749-20-000011,TRIMBLE INC.,0000864749,2020-02-12,2020-02-12,8-K,,submissions
0001193125-19-317679,TRIMBLE INC.,0000864749,2019-12-18,2019-12-13,8-K,,submissions
0001193125-19-294822,TRIMBLE INC.,0000864749,2019-11-18,2019-11-18,8-K,,submissions
0001193125-19-293532,TRIMBLE INC.,0000864749,2019-11-15,2019-11-12,8-K,,submissions
0001341004-19-000528,TRIMBLE INC.,0000864749,2019-10-30,2019-10-27,8-K,,submissions
0000864749-19-000147,TRIMBLE INC.,0000864749,2019-10-30,2019-10-30,8-K,,submissions
0000864749-19-000127,TRIMBLE INC.,0000864749,2019-07-31,2019-07-31,8-K,,submissions
0000864749-19-000089,TRIMBLE INC.,0000864749,2019-05-10,2019-05-07,8-K,,submissions
0001193125-19-133147,TRIMBLE INC.,0000864749,2019-05-01,2019-05-01,8-K,,submissions
0001193125-19-029592,TRIMBLE INC.,0000864749,2019-02-06,2019-02-06,8-K,,submissions
0000860731-23-000035,TYLER TECHNOLOGIES INC,0000860731,2023-11-01,2023-11-01,8-K,,submissions
0000860731-23-000026,TYLER TECHNOLOGIES INC,0000860731,2023-07-26,2023-07-26,8-K,,submissions
0000860731-23-000022,TYLER TECHNOLOGIES INC,0000860731,2023-05-15,2023-05-15,8-K,,submissions
0000860731-23-000021,TYLER TECHNOLOGIES INC,0000860731,2023-05-15,2023-05-15,8-K,,submissions
0000860731-23-000016,TYLER TECHNOLOGIES INC,0000860731,2023-04-26,2023-04-26,8-K,,submissions
0000860731-23-000012,TYLER TECHNOLOGIES INC,0000860731,2023-03-31,2023-03-31,8-K,,submissions
0000860731-23-000004,TYLER TECHNOLOGIES INC,0000860731,2023-02-15,2023-02-15,8-K,,submissions
0000860731-22-000040,TYLER TECHNOLOGIES INC,0000860731,2022-10-26,2022-10-26,8-K,,submissions
0000860731-22-000032,TYLER TECHNOLOGIES INC,0000860731,2022-07-27,2022-07-27,8-K,,submissions
0000860731-22-000029,TYLER TECHNOLOGIES INC,0000860731,2022-05-19,2022-05-19,8-K,,submissions
0000860731-22-000024,TYLER TECHNOLOGIES INC,0000860731,2022-05-18,2022-05-18,8-K,,submissions
0000860731-22-000021,TYLER TECHNOLOGIES INC,0000860731,2022-05-12,2022-05-12,8-K,,submissions
0000860731-22-000016,TYLER TECHNOLOGIES INC,0000860731,2022-04-27,2022-04-27,8-K,,submissions
0000860731-22-000008,TYLER TECHNOLOGIES INC,0000860731,2022-02-16,2022-02-16,8-K,,submissions
0000860731-22-000005,TYLER TECHNOLOGIES INC,0000860731,2022-02-07,2022-02-07,8-K,,submissions
0000860731-21-000037,TYLER TECHNOLOGIES INC,0000860731,2021-10-27,2021-10-27,8-K,,submissions
0000860731-21-000032,TYLER TECHNOLOGIES INC,0000860731,2021-07-28,2021-07-28,8-K,,submissions
0000860731-21-000029,TYLER TECHNOLOGIES INC,0000860731,2021-06-07,2021-06-07,8-K,,submissions
0000860731-21-000027,TYLER TECHNOLOGIES INC,0000860731,2021-05-11,2021-05-11,8-K,,submissions
0000860731-21-000022,TYLER TECHNOLOGIES INC,0000860731,2021-04-28,2021-04-28,8-K,,submissions
0000860731-21-000020,TYLER TECHNOLOGIES INC,0000860731,2021-04-21,2021-04-21,8-K,,submissions
0000860731-21-000018,TYLER TECHNOLOGIES INC,0000860731,2021-03-09,2021-03-09,8-K,,submissions
0000860731-21-000016,TYLER TECHNOLOGIES INC,0000860731,2021-03-03,2021-03-03,8-K,,submissions
0000860731-21-000009,TYLER TECHNOLOGIES INC,0000860731,2021-02-11,2021-02-11,8-K,,submissions
0000860731-21-000007,TYLER TECHNOLOGIES INC,0000860731,2021-02-10,2021-02-10,8-K,,submissions
0000860731-21-000005,TYLER TECHNOLOGIES INC,0000860731,2021-02-10,2021-02-10,8-K,,submissions
0000860731-20-000032,TYLER TECHNOLOGIES INC,0000860731,2020-11-04,2020-11-04,8-K,,submissions
0000860731-20-000028,TYLER TECHNOLOGIES INC,0000860731,2020-09-29,2020-09-29,8-K,,submissions
0000860731-20-000025,TYLER TECHNOLOGIES INC,0000860731,2020-07-29,2020-07-29,8-K,,submissions
0000860731-20-000020,TYLER TECHNOLOGIES INC,0000860731,2020-05-12,2020-05-12,8-K,,submissions
0000860731-20-000015,TYLER TECHNOLOGIES INC,0000860731,2020-04-29,2020-04-29,8-K,,submissions
0000860731-20-000003,TYLER TECHNOLOGIES INC,0000860731,2020-02-12,2020-02-12,8-K,,submissions
0000860731-19-000045,TYLER TECHNOLOGIES INC,0000860731,2019-10-30,2019-10-30,8-K,,submissions
0000860731-19-000039,TYLER TECHNOLOGIES INC,0000860731,2019-10-02,2019-10-02,8-K,,submissions
0000860731-19-000024,TYLER TECHNOLOGIES INC,0000860731,2019-07-31,2019-07-31,8-K,,submissions
0000860731-19-000016,TYLER TECHNOLOGIES INC,0000860731,2019-05-07,2019-05-07,8-K,,submissions
0000860731-19-000014,TYLER TECHNOLOGIES INC,0000860731,2019-05-01,2019-05-01,8-K,,submissions
0000860731-19-000008,TYLER TECHNOLOGIES INC,0000860731,2019-02-20,2019-02-20,8-K,,submissions
0000731766-23-000115,UNITEDHEALTH GROUP INC,0000731766,2023-12-29,2023-12-22,8-K,,submissions
0000731766-23-000080,UNITEDHEALTH GROUP INC,0000731766,2023-11-28,2023-11-28,8-K,,submissions
0000731766-23-000075,UNITEDHEALTH GROUP INC,0000731766,2023-11-22,2023-11-22,8-K,,submissions
0000731766-23-000061,UNITEDHEALTH GROUP INC,0000731766,2023-11-03,2023-11-03,8-K,,submissions
0000731766-23-000058,UNITEDHEALTH GROUP INC,0000731766,2023-10-13,2023-10-13,8-K,,submissions
0000731766-23-000049,UNITEDHEALTH GROUP INC,0000731766,2023-07-14,2023-07-14,8-K,,submissions
0000731766-23-000044,UNITEDHEALTH GROUP INC,0000731766,2023-06-09,2023-06-05,8-K,,submissions
0000731766-23-000042,UNITEDHEALTH GROUP INC,0000731766,2023-05-30,2023-05-30,8-K,,submissions
0000731766-23-000031,UNITEDHEALTH GROUP INC,0000731766,2023-05-05,2023-05-05,8-K,,submissions
0001193125-23-127633,UNITEDHEALTH GROUP INC,0000731766,2023-04-28,2023-04-27,8-K,,submissions
0001193125-23-113025,UNITEDHEALTH GROUP INC,0000731766,2023-04-24,2023-04-18,8-K,,submissions
0000731766-23-000026,UNITEDHEALTH GROUP INC,0000731766,2023-04-14,2023-04-14,8-K,,submissions
0001193125-23-082238,UNITEDHEALTH GROUP INC,0000731766,2023-03-28,2023-03-23,8-K,,submissions
0000731766-23-000003,UNITEDHEALTH GROUP INC,0000731766,2023-01-13,2023-01-13,8-K,,submissions
0000731766-22-000051,UNITEDHEALTH GROUP INC,0000731766,2022-12-12,2022-12-12,8-K,,submissions
0000731766-22-000048,UNITEDHEALTH GROUP INC,0000731766,2022-11-28,2022-11-28,8-K,,submissions
0000731766-22-000046,UNITEDHEALTH GROUP INC,0000731766,2022-11-22,2022-11-22,8-K,,submissions
0001193125-22-272540,UNITEDHEALTH GROUP INC,0000731766,2022-10-28,2022-10-25,8-K,,submissions
0000731766-22-000041,UNITEDHEALTH GROUP INC,0000731766,2022-10-14,2022-10-14,8-K,,submissions
0001104659-22-104936,UNITEDHEALTH GROUP INC,0000731766,2022-10-03,2022-10-03,8-K,,submissions
0000731766-22-000033,UNITEDHEALTH GROUP INC,0000731766,2022-07-15,2022-07-15,8-K,,submissions
0000731766-22-000028,UNITEDHEALTH GROUP INC,0000731766,2022-06-10,2022-06-06,8-K,,submissions
0000731766-22-000026,UNITEDHEALTH GROUP INC,0000731766,2022-05-31,2022-05-31,8-K,,submissions
0001193125-22-156291,UNITEDHEALTH GROUP INC,0000731766,2022-05-20,2022-05-17,8-K,,submissions
0000731766-22-000021,UNITEDHEALTH GROUP INC,0000731766,2022-05-06,2022-05-06,8-K,,submissions
0000731766-22-000016,UNITEDHEALTH GROUP INC,0000731766,2022-04-14,2022-04-14,8-K,,submissions
0000731766-22-000013,UNITEDHEALTH GROUP INC,0000731766,2022-04-05,2022-04-04,8-K,,submissions
0001193125-22-087427,UNITEDHEALTH GROUP INC,0000731766,2022-03-29,2022-03-29,8-K,,submissions
0000731766-22-000010,UNITEDHEALTH GROUP INC,0000731766,2022-02-17,2022-02-14,8-K,,submissions
0000731766-22-000004,UNITEDHEALTH GROUP INC,0000731766,2022-01-19,2022-01-19,8-K,,submissions
0000731766-21-000057,UNITEDHEALTH GROUP INC,0000731766,2021-11-29,2021-11-29,8-K,,submissions
0000731766-21-000055,UNITEDHEALTH GROUP INC,0000731766,2021-11-23,2021-11-23,8-K,,submissions
0000731766-21-000053,UNITEDHEALTH GROUP INC,0000731766,2021-11-08,2021-11-02,8-K,,submissions
0000731766-21-000040,UNITEDHEALTH GROUP INC,0000731766,2021-10-14,2021-10-14,8-K,,submissions
0000731766-21-000033,UNITEDHEALTH GROUP INC,0000731766,2021-07-15,2021-07-15,8-K,,submissions
0000731766-21-000028,UNITEDHEALTH GROUP INC,0000731766,2021-06-11,2021-06-07,8-K,,submissions
0000731766-21-000025,UNITEDHEALTH GROUP INC,0000731766,2021-05-28,2021-05-28,8-K,,submissions
0001193125-21-166654,UNITEDHEALTH GROUP INC,0000731766,2021-05-19,2021-05-17,8-K,,submissions
0000731766-21-000023,UNITEDHEALTH GROUP INC,0000731766,2021-05-07,2021-05-07,8-K,,submissions
0000731766-21-000018,UNITEDHEALTH GROUP INC,0000731766,2021-04-15,2021-04-15,8-K,,submissions
0000731766-21-000015,UNITEDHEALTH GROUP INC,0000731766,2021-03-08,2021-03-08,8-K,,submissions
0000731766-21-000010,UNITEDHEALTH GROUP INC,0000731766,2021-02-26,2021-02-22,8-K,,submissions
0000731766-21-000004,UNITEDHEALTH GROUP INC,0000731766,2021-02-08,2021-02-02,8-K,,submissions
0000731766-21-000002,UNITEDHEALTH GROUP INC,0000731766,2021-01-20,2021-01-20,8-K,,submissions
0001193125-21-002419,UNITEDHEALTH GROUP INC,0000731766,2021-01-06,2021-01-05,8-K,,submissions
0000731766-20-000060,UNITEDHEALTH GROUP INC,0000731766,2020-12-02,2020-12-01,8-K,,submissions
0000731766-20-000058,UNITEDHEALTH GROUP INC,0000731766,2020-12-01,2020-12-01,8-K,,submissions
0000731766-20-000056,UNITEDHEALTH GROUP INC,0000731766,2020-11-25,2020-11-25,8-K,,submissions
0000731766-20-000053,UNITEDHEALTH GROUP INC,0000731766,2020-11-20,2020-11-20,8-K,,submissions
0000731766-20-000045,UNITEDHEALTH GROUP INC,0000731766,2020-10-14,2020-10-14,8-K,,submissions
0000731766-20-000038,UNITEDHEALTH GROUP INC,0000731766,2020-07-15,2020-07-15,8-K,,submissions
0000731766-20-000034,UNITEDHEALTH GROUP INC,0000731766,2020-06-05,2020-06-01,8-K,,submissions
0001193125-20-145044,UNITEDHEALTH GROUP INC,0000731766,2020-05-18,2020-05-13,8-K,,submissions
0000731766-20-000022,UNITEDHEALTH GROUP INC,0000731766,2020-04-17,2020-04-16,8-K,,submissions
0000731766-20-000020,UNITEDHEALTH GROUP INC,0000731766,2020-04-15,2020-04-15,8-K,,submissions
0000731766-20-000018,UNITEDHEALTH GROUP INC,0000731766,2020-03-10,2020-03-10,8-K,,submissions
0000731766-20-000002,UNITEDHEALTH GROUP INC,0000731766,2020-01-15,2020-01-15,8-K,,submissions
0001193125-19-308603,UNITEDHEALTH GROUP INC,0000731766,2019-12-09,2019-12-09,8-K,,submissions
0000731766-19-000042,UNITEDHEALTH GROUP INC,0000731766,2019-12-02,2019-12-02,8-K,,submissions
0000731766-19-000040,UNITEDHEALTH GROUP INC,0000731766,2019-11-21,2019-11-21,8-K,,submissions
0000731766-19-000038,UNITEDHEALTH GROUP INC,0000731766,2019-11-14,2019-11-07,8-K,,submissions
0000731766-19-000036,UNITEDHEALTH GROUP INC,0000731766,2019-11-08,2019-11-07,8-K,,submissions
0000731766-19-000031,UNITEDHEALTH GROUP INC,0000731766,2019-10-15,2019-10-15,8-K,,submissions
0000731766-19-000029,UNITEDHEALTH GROUP INC,0000731766,2019-10-04,2019-06-28,8-K,,submissions
0000731766-19-000027,UNITEDHEALTH GROUP INC,0000731766,2019-09-03,2019-09-03,8-K,,submissions
0001193125-19-202542,UNITEDHEALTH GROUP INC,0000731766,2019-07-25,2019-07-23,8-K,,submissions
0000731766-19-000023,UNITEDHEALTH GROUP INC,0000731766,2019-07-18,2019-07-18,8-K,,submissions
0000731766-19-000021,UNITEDHEALTH GROUP INC,0000731766,2019-06-28,2019-06-28,8-K,,submissions
0000731766-19-000017,UNITEDHEALTH GROUP INC,0000731766,2019-06-07,2019-06-03,8-K,,submissions
0000731766-19-000015,UNITEDHEALTH GROUP INC,0000731766,2019-05-28,2019-05-28,8-K,,submissions
0000731766-19-000011,UNITEDHEALTH GROUP INC,0000731766,2019-04-16,2019-04-16,8-K,,submissions
0000731766-19-000009,UNITEDHEALTH GROUP INC,0000731766,2019-03-08,2019-03-08,8-K,,submissions
0000731766-19-000007,UNITEDHEALTH GROUP INC,0000731766,2019-02-19,2019-02-12,8-K,,submissions
0000731766-19-000002,UNITEDHEALTH GROUP INC,0000731766,2019-01-15,2019-01-15,8-K,,submissions
0000950170-23-055374,UNIVERSAL HEALTH SERVICES INC,0000352915,2023-10-26,2023-10-25,8-K,,submissions
0000950170-23-034571,UNIVERSAL HEALTH SERVICES INC,0000352915,2023-07-26,2023-07-25,8-K,,submissions
0000950170-23-022734,UNIVERSAL HEALTH SERVICES INC,0000352915,2023-05-17,2023-05-17,8-K,,submissions
0000950170-23-014576,UNIVERSAL HEALTH SERVICES INC,0000352915,2023-04-26,2023-04-25,8-K,,submissions
0000950170-23-009737,UNIVERSAL HEALTH SERVICES INC,0000352915,2023-03-24,2023-03-20,8-K,,submissions
0000950170-23-008633,UNIVERSAL HEALTH SERVICES INC,0000352915,2023-03-17,2023-03-15,8-K,,submissions
0000950170-23-004690,UNIVERSAL HEALTH SERVICES INC,0000352915,2023-02-27,2023-02-27,8-K,,submissions
0001564590-22-035152,UNIVERSAL HEALTH SERVICES INC,0000352915,2022-10-25,2022-10-21,8-K,,submissions
0001564590-22-032142,UNIVERSAL HEALTH SERVICES INC,0000352915,2022-09-22,2022-09-21,8-K,,submissions
0001564590-22-026374,UNIVERSAL HEALTH SERVICES INC,0000352915,2022-07-26,2022-07-25,8-K,,submissions
0001564590-22-024881,UNIVERSAL HEALTH SERVICES INC,0000352915,2022-06-30,2022-06-30,8-K,,submissions
0001564590-22-024223,UNIVERSAL HEALTH SERVICES INC,0000352915,2022-06-27,2022-06-23,8-K,,submissions
0001564590-22-020883,UNIVERSAL HEALTH SERVICES INC,0000352915,2022-05-20,2022-05-18,8-K,,submissions
0001564590-22-015520,UNIVERSAL HEALTH SERVICES INC,0000352915,2022-04-26,2022-04-25,8-K,,submissions
0001564590-22-011986,UNIVERSAL HEALTH SERVICES INC,0000352915,2022-03-28,2022-03-23,8-K,,submissions
0001564590-22-006743,UNIVERSAL HEALTH SERVICES INC,0000352915,2022-02-24,2022-02-24,8-K,,submissions
0001564590-21-051847,UNIVERSAL HEALTH SERVICES INC,0000352915,2021-10-26,2021-10-25,8-K,,submissions
0001564590-21-047738,UNIVERSAL HEALTH SERVICES INC,0000352915,2021-09-13,2021-09-13,8-K,,submissions
0001564590-21-045588,UNIVERSAL HEALTH SERVICES INC,0000352915,2021-08-24,2021-08-24,8-K,,submissions
0001564590-21-043237,UNIVERSAL HEALTH SERVICES INC,0000352915,2021-08-11,2021-08-11,8-K,,submissions
0001564590-21-042904,UNIVERSAL HEALTH SERVICES INC,0000352915,2021-08-10,2021-08-10,8-K,,submissions
0001564590-21-042374,UNIVERSAL HEALTH SERVICES INC,0000352915,2021-08-09,2021-08-09,8-K,,submissions
0001564590-21-038066,UNIVERSAL HEALTH SERVICES INC,0000352915,2021-07-27,2021-07-26,8-K,,submissions
0001564590-21-028945,UNIVERSAL HEALTH SERVICES INC,0000352915,2021-05-20,2021-05-19,8-K,,submissions
0001564590-21-020690,UNIVERSAL HEALTH SERVICES INC,0000352915,2021-04-27,2021-04-26,8-K,,submissions
0001564590-21-014373,UNIVERSAL HEALTH SERVICES INC,0000352915,2021-03-19,2021-03-17,8-K,,submissions
0001564590-21-008858,UNIVERSAL HEALTH SERVICES INC,0000352915,2021-02-25,2021-02-25,8-K,,submissions
0001564590-20-058584,UNIVERSAL HEALTH SERVICES INC,0000352915,2020-12-28,2020-12-23,8-K,,submissions
0001564590-20-049103,UNIVERSAL HEALTH SERVICES INC,0000352915,2020-10-30,2020-10-29,8-K,,submissions
0001564590-20-045185,UNIVERSAL HEALTH SERVICES INC,0000352915,2020-09-30,2020-09-28,8-K,,submissions
0001564590-20-044863,UNIVERSAL HEALTH SERVICES INC,0000352915,2020-09-29,2020-09-27,8-K,,submissions
0001564590-20-044127,UNIVERSAL HEALTH SERVICES INC,0000352915,2020-09-21,2020-09-21,8-K,,submissions
0001564590-20-043169,UNIVERSAL HEALTH SERVICES INC,0000352915,2020-09-10,2020-09-10,8-K,,submissions
0001564590-20-043052,UNIVERSAL HEALTH SERVICES INC,0000352915,2020-09-10,2020-09-10,8-K,,submissions
0001564590-20-042708,UNIVERSAL HEALTH SERVICES INC,0000352915,2020-09-08,2020-09-04,8-K,,submissions
0001564590-20-033691,UNIVERSAL HEALTH SERVICES INC,0000352915,2020-07-28,2020-07-27,8-K,,submissions
0001564590-20-032190,UNIVERSAL HEALTH SERVICES INC,0000352915,2020-07-10,2020-07-06,8-K,,submissions
0001564590-20-028287,UNIVERSAL HEALTH SERVICES INC,0000352915,2020-06-04,2020-06-01,8-K,,submissions
0001564590-20-026652,UNIVERSAL HEALTH SERVICES INC,0000352915,2020-05-22,2020-05-20,8-K,,submissions
0001564590-20-019006,UNIVERSAL HEALTH SERVICES INC,0000352915,2020-04-28,2020-04-27,8-K,,submissions
0001564590-20-006794,UNIVERSAL HEALTH SERVICES INC,0000352915,2020-02-26,2020-02-26,8-K,,submissions
0001564590-20-002570,UNIVERSAL HEALTH SERVICES INC,0000352915,2020-01-30,2020-01-29,8-K,,submissions
0001564590-19-037843,UNIVERSAL HEALTH SERVICES INC,0000352915,2019-10-25,2019-10-24,8-K,,submissions
0001564590-19-026252,UNIVERSAL HEALTH SERVICES INC,0000352915,2019-07-26,2019-07-25,8-K,,submissions
0001564590-19-020029,UNIVERSAL HEALTH SERVICES INC,0000352915,2019-05-21,2019-05-15,8-K,,submissions
0001564590-19-013056,UNIVERSAL HEALTH SERVICES INC,0000352915,2019-04-25,2019-04-25,8-K,,submissions
0001564590-19-008808,UNIVERSAL HEALTH SERVICES INC,0000352915,2019-03-21,2019-03-20,8-K,,submissions
0001564590-19-004935,UNIVERSAL HEALTH SERVICES INC,0000352915,2019-02-27,2019-02-27,8-K,,submissions
0001393052-23-000062,VEEVA SYSTEMS INC,0001393052,2023-12-06,2023-12-06,8-K,,submissions
0001393052-23-000057,VEEVA SYSTEMS INC,0001393052,2023-11-09,2023-11-09,8-K,,submissions
0001393052-23-000055,VEEVA SYSTEMS INC,0001393052,2023-10-16,2023-10-15,8-K,,submissions
0001393052-23-000048,VEEVA SYSTEMS INC,0001393052,2023-08-30,2023-08-30,8-K,,submissions
0001393052-23-000044,VEEVA SYSTEMS INC,0001393052,2023-08-21,2023-08-17,8-K,,submissions
0001393052-23-000039,VEEVA SYSTEMS INC,0001393052,2023-06-23,2023-06-21,8-K,,submissions
0001393052-23-000031,VEEVA SYSTEMS INC,0001393052,2023-05-31,2023-05-31,8-K,,submissions
0001393052-23-000020,VEEVA SYSTEMS INC,0001393052,2023-03-17,2023-03-14,8-K,,submissions
0001393052-23-000017,VEEVA SYSTEMS INC,0001393052,2023-03-07,2023-03-06,8-K,,submissions
0001393052-23-000015,VEEVA SYSTEMS INC,0001393052,2023-03-01,2023-03-01,8-K,,submissions
0001393052-23-000005,VEEVA SYSTEMS INC,0001393052,2023-01-26,2023-01-24,8-K,,submissions
0001393052-22-000045,VEEVA SYSTEMS INC,0001393052,2022-12-01,2022-12-01,8-K,,submissions
0001393052-22-000042,VEEVA SYSTEMS INC,0001393052,2022-11-08,2022-11-03,8-K,,submissions
0001393052-22-000038,VEEVA SYSTEMS INC,0001393052,2022-09-26,2022-09-26,8-K,,submissions
0001393052-22-000033,VEEVA SYSTEMS INC,0001393052,2022-08-31,2022-08-31,8-K,,submissions
0001393052-22-000030,VEEVA SYSTEMS INC,0001393052,2022-08-08,2022-08-08,8-K,,submissions
0001393052-22-000028,VEEVA SYSTEMS INC,0001393052,2022-06-13,2022-06-09,8-K,,submissions
0001393052-22-000022,VEEVA SYSTEMS INC,0001393052,2022-06-01,2022-06-01,8-K,,submissions
0001393052-22-000011,VEEVA SYSTEMS INC,0001393052,2022-03-02,2022-03-02,8-K,,submissions
0001393052-22-000003,VEEVA SYSTEMS INC,0001393052,2022-01-25,2022-01-21,8-K,,submissions
0001393052-21-000037,VEEVA SYSTEMS INC,0001393052,2021-12-01,2021-12-01,8-K,,submissions
0001393052-21-000032,VEEVA SYSTEMS INC,0001393052,2021-09-01,2021-09-01,8-K,,submissions
0001628280-21-013044,VEEVA SYSTEMS INC,0001393052,2021-06-28,2021-06-23,8-K,,submissions
0001393052-21-000023,VEEVA SYSTEMS INC,0001393052,2021-05-27,2021-05-27,8-K,,submissions
0001393052-21-000008,VEEVA SYSTEMS INC,0001393052,2021-03-22,2021-03-17,8-K,,submissions
0001393052-21-000003,VEEVA SYSTEMS INC,0001393052,2021-03-02,2021-03-02,8-K,,submissions
0001628280-21-001488,VEEVA SYSTEMS INC,0001393052,2021-02-05,2021-02-04,8-K,,submissions
0001628280-21-001246,VEEVA SYSTEMS INC,0001393052,2021-02-01,2021-01-27,8-K,,submissions
0001628280-21-000464,VEEVA SYSTEMS INC,0001393052,2021-01-14,2021-01-13,8-K,,submissions
0001628280-20-016946,VEEVA SYSTEMS INC,0001393052,2020-12-01,2020-12-01,8-K,,submissions
0001628280-20-013675,VEEVA SYSTEMS INC,0001393052,2020-09-17,2020-09-16,8-K,,submissions
0001628280-20-013148,VEEVA SYSTEMS INC,0001393052,2020-08-31,2020-08-31,8-K,,submissions
0001628280-20-013083,VEEVA SYSTEMS INC,0001393052,2020-08-27,2020-08-27,8-K,,submissions
0001628280-20-009993,VEEVA SYSTEMS INC,0001393052,2020-06-29,2020-06-25,8-K,,submissions
0001628280-20-009131,VEEVA SYSTEMS INC,0001393052,2020-06-08,2020-06-08,8-K,,submissions
0001628280-20-008529,VEEVA SYSTEMS INC,0001393052,2020-05-28,2020-05-28,8-K,,submissions
0001628280-20-002768,VEEVA SYSTEMS INC,0001393052,2020-03-03,2020-03-03,8-K,,submissions
0001628280-19-014547,VEEVA SYSTEMS INC,0001393052,2019-11-26,2019-11-26,8-K,,submissions
0001628280-19-013025,VEEVA SYSTEMS INC,0001393052,2019-11-01,2019-11-01,8-K,,submissions
0001628280-19-011939,VEEVA SYSTEMS INC,0001393052,2019-09-26,2019-09-25,8-K,,submissions
0001628280-19-011223,VEEVA SYSTEMS INC,0001393052,2019-08-27,2019-08-27,8-K,,submissions
0001628280-19-010940,VEEVA SYSTEMS INC,0001393052,2019-08-19,2019-08-16,8-K,,submissions
0001564590-19-023128,VEEVA SYSTEMS INC,0001393052,2019-06-21,2019-06-20,8-K,,submissions
0001564590-19-020751,VEEVA SYSTEMS INC,0001393052,2019-05-29,2019-05-29,8-K,,submissions
0001564590-19-010323,VEEVA SYSTEMS INC,0001393052,2019-04-01,2019-04-01,8-K,,submissions
0001564590-19-008688,VEEVA SYSTEMS INC,0001393052,2019-03-21,2019-03-19,8-K,,submissions
0001564590-19-005864,VEEVA SYSTEMS INC,0001393052,2019-03-04,2019-02-26,8-K,,submissions
0001564590-19-004460,VEEVA SYSTEMS INC,0001393052,2019-02-26,2019-02-26,8-K,,submissions
0001564590-19-004456,VEEVA SYSTEMS INC,0001393052,2019-02-26,2019-02-22,8-K,,submissions
0001014473-23-000040,VERISIGN INC/CA,0001014473,2023-12-08,2023-12-06,8-K,,submissions
0001014473-23-000037,VERISIGN INC/CA,0001014473,2023-10-26,2023-10-26,8-K,,submissions
0001014473-23-000032,VERISIGN INC/CA,0001014473,2023-07-27,2023-07-27,8-K,,submissions
0001014473-23-000028,VERISIGN INC/CA,0001014473,2023-06-30,2023-06-29,8-K,,submissions
0001014473-23-000025,VERISIGN INC/CA,0001014473,2023-05-25,2023-05-25,8-K,,submissions
0001014473-23-000023,VERISIGN INC/CA,0001014473,2023-05-16,2023-05-16,8-K,,submissions
0001014473-23-000021,VERISIGN INC/CA,0001014473,2023-05-03,2023-05-03,8-K,,submissions
0001014473-23-000018,VERISIGN INC/CA,0001014473,2023-04-27,2023-04-27,8-K,,submissions
0001014473-23-000003,VERISIGN INC/CA,0001014473,2023-02-09,2023-02-09,8-K,,submissions
0001014473-22-000026,VERISIGN INC/CA,0001014473,2022-10-27,2022-10-27,8-K,,submissions
0001014473-22-000022,VERISIGN INC/CA,0001014473,2022-07-28,2022-07-28,8-K,,submissions
0001014473-22-000019,VERISIGN INC/CA,0001014473,2022-05-26,2022-05-26,8-K,,submissions
0001014473-22-000015,VERISIGN INC/CA,0001014473,2022-04-28,2022-04-28,8-K,,submissions
0001014473-22-000005,VERISIGN INC/CA,0001014473,2022-02-10,2022-02-10,8-K,,submissions
0001014473-22-000003,VERISIGN INC/CA,0001014473,2022-01-11,2022-01-11,8-K,,submissions
0001014473-21-000026,VERISIGN INC/CA,0001014473,2021-10-28,2021-10-28,8-K,,submissions
0001014473-21-000022,VERISIGN INC/CA,0001014473,2021-07-22,2021-07-22,8-K,,submissions
0001014473-21-000019,VERISIGN INC/CA,0001014473,2021-06-22,2021-06-18,8-K,,submissions
0001140361-21-020169,VERISIGN INC/CA,0001014473,2021-06-08,2021-06-08,8-K,,submissions
0001140361-21-020122,VERISIGN INC/CA,0001014473,2021-06-08,2021-06-08,8-K,,submissions
0001014473-21-000017,VERISIGN INC/CA,0001014473,2021-05-27,2021-05-27,8-K,,submissions
0001014473-21-000014,VERISIGN INC/CA,0001014473,2021-04-22,2021-04-22,8-K,,submissions
0001014473-21-000002,VERISIGN INC/CA,0001014473,2021-02-11,2021-02-11,8-K,,submissions
0001014473-20-000033,VERISIGN INC/CA,0001014473,2020-10-22,2020-10-22,8-K,,submissions
0001014473-20-000028,VERISIGN INC/CA,0001014473,2020-07-23,2020-07-23,8-K,,submissions
0001014473-20-000021,VERISIGN INC/CA,0001014473,2020-05-21,2020-05-21,8-K,,submissions
0001014473-20-000018,VERISIGN INC/CA,0001014473,2020-04-23,2020-04-23,8-K,,submissions
0001014473-20-000010,VERISIGN INC/CA,0001014473,2020-03-27,2020-03-27,8-K,,submissions
0001014473-20-000008,VERISIGN INC/CA,0001014473,2020-03-25,2020-03-25,8-K,,submissions
0001014473-20-000002,VERISIGN INC/CA,0001014473,2020-02-06,2020-02-06,8-K,,submissions
0001014473-19-000041,VERISIGN INC/CA,0001014473,2019-12-13,2019-12-12,8-K,,submissions
0001014473-19-000035,VERISIGN INC/CA,0001014473,2019-10-24,2019-10-24,8-K,,submissions
0001014473-19-000028,VERISIGN INC/CA,0001014473,2019-07-25,2019-07-25,8-K,,submissions
0001014473-19-000020,VERISIGN INC/CA,0001014473,2019-07-19,2019-07-19,8-K,,submissions
0001014473-19-000018,VERISIGN INC/CA,0001014473,2019-05-23,2019-05-23,8-K,,submissions
0001014473-19-000014,VERISIGN INC/CA,0001014473,2019-04-25,2019-04-25,8-K,,submissions
0001014473-19-000003,VERISIGN INC/CA,0001014473,2019-02-07,2019-02-07,8-K,,submissions
0000875320-23-000054,VERTEX PHARMACEUTICALS INC / MA,0000875320,2023-12-08,2023-12-08,8-K,,submissions
0000875320-23-000047,VERTEX PHARMACEUTICALS INC / MA,0000875320,2023-12-05,2023-12-05,8-K,,submissions
0000875320-23-000029,VERTEX PHARMACEUTICALS INC / MA,0000875320,2023-11-06,2023-11-06,8-K,,submissions
0000875320-23-000023,VERTEX PHARMACEUTICALS INC / MA,0000875320,2023-10-05,2023-10-03,8-K,,submissions
0000875320-23-000019,VERTEX PHARMACEUTICALS INC / MA,0000875320,2023-08-01,2023-08-01,8-K,,submissions
0000875320-23-000015,VERTEX PHARMACEUTICALS INC / MA,0000875320,2023-05-18,2023-05-17,8-K,,submissions
0000875320-23-000010,VERTEX PHARMACEUTICALS INC / MA,0000875320,2023-05-01,2023-05-01,8-K,,submissions
0000875320-23-000004,VERTEX PHARMACEUTICALS INC / MA,0000875320,2023-02-07,2023-02-07,8-K,,submissions
0000875320-22-000036,VERTEX PHARMACEUTICALS INC / MA,0000875320,2022-10-27,2022-10-27,8-K,,submissions
0000875320-22-000026,VERTEX PHARMACEUTICALS INC / MA,0000875320,2022-08-04,2022-08-04,8-K,,submissions
0000875320-22-000022,VERTEX PHARMACEUTICALS INC / MA,0000875320,2022-07-11,2022-07-09,8-K,,submissions
0000875320-22-000019,VERTEX PHARMACEUTICALS INC / MA,0000875320,2022-07-05,2022-07-01,8-K,,submissions
0000875320-22-000017,VERTEX PHARMACEUTICALS INC / MA,0000875320,2022-05-23,2022-05-23,8-K,,submissions
0001193125-22-154021,VERTEX PHARMACEUTICALS INC / MA,0000875320,2022-05-18,2022-05-18,8-K,,submissions
0000875320-22-000011,VERTEX PHARMACEUTICALS INC / MA,0000875320,2022-05-05,2022-05-05,8-K,,submissions
0000875320-22-000003,VERTEX PHARMACEUTICALS INC / MA,0000875320,2022-01-26,2022-01-26,8-K,,submissions
0000875320-21-000031,VERTEX PHARMACEUTICALS INC / MA,0000875320,2021-11-02,2021-11-02,8-K,,submissions
0000875320-21-000024,VERTEX PHARMACEUTICALS INC / MA,0000875320,2021-07-29,2021-07-29,8-K,,submissions
0000875320-21-000020,VERTEX PHARMACEUTICALS INC / MA,0000875320,2021-06-24,2021-06-23,8-K,,submissions
0000875320-21-000018,VERTEX PHARMACEUTICALS INC / MA,0000875320,2021-05-19,2021-05-19,8-K,,submissions
0000875320-21-000012,VERTEX PHARMACEUTICALS INC / MA,0000875320,2021-04-29,2021-04-29,8-K,,submissions
0000875320-21-000009,VERTEX PHARMACEUTICALS INC / MA,0000875320,2021-04-20,2021-04-16,8-K,,submissions
0000875320-21-000003,VERTEX PHARMACEUTICALS INC / MA,0000875320,2021-02-01,2021-02-01,8-K,,submissions
0000875320-20-000045,VERTEX PHARMACEUTICALS INC / MA,0000875320,2020-11-20,2020-11-20,8-K,,submissions
0000875320-20-000041,VERTEX PHARMACEUTICALS INC / MA,0000875320,2020-10-29,2020-10-29,8-K,,submissions
0000875320-20-000037,VERTEX PHARMACEUTICALS INC / MA,0000875320,2020-09-21,2020-09-18,8-K,,submissions
0000875320-20-000027,VERTEX PHARMACEUTICALS INC / MA,0000875320,2020-07-30,2020-07-30,8-K,,submissions
0000875320-20-000023,VERTEX PHARMACEUTICALS INC / MA,0000875320,2020-06-03,2020-06-03,8-K,,submissions
0000875320-20-000014,VERTEX PHARMACEUTICALS INC / MA,0000875320,2020-04-29,2020-04-29,8-K,,submissions
0000875320-20-000011,VERTEX PHARMACEUTICALS INC / MA,0000875320,2020-04-01,2020-04-01,8-K,,submissions
0000875320-20-000003,VERTEX PHARMACEUTICALS INC / MA,0000875320,2020-01-30,2020-01-30,8-K,,submissions
0000875320-19-000053,VERTEX PHARMACEUTICALS INC / MA,0000875320,2019-10-30,2019-10-30,8-K,,submissions
0000875320-19-000050,VERTEX PHARMACEUTICALS INC / MA,0000875320,2019-10-24,2019-10-24,8-K,,submissions
0000875320-19-000048,VERTEX PHARMACEUTICALS INC / MA,0000875320,2019-10-21,2019-10-21,8-K,,submissions
0000875320-19-000046,VERTEX PHARMACEUTICALS INC / MA,0000875320,2019-09-17,2019-09-17,8-K,,submissions
0000875320-19-000043,VERTEX PHARMACEUTICALS INC / MA,0000875320,2019-09-03,2019-08-30,8-K,,submissions
0000875320-19-000031,VERTEX PHARMACEUTICALS INC / MA,0000875320,2019-07-31,2019-07-31,8-K,,submissions
0000875320-19-000026,VERTEX PHARMACEUTICALS INC / MA,0000875320,2019-07-25,2019-07-24,8-K,,submissions
0000875320-19-000023,VERTEX PHARMACEUTICALS INC / MA,0000875320,2019-06-07,2019-06-06,8-K,,submissions
0000875320-19-000021,VERTEX PHARMACEUTICALS INC / MA,0000875320,2019-06-05,2019-06-05,8-K,,submissions
0000875320-19-000017,VERTEX PHARMACEUTICALS INC / MA,0000875320,2019-04-30,2019-04-30,8-K,,submissions
0000875320-19-000012,VERTEX PHARMACEUTICALS INC / MA,0000875320,2019-04-02,2019-03-28,8-K,,submissions
0000875320-19-000009,VERTEX PHARMACEUTICALS INC / MA,0000875320,2019-02-22,2019-02-21,8-K,,submissions
0000875320-19-000003,VERTEX PHARMACEUTICALS INC / MA,0000875320,2019-02-05,2019-02-05,8-K,,submissions
0001341004-19-000045,VERTEX PHARMACEUTICALS INC / MA,0000875320,2019-01-23,2019-01-23,8-K,,submissions
0001193125-23-296756,Viatris Inc,0001792044,2023-12-15,2023-12-14,8-K,,submissions
0001193125-23-296654,Viatris Inc,0001792044,2023-12-15,2023-12-14,8-K,,submissions
0001193125-23-296644,Viatris Inc,0001792044,2023-12-15,2023-12-15,8-K,,submissions
0001792044-23-000031,Viatris Inc,0001792044,2023-11-07,2023-11-07,8-K,,submissions
0001193125-23-261705,Viatris Inc,0001792044,2023-10-24,2023-10-24,8-K,,submissions
0001193125-23-260013,Viatris Inc,0001792044,2023-10-20,2023-10-20,8-K,,submissions
0001193125-23-249206,Viatris Inc,0001792044,2023-10-02,2023-10-01,8-K,,submissions
0001193125-23-248059,Viatris Inc,0001792044,2023-10-02,2023-10-01,8-K,,submissions
0001792044-23-000021,Viatris Inc,0001792044,2023-08-07,2023-08-07,8-K,,submissions
0001193125-23-149905,Viatris Inc,0001792044,2023-05-22,2023-05-19,8-K,,submissions
0001792044-23-000014,Viatris Inc,0001792044,2023-05-08,2023-05-08,8-K,,submissions
0001193125-23-050797,Viatris Inc,0001792044,2023-02-27,2023-02-24,8-K,,submissions
0001792044-23-000005,Viatris Inc,0001792044,2023-02-27,2023-02-27,8-K,,submissions
0001193125-22-314765,Viatris Inc,0001792044,2022-12-29,2022-12-28,8-K,,submissions
0001193125-22-301842,Viatris Inc,0001792044,2022-12-09,2022-12-09,8-K,,submissions
0000950157-22-001253,Viatris Inc,0001792044,2022-11-29,2022-11-28,8-K,,submissions
0001193125-22-278606,Viatris Inc,0001792044,2022-11-07,2022-11-07,8-K,,submissions
0001792044-22-000034,Viatris Inc,0001792044,2022-11-07,2022-11-07,8-K,,submissions
0001792044-22-000026,Viatris Inc,0001792044,2022-08-08,2022-08-08,8-K,,submissions
0001792044-22-000015,Viatris Inc,0001792044,2022-05-09,2022-05-09,8-K,,submissions
0001193125-22-058054,Viatris Inc,0001792044,2022-02-28,2022-02-27,8-K,,submissions
0001792044-22-000006,Viatris Inc,0001792044,2022-02-28,2022-02-28,8-K,,submissions
0001193125-21-359270,Viatris Inc,0001792044,2021-12-16,2021-12-10,8-K,,submissions
0001792044-21-000033,Viatris Inc,0001792044,2021-11-08,2021-11-08,8-K,,submissions
0001792044-21-000023,Viatris Inc,0001792044,2021-08-09,2021-08-09,8-K,,submissions
0001193125-21-206477,Viatris Inc,0001792044,2021-07-01,2021-07-01,8-K,,submissions
0001193125-21-193377,Viatris Inc,0001792044,2021-06-17,2021-06-17,8-K,,submissions
0001792044-21-000015,Viatris Inc,0001792044,2021-05-10,2021-05-10,8-K,,submissions
0001193125-21-049856,Viatris Inc,0001792044,2021-02-22,2021-02-22,8-K,,submissions
0001193125-20-303718,Viatris Inc,0001792044,2020-11-25,2020-11-19,8-K,,submissions
0001193125-20-298226,Viatris Inc,0001792044,2020-11-19,2020-11-16,8-K,,submissions
0001193125-20-212083,Viatris Inc,0001792044,2020-08-06,2020-08-06,8-K,,submissions
0001193125-20-181088,Viatris Inc,0001792044,2020-06-26,2020-06-22,8-K,,submissions
0001193125-20-170586,Viatris Inc,0001792044,2020-06-17,2020-06-16,8-K,,submissions
0001193125-20-157465,Viatris Inc,0001792044,2020-06-02,2020-05-29,8-K,,submissions
0001193125-20-155866,Viatris Inc,0001792044,2020-05-29,2020-05-29,8-K,,submissions
0001193125-23-271901,WATERS CORP /DE/,0001000697,2023-11-07,2023-11-07,8-K,,submissions
0001193125-23-261216,WATERS CORP /DE/,0001000697,2023-10-24,2023-10-18,8-K,,submissions
0001193125-23-201110,WATERS CORP /DE/,0001000697,2023-08-02,2023-08-02,8-K,,submissions
0001193125-23-153040,WATERS CORP /DE/,0001000697,2023-05-24,2023-05-23,8-K,,submissions
0001193125-23-146126,WATERS CORP /DE/,0001000697,2023-05-16,2023-05-16,8-K,,submissions
0001193125-23-142113,WATERS CORP /DE/,0001000697,2023-05-11,2023-05-11,8-K,,submissions
0001193125-23-138873,WATERS CORP /DE/,0001000697,2023-05-09,2023-05-09,8-K,,submissions
0001193125-23-081472,WATERS CORP /DE/,0001000697,2023-03-28,2023-03-27,8-K,,submissions
0001193125-23-062099,WATERS CORP /DE/,0001000697,2023-03-07,2023-03-03,8-K,,submissions
0001193125-23-039737,WATERS CORP /DE/,0001000697,2023-02-15,2023-02-14,8-K,,submissions
0001193125-23-004869,WATERS CORP /DE/,0001000697,2023-01-09,2023-01-09,8-K,,submissions
0001193125-22-291639,WATERS CORP /DE/,0001000697,2022-11-23,2022-11-22,8-K,,submissions
0001193125-22-274470,WATERS CORP /DE/,0001000697,2022-11-01,2022-11-01,8-K,,submissions
0001193125-22-209348,WATERS CORP /DE/,0001000697,2022-08-02,2022-07-28,8-K,,submissions
0001193125-22-159800,WATERS CORP /DE/,0001000697,2022-05-25,2022-05-24,8-K,,submissions
0001193125-22-154540,WATERS CORP /DE/,0001000697,2022-05-19,2022-05-19,8-K,,submissions
0001193125-22-137552,WATERS CORP /DE/,0001000697,2022-05-03,2022-05-03,8-K,,submissions
0001193125-22-092984,WATERS CORP /DE/,0001000697,2022-04-01,2022-03-30,8-K,,submissions
0001193125-22-023950,WATERS CORP /DE/,0001000697,2022-02-01,2022-02-01,8-K,,submissions
0001193125-22-005066,WATERS CORP /DE/,0001000697,2022-01-10,2022-01-10,8-K,,submissions
0001193125-21-316153,WATERS CORP /DE/,0001000697,2021-11-02,2021-11-02,8-K,,submissions
0001193125-21-292612,WATERS CORP /DE/,0001000697,2021-10-06,2021-10-01,8-K,,submissions
0001193125-21-277197,WATERS CORP /DE/,0001000697,2021-09-20,2021-09-17,8-K,,submissions
0001193125-21-233987,WATERS CORP /DE/,0001000697,2021-08-03,2021-08-03,8-K,,submissions
0001193125-21-197972,WATERS CORP /DE/,0001000697,2021-06-24,2021-06-23,8-K,,submissions
0001193125-21-158713,WATERS CORP /DE/,0001000697,2021-05-12,2021-05-11,8-K,,submissions
0001193125-21-150735,WATERS CORP /DE/,0001000697,2021-05-05,2021-05-05,8-K,,submissions
0001193125-21-123609,WATERS CORP /DE/,0001000697,2021-04-21,2021-04-21,8-K,,submissions
0001193125-21-068477,WATERS CORP /DE/,0001000697,2021-03-04,2021-03-02,8-K,,submissions
0001193125-21-025262,WATERS CORP /DE/,0001000697,2021-02-02,2021-02-02,8-K,,submissions
0001193125-21-006755,WATERS CORP /DE/,0001000697,2021-01-12,2021-01-12,8-K,,submissions
0001193125-20-314469,WATERS CORP /DE/,0001000697,2020-12-10,2020-12-09,8-K,,submissions
0001193125-20-308927,WATERS CORP /DE/,0001000697,2020-12-03,2020-11-27,8-K,,submissions
0001193125-20-277473,WATERS CORP /DE/,0001000697,2020-10-27,2020-10-27,8-K,,submissions
0001193125-20-266377,WATERS CORP /DE/,0001000697,2020-10-08,2020-10-08,8-K,,submissions
0001193125-20-222162,WATERS CORP /DE/,0001000697,2020-08-17,2020-08-17,8-K,,submissions
0001193125-20-200407,WATERS CORP /DE/,0001000697,2020-07-28,2020-07-28,8-K,,submissions
0001193125-20-193139,WATERS CORP /DE/,0001000697,2020-07-15,2020-07-14,8-K,,submissions
0001193125-20-171436,WATERS CORP /DE/,0001000697,2020-06-17,2020-06-17,8-K,,submissions
0001193125-20-140955,WATERS CORP /DE/,0001000697,2020-05-13,2020-05-12,8-K,,submissions
0001193125-20-121905,WATERS CORP /DE/,0001000697,2020-04-28,2020-04-28,8-K,,submissions
0001193125-20-041429,WATERS CORP /DE/,0001000697,2020-02-19,2020-02-17,8-K,,submissions
0001193125-20-023442,WATERS CORP /DE/,0001000697,2020-02-04,2020-02-04,8-K,,submissions
0001193125-19-276857,WATERS CORP /DE/,0001000697,2019-10-29,2019-10-29,8-K,,submissions
0001193125-19-245825,WATERS CORP /DE/,0001000697,2019-09-16,2019-09-12,8-K,,submissions
0001193125-19-206138,WATERS CORP /DE/,0001000697,2019-07-30,2019-07-30,8-K,,submissions
0001193125-19-149014,WATERS CORP /DE/,0001000697,2019-05-16,2019-05-14,8-K,,submissions
0001193125-19-114128,WATERS CORP /DE/,0001000697,2019-04-23,2019-04-23,8-K,,submissions
0001193125-19-014374,WATERS CORP /DE/,0001000697,2019-01-23,2019-01-23,8-K,,submissions
0000105770-23-000075,WEST PHARMACEUTICAL SERVICES INC,0000105770,2023-11-30,2023-11-27,8-K,,submissions
0000105770-23-000064,WEST PHARMACEUTICAL SERVICES INC,0000105770,2023-10-26,2023-10-26,8-K,,submissions
0000105770-23-000043,WEST PHARMACEUTICAL SERVICES INC,0000105770,2023-07-27,2023-07-27,8-K,,submissions
0000105770-23-000026,WEST PHARMACEUTICAL SERVICES INC,0000105770,2023-04-28,2023-04-25,8-K,,submissions
0000105770-23-000018,WEST PHARMACEUTICAL SERVICES INC,0000105770,2023-04-27,2023-04-27,8-K,,submissions
0000105770-23-000004,WEST PHARMACEUTICAL SERVICES INC,0000105770,2023-02-16,2023-02-15,8-K,,submissions
0000105770-22-000050,WEST PHARMACEUTICAL SERVICES INC,0000105770,2022-10-27,2022-10-27,8-K,,submissions
0000105770-22-000042,WEST PHARMACEUTICAL SERVICES INC,0000105770,2022-07-28,2022-07-28,8-K,,submissions
0000105770-22-000038,WEST PHARMACEUTICAL SERVICES INC,0000105770,2022-07-27,2022-07-26,8-K,,submissions
0000105770-22-000026,WEST PHARMACEUTICAL SERVICES INC,0000105770,2022-05-26,2022-05-24,8-K,,submissions
0000105770-22-000021,WEST PHARMACEUTICAL SERVICES INC,0000105770,2022-05-12,2022-05-12,8-K,,submissions
0000105770-22-000014,WEST PHARMACEUTICAL SERVICES INC,0000105770,2022-04-28,2022-04-28,8-K,,submissions
0000105770-22-000010,WEST PHARMACEUTICAL SERVICES INC,0000105770,2022-04-01,2022-03-31,8-K,,submissions
0001628280-22-004277,WEST PHARMACEUTICAL SERVICES INC,0000105770,2022-02-28,2022-02-22,8-K,,submissions
0001628280-22-002935,WEST PHARMACEUTICAL SERVICES INC,0000105770,2022-02-17,2022-02-17,8-K,,submissions
0000105770-21-000080,WEST PHARMACEUTICAL SERVICES INC,0000105770,2021-10-28,2021-10-28,8-K,,submissions
0000105770-21-000064,WEST PHARMACEUTICAL SERVICES INC,0000105770,2021-08-23,2021-08-19,8-K,,submissions
0000105770-21-000050,WEST PHARMACEUTICAL SERVICES INC,0000105770,2021-07-29,2021-07-29,8-K,,submissions
0000105770-21-000030,WEST PHARMACEUTICAL SERVICES INC,0000105770,2021-05-06,2021-05-04,8-K,,submissions
0000105770-21-000019,WEST PHARMACEUTICAL SERVICES INC,0000105770,2021-04-29,2021-04-29,8-K,,submissions
0000105770-21-000014,WEST PHARMACEUTICAL SERVICES INC,0000105770,2021-03-01,2021-02-23,8-K,,submissions
0000105770-21-000003,WEST PHARMACEUTICAL SERVICES INC,0000105770,2021-02-18,2021-02-18,8-K,,submissions
0000105770-20-000074,WEST PHARMACEUTICAL SERVICES INC,0000105770,2020-12-09,2020-12-08,8-K,,submissions
0000105770-20-000069,WEST PHARMACEUTICAL SERVICES INC,0000105770,2020-11-09,2020-11-09,8-K,,submissions
0000105770-20-000066,WEST PHARMACEUTICAL SERVICES INC,0000105770,2020-10-28,2020-10-28,8-K,,submissions
0000105770-20-000052,WEST PHARMACEUTICAL SERVICES INC,0000105770,2020-10-22,2020-10-22,8-K,,submissions
0000105770-20-000041,WEST PHARMACEUTICAL SERVICES INC,0000105770,2020-07-23,2020-07-23,8-K,,submissions
0000105770-20-000037,WEST PHARMACEUTICAL SERVICES INC,0000105770,2020-07-15,2020-07-15,8-K,,submissions
0000105770-20-000025,WEST PHARMACEUTICAL SERVICES INC,0000105770,2020-05-07,2020-05-05,8-K,,submissions
0000105770-20-000018,WEST PHARMACEUTICAL SERVICES INC,0000105770,2020-04-23,2020-04-23,8-K,,submissions
0000105770-20-000009,WEST PHARMACEUTICAL SERVICES INC,0000105770,2020-02-18,2020-02-17,8-K,,submissions
0000105770-20-000007,WEST PHARMACEUTICAL SERVICES INC,0000105770,2020-02-13,2020-02-13,8-K,,submissions
0000105770-20-000002,WEST PHARMACEUTICAL SERVICES INC,0000105770,2020-01-16,2020-01-10,8-K,,submissions
0000105770-19-000050,WEST PHARMACEUTICAL SERVICES INC,0000105770,2019-12-13,2019-12-10,8-K,,submissions
0000105770-19-000048,WEST PHARMACEUTICAL SERVICES INC,0000105770,2019-11-21,2019-11-19,8-K,,submissions
0000105770-19-000042,WEST PHARMACEUTICAL SERVICES INC,0000105770,2019-10-24,2019-10-24,8-K,,submissions
0000105770-19-000040,WEST PHARMACEUTICAL SERVICES INC,0000105770,2019-10-16,2019-10-15,8-K,,submissions
0000105770-19-000037,WEST PHARMACEUTICAL SERVICES INC,0000105770,2019-10-02,2019-09-27,8-K,,submissions
0000105770-19-000035,WEST PHARMACEUTICAL SERVICES INC,0000105770,2019-09-04,2019-09-04,8-K,,submissions
0000105770-19-000030,WEST PHARMACEUTICAL SERVICES INC,0000105770,2019-07-25,2019-07-25,8-K,,submissions
0000105770-19-000022,WEST PHARMACEUTICAL SERVICES INC,0000105770,2019-05-14,2019-05-14,8-K,,submissions
0000105770-19-000018,WEST PHARMACEUTICAL SERVICES INC,0000105770,2019-04-25,2019-04-25,8-K,,submissions
0000105770-19-000016,WEST PHARMACEUTICAL SERVICES INC,0000105770,2019-04-01,2019-03-28,8-K,,submissions
0000105770-19-000010,WEST PHARMACEUTICAL SERVICES INC,0000105770,2019-02-27,2019-02-19,8-K,,submissions
0000105770-19-000008,WEST PHARMACEUTICAL SERVICES INC,0000105770,2019-02-21,2019-02-19,8-K,,submissions
0000105770-19-000006,WEST PHARMACEUTICAL SERVICES INC,0000105770,2019-02-14,2019-02-14,8-K,,submissions
0000105770-19-000004,WEST PHARMACEUTICAL SERVICES INC,0000105770,2019-02-01,2019-02-01,8-K,,submissions
0000105770-19-000002,WEST PHARMACEUTICAL SERVICES INC,0000105770,2019-01-09,2019-01-09,8-K,,submissions
0001193125-23-302249,WESTERN DIGITAL CORP,0000106040,2023-12-26,2023-12-22,8-K,,submissions
0001193125-23-279782,WESTERN DIGITAL CORP,0000106040,2023-11-17,2023-11-15,8-K,,submissions
0001193125-23-270415,WESTERN DIGITAL CORP,0000106040,2023-11-03,2023-11-03,8-K,,submissions
0001193125-23-267654,WESTERN DIGITAL CORP,0000106040,2023-11-01,2023-10-31,8-K,,submissions
0001193125-23-266188,WESTERN DIGITAL CORP,0000106040,2023-10-30,2023-10-30,8-K,,submissions
0001193125-23-265708,WESTERN DIGITAL CORP,0000106040,2023-10-30,2023-10-30,8-K,,submissions
0000106040-23-000032,WESTERN DIGITAL CORP,0000106040,2023-10-30,2023-10-30,8-K,,submissions
0001193125-23-253508,WESTERN DIGITAL CORP,0000106040,2023-10-10,2023-10-10,8-K,,submissions
0000106040-23-000020,WESTERN DIGITAL CORP,0000106040,2023-07-31,2023-07-31,8-K,,submissions
0001193125-23-171211,WESTERN DIGITAL CORP,0000106040,2023-06-21,2023-06-20,8-K,,submissions
0000106040-23-000014,WESTERN DIGITAL CORP,0000106040,2023-05-08,2023-05-08,8-K,,submissions
0001193125-23-137241,WESTERN DIGITAL CORP,0000106040,2023-05-05,2023-05-05,8-K,,submissions
0001193125-23-088802,WESTERN DIGITAL CORP,0000106040,2023-04-03,2023-04-02,8-K,,submissions
0001193125-23-020502,WESTERN DIGITAL CORP,0000106040,2023-02-01,2023-01-31,8-K,,submissions
0000106040-23-000006,WESTERN DIGITAL CORP,0000106040,2023-01-31,2023-01-25,8-K,,submissions
0001193125-22-311796,WESTERN DIGITAL CORP,0000106040,2022-12-23,2022-12-23,8-K,,submissions
0001193125-22-288992,WESTERN DIGITAL CORP,0000106040,2022-11-18,2022-11-16,8-K,,submissions
0000106040-22-000061,WESTERN DIGITAL CORP,0000106040,2022-10-27,2022-10-27,8-K,,submissions
0000106040-22-000049,WESTERN DIGITAL CORP,0000106040,2022-08-05,2022-08-05,8-K,,submissions
0001193125-22-187239,WESTERN DIGITAL CORP,0000106040,2022-07-01,2022-06-30,8-K,,submissions
0001193125-22-176478,WESTERN DIGITAL CORP,0000106040,2022-06-17,2022-06-15,8-K,,submissions
0001193125-22-169552,WESTERN DIGITAL CORP,0000106040,2022-06-08,2022-06-07,8-K,,submissions
0000106040-22-000030,WESTERN DIGITAL CORP,0000106040,2022-04-28,2022-04-28,8-K,,submissions
0001193125-22-019801,WESTERN DIGITAL CORP,0000106040,2022-01-27,2022-01-24,8-K,,submissions
0000106040-22-000010,WESTERN DIGITAL CORP,0000106040,2022-01-27,2022-01-27,8-K,,submissions
0001193125-22-004434,WESTERN DIGITAL CORP,0000106040,2022-01-07,2022-01-06,8-K,,submissions
0001193125-21-353971,WESTERN DIGITAL CORP,0000106040,2021-12-10,2021-12-07,8-K,,submissions
0001193125-21-348304,WESTERN DIGITAL CORP,0000106040,2021-12-06,2021-12-06,8-K,,submissions
0001193125-21-335120,WESTERN DIGITAL CORP,0000106040,2021-11-19,2021-11-16,8-K,,submissions
0001193125-21-332703,WESTERN DIGITAL CORP,0000106040,2021-11-18,2021-11-16,8-K,,submissions
0000106040-21-000046,WESTERN DIGITAL CORP,0000106040,2021-10-28,2021-10-28,8-K,,submissions
0000106040-21-000032,WESTERN DIGITAL CORP,0000106040,2021-08-04,2021-08-04,8-K,,submissions
0001193125-21-210370,WESTERN DIGITAL CORP,0000106040,2021-07-08,2021-07-06,8-K,,submissions
0000106040-21-000016,WESTERN DIGITAL CORP,0000106040,2021-04-29,2021-04-29,8-K,,submissions
0001193125-21-041457,WESTERN DIGITAL CORP,0000106040,2021-02-12,2021-02-10,8-K,,submissions
0000106040-21-000006,WESTERN DIGITAL CORP,0000106040,2021-01-28,2021-01-28,8-K,,submissions
0001193125-20-298121,WESTERN DIGITAL CORP,0000106040,2020-11-19,2020-11-18,8-K,,submissions
0000106040-20-000054,WESTERN DIGITAL CORP,0000106040,2020-10-28,2020-10-28,8-K,,submissions
0001193125-20-222434,WESTERN DIGITAL CORP,0000106040,2020-08-17,2020-08-14,8-K,,submissions
0000106040-20-000038,WESTERN DIGITAL CORP,0000106040,2020-08-05,2020-08-05,8-K,,submissions
0001193125-20-176152,WESTERN DIGITAL CORP,0000106040,2020-06-23,2020-06-22,8-K,,submissions
0001193125-20-137565,WESTERN DIGITAL CORP,0000106040,2020-05-08,2020-05-05,8-K,,submissions
0000106040-20-000017,WESTERN DIGITAL CORP,0000106040,2020-04-30,2020-04-30,8-K,,submissions
0001193125-20-098162,WESTERN DIGITAL CORP,0000106040,2020-04-03,2020-04-01,8-K,,submissions
0001193125-20-065100,WESTERN DIGITAL CORP,0000106040,2020-03-06,2020-03-04,8-K,,submissions
0000106040-20-000005,WESTERN DIGITAL CORP,0000106040,2020-01-30,2020-01-30,8-K,,submissions
0001193125-19-292358,WESTERN DIGITAL CORP,0000106040,2019-11-14,2019-11-14,8-K,,submissions
0001193125-19-278976,WESTERN DIGITAL CORP,0000106040,2019-10-30,2019-10-30,8-K,,submissions
0000106040-19-000067,WESTERN DIGITAL CORP,0000106040,2019-10-30,2019-10-30,8-K,,submissions
0001193125-19-216911,WESTERN DIGITAL CORP,0000106040,2019-08-08,2019-08-07,8-K,,submissions
0000106040-19-000050,WESTERN DIGITAL CORP,0000106040,2019-07-31,2019-07-31,8-K,,submissions
0001193125-19-184926,WESTERN DIGITAL CORP,0000106040,2019-06-28,2019-06-27,8-K,,submissions
0001193125-19-178750,WESTERN DIGITAL CORP,0000106040,2019-06-21,2019-06-17,8-K,,submissions
0001193125-19-168168,WESTERN DIGITAL CORP,0000106040,2019-06-07,2019-06-03,8-K,,submissions
0001193125-19-149855,WESTERN DIGITAL CORP,0000106040,2019-05-17,2019-05-15,8-K,,submissions
0000106040-19-000017,WESTERN DIGITAL CORP,0000106040,2019-04-29,2019-04-29,8-K,,submissions
0001193125-19-125124,WESTERN DIGITAL CORP,0000106040,2019-04-29,2019-04-29,8-K,,submissions
0001193125-19-109942,WESTERN DIGITAL CORP,0000106040,2019-04-18,2019-04-17,8-K,,submissions
0001193125-19-045374,WESTERN DIGITAL CORP,0000106040,2019-02-20,2019-02-14,8-K,,submissions
0001193125-19-041754,WESTERN DIGITAL CORP,0000106040,2019-02-15,2019-02-11,8-K,,submissions
0001193125-19-015948,WESTERN DIGITAL CORP,0000106040,2019-01-24,2019-01-24,8-K,,submissions
0001327811-23-000204,"Workday, Inc.",0001327811,2023-12-01,2023-11-30,8-K,,submissions
0001327811-23-000200,"Workday, Inc.",0001327811,2023-11-28,2023-11-28,8-K,,submissions
0001327811-23-000158,"Workday, Inc.",0001327811,2023-09-07,2023-09-07,8-K,,submissions
0001327811-23-000149,"Workday, Inc.",0001327811,2023-08-24,2023-08-24,8-K,,submissions
0001327811-23-000118,"Workday, Inc.",0001327811,2023-06-26,2023-06-22,8-K,,submissions
0001327811-23-000079,"Workday, Inc.",0001327811,2023-05-25,2023-05-19,8-K,,submissions
0001327811-23-000077,"Workday, Inc.",0001327811,2023-05-25,2023-05-25,8-K,,submissions
0001327811-23-000030,"Workday, Inc.",0001327811,2023-03-03,2023-03-03,8-K,,submissions
0001327811-23-000023,"Workday, Inc.",0001327811,2023-02-27,2023-02-23,8-K,,submissions
0001327811-23-000022,"Workday, Inc.",0001327811,2023-02-27,2023-02-27,8-K,,submissions
0001104659-23-008212,"Workday, Inc.",0001327811,2023-01-31,2023-01-31,8-K,,submissions
0001104659-23-007534,"Workday, Inc.",0001327811,2023-01-27,2023-01-26,8-K,,submissions
0001104659-22-128643,"Workday, Inc.",0001327811,2022-12-20,2022-12-14,8-K,,submissions
0001327811-22-000182,"Workday, Inc.",0001327811,2022-11-29,2022-11-29,8-K,,submissions
0001327811-22-000153,"Workday, Inc.",0001327811,2022-08-25,2022-08-25,8-K,,submissions
0001327811-22-000116,"Workday, Inc.",0001327811,2022-06-24,2022-06-22,8-K,,submissions
0001327811-22-000112,"Workday, Inc.",0001327811,2022-06-22,2022-06-22,8-K,,submissions
0001327811-22-000090,"Workday, Inc.",0001327811,2022-05-26,2022-05-26,8-K,,submissions
0001104659-22-043661,"Workday, Inc.",0001327811,2022-04-07,2022-04-06,8-K,,submissions
0001104659-22-041812,"Workday, Inc.",0001327811,2022-04-01,2022-03-30,8-K,,submissions
0001327811-22-000029,"Workday, Inc.",0001327811,2022-02-28,2022-02-28,8-K,,submissions
0001327811-22-000023,"Workday, Inc.",0001327811,2022-02-28,2022-02-24,8-K,,submissions
0001327811-21-000176,"Workday, Inc.",0001327811,2021-11-18,2021-11-18,8-K,,submissions
0001327811-21-000175,"Workday, Inc.",0001327811,2021-11-18,2021-11-16,8-K,,submissions
0001327811-21-000173,"Workday, Inc.",0001327811,2021-11-18,2021-11-18,8-K,,submissions
0001327811-21-000150,"Workday, Inc.",0001327811,2021-09-20,2021-09-16,8-K,,submissions
0001327811-21-000132,"Workday, Inc.",0001327811,2021-08-26,2021-08-26,8-K,,submissions
0001327811-21-000110,"Workday, Inc.",0001327811,2021-06-11,2021-06-08,8-K,,submissions
0001327811-21-000053,"Workday, Inc.",0001327811,2021-05-26,2021-05-26,8-K,,submissions
0001104659-21-045553,"Workday, Inc.",0001327811,2021-04-01,2021-04-01,8-K,,submissions
0001327811-21-000015,"Workday, Inc.",0001327811,2021-02-25,2021-02-25,8-K,,submissions
0001193125-21-054693,"Workday, Inc.",0001327811,2021-02-24,2021-02-23,8-K,,submissions
0001193125-21-020093,"Workday, Inc.",0001327811,2021-01-28,2021-01-28,8-K,,submissions
0001327811-20-000165,"Workday, Inc.",0001327811,2020-11-19,2020-11-19,8-K,,submissions
0001193125-20-233133,"Workday, Inc.",0001327811,2020-08-27,2020-08-26,8-K,,submissions
0001327811-20-000125,"Workday, Inc.",0001327811,2020-08-27,2020-08-27,8-K,,submissions
0001327811-20-000097,"Workday, Inc.",0001327811,2020-06-11,2020-06-09,8-K,,submissions
0001327811-20-000066,"Workday, Inc.",0001327811,2020-05-27,2020-05-27,8-K,,submissions
0001327811-20-000043,"Workday, Inc.",0001327811,2020-04-06,2020-04-02,8-K,,submissions
0001327811-20-000030,"Workday, Inc.",0001327811,2020-03-16,2020-03-14,8-K,,submissions
0001327811-20-000016,"Workday, Inc.",0001327811,2020-02-27,2020-02-27,8-K,,submissions
0001327811-19-000209,"Workday, Inc.",0001327811,2019-12-10,2019-12-04,8-K,,submissions
0001327811-19-000194,"Workday, Inc.",0001327811,2019-12-03,2019-12-03,8-K,,submissions
0001193125-19-283347,"Workday, Inc.",0001327811,2019-11-04,2019-11-04,8-K,,submissions
0001193125-19-234034,"Workday, Inc.",0001327811,2019-08-29,2019-08-29,8-K,,submissions
0001193125-19-177578,"Workday, Inc.",0001327811,2019-06-20,2019-06-18,8-K,,submissions
0001193125-19-158324,"Workday, Inc.",0001327811,2019-05-28,2019-05-28,8-K,,submissions
0001193125-19-095629,"Workday, Inc.",0001327811,2019-04-02,2019-03-30,8-K,,submissions
0001193125-19-057546,"Workday, Inc.",0001327811,2019-02-28,2019-02-28,8-K,,submissions
0000877212-23-000145,ZEBRA TECHNOLOGIES CORP,0000877212,2023-11-06,2023-11-03,8-K,,submissions
0000877212-23-000141,ZEBRA TECHNOLOGIES CORP,0000877212,2023-10-31,2023-10-31,8-K,,submissions
0000877212-23-000123,ZEBRA TECHNOLOGIES CORP,0000877212,2023-08-01,2023-08-01,8-K,,submissions
0000877212-23-000102,ZEBRA TECHNOLOGIES CORP,0000877212,2023-05-15,2023-05-11,8-K,,submissions
0000877212-23-000053,ZEBRA TECHNOLOGIES CORP,0000877212,2023-05-02,2023-05-02,8-K,,submissions
0000877212-23-000023,ZEBRA TECHNOLOGIES CORP,0000877212,2023-02-16,2023-02-16,8-K,,submissions
0000877212-22-000130,ZEBRA TECHNOLOGIES CORP,0000877212,2022-12-08,2022-12-05,8-K,,submissions
0000877212-22-000121,ZEBRA TECHNOLOGIES CORP,0000877212,2022-11-04,2022-11-03,8-K,,submissions
0000877212-22-000114,ZEBRA TECHNOLOGIES CORP,0000877212,2022-11-01,2022-11-01,8-K,,submissions
0000877212-22-000106,ZEBRA TECHNOLOGIES CORP,0000877212,2022-08-02,2022-08-02,8-K,,submissions
0000877212-22-000103,ZEBRA TECHNOLOGIES CORP,0000877212,2022-07-06,2022-06-30,8-K,,submissions
0000877212-22-000101,ZEBRA TECHNOLOGIES CORP,0000877212,2022-06-30,2022-06-28,8-K,,submissions
0000877212-22-000099,ZEBRA TECHNOLOGIES CORP,0000877212,2022-05-26,2022-05-25,8-K,,submissions
0000877212-22-000096,ZEBRA TECHNOLOGIES CORP,0000877212,2022-05-17,2022-05-12,8-K,,submissions
0000877212-22-000038,ZEBRA TECHNOLOGIES CORP,0000877212,2022-05-03,2022-05-03,8-K,,submissions
0000877212-22-000033,ZEBRA TECHNOLOGIES CORP,0000877212,2022-03-15,2022-03-14,8-K,,submissions
0000877212-22-000023,ZEBRA TECHNOLOGIES CORP,0000877212,2022-02-10,2022-02-10,8-K,,submissions
0000877212-21-000194,ZEBRA TECHNOLOGIES CORP,0000877212,2021-11-09,2021-11-05,8-K,,submissions
0000877212-21-000188,ZEBRA TECHNOLOGIES CORP,0000877212,2021-11-02,2021-11-02,8-K,,submissions
0000877212-21-000168,ZEBRA TECHNOLOGIES CORP,0000877212,2021-08-10,2021-08-06,8-K,,submissions
0000877212-21-000154,ZEBRA TECHNOLOGIES CORP,0000877212,2021-08-03,2021-08-03,8-K,,submissions
0000877212-21-000121,ZEBRA TECHNOLOGIES CORP,0000877212,2021-05-19,2021-05-14,8-K,,submissions
0000877212-21-000046,ZEBRA TECHNOLOGIES CORP,0000877212,2021-05-04,2021-05-04,8-K,,submissions
0000877212-21-000042,ZEBRA TECHNOLOGIES CORP,0000877212,2021-03-25,2021-03-19,8-K,,submissions
0000877212-21-000006,ZEBRA TECHNOLOGIES CORP,0000877212,2021-02-11,2021-02-11,8-K,,submissions
0000877212-21-000002,ZEBRA TECHNOLOGIES CORP,0000877212,2021-01-12,2021-01-11,8-K,,submissions
0000877212-20-000167,ZEBRA TECHNOLOGIES CORP,0000877212,2020-11-03,2020-11-03,8-K,,submissions
0000877212-20-000161,ZEBRA TECHNOLOGIES CORP,0000877212,2020-09-04,2020-09-01,8-K,,submissions
0001193125-20-222973,ZEBRA TECHNOLOGIES CORP,0000877212,2020-08-18,2020-08-13,8-K,,submissions
0000877212-20-000144,ZEBRA TECHNOLOGIES CORP,0000877212,2020-07-28,2020-07-28,8-K,,submissions
0000877212-20-000112,ZEBRA TECHNOLOGIES CORP,0000877212,2020-05-19,2020-05-14,8-K,,submissions
0000877212-20-000025,ZEBRA TECHNOLOGIES CORP,0000877212,2020-04-30,2020-04-29,8-K,,submissions
0000877212-20-000020,ZEBRA TECHNOLOGIES CORP,0000877212,2020-04-28,2020-04-28,8-K,,submissions
0000877212-20-000010,ZEBRA TECHNOLOGIES CORP,0000877212,2020-03-26,2020-03-23,8-K,,submissions
0000877212-20-000004,ZEBRA TECHNOLOGIES CORP,0000877212,2020-02-13,2020-02-13,8-K,,submissions
0000877212-19-000037,ZEBRA TECHNOLOGIES CORP,0000877212,2019-11-05,2019-11-01,8-K,,submissions
0000877212-19-000033,ZEBRA TECHNOLOGIES CORP,0000877212,2019-10-29,2019-10-29,8-K,,submissions
0001193125-19-248118,ZEBRA TECHNOLOGIES CORP,0000877212,2019-09-18,2019-09-17,8-K,,submissions
0001193125-19-217977,ZEBRA TECHNOLOGIES CORP,0000877212,2019-08-09,2019-08-09,8-K,,submissions
0000877212-19-000027,ZEBRA TECHNOLOGIES CORP,0000877212,2019-07-30,2019-07-30,8-K,,submissions
0001193125-19-151905,ZEBRA TECHNOLOGIES CORP,0000877212,2019-05-20,2019-05-16,8-K,,submissions
0000877212-19-000015,ZEBRA TECHNOLOGIES CORP,0000877212,2019-04-30,2019-04-30,8-K,,submissions
0000877212-19-000008,ZEBRA TECHNOLOGIES CORP,0000877212,2019-02-14,2019-02-14,8-K,,submissions
0001193125-23-287490,"ZIMMER BIOMET HOLDINGS, INC.",0001136869,2023-12-01,2023-11-28,8-K,,submissions
0000950170-23-059736,"ZIMMER BIOMET HOLDINGS, INC.",0001136869,2023-11-07,2023-11-07,8-K,,submissions
0001193125-23-217504,"ZIMMER BIOMET HOLDINGS, INC.",0001136869,2023-08-22,2023-08-17,8-K,,submissions
0000950170-23-036153,"ZIMMER BIOMET HOLDINGS, INC.",0001136869,2023-08-01,2023-08-01,8-K,,submissions
0001193125-23-184743,"ZIMMER BIOMET HOLDINGS, INC.",0001136869,2023-07-10,2023-07-07,8-K,,submissions
0001193125-23-169043,"ZIMMER BIOMET HOLDINGS, INC.",0001136869,2023-06-16,2023-06-16,8-K,,submissions
0001193125-23-146173,"ZIMMER BIOMET HOLDINGS, INC.",0001136869,2023-05-16,2023-05-12,8-K,,submissions
0000950170-23-016423,"ZIMMER BIOMET HOLDINGS, INC.",0001136869,2023-05-02,2023-05-02,8-K,,submissions
0001193125-23-040223,"ZIMMER BIOMET HOLDINGS, INC.",0001136869,2023-02-15,2023-02-15,8-K,,submissions
0000950170-23-001740,"ZIMMER BIOMET HOLDINGS, INC.",0001136869,2023-02-03,2023-02-03,8-K,,submissions
0001193125-22-304888,"ZIMMER BIOMET HOLDINGS, INC.",0001136869,2022-12-14,2022-12-14,8-K,,submissions
0000950170-22-020960,"ZIMMER BIOMET HOLDINGS, INC.",0001136869,2022-11-02,2022-11-02,8-K,,submissions
0001193125-22-226467,"ZIMMER BIOMET HOLDINGS, INC.",0001136869,2022-08-22,2022-08-19,8-K,,submissions
0000950170-22-013732,"ZIMMER BIOMET HOLDINGS, INC.",0001136869,2022-08-02,2022-08-02,8-K,,submissions
0001193125-22-178777,"ZIMMER BIOMET HOLDINGS, INC.",0001136869,2022-06-22,2022-06-22,8-K,,submissions
0001193125-22-154485,"ZIMMER BIOMET HOLDINGS, INC.",0001136869,2022-05-19,2022-05-13,8-K,,submissions
0001193125-22-150863,"ZIMMER BIOMET HOLDINGS, INC.",0001136869,2022-05-16,2022-05-16,8-K,,submissions
0001564590-22-017219,"ZIMMER BIOMET HOLDINGS, INC.",0001136869,2022-05-03,2022-05-03,8-K,,submissions
0001564590-22-016242,"ZIMMER BIOMET HOLDINGS, INC.",0001136869,2022-04-28,2022-04-28,8-K,,submissions
0001193125-22-061356,"ZIMMER BIOMET HOLDINGS, INC.",0001136869,2022-03-01,2022-03-01,8-K,,submissions
0001193125-22-048557,"ZIMMER BIOMET HOLDINGS, INC.",0001136869,2022-02-22,2022-02-15,8-K,,submissions
0001193125-22-029163,"ZIMMER BIOMET HOLDINGS, INC.",0001136869,2022-02-07,2022-02-07,8-K,,submissions
0001193125-22-029001,"ZIMMER BIOMET HOLDINGS, INC.",0001136869,2022-02-07,2022-02-04,8-K,,submissions
0001193125-21-343537,"ZIMMER BIOMET HOLDINGS, INC.",0001136869,2021-11-30,2021-11-30,8-K,,submissions
0001193125-21-340365,"ZIMMER BIOMET HOLDINGS, INC.",0001136869,2021-11-24,2021-11-24,8-K,,submissions
0001193125-21-333829,"ZIMMER BIOMET HOLDINGS, INC.",0001136869,2021-11-18,2021-11-15,8-K,,submissions
0001193125-21-329080,"ZIMMER BIOMET HOLDINGS, INC.",0001136869,2021-11-15,2021-11-15,8-K,,submissions
0001564590-21-054213,"ZIMMER BIOMET HOLDINGS, INC.",0001136869,2021-11-04,2021-11-04,8-K,,submissions
0001193125-21-313375,"ZIMMER BIOMET HOLDINGS, INC.",0001136869,2021-10-29,2021-10-29,8-K,,submissions
0001193125-21-256955,"ZIMMER BIOMET HOLDINGS, INC.",0001136869,2021-08-26,2021-08-20,8-K,,submissions
0001564590-21-039937,"ZIMMER BIOMET HOLDINGS, INC.",0001136869,2021-08-03,2021-08-03,8-K,,submissions
0001193125-21-167789,"ZIMMER BIOMET HOLDINGS, INC.",0001136869,2021-05-20,2021-05-14,8-K,,submissions
0001564590-21-022978,"ZIMMER BIOMET HOLDINGS, INC.",0001136869,2021-05-04,2021-05-04,8-K,,submissions
0001193125-21-086728,"ZIMMER BIOMET HOLDINGS, INC.",0001136869,2021-03-19,2021-03-19,8-K,,submissions
0001193125-21-049865,"ZIMMER BIOMET HOLDINGS, INC.",0001136869,2021-02-22,2021-02-18,8-K,,submissions
0001564590-21-004397,"ZIMMER BIOMET HOLDINGS, INC.",0001136869,2021-02-05,2021-02-05,8-K,,submissions
0001564590-20-051650,"ZIMMER BIOMET HOLDINGS, INC.",0001136869,2020-11-06,2020-11-06,8-K,,submissions
0001193125-20-249693,"ZIMMER BIOMET HOLDINGS, INC.",0001136869,2020-09-21,2020-09-18,8-K,,submissions
0001564590-20-035741,"ZIMMER BIOMET HOLDINGS, INC.",0001136869,2020-08-04,2020-08-04,8-K,,submissions
0001564590-20-031696,"ZIMMER BIOMET HOLDINGS, INC.",0001136869,2020-07-02,2020-06-26,8-K,,submissions
0001564590-20-025055,"ZIMMER BIOMET HOLDINGS, INC.",0001136869,2020-05-13,2020-05-08,8-K,,submissions
0001564590-20-023814,"ZIMMER BIOMET HOLDINGS, INC.",0001136869,2020-05-11,2020-05-11,8-K,,submissions
0001193125-20-126216,"ZIMMER BIOMET HOLDINGS, INC.",0001136869,2020-04-29,2020-04-23,8-K,,submissions
0001564590-20-015921,"ZIMMER BIOMET HOLDINGS, INC.",0001136869,2020-04-08,2020-04-06,8-K,,submissions
0001193125-20-080651,"ZIMMER BIOMET HOLDINGS, INC.",0001136869,2020-03-20,2020-03-20,8-K,,submissions
0001193125-20-078989,"ZIMMER BIOMET HOLDINGS, INC.",0001136869,2020-03-19,2020-03-13,8-K,,submissions
0001564590-20-003103,"ZIMMER BIOMET HOLDINGS, INC.",0001136869,2020-02-04,2020-02-04,8-K,,submissions
0001193125-19-293426,"ZIMMER BIOMET HOLDINGS, INC.",0001136869,2019-11-15,2019-11-15,8-K,,submissions
0001193125-19-291047,"ZIMMER BIOMET HOLDINGS, INC.",0001136869,2019-11-13,2019-11-08,8-K,,submissions
0001564590-19-040046,"ZIMMER BIOMET HOLDINGS, INC.",0001136869,2019-11-05,2019-11-05,8-K,,submissions
0001564590-19-036854,"ZIMMER BIOMET HOLDINGS, INC.",0001136869,2019-10-11,2019-10-11,8-K,,submissions
0001564590-19-034897,"ZIMMER BIOMET HOLDINGS, INC.",0001136869,2019-09-17,2019-09-17,8-K,,submissions
0001564590-19-026236,"ZIMMER BIOMET HOLDINGS, INC.",0001136869,2019-07-26,2019-07-26,8-K,,submissions
0001193125-19-176552,"ZIMMER BIOMET HOLDINGS, INC.",0001136869,2019-06-19,2019-06-19,8-K,,submissions
0001564590-19-019629,"ZIMMER BIOMET HOLDINGS, INC.",0001136869,2019-05-16,2019-05-10,8-K,,submissions
0001564590-19-013197,"ZIMMER BIOMET HOLDINGS, INC.",0001136869,2019-04-26,2019-04-26,8-K,,submissions
0001564590-19-001599,"ZIMMER BIOMET HOLDINGS, INC.",0001136869,2019-02-01,2019-02-01,8-K,,submissions
0001555280-23-000255,Zoetis Inc.,0001555280,2023-12-07,2023-12-07,8-K,,submissions
0001555280-23-000245,Zoetis Inc.,0001555280,2023-11-02,2023-11-02,8-K,,submissions
0001555280-23-000236,Zoetis Inc.,0001555280,2023-10-12,2023-10-12,8-K,,submissions
0001555280-23-000203,Zoetis Inc.,0001555280,2023-08-08,2023-08-08,8-K,,submissions
0001555280-23-000166,Zoetis Inc.,0001555280,2023-05-25,2023-05-25,8-K,,submissions
0001555280-23-000159,Zoetis Inc.,0001555280,2023-05-19,2023-05-18,8-K,,submissions
0001555280-23-000156,Zoetis Inc.,0001555280,2023-05-11,2023-05-11,8-K,,submissions
0001555280-23-000148,Zoetis Inc.,0001555280,2023-05-04,2023-05-04,8-K,,submissions
0001555280-23-000072,Zoetis Inc.,0001555280,2023-02-14,2023-02-14,8-K,,submissions
0001555280-23-000023,Zoetis Inc.,0001555280,2023-02-08,2023-02-08,8-K,,submissions
0001104659-23-011475,Zoetis Inc.,0001555280,2023-02-07,2023-02-07,8-K,,submissions
0001555280-22-000287,Zoetis Inc.,0001555280,2022-12-21,2022-12-21,8-K,,submissions
0001555280-22-000284,Zoetis Inc.,0001555280,2022-12-08,2022-12-08,8-K,,submissions
0001104659-22-119521,Zoetis Inc.,0001555280,2022-11-16,2022-11-16,8-K,,submissions
0001555280-22-000274,Zoetis Inc.,0001555280,2022-11-03,2022-11-03,8-K,,submissions
0001555280-22-000266,Zoetis Inc.,0001555280,2022-10-25,2022-10-24,8-K,,submissions
0001555280-22-000263,Zoetis Inc.,0001555280,2022-10-13,2022-10-13,8-K,,submissions
0001555280-22-000229,Zoetis Inc.,0001555280,2022-08-04,2022-08-04,8-K,,submissions
0001555280-22-000219,Zoetis Inc.,0001555280,2022-07-25,2022-07-25,8-K,,submissions
0001555280-22-000181,Zoetis Inc.,0001555280,2022-05-20,2022-05-19,8-K,,submissions
0001555280-22-000176,Zoetis Inc.,0001555280,2022-05-19,2022-05-19,8-K,,submissions
0001555280-22-000172,Zoetis Inc.,0001555280,2022-05-05,2022-05-05,8-K,,submissions
0001555280-22-000163,Zoetis Inc.,0001555280,2022-04-21,2022-04-19,8-K,,submissions
0001555280-22-000075,Zoetis Inc.,0001555280,2022-02-15,2022-02-15,8-K,,submissions
0001555280-22-000026,Zoetis Inc.,0001555280,2022-02-08,2022-02-08,8-K,,submissions
0001555280-21-000346,Zoetis Inc.,0001555280,2021-12-07,2021-12-07,8-K,,submissions
0001555280-21-000332,Zoetis Inc.,0001555280,2021-11-04,2021-11-04,8-K,,submissions
0001193125-21-301194,Zoetis Inc.,0001555280,2021-10-18,2021-10-18,8-K,,submissions
0001555280-21-000322,Zoetis Inc.,0001555280,2021-10-14,2021-10-14,8-K,,submissions
0001555280-21-000284,Zoetis Inc.,0001555280,2021-08-05,2021-08-05,8-K,,submissions
0001555280-21-000231,Zoetis Inc.,0001555280,2021-05-21,2021-05-20,8-K,,submissions
0001555280-21-000228,Zoetis Inc.,0001555280,2021-05-20,2021-05-20,8-K,,submissions
0001104659-21-064249,Zoetis Inc.,0001555280,2021-05-11,2021-05-06,8-K,,submissions
0001555280-21-000224,Zoetis Inc.,0001555280,2021-05-06,2021-05-06,8-K,,submissions
0001555280-21-000156,Zoetis Inc.,0001555280,2021-03-24,2021-03-23,8-K,,submissions
0001555280-21-000095,Zoetis Inc.,0001555280,2021-02-16,2021-02-16,8-K,,submissions
0001555280-21-000024,Zoetis Inc.,0001555280,2021-02-10,2021-02-10,8-K,,submissions
0001555280-20-000328,Zoetis Inc.,0001555280,2020-12-09,2020-12-08,8-K,,submissions
0001555280-20-000314,Zoetis Inc.,0001555280,2020-11-05,2020-11-05,8-K,,submissions
0001555280-20-000287,Zoetis Inc.,0001555280,2020-10-07,2020-10-07,8-K,,submissions
0001555280-20-000276,Zoetis Inc.,0001555280,2020-09-10,2020-09-10,8-K,,submissions
0001555280-20-000257,Zoetis Inc.,0001555280,2020-08-06,2020-08-06,8-K,,submissions
0001555280-20-000208,Zoetis Inc.,0001555280,2020-05-21,2020-05-20,8-K,,submissions
0001555280-20-000204,Zoetis Inc.,0001555280,2020-05-20,2020-05-20,8-K,,submissions
0001193125-20-140399,Zoetis Inc.,0001555280,2020-05-12,2020-05-12,8-K,,submissions
0001555280-20-000196,Zoetis Inc.,0001555280,2020-05-06,2020-05-06,8-K,,submissions
0001555280-20-000042,Zoetis Inc.,0001555280,2020-02-13,2020-02-13,8-K,,submissions
0001555280-20-000037,Zoetis Inc.,0001555280,2020-02-11,2020-02-11,8-K,,submissions
0001555280-19-000301,Zoetis Inc.,0001555280,2019-12-12,2019-12-09,8-K,,submissions
0001555280-19-000297,Zoetis Inc.,0001555280,2019-12-11,2019-12-11,8-K,,submissions
0001555280-19-000267,Zoetis Inc.,0001555280,2019-11-07,2019-11-07,8-K,,submissions
0001555280-19-000243,Zoetis Inc.,0001555280,2019-10-03,2019-10-03,8-K,,submissions
0001193125-19-261144,Zoetis Inc.,0001555280,2019-10-03,2019-10-02,8-K,,submissions
0001555280-19-000218,Zoetis Inc.,0001555280,2019-08-06,2019-08-06,8-K,,submissions
0001555280-19-000175,Zoetis Inc.,0001555280,2019-05-15,2019-05-15,8-K,,submissions
0001555280-19-000164,Zoetis Inc.,0001555280,2019-05-02,2019-05-02,8-K,,submissions
0001555280-19-000027,Zoetis Inc.,0001555280,2019-02-14,2019-02-14,8-K,,submissions
0001555280-19-000022,Zoetis Inc.,0001555280,2019-02-12,2019-02-12,8-K,,submissions
